observation_id,source_id,capture_version,source_url,episode_group,city,barangay_raw,barangay,location_raw,observation_at,clock_evidence,source_line_start,evidence,status,depth_raw,depth_cm_low,depth_cm_high,passability_raw,review_status,clearance_scope,flags,observation_date,source_bundle,storm_group,geography_basis,html_date_evidence,source_line_refs,review_rule_id,rule_id,source_page,reported_occurrence_at,latest_status_raw,publisher,source_version,latest_status_as_of,clock_basis
OBS-04ad92b0fa840882,PASIG-20240725-0400,b6d9289c2c3d,https://pasigcity.gov.ph/news-and-releases/flood-update-as-of-0400am-july-25-2024-601,PASIG-2024-JUL24-25,Pasig,Manggahan,Manggahan,Gate 5 Karangalan Village Brgy. Manggahan,2024-07-25T04:00:00+08:00,"As of 04:00AM July 25, 2024",6,Please be advised that the following roads are NOT PASSABLE to light vehicles due to significant flooding in the area. | - Gate 5 Karangalan Village Brgy. Manggahan,flood_observed,,,,NOT PASSABLE to light vehicles,candidate,,depth_not_reported,2024-07-25,docs/evaluations/flood-duration-pilot-20261004,NCR-2024-07-25,,,,,,,,,,,,
OBS-14a9323a559b7cd0,PASIG-20240725-0400,b6d9289c2c3d,https://pasigcity.gov.ph/news-and-releases/flood-update-as-of-0400am-july-25-2024-601,PASIG-2024-JUL24-25,Pasig,San Miguel,San Miguel,Eusebio Ave. (PCGH) Brgy. San Miguel,2024-07-25T01:00:00+08:00,"As of 01:00AM July 25, 2024",14,Please be advised that the following roads are NOT PASSABLE to light vehicles due to significant flooding in the area. | - Eusebio Ave. (PCGH) Brgy. San Miguel,flood_observed,,,,NOT PASSABLE to light vehicles,candidate,,depth_not_reported,2024-07-25,docs/evaluations/flood-duration-pilot-20261004,NCR-2024-07-25,,,,,,,,,,,,
OBS-508fd6455f85fd30,PASIG-20240725-0400,b6d9289c2c3d,https://pasigcity.gov.ph/news-and-releases/flood-update-as-of-0400am-july-25-2024-601,PASIG-2024-JUL24-25,Pasig,Manggahan,Manggahan,Gate 5 Karangalan Village Brgy. Manggahan,2024-07-25T01:00:00+08:00,"As of 01:00AM July 25, 2024",15,Please be advised that the following roads are NOT PASSABLE to light vehicles due to significant flooding in the area. | - Gate 5 Karangalan Village Brgy. Manggahan,flood_observed,,,,NOT PASSABLE to light vehicles,candidate,,depth_not_reported,2024-07-25,docs/evaluations/flood-duration-pilot-20261004,NCR-2024-07-25,,,,,,,,,,,,
OBS-4a1adeb9d8de1b02,PASIG-20240725-0400,b6d9289c2c3d,https://pasigcity.gov.ph/news-and-releases/flood-update-as-of-0400am-july-25-2024-601,PASIG-2024-JUL24-25,Pasig,San Miguel,San Miguel,Eusebio Ave. (PCGH) Brgy. San Miguel,2024-07-24T23:00:00+08:00,"As of 11:00PM July 24, 2024",23,Please be advised that the following roads are NOT PASSABLE to light vehicles due to significant flooding in the area. | - Eusebio Ave. (PCGH) Brgy. San Miguel,flood_observed,,,,NOT PASSABLE to light vehicles,candidate,,depth_not_reported,2024-07-24,docs/evaluations/flood-duration-pilot-20261004,NCR-2024-07-24,,,,,,,,,,,,
OBS-66415499d7c746f3,PASIG-20240725-0400,b6d9289c2c3d,https://pasigcity.gov.ph/news-and-releases/flood-update-as-of-0400am-july-25-2024-601,PASIG-2024-JUL24-25,Pasig,Manggahan,Manggahan,Gate 5 Karangalan Village Brgy. Manggahan,2024-07-24T23:00:00+08:00,"As of 11:00PM July 24, 2024",24,Please be advised that the following roads are NOT PASSABLE to light vehicles due to significant flooding in the area. | - Gate 5 Karangalan Village Brgy. Manggahan,flood_observed,,,,NOT PASSABLE to light vehicles,candidate,,depth_not_reported,2024-07-24,docs/evaluations/flood-duration-pilot-20261004,NCR-2024-07-24,,,,,,,,,,,,
OBS-50475275da534b21,PASIG-20240725-0400,b6d9289c2c3d,https://pasigcity.gov.ph/news-and-releases/flood-update-as-of-0400am-july-25-2024-601,PASIG-2024-JUL24-25,Pasig,San Miguel,San Miguel,Eusebio Ave. (PCGH) Brgy. San Miguel,2024-07-24T22:00:00+08:00,"As of 10:00PM July 24, 2024",33,Please be advised that the following roads are NOT PASSABLE to light vehicles due to significant flooding in the area. | - Eusebio Ave. (PCGH) Brgy. San Miguel,flood_observed,,,,NOT PASSABLE to light vehicles,candidate,,depth_not_reported,2024-07-24,docs/evaluations/flood-duration-pilot-20261004,NCR-2024-07-24,,,,,,,,,,,,
OBS-297a3793f3a9874d,PASIG-20240725-0400,b6d9289c2c3d,https://pasigcity.gov.ph/news-and-releases/flood-update-as-of-0400am-july-25-2024-601,PASIG-2024-JUL24-25,Pasig,Manggahan,Manggahan,Gate 5 Karangalan Village Brgy. Manggahan,2024-07-24T22:00:00+08:00,"As of 10:00PM July 24, 2024",34,Please be advised that the following roads are NOT PASSABLE to light vehicles due to significant flooding in the area. | - Gate 5 Karangalan Village Brgy. Manggahan,flood_observed,,,,NOT PASSABLE to light vehicles,candidate,,depth_not_reported,2024-07-24,docs/evaluations/flood-duration-pilot-20261004,NCR-2024-07-24,,,,,,,,,,,,
OBS-c9c16b22a62bb46c,PASIG-20240725-0400,b6d9289c2c3d,https://pasigcity.gov.ph/news-and-releases/flood-update-as-of-0400am-july-25-2024-601,PASIG-2024-JUL24-25,Pasig,San Miguel,San Miguel,Eusebio Ave. (PCGH) - Brgy. San Miguel,2024-07-24T21:00:00+08:00,"As of 9:00PM July 24, 2024",44,Please be advised that the following roads are NOT PASSABLE to light vehicles due to significant flooding in the area: | - Eusebio Ave. (PCGH) - Brgy. San Miguel,flood_observed,,,,NOT PASSABLE to light vehicles,candidate,,depth_not_reported,2024-07-24,docs/evaluations/flood-duration-pilot-20261004,NCR-2024-07-24,,,,,,,,,,,,
OBS-84b173addf137fec,PASIG-20240725-0400,b6d9289c2c3d,https://pasigcity.gov.ph/news-and-releases/flood-update-as-of-0400am-july-25-2024-601,PASIG-2024-JUL24-25,Pasig,Manggahan,Manggahan,Gate 5 Karangalan Village Brgy. Manggahan,2024-07-24T21:00:00+08:00,"As of 9:00PM July 24, 2024",45,Please be advised that the following roads are NOT PASSABLE to light vehicles due to significant flooding in the area: | - Gate 5 Karangalan Village Brgy. Manggahan,flood_observed,,,,NOT PASSABLE to light vehicles,candidate,,depth_not_reported,2024-07-24,docs/evaluations/flood-duration-pilot-20261004,NCR-2024-07-24,,,,,,,,,,,,
OBS-6c59b9924c2bbe93,PASIG-20240725-0400,b6d9289c2c3d,https://pasigcity.gov.ph/news-and-releases/flood-update-as-of-0400am-july-25-2024-601,PASIG-2024-JUL24-25,Pasig,Maybunga,Maybunga,Jenny's Ave. - Brgy. Maybunga,2024-07-24T20:00:00+08:00,"As of 8:00PM July 24, 2024",53,Please be advised that the following roads are NOT PASSABLE to light vehicles due to significant flooding in the area: | - Jenny's Ave. - Brgy. Maybunga,flood_observed,,,,NOT PASSABLE to light vehicles,candidate,,depth_not_reported,2024-07-24,docs/evaluations/flood-duration-pilot-20261004,NCR-2024-07-24,,,,,,,,,,,,
OBS-2f6873e8e89d4a2e,PASIG-20240725-0400,b6d9289c2c3d,https://pasigcity.gov.ph/news-and-releases/flood-update-as-of-0400am-july-25-2024-601,PASIG-2024-JUL24-25,Pasig,Maybunga,Maybunga,F. Legaspi (Rainforest) - Brgy. Maybunga,2024-07-24T20:00:00+08:00,"As of 8:00PM July 24, 2024",54,Please be advised that the following roads are NOT PASSABLE to light vehicles due to significant flooding in the area: | - F. Legaspi (Rainforest) - Brgy. Maybunga,flood_observed,,,,NOT PASSABLE to light vehicles,candidate,,depth_not_reported,2024-07-24,docs/evaluations/flood-duration-pilot-20261004,NCR-2024-07-24,,,,,,,,,,,,
OBS-a428a901506b3581,PASIG-20240725-0400,b6d9289c2c3d,https://pasigcity.gov.ph/news-and-releases/flood-update-as-of-0400am-july-25-2024-601,PASIG-2024-JUL24-25,Pasig,San Miguel,San Miguel,Eusebio Ave. (PCGH) - Brgy. San Miguel,2024-07-24T20:00:00+08:00,"As of 8:00PM July 24, 2024",55,Please be advised that the following roads are NOT PASSABLE to light vehicles due to significant flooding in the area: | - Eusebio Ave. (PCGH) - Brgy. San Miguel,flood_observed,,,,NOT PASSABLE to light vehicles,candidate,,depth_not_reported,2024-07-24,docs/evaluations/flood-duration-pilot-20261004,NCR-2024-07-24,,,,,,,,,,,,
OBS-6451f55562ba04d5,PASIG-20240725-0400,b6d9289c2c3d,https://pasigcity.gov.ph/news-and-releases/flood-update-as-of-0400am-july-25-2024-601,PASIG-2024-JUL24-25,Pasig,Manggahan,Manggahan,Gate 5 Karangalan Village - Brgy. Manggahan,2024-07-24T20:00:00+08:00,"As of 8:00PM July 24, 2024",56,Please be advised that the following roads are NOT PASSABLE to light vehicles due to significant flooding in the area: | - Gate 5 Karangalan Village - Brgy. Manggahan,flood_observed,,,,NOT PASSABLE to light vehicles,candidate,,depth_not_reported,2024-07-24,docs/evaluations/flood-duration-pilot-20261004,NCR-2024-07-24,,,,,,,,,,,,
OBS-baf599444b2e0d4d,PASIG-20240725-0400,b6d9289c2c3d,https://pasigcity.gov.ph/news-and-releases/flood-update-as-of-0400am-july-25-2024-601,PASIG-2024-JUL24-25,Pasig,Maybunga,Maybunga,Jenny's Ave - Brgy. Maybunga,2024-07-24T18:00:00+08:00,"As of 6:00PM July 24, 2024",64,Please be advised that the following roads are NOT PASSABLE to light vehicles due to significant flooding in the area: | - Jenny's Ave - Brgy. Maybunga,flood_observed,,,,NOT PASSABLE to light vehicles,candidate,,depth_not_reported,2024-07-24,docs/evaluations/flood-duration-pilot-20261004,NCR-2024-07-24,,,,,,,,,,,,
OBS-49bd5b6e8c8d1f27,PASIG-20240725-0400,b6d9289c2c3d,https://pasigcity.gov.ph/news-and-releases/flood-update-as-of-0400am-july-25-2024-601,PASIG-2024-JUL24-25,Pasig,Maybunga,Maybunga,F.Legaspi (Rainforest) - Brgy. Maybunga,2024-07-24T18:00:00+08:00,"As of 6:00PM July 24, 2024",65,Please be advised that the following roads are NOT PASSABLE to light vehicles due to significant flooding in the area: | - F.Legaspi (Rainforest) - Brgy. Maybunga,flood_observed,,,,NOT PASSABLE to light vehicles,candidate,,depth_not_reported,2024-07-24,docs/evaluations/flood-duration-pilot-20261004,NCR-2024-07-24,,,,,,,,,,,,
OBS-d81fb22f6c7468cf,PASIG-20240725-0400,b6d9289c2c3d,https://pasigcity.gov.ph/news-and-releases/flood-update-as-of-0400am-july-25-2024-601,PASIG-2024-JUL24-25,Pasig,San Miguel,San Miguel,Eusebio Ave (PCGH) - Brgy. San Miguel,2024-07-24T18:00:00+08:00,"As of 6:00PM July 24, 2024",66,Please be advised that the following roads are NOT PASSABLE to light vehicles due to significant flooding in the area: | - Eusebio Ave (PCGH) - Brgy. San Miguel,flood_observed,,,,NOT PASSABLE to light vehicles,candidate,,depth_not_reported,2024-07-24,docs/evaluations/flood-duration-pilot-20261004,NCR-2024-07-24,,,,,,,,,,,,
OBS-eb7621e6fd9a3ab1,PASIG-20240725-0400,b6d9289c2c3d,https://pasigcity.gov.ph/news-and-releases/flood-update-as-of-0400am-july-25-2024-601,PASIG-2024-JUL24-25,Pasig,Manggahan,Manggahan,Gate 5 Karangalan Village - Brgy.Manggahan,2024-07-24T18:00:00+08:00,"As of 6:00PM July 24, 2024",67,Please be advised that the following roads are NOT PASSABLE to light vehicles due to significant flooding in the area: | - Gate 5 Karangalan Village - Brgy.Manggahan,flood_observed,,,,NOT PASSABLE to light vehicles,candidate,,depth_not_reported,2024-07-24,docs/evaluations/flood-duration-pilot-20261004,NCR-2024-07-24,,,,,,,,,,,,
OBS-599a2e2b72850062,PASIG-20240725-0400,b6d9289c2c3d,https://pasigcity.gov.ph/news-and-releases/flood-update-as-of-0400am-july-25-2024-601,PASIG-2024-JUL24-25,Pasig,Ugong,Ugong,Eagle St. cor. C5 Rd. - Brgy.Ugong,2024-07-24T18:00:00+08:00,"As of 6:00PM July 24, 2024",68,Please be advised that the following roads are NOT PASSABLE to light vehicles due to significant flooding in the area: | - Eagle St. cor. C5 Rd. - Brgy.Ugong,flood_observed,,,,NOT PASSABLE to light vehicles,candidate,,depth_not_reported,2024-07-24,docs/evaluations/flood-duration-pilot-20261004,NCR-2024-07-24,,,,,,,,,,,,
OBS-efe4bf0e5d1e49fd,PASIG-20240725-0400,b6d9289c2c3d,https://pasigcity.gov.ph/news-and-releases/flood-update-as-of-0400am-july-25-2024-601,PASIG-2024-JUL24-25,Pasig,Rosario,Rosario,C.Raymundo Tramo - Brgy Rosario,2024-07-24T18:00:00+08:00,"As of 6:00PM July 24, 2024",69,Please be advised that the following roads are NOT PASSABLE to light vehicles due to significant flooding in the area: | - C.Raymundo Tramo - Brgy Rosario,flood_observed,,,,NOT PASSABLE to light vehicles,candidate,,depth_not_reported,2024-07-24,docs/evaluations/flood-duration-pilot-20261004,NCR-2024-07-24,,,,,,,,,,,,
OBS-6c5c2330b605f15f,PASIG-20240725-0400,b6d9289c2c3d,https://pasigcity.gov.ph/news-and-releases/flood-update-as-of-0400am-july-25-2024-601,PASIG-2024-JUL24-25,Pasig,Maybunga,Maybunga,Jenny's ave Brgy. Maybunga,2024-07-24T17:00:00+08:00,"As of 5:00PM, July 24, 2024",77,Please be advised that the following roads are NOT PASSABLE to light vehicles due to significant flooding in the area: | - Jenny's ave Brgy. Maybunga,flood_observed,,,,NOT PASSABLE to light vehicles,candidate,,depth_not_reported,2024-07-24,docs/evaluations/flood-duration-pilot-20261004,NCR-2024-07-24,,,,,,,,,,,,
OBS-652895e7eb009ebf,PASIG-20240725-0400,b6d9289c2c3d,https://pasigcity.gov.ph/news-and-releases/flood-update-as-of-0400am-july-25-2024-601,PASIG-2024-JUL24-25,Pasig,Maybunga,Maybunga,F.Legaspi (Rainforest) Brgy. Maybunga,2024-07-24T17:00:00+08:00,"As of 5:00PM, July 24, 2024",78,Please be advised that the following roads are NOT PASSABLE to light vehicles due to significant flooding in the area: | - F.Legaspi (Rainforest) Brgy. Maybunga,flood_observed,,,,NOT PASSABLE to light vehicles,candidate,,depth_not_reported,2024-07-24,docs/evaluations/flood-duration-pilot-20261004,NCR-2024-07-24,,,,,,,,,,,,
OBS-103967f325c88378,PASIG-20240725-0400,b6d9289c2c3d,https://pasigcity.gov.ph/news-and-releases/flood-update-as-of-0400am-july-25-2024-601,PASIG-2024-JUL24-25,Pasig,San Miguel,San Miguel,Eusebio ave (PCGH) Brgy. San Miguel,2024-07-24T17:00:00+08:00,"As of 5:00PM, July 24, 2024",79,Please be advised that the following roads are NOT PASSABLE to light vehicles due to significant flooding in the area: | - Eusebio ave (PCGH) Brgy. San Miguel,flood_observed,,,,NOT PASSABLE to light vehicles,candidate,,depth_not_reported,2024-07-24,docs/evaluations/flood-duration-pilot-20261004,NCR-2024-07-24,,,,,,,,,,,,
OBS-dd020d8cb557c0a1,PASIG-20240725-0400,b6d9289c2c3d,https://pasigcity.gov.ph/news-and-releases/flood-update-as-of-0400am-july-25-2024-601,PASIG-2024-JUL24-25,Pasig,Manggahan,Manggahan,Gate 5 Karangalan Village Brgy.Manggahan,2024-07-24T17:00:00+08:00,"As of 5:00PM, July 24, 2024",80,Please be advised that the following roads are NOT PASSABLE to light vehicles due to significant flooding in the area: | - Gate 5 Karangalan Village Brgy.Manggahan,flood_observed,,,,NOT PASSABLE to light vehicles,candidate,,depth_not_reported,2024-07-24,docs/evaluations/flood-duration-pilot-20261004,NCR-2024-07-24,,,,,,,,,,,,
OBS-5a353dafeacbd679,PASIG-20240725-0400,b6d9289c2c3d,https://pasigcity.gov.ph/news-and-releases/flood-update-as-of-0400am-july-25-2024-601,PASIG-2024-JUL24-25,Pasig,Ugong,Ugong,Eagle st cor C5 rd. Brgy.Ugong,2024-07-24T17:00:00+08:00,"As of 5:00PM, July 24, 2024",81,Please be advised that the following roads are NOT PASSABLE to light vehicles due to significant flooding in the area: | - Eagle st cor C5 rd. Brgy.Ugong,flood_observed,,,,NOT PASSABLE to light vehicles,candidate,,depth_not_reported,2024-07-24,docs/evaluations/flood-duration-pilot-20261004,NCR-2024-07-24,,,,,,,,,,,,
OBS-87b26c545642d9d0,PASIG-20240725-0400,b6d9289c2c3d,https://pasigcity.gov.ph/news-and-releases/flood-update-as-of-0400am-july-25-2024-601,PASIG-2024-JUL24-25,Pasig,Maybunga,Maybunga,Jenny's Ave - Brgy. Maybunga,2024-07-24T15:00:00+08:00,"As of 3:00PM July 24, 2024",91,Please be advised that the following roads are NOT PASSABLE to light vehicles due to significant flooding in the area: | - Jenny's Ave - Brgy. Maybunga,flood_observed,,,,NOT PASSABLE to light vehicles,candidate,,depth_not_reported,2024-07-24,docs/evaluations/flood-duration-pilot-20261004,NCR-2024-07-24,,,,,,,,,,,,
OBS-1b7c0ad8e8117629,PASIG-20240725-0400,b6d9289c2c3d,https://pasigcity.gov.ph/news-and-releases/flood-update-as-of-0400am-july-25-2024-601,PASIG-2024-JUL24-25,Pasig,Maybunga,Maybunga,F. Legaspi (Rainforest) - Brgy. Maybunga,2024-07-24T15:00:00+08:00,"As of 3:00PM July 24, 2024",92,Please be advised that the following roads are NOT PASSABLE to light vehicles due to significant flooding in the area: | - F. Legaspi (Rainforest) - Brgy. Maybunga,flood_observed,,,,NOT PASSABLE to light vehicles,candidate,,depth_not_reported,2024-07-24,docs/evaluations/flood-duration-pilot-20261004,NCR-2024-07-24,,,,,,,,,,,,
OBS-e28239f7eca78587,PASIG-20240725-0400,b6d9289c2c3d,https://pasigcity.gov.ph/news-and-releases/flood-update-as-of-0400am-july-25-2024-601,PASIG-2024-JUL24-25,Pasig,San Miguel,San Miguel,Eusebio Ave (PCGH) - Brgy. San Miguel,2024-07-24T15:00:00+08:00,"As of 3:00PM July 24, 2024",93,Please be advised that the following roads are NOT PASSABLE to light vehicles due to significant flooding in the area: | - Eusebio Ave (PCGH) - Brgy. San Miguel,flood_observed,,,,NOT PASSABLE to light vehicles,candidate,,depth_not_reported,2024-07-24,docs/evaluations/flood-duration-pilot-20261004,NCR-2024-07-24,,,,,,,,,,,,
OBS-5784b0e5ba736591,PASIG-20240725-0400,b6d9289c2c3d,https://pasigcity.gov.ph/news-and-releases/flood-update-as-of-0400am-july-25-2024-601,PASIG-2024-JUL24-25,Pasig,Manggahan,Manggahan,Gate 5 Karangalan Village - Brgy. Manggahan,2024-07-24T15:00:00+08:00,"As of 3:00PM July 24, 2024",94,Please be advised that the following roads are NOT PASSABLE to light vehicles due to significant flooding in the area: | - Gate 5 Karangalan Village - Brgy. Manggahan,flood_observed,,,,NOT PASSABLE to light vehicles,candidate,,depth_not_reported,2024-07-24,docs/evaluations/flood-duration-pilot-20261004,NCR-2024-07-24,,,,,,,,,,,,
OBS-08083b49f25dc0a4,PASIG-20240725-0400,b6d9289c2c3d,https://pasigcity.gov.ph/news-and-releases/flood-update-as-of-0400am-july-25-2024-601,PASIG-2024-JUL24-25,Pasig,Ugong,Ugong,Eagle St. Cor C5 Rd - Brgy. Ugong,2024-07-24T15:00:00+08:00,"As of 3:00PM July 24, 2024",95,Please be advised that the following roads are NOT PASSABLE to light vehicles due to significant flooding in the area: | - Eagle St. Cor C5 Rd - Brgy. Ugong,flood_observed,,,,NOT PASSABLE to light vehicles,candidate,,depth_not_reported,2024-07-24,docs/evaluations/flood-duration-pilot-20261004,NCR-2024-07-24,,,,,,,,,,,,
OBS-4fbc08fb414ee269,PASIG-20240725-0400,b6d9289c2c3d,https://pasigcity.gov.ph/news-and-releases/flood-update-as-of-0400am-july-25-2024-601,PASIG-2024-JUL24-25,Pasig,Maybunga,Maybunga,Jenny's ave Brgy. Maybunga,2024-07-24T14:00:00+08:00,"As of 2:00PM July 24, 2024",105,Please be advised that the following roads are NOT PASSABLE to light vehicles due to significant flooding in the area: | - Jenny's ave Brgy. Maybunga,flood_observed,,,,NOT PASSABLE to light vehicles,candidate,,depth_not_reported,2024-07-24,docs/evaluations/flood-duration-pilot-20261004,NCR-2024-07-24,,,,,,,,,,,,
OBS-080830d4ac150bf9,PASIG-20240725-0400,b6d9289c2c3d,https://pasigcity.gov.ph/news-and-releases/flood-update-as-of-0400am-july-25-2024-601,PASIG-2024-JUL24-25,Pasig,Maybunga,Maybunga,F.Legaspi (Rainforest) Brgy. Maybunga,2024-07-24T14:00:00+08:00,"As of 2:00PM July 24, 2024",106,Please be advised that the following roads are NOT PASSABLE to light vehicles due to significant flooding in the area: | - F.Legaspi (Rainforest) Brgy. Maybunga,flood_observed,,,,NOT PASSABLE to light vehicles,candidate,,depth_not_reported,2024-07-24,docs/evaluations/flood-duration-pilot-20261004,NCR-2024-07-24,,,,,,,,,,,,
OBS-b358a46353a85a2b,PASIG-20240725-0400,b6d9289c2c3d,https://pasigcity.gov.ph/news-and-releases/flood-update-as-of-0400am-july-25-2024-601,PASIG-2024-JUL24-25,Pasig,San Miguel,San Miguel,Eusebio ave (PCGH) Brgy. San Miguel,2024-07-24T14:00:00+08:00,"As of 2:00PM July 24, 2024",107,Please be advised that the following roads are NOT PASSABLE to light vehicles due to significant flooding in the area: | - Eusebio ave (PCGH) Brgy. San Miguel,flood_observed,,,,NOT PASSABLE to light vehicles,candidate,,depth_not_reported,2024-07-24,docs/evaluations/flood-duration-pilot-20261004,NCR-2024-07-24,,,,,,,,,,,,
OBS-6a2289c5f796dcc4,PASIG-20240725-0400,b6d9289c2c3d,https://pasigcity.gov.ph/news-and-releases/flood-update-as-of-0400am-july-25-2024-601,PASIG-2024-JUL24-25,Pasig,Manggahan,Manggahan,Gate 5 Karangalan Village Brgy.Manggahan,2024-07-24T14:00:00+08:00,"As of 2:00PM July 24, 2024",108,Please be advised that the following roads are NOT PASSABLE to light vehicles due to significant flooding in the area: | - Gate 5 Karangalan Village Brgy.Manggahan,flood_observed,,,,NOT PASSABLE to light vehicles,candidate,,depth_not_reported,2024-07-24,docs/evaluations/flood-duration-pilot-20261004,NCR-2024-07-24,,,,,,,,,,,,
OBS-3293624852e0dc9b,PASIG-20240725-0400,b6d9289c2c3d,https://pasigcity.gov.ph/news-and-releases/flood-update-as-of-0400am-july-25-2024-601,PASIG-2024-JUL24-25,Pasig,Ugong,Ugong,Eagle st cor C5 rd. Brgy.Ugong,2024-07-24T14:00:00+08:00,"As of 2:00PM July 24, 2024",109,Please be advised that the following roads are NOT PASSABLE to light vehicles due to significant flooding in the area: | - Eagle st cor C5 rd. Brgy.Ugong,flood_observed,,,,NOT PASSABLE to light vehicles,candidate,,depth_not_reported,2024-07-24,docs/evaluations/flood-duration-pilot-20261004,NCR-2024-07-24,,,,,,,,,,,,
OBS-1b5c5daeb48656ff,PASIG-20240725-0400,b6d9289c2c3d,https://pasigcity.gov.ph/news-and-releases/flood-update-as-of-0400am-july-25-2024-601,PASIG-2024-JUL24-25,Pasig,Maybunga,Maybunga,Jenny's ave Brgy. Maybunga,2024-07-24T11:00:00+08:00,"As of 11:00 AM, July 24, 2024",119,Please be advised that the following roads are NOT PASSABLE to light vehicles due to significant flooding in the area: | - Jenny's ave Brgy. Maybunga,flood_observed,,,,NOT PASSABLE to light vehicles,candidate,,depth_not_reported,2024-07-24,docs/evaluations/flood-duration-pilot-20261004,NCR-2024-07-24,,,,,,,,,,,,
OBS-c6c18403a7f4fae3,PASIG-20240725-0400,b6d9289c2c3d,https://pasigcity.gov.ph/news-and-releases/flood-update-as-of-0400am-july-25-2024-601,PASIG-2024-JUL24-25,Pasig,Maybunga,Maybunga,F.Legaspi (Rainforest) Brgy. Maybunga,2024-07-24T11:00:00+08:00,"As of 11:00 AM, July 24, 2024",120,Please be advised that the following roads are NOT PASSABLE to light vehicles due to significant flooding in the area: | - F.Legaspi (Rainforest) Brgy. Maybunga,flood_observed,,,,NOT PASSABLE to light vehicles,candidate,,depth_not_reported,2024-07-24,docs/evaluations/flood-duration-pilot-20261004,NCR-2024-07-24,,,,,,,,,,,,
OBS-1ccf0ac27a114432,PASIG-20240725-0400,b6d9289c2c3d,https://pasigcity.gov.ph/news-and-releases/flood-update-as-of-0400am-july-25-2024-601,PASIG-2024-JUL24-25,Pasig,San Miguel,San Miguel,Eusebio ave (PCGH) Brgy. San Miguel,2024-07-24T11:00:00+08:00,"As of 11:00 AM, July 24, 2024",121,Please be advised that the following roads are NOT PASSABLE to light vehicles due to significant flooding in the area: | - Eusebio ave (PCGH) Brgy. San Miguel,flood_observed,,,,NOT PASSABLE to light vehicles,candidate,,depth_not_reported,2024-07-24,docs/evaluations/flood-duration-pilot-20261004,NCR-2024-07-24,,,,,,,,,,,,
OBS-683da27bad289a8d,PASIG-20240725-0400,b6d9289c2c3d,https://pasigcity.gov.ph/news-and-releases/flood-update-as-of-0400am-july-25-2024-601,PASIG-2024-JUL24-25,Pasig,Caniogan,Caniogan,C. Dela Paz St. Brgy. Caniogan,2024-07-24T09:00:00+08:00,"As of 9:00 AM, July 24, 2024",129,Please be advised that the following roads are NOT PASSABLE to light vehicles due to significant flooding in the area: | - C. Dela Paz St. Brgy. Caniogan,flood_observed,,,,NOT PASSABLE to light vehicles,candidate,,depth_not_reported,2024-07-24,docs/evaluations/flood-duration-pilot-20261004,NCR-2024-07-24,,,,,,,,,,,,
OBS-4e24b182790585e4,PASIG-20240725-0400,b6d9289c2c3d,https://pasigcity.gov.ph/news-and-releases/flood-update-as-of-0400am-july-25-2024-601,PASIG-2024-JUL24-25,Pasig,Malinao,Malinao,G. Raymundo Brgy. Malinao,2024-07-24T09:00:00+08:00,"As of 9:00 AM, July 24, 2024",130,Please be advised that the following roads are NOT PASSABLE to light vehicles due to significant flooding in the area: | - G. Raymundo Brgy. Malinao,flood_observed,,,,NOT PASSABLE to light vehicles,candidate,,depth_not_reported,2024-07-24,docs/evaluations/flood-duration-pilot-20261004,NCR-2024-07-24,,,,,,,,,,,,
OBS-3d510e174836e31e,PASIG-20240725-0400,b6d9289c2c3d,https://pasigcity.gov.ph/news-and-releases/flood-update-as-of-0400am-july-25-2024-601,PASIG-2024-JUL24-25,Pasig,Maybunga,Maybunga,Jenny's ave Brgy. Maybunga,2024-07-24T09:00:00+08:00,"As of 9:00 AM, July 24, 2024",131,Please be advised that the following roads are NOT PASSABLE to light vehicles due to significant flooding in the area: | - Jenny's ave Brgy. Maybunga,flood_observed,,,,NOT PASSABLE to light vehicles,candidate,,depth_not_reported,2024-07-24,docs/evaluations/flood-duration-pilot-20261004,NCR-2024-07-24,,,,,,,,,,,,
OBS-6f2d3f6ed59fb09c,PASIG-20240725-0400,b6d9289c2c3d,https://pasigcity.gov.ph/news-and-releases/flood-update-as-of-0400am-july-25-2024-601,PASIG-2024-JUL24-25,Pasig,Maybunga,Maybunga,F.Legaspi (Rainforest) Brgy. Maybunga,2024-07-24T09:00:00+08:00,"As of 9:00 AM, July 24, 2024",132,Please be advised that the following roads are NOT PASSABLE to light vehicles due to significant flooding in the area: | - F.Legaspi (Rainforest) Brgy. Maybunga,flood_observed,,,,NOT PASSABLE to light vehicles,candidate,,depth_not_reported,2024-07-24,docs/evaluations/flood-duration-pilot-20261004,NCR-2024-07-24,,,,,,,,,,,,
OBS-b1903c26cd6ca8b9,PASIG-20240725-0400,b6d9289c2c3d,https://pasigcity.gov.ph/news-and-releases/flood-update-as-of-0400am-july-25-2024-601,PASIG-2024-JUL24-25,Pasig,Pinagbuhatan,Pinagbuhatan,Urbano cor. Sandoval Brgy. Pinagbuhatan,2024-07-24T09:00:00+08:00,"As of 9:00 AM, July 24, 2024",133,Please be advised that the following roads are NOT PASSABLE to light vehicles due to significant flooding in the area: | - Urbano cor. Sandoval Brgy. Pinagbuhatan,flood_observed,,,,NOT PASSABLE to light vehicles,candidate,,depth_not_reported,2024-07-24,docs/evaluations/flood-duration-pilot-20261004,NCR-2024-07-24,,,,,,,,,,,,
OBS-48d70bc4814a90ee,PASIG-20240725-1700,0438d3cd550b,https://pasigcity.gov.ph/news-and-releases/flood-update-as-of-500pm-july-25-2024-968,PASIG-2024-JUL24-25,Pasig,Manggahan,Manggahan,Gate 5 Karangalan Village,2024-07-25T17:00:00+08:00,"As of 5:00PM July 25, 2024",5,Please be advised that Gate 5 Karangalan Village in Brgy. Manggahan is still NOT PASSABLE to light vehicles due to significant flooding in the area.,flood_observed,,,,NOT PASSABLE to light vehicles,candidate,,depth_not_reported,2024-07-25,docs/evaluations/flood-duration-pilot-20261004,NCR-2024-07-25,,,,,,,,,,,,
OBS-a0cd1705c784535a,PASIG-20240725-1700,0438d3cd550b,https://pasigcity.gov.ph/news-and-releases/flood-update-as-of-500pm-july-25-2024-968,PASIG-2024-JUL24-25,Pasig,Manggahan,Manggahan,Gate 5 Karangalan Village Brgy. Manggahan,2024-07-25T12:00:00+08:00,"As of 12:00NN July 25, 2024",14,Please be advise that the road below is NOT PASSABLE to light vehicles due to significant flooding in the area: | - Gate 5 Karangalan Village Brgy. Manggahan,flood_observed,,,,NOT PASSABLE to light vehicles,candidate,,depth_not_reported,2024-07-25,docs/evaluations/flood-duration-pilot-20261004,NCR-2024-07-25,,,,,,,,,,,,
OBS-201f5bb58bc7082c,PASIG-20240725-1700,0438d3cd550b,https://pasigcity.gov.ph/news-and-releases/flood-update-as-of-500pm-july-25-2024-968,PASIG-2024-JUL24-25,Pasig,Manggahan,Manggahan,"Gate 5 Karangalan Village, Brgy. Manggahan",2024-07-25T10:00:00+08:00,"As of 10:00AM July 25, 2024",21,"Please be advised that the following roads are NOT PASSABLE to light vehicles due to significant flooding in the area: | -Gate 5 Karangalan Village, Brgy. Manggahan",flood_observed,,,,NOT PASSABLE to light vehicles,candidate,,depth_not_reported,2024-07-25,docs/evaluations/flood-duration-pilot-20261004,NCR-2024-07-25,,,,,,,,,,,,
OBS-3fdd78dc5715c465,PASIG-20240725-1700,0438d3cd550b,https://pasigcity.gov.ph/news-and-releases/flood-update-as-of-500pm-july-25-2024-968,PASIG-2024-JUL24-25,Pasig,Sta Lucia (in front of SM East Ortigas),Sta. Lucia,"Ortigas Extn., Brgy. Sta Lucia (in front of SM East Ortigas)",2024-07-25T10:00:00+08:00,"As of 10:00AM July 25, 2024",22,"Please be advised that the following roads are NOT PASSABLE to light vehicles due to significant flooding in the area: | -Ortigas Extn., Brgy. Sta Lucia (in front of SM East Ortigas)",flood_observed,,,,NOT PASSABLE to light vehicles,candidate,,depth_not_reported,2024-07-25,docs/evaluations/flood-duration-pilot-20261004,NCR-2024-07-25,,,,,,,,,,,,
OBS-7b67a36aafc7cc99,PASIG-20250721-1900,af19914833ce,https://pasigcity.gov.ph/news-and-releases/flood-update-as-of-0700pm-21-july-2025-923,PASIG-2025-JUL21-25,Pasig,Dela Paz,Dela Paz,"Karangalan Phase 2 A, Brgy. Dela Paz",2025-07-21T19:00:00+08:00,As of 07:00PM | 21 July 2025,5,"1. Karangalan Phase 2 A, Brgy. Dela Paz | Water Level: Knee Level",flood_observed,Knee Level,,,,candidate,,qualitative_depth_no_numeric_conversion;same_clock_depth_conflict,2025-07-21,docs/evaluations/flood-duration-pilot-20261004,NCR-2025-07-21,,,,,,,,,,,,
OBS-f3f7be20ad3782b5,PASIG-20250721-1900,af19914833ce,https://pasigcity.gov.ph/news-and-releases/flood-update-as-of-0700pm-21-july-2025-923,PASIG-2025-JUL21-25,Pasig,Manggahan,Manggahan,"Panama St cor Stockholm, Brgy. Manggahan",2025-07-21T19:00:00+08:00,As of 07:00PM | 21 July 2025,7,"2. Panama St cor Stockholm, Brgy. Manggahan | Water Level: 3-4 inches",flood_observed,3-4 inches,7.62,10.16,,candidate,,,2025-07-21,docs/evaluations/flood-duration-pilot-20261004,NCR-2025-07-21,,,,,,,,,,,,
OBS-f83aaee608b8e3d4,PASIG-20250721-1900,af19914833ce,https://pasigcity.gov.ph/news-and-releases/flood-update-as-of-0700pm-21-july-2025-923,PASIG-2025-JUL21-25,Pasig,Manggahan,Manggahan,"Panama St., Brgy. Manggahan",2025-07-21T19:00:00+08:00,As of 07:00PM | 21 July 2025,9,"3. Panama St., Brgy. Manggahan | Water Level: 3-4 inches",flood_observed,3-4 inches,7.62,10.16,,candidate,,,2025-07-21,docs/evaluations/flood-duration-pilot-20261004,NCR-2025-07-21,,,,,,,,,,,,
OBS-7170e9e84fad4c4e,PASIG-20250721-1900,af19914833ce,https://pasigcity.gov.ph/news-and-releases/flood-update-as-of-0700pm-21-july-2025-923,PASIG-2025-JUL21-25,Pasig,Dela Paz,Dela Paz,"Kabayanihan cor Karikitan St, Brgy. Dela Paz",2025-07-21T19:00:00+08:00,As of 07:00PM | 21 July 2025,11,"4. Kabayanihan cor Karikitan St, Brgy. Dela Paz | Water Level: 7-8 inches",flood_observed,7-8 inches,17.78,20.32,,candidate,,,2025-07-21,docs/evaluations/flood-duration-pilot-20261004,NCR-2025-07-21,,,,,,,,,,,,
OBS-76b019811a1ed746,PASIG-20250721-1900,af19914833ce,https://pasigcity.gov.ph/news-and-releases/flood-update-as-of-0700pm-21-july-2025-923,PASIG-2025-JUL21-25,Pasig,Sta.Lucia,Sta. Lucia,"Callos Compound, Brgy. Sta.Lucia",2025-07-21T19:00:00+08:00,As of 07:00PM | 21 July 2025,13,"5. Callos Compound, Brgy. Sta.Lucia | Water Level : 3 FT",flood_observed,3 FT,91.44,91.44,,candidate,,,2025-07-21,docs/evaluations/flood-duration-pilot-20261004,NCR-2025-07-21,,,,,,,,,,,,
OBS-da6bc0ec73f91580,PASIG-20250721-1900,af19914833ce,https://pasigcity.gov.ph/news-and-releases/flood-update-as-of-0700pm-21-july-2025-923,PASIG-2025-JUL21-25,Pasig,Manggahan,Manggahan,"Paris St. cor Soliven Ave., Brgy Manggahan",2025-07-21T19:00:00+08:00,As of 07:00PM | 21 July 2025,15,"6. Paris St. cor Soliven Ave., Brgy Manggahan | Water Level: 3-4 inches",flood_observed,3-4 inches,7.62,10.16,,candidate,,,2025-07-21,docs/evaluations/flood-duration-pilot-20261004,NCR-2025-07-21,,,,,,,,,,,,
OBS-9323a249d0f86453,PASIG-20250721-1900,af19914833ce,https://pasigcity.gov.ph/news-and-releases/flood-update-as-of-0700pm-21-july-2025-923,PASIG-2025-JUL21-25,Pasig,Manggahan,Manggahan,"Prague St., Brgy Manggahan",2025-07-21T19:00:00+08:00,As of 07:00PM | 21 July 2025,17,"7. Prague St., Brgy Manggahan | Water Level: 1 FT",flood_observed,1 FT,30.48,30.48,,candidate,,,2025-07-21,docs/evaluations/flood-duration-pilot-20261004,NCR-2025-07-21,,,,,,,,,,,,
OBS-dea8854e07019686,PASIG-20250721-1900,af19914833ce,https://pasigcity.gov.ph/news-and-releases/flood-update-as-of-0700pm-21-july-2025-923,PASIG-2025-JUL21-25,Pasig,Manggahan,Manggahan,"Prague St cor. Rome St., Brgy. Manggahan",2025-07-21T19:00:00+08:00,As of 07:00PM | 21 July 2025,19,"8. Prague St cor. Rome St., Brgy. Manggahan | Water Level: 1 FT and 2 inches",flood_observed,1 FT and 2 inches,35.56,35.56,,candidate,,,2025-07-21,docs/evaluations/flood-duration-pilot-20261004,NCR-2025-07-21,,,,,,,,,,,,
OBS-b33d211ff2a96c92,PASIG-20250721-1900,af19914833ce,https://pasigcity.gov.ph/news-and-releases/flood-update-as-of-0700pm-21-july-2025-923,PASIG-2025-JUL21-25,Pasig,Manggahan,Manggahan,"Iglesia Washington St., Brgy. Manggahan",2025-07-21T19:00:00+08:00,As of 07:00PM | 21 July 2025,21,"9. Iglesia Washington St., Brgy. Manggahan | Water Level: 1 FT",flood_observed,1 FT,30.48,30.48,,candidate,,,2025-07-21,docs/evaluations/flood-duration-pilot-20261004,NCR-2025-07-21,,,,,,,,,,,,
OBS-8517bd96eca9bd3a,PASIG-20250721-1900,af19914833ce,https://pasigcity.gov.ph/news-and-releases/flood-update-as-of-0700pm-21-july-2025-923,PASIG-2025-JUL21-25,Pasig,Manggahan,Manggahan,"Guatemala St. cor. Rome St., Brgy. Manggahan",2025-07-21T19:00:00+08:00,As of 07:00PM | 21 July 2025,23,"10. Guatemala St. cor. Rome St., Brgy. Manggahan | Water Level: 1 FT",flood_observed,1 FT,30.48,30.48,,candidate,,,2025-07-21,docs/evaluations/flood-duration-pilot-20261004,NCR-2025-07-21,,,,,,,,,,,,
OBS-ad5e5d46f4419de6,PASIG-20250721-1900,af19914833ce,https://pasigcity.gov.ph/news-and-releases/flood-update-as-of-0700pm-21-july-2025-923,PASIG-2025-JUL21-25,Pasig,Manggahan,Manggahan,"Athens St. cor. Guatemala, Brgy. Manggahan",2025-07-21T19:00:00+08:00,As of 07:00PM | 21 July 2025,25,"11. Athens St. cor. Guatemala, Brgy. Manggahan | Water Level: 5-6 inches",flood_observed,5-6 inches,12.7,15.24,,candidate,,,2025-07-21,docs/evaluations/flood-duration-pilot-20261004,NCR-2025-07-21,,,,,,,,,,,,
OBS-a69a15308434af2c,PASIG-20250721-1900,af19914833ce,https://pasigcity.gov.ph/news-and-releases/flood-update-as-of-0700pm-21-july-2025-923,PASIG-2025-JUL21-25,Pasig,Dela Paz,Dela Paz,Karangalan Phase 2 A Brgy. Dela Paz,2025-07-21T19:00:00+08:00,As of 07:00PM | 21 July 2025,27,12. Karangalan Phase 2 A Brgy. Dela Paz | water level: 1 FT,flood_observed,1 FT,30.48,30.48,,candidate,,same_clock_depth_conflict,2025-07-21,docs/evaluations/flood-duration-pilot-20261004,NCR-2025-07-21,,,,,,,,,,,,
OBS-b01c5d8bed28c58c,PASIG-20250721-1900,af19914833ce,https://pasigcity.gov.ph/news-and-releases/flood-update-as-of-0700pm-21-july-2025-923,PASIG-2025-JUL21-25,Pasig,Santolan,Santolan,Masikap Brgy. Santolan.,2025-07-21T19:00:00+08:00,As of 07:00PM | 21 July 2025,29,13. Masikap Brgy. Santolan. | Water Level: 5 inches,flood_observed,5 inches,12.7,12.7,,candidate,,,2025-07-21,docs/evaluations/flood-duration-pilot-20261004,NCR-2025-07-21,,,,,,,,,,,,
OBS-80510b2886557344,PASIG-20250721-1900,af19914833ce,https://pasigcity.gov.ph/news-and-releases/flood-update-as-of-0700pm-21-july-2025-923,PASIG-2025-JUL21-25,Pasig,Santolan,Santolan,Sgt. De Leon. Brgy. Santolan.,2025-07-21T19:00:00+08:00,As of 07:00PM | 21 July 2025,31,14. Sgt. De Leon. Brgy. Santolan. | Water Level: 5 inches,flood_observed,5 inches,12.7,12.7,,candidate,,,2025-07-21,docs/evaluations/flood-duration-pilot-20261004,NCR-2025-07-21,,,,,,,,,,,,
OBS-051d1c798413d308,PASIG-20250721-1900,af19914833ce,https://pasigcity.gov.ph/news-and-releases/flood-update-as-of-0700pm-21-july-2025-923,PASIG-2025-JUL21-25,Pasig,Sta. Lucia,Sta. Lucia,"Tawi-tawi St., Brgy. Sta. Lucia",2025-07-21T19:00:00+08:00,As of 07:00PM | 21 July 2025,33,"15. Tawi-tawi St., Brgy. Sta. Lucia | Water Level: 15 inches",flood_observed,15 inches,38.1,38.1,,candidate,,,2025-07-21,docs/evaluations/flood-duration-pilot-20261004,NCR-2025-07-21,,,,,,,,,,,,
OBS-d49cbd78c8ce9067,PASIG-20250721-1900,af19914833ce,https://pasigcity.gov.ph/news-and-releases/flood-update-as-of-0700pm-21-july-2025-923,PASIG-2025-JUL21-25,Pasig,Manggahan,Manggahan,"Metro Ville Karangalan, Brgy. Manggahan",2025-07-21T19:00:00+08:00,As of 07:00PM | 21 July 2025,35,"16. Metro Ville Karangalan, Brgy. Manggahan | Water Level: 15 inches",flood_observed,15 inches,38.1,38.1,,candidate,,,2025-07-21,docs/evaluations/flood-duration-pilot-20261004,NCR-2025-07-21,,,,,,,,,,,,
OBS-506b1af3450dd3af,PASIG-20250721-1900,af19914833ce,https://pasigcity.gov.ph/news-and-releases/flood-update-as-of-0700pm-21-july-2025-923,PASIG-2025-JUL21-25,Pasig,Sta. Lucia,Sta. Lucia,"Bautista Compound, Brgy. Sta. Lucia",2025-07-21T19:00:00+08:00,As of 07:00PM | 21 July 2025,37,"17. Bautista Compound, Brgy. Sta. Lucia | Water Level: gutter deep",flood_observed,gutter deep,,,,candidate,,qualitative_depth_no_numeric_conversion,2025-07-21,docs/evaluations/flood-duration-pilot-20261004,NCR-2025-07-21,,,,,,,,,,,,
OBS-776d3fc2732e446a,PASIG-20250721-1900,af19914833ce,https://pasigcity.gov.ph/news-and-releases/flood-update-as-of-0700pm-21-july-2025-923,PASIG-2025-JUL21-25,Pasig,Sta. Lucia,Sta. Lucia,"Morales Compound 5th St., Brgy. Sta. Lucia",2025-07-21T19:00:00+08:00,As of 07:00PM | 21 July 2025,39,"18. Morales Compound 5th St., Brgy. Sta. Lucia | Water Level: gutter deep",flood_observed,gutter deep,,,,candidate,,qualitative_depth_no_numeric_conversion,2025-07-21,docs/evaluations/flood-duration-pilot-20261004,NCR-2025-07-21,,,,,,,,,,,,
OBS-2b6faab404183fce,PASIG-20250721-1900,af19914833ce,https://pasigcity.gov.ph/news-and-releases/flood-update-as-of-0700pm-21-july-2025-923,PASIG-2025-JUL21-25,Pasig,Santolan,Santolan,"Natasha St. (Sgt. De Leon), Brgy. Santolan",2025-07-21T19:00:00+08:00,As of 07:00PM | 21 July 2025,41,"19. Natasha St. (Sgt. De Leon), Brgy. Santolan | Water Level: knee level",flood_observed,knee level,,,,candidate,,qualitative_depth_no_numeric_conversion,2025-07-21,docs/evaluations/flood-duration-pilot-20261004,NCR-2025-07-21,,,,,,,,,,,,
OBS-75e3631bb14a773b,PASIG-20250721-1900,af19914833ce,https://pasigcity.gov.ph/news-and-releases/flood-update-as-of-0700pm-21-july-2025-923,PASIG-2025-JUL21-25,Pasig,Santolan,Santolan,"Masikap St. Bangkaan (Tawiran), Brgy. Santolan",2025-07-21T19:00:00+08:00,As of 07:00PM | 21 July 2025,43,"20. Masikap St. Bangkaan (Tawiran), Brgy. Santolan | Water Level: gutter level",flood_observed,gutter level,,,,candidate,,qualitative_depth_no_numeric_conversion,2025-07-21,docs/evaluations/flood-duration-pilot-20261004,NCR-2025-07-21,,,,,,,,,,,,
OBS-1d4b7d25a7cdc91a,PASIG-20250721-1900,af19914833ce,https://pasigcity.gov.ph/news-and-releases/flood-update-as-of-0700pm-21-july-2025-923,PASIG-2025-JUL21-25,Pasig,Santolan,Santolan,"Doroteo St., Brgy. Santolan",2025-07-21T19:00:00+08:00,As of 07:00PM | 21 July 2025,45,"21. Doroteo St., Brgy. Santolan | Water Level: knee deep",flood_observed,knee deep,,,,candidate,,qualitative_depth_no_numeric_conversion,2025-07-21,docs/evaluations/flood-duration-pilot-20261004,NCR-2025-07-21,,,,,,,,,,,,
OBS-2826480496045767,PASIG-20250721-1900,af19914833ce,https://pasigcity.gov.ph/news-and-releases/flood-update-as-of-0700pm-21-july-2025-923,PASIG-2025-JUL21-25,Pasig,Santolan,Santolan,"Marcelino St. (Tawiran), Brgy. Santolan",2025-07-21T19:00:00+08:00,As of 07:00PM | 21 July 2025,47,"22. Marcelino St. (Tawiran), Brgy. Santolan | Water Level: knee deep",flood_observed,knee deep,,,,candidate,,qualitative_depth_no_numeric_conversion,2025-07-21,docs/evaluations/flood-duration-pilot-20261004,NCR-2025-07-21,,,,,,,,,,,,
OBS-9eec8d088f1dd784,PASIG-20250721-1900,af19914833ce,https://pasigcity.gov.ph/news-and-releases/flood-update-as-of-0700pm-21-july-2025-923,PASIG-2025-JUL21-25,Pasig,Santolan,Santolan,"Rafael St., Brgy. Santolan",2025-07-21T19:00:00+08:00,As of 07:00PM | 21 July 2025,49,"23. Rafael St., Brgy. Santolan | Water Level: knee deep",flood_observed,knee deep,,,,candidate,,qualitative_depth_no_numeric_conversion,2025-07-21,docs/evaluations/flood-duration-pilot-20261004,NCR-2025-07-21,,,,,,,,,,,,
OBS-429249c0a431cbd8,PASIG-20250721-1900,af19914833ce,https://pasigcity.gov.ph/news-and-releases/flood-update-as-of-0700pm-21-july-2025-923,PASIG-2025-JUL21-25,Pasig,Santolan,Santolan,"Victorino St., Brgy. Santolan",2025-07-21T19:00:00+08:00,As of 07:00PM | 21 July 2025,51,"24. Victorino St., Brgy. Santolan | Water Level: gutter deep",flood_observed,gutter deep,,,,candidate,,qualitative_depth_no_numeric_conversion,2025-07-21,docs/evaluations/flood-duration-pilot-20261004,NCR-2025-07-21,,,,,,,,,,,,
OBS-bef06f541890279d,PASIG-20250721-1900,af19914833ce,https://pasigcity.gov.ph/news-and-releases/flood-update-as-of-0700pm-21-july-2025-923,PASIG-2025-JUL21-25,Pasig,Ugong,Ugong,"C. Santos 1-4, Brgy. Ugong",2025-07-21T19:00:00+08:00,As of 07:00PM | 21 July 2025,53,"25. C. Santos 1-4, Brgy. Ugong | Water Level: 5 inches",flood_observed,5 inches,12.7,12.7,,candidate,,,2025-07-21,docs/evaluations/flood-duration-pilot-20261004,NCR-2025-07-21,,,,,,,,,,,,
OBS-f005712590561ebf,PASIG-20250721-1900,af19914833ce,https://pasigcity.gov.ph/news-and-releases/flood-update-as-of-0700pm-21-july-2025-923,PASIG-2025-JUL21-25,Pasig,Manggahan,Manggahan,"Stockholms, Brgy. Manggahan",2025-07-21T19:00:00+08:00,As of 07:00PM | 21 July 2025,55,"26. Stockholms, Brgy. Manggahan | Water Level: gutter deep",flood_observed,gutter deep,,,,candidate,,qualitative_depth_no_numeric_conversion,2025-07-21,docs/evaluations/flood-duration-pilot-20261004,NCR-2025-07-21,,,,,,,,,,,,
OBS-be3207eeaf3d28e8,PASIG-20250721-1900,af19914833ce,https://pasigcity.gov.ph/news-and-releases/flood-update-as-of-0700pm-21-july-2025-923,PASIG-2025-JUL21-25,Pasig,Manggahan,Manggahan,"Lower Dike, Brgy. Manggahan",2025-07-21T19:00:00+08:00,As of 07:00PM | 21 July 2025,57,"27. Lower Dike, Brgy. Manggahan | Water Level: 1 FT",flood_observed,1 FT,30.48,30.48,,candidate,,,2025-07-21,docs/evaluations/flood-duration-pilot-20261004,NCR-2025-07-21,,,,,,,,,,,,
OBS-b4645b99d8743649,PASIG-20250721-1900,af19914833ce,https://pasigcity.gov.ph/news-and-releases/flood-update-as-of-0700pm-21-july-2025-923,PASIG-2025-JUL21-25,Pasig,Dela Paz,Dela Paz,"Yap Compound Katipiran St., Brgy. Dela Paz",2025-07-21T19:00:00+08:00,As of 07:00PM | 21 July 2025,59,"28. Yap Compound Katipiran St., Brgy. Dela Paz | Water Level: 2 FT",flood_observed,2 FT,60.96,60.96,,candidate,,,2025-07-21,docs/evaluations/flood-duration-pilot-20261004,NCR-2025-07-21,,,,,,,,,,,,
OBS-e9487f2e1d42e28c,PASIG-20250721-2200,1de8fa5a4265,https://pasigcity.gov.ph/news-and-releases/flood-update-as-of-1000pm-july-21-2025-698,PASIG-2025-JUL21-25,Pasig,Dela Paz,Dela Paz,"Karangalan Phase 2 A, Brgy. Dela Paz",2025-07-21T22:00:00+08:00,As of 10:00PM | 21 July 2025,5,"1. Karangalan Phase 2 A, Brgy. Dela Paz | Water Level: 2-3 inches",flood_observed,2-3 inches,5.08,7.62,,candidate,,,2025-07-21,docs/evaluations/flood-duration-pilot-20261004,NCR-2025-07-21,,,,,,,,,,,,
OBS-89ef91972acf0211,PASIG-20250721-2200,1de8fa5a4265,https://pasigcity.gov.ph/news-and-releases/flood-update-as-of-1000pm-july-21-2025-698,PASIG-2025-JUL21-25,Pasig,Manggahan,Manggahan,"Panama St cor Stockholm, Brgy. Manggahan",2025-07-21T22:00:00+08:00,As of 10:00PM | 21 July 2025,7,"2. Panama St cor Stockholm, Brgy. Manggahan | Water Level: 3-4 inches",flood_observed,3-4 inches,7.62,10.16,,candidate,,,2025-07-21,docs/evaluations/flood-duration-pilot-20261004,NCR-2025-07-21,,,,,,,,,,,,
OBS-6b7c802a9adc3dba,PASIG-20250721-2200,1de8fa5a4265,https://pasigcity.gov.ph/news-and-releases/flood-update-as-of-1000pm-july-21-2025-698,PASIG-2025-JUL21-25,Pasig,Manggahan,Manggahan,"Panama St., Brgy. Manggahan",2025-07-21T22:00:00+08:00,As of 10:00PM | 21 July 2025,9,"3. Panama St., Brgy. Manggahan | Water Level: 3-4 inches",flood_observed,3-4 inches,7.62,10.16,,candidate,,,2025-07-21,docs/evaluations/flood-duration-pilot-20261004,NCR-2025-07-21,,,,,,,,,,,,
OBS-24e03340ba9e38e6,PASIG-20250721-2200,1de8fa5a4265,https://pasigcity.gov.ph/news-and-releases/flood-update-as-of-1000pm-july-21-2025-698,PASIG-2025-JUL21-25,Pasig,Dela Paz,Dela Paz,"Kabayanihan cor Karikitan St, Brgy. Dela Paz",2025-07-21T22:00:00+08:00,As of 10:00PM | 21 July 2025,11,"4. Kabayanihan cor Karikitan St, Brgy. Dela Paz | Water Level: 7-8 inches",flood_observed,7-8 inches,17.78,20.32,,candidate,,,2025-07-21,docs/evaluations/flood-duration-pilot-20261004,NCR-2025-07-21,,,,,,,,,,,,
OBS-1b24db45aeebcb03,PASIG-20250721-2200,1de8fa5a4265,https://pasigcity.gov.ph/news-and-releases/flood-update-as-of-1000pm-july-21-2025-698,PASIG-2025-JUL21-25,Pasig,Sta.Lucia,Sta. Lucia,"Callos Compound, Brgy. Sta.Lucia",2025-07-21T22:00:00+08:00,As of 10:00PM | 21 July 2025,13,"5. Callos Compound, Brgy. Sta.Lucia | Water Level : 3 FT",flood_observed,3 FT,91.44,91.44,,candidate,,,2025-07-21,docs/evaluations/flood-duration-pilot-20261004,NCR-2025-07-21,,,,,,,,,,,,
OBS-a3266af963571cc0,PASIG-20250721-2200,1de8fa5a4265,https://pasigcity.gov.ph/news-and-releases/flood-update-as-of-1000pm-july-21-2025-698,PASIG-2025-JUL21-25,Pasig,Manggahan,Manggahan,"Paris St. cor Soliven Ave., Brgy Manggahan",2025-07-21T22:00:00+08:00,As of 10:00PM | 21 July 2025,15,"6. Paris St. cor Soliven Ave., Brgy Manggahan | Water Level: 3-4 inches",flood_observed,3-4 inches,7.62,10.16,,candidate,,,2025-07-21,docs/evaluations/flood-duration-pilot-20261004,NCR-2025-07-21,,,,,,,,,,,,
OBS-edffd7a41d55fc1f,PASIG-20250721-2200,1de8fa5a4265,https://pasigcity.gov.ph/news-and-releases/flood-update-as-of-1000pm-july-21-2025-698,PASIG-2025-JUL21-25,Pasig,Manggahan,Manggahan,"Prague St., Brgy Manggahan",2025-07-21T22:00:00+08:00,As of 10:00PM | 21 July 2025,17,"7. Prague St., Brgy Manggahan | Water Level: 1 FT",flood_observed,1 FT,30.48,30.48,,candidate,,,2025-07-21,docs/evaluations/flood-duration-pilot-20261004,NCR-2025-07-21,,,,,,,,,,,,
OBS-5cc5720f42d4f4b3,PASIG-20250721-2200,1de8fa5a4265,https://pasigcity.gov.ph/news-and-releases/flood-update-as-of-1000pm-july-21-2025-698,PASIG-2025-JUL21-25,Pasig,Manggahan,Manggahan,"Prague St cor. Rome St., Brgy. Manggahan",2025-07-21T22:00:00+08:00,As of 10:00PM | 21 July 2025,19,"8. Prague St cor. Rome St., Brgy. Manggahan | Water Level: 1 FT and 2 inches",flood_observed,1 FT and 2 inches,35.56,35.56,,candidate,,,2025-07-21,docs/evaluations/flood-duration-pilot-20261004,NCR-2025-07-21,,,,,,,,,,,,
OBS-4fff1f7df6e98cbf,PASIG-20250721-2200,1de8fa5a4265,https://pasigcity.gov.ph/news-and-releases/flood-update-as-of-1000pm-july-21-2025-698,PASIG-2025-JUL21-25,Pasig,Manggahan,Manggahan,"Iglesia Washington St., Brgy. Manggahan",2025-07-21T22:00:00+08:00,As of 10:00PM | 21 July 2025,21,"9. Iglesia Washington St., Brgy. Manggahan | Water Level: 1 FT",flood_observed,1 FT,30.48,30.48,,candidate,,,2025-07-21,docs/evaluations/flood-duration-pilot-20261004,NCR-2025-07-21,,,,,,,,,,,,
OBS-f3b0563ea0da0e96,PASIG-20250721-2200,1de8fa5a4265,https://pasigcity.gov.ph/news-and-releases/flood-update-as-of-1000pm-july-21-2025-698,PASIG-2025-JUL21-25,Pasig,Manggahan,Manggahan,"Guatemala St. cor. Rome St., Brgy. Manggahan",2025-07-21T22:00:00+08:00,As of 10:00PM | 21 July 2025,23,"10. Guatemala St. cor. Rome St., Brgy. Manggahan | Water Level: 1 FT",flood_observed,1 FT,30.48,30.48,,candidate,,,2025-07-21,docs/evaluations/flood-duration-pilot-20261004,NCR-2025-07-21,,,,,,,,,,,,
OBS-888e69bd83f9540f,PASIG-20250721-2200,1de8fa5a4265,https://pasigcity.gov.ph/news-and-releases/flood-update-as-of-1000pm-july-21-2025-698,PASIG-2025-JUL21-25,Pasig,Manggahan,Manggahan,"Athens St. cor. Guatemala, Brgy. Manggahan",2025-07-21T22:00:00+08:00,As of 10:00PM | 21 July 2025,25,"11. Athens St. cor. Guatemala, Brgy. Manggahan | Water Level: 5-6 inches",flood_observed,5-6 inches,12.7,15.24,,candidate,,,2025-07-21,docs/evaluations/flood-duration-pilot-20261004,NCR-2025-07-21,,,,,,,,,,,,
OBS-a47bb51a3d2b57e7,PASIG-20250721-2200,1de8fa5a4265,https://pasigcity.gov.ph/news-and-releases/flood-update-as-of-1000pm-july-21-2025-698,PASIG-2025-JUL21-25,Pasig,Santolan,Santolan,Masikap Brgy. Santolan.,2025-07-21T22:00:00+08:00,As of 10:00PM | 21 July 2025,27,12. Masikap Brgy. Santolan. | Water Level: 3 FT,flood_observed,3 FT,91.44,91.44,,candidate,,,2025-07-21,docs/evaluations/flood-duration-pilot-20261004,NCR-2025-07-21,,,,,,,,,,,,
OBS-34ad721ad870cdba,PASIG-20250721-2200,1de8fa5a4265,https://pasigcity.gov.ph/news-and-releases/flood-update-as-of-1000pm-july-21-2025-698,PASIG-2025-JUL21-25,Pasig,Santolan,Santolan,Sgt. De Leon. Brgy. Santolan.,2025-07-21T22:00:00+08:00,As of 10:00PM | 21 July 2025,29,13. Sgt. De Leon. Brgy. Santolan. | Water Level: 5 inches,flood_observed,5 inches,12.7,12.7,,candidate,,,2025-07-21,docs/evaluations/flood-duration-pilot-20261004,NCR-2025-07-21,,,,,,,,,,,,
OBS-61a91d8c315460ac,PASIG-20250721-2200,1de8fa5a4265,https://pasigcity.gov.ph/news-and-releases/flood-update-as-of-1000pm-july-21-2025-698,PASIG-2025-JUL21-25,Pasig,Sta. Lucia,Sta. Lucia,"Tawi-tawi St., Brgy. Sta. Lucia",2025-07-21T22:00:00+08:00,As of 10:00PM | 21 July 2025,31,"14 Tawi-tawi St., Brgy. Sta. Lucia | Water Level: 15 inches",flood_observed,15 inches,38.1,38.1,,candidate,,,2025-07-21,docs/evaluations/flood-duration-pilot-20261004,NCR-2025-07-21,,,,,,,,,,,,
OBS-586e84c0387414f3,PASIG-20250721-2200,1de8fa5a4265,https://pasigcity.gov.ph/news-and-releases/flood-update-as-of-1000pm-july-21-2025-698,PASIG-2025-JUL21-25,Pasig,Manggahan,Manggahan,"Metro Ville Karangalan, Brgy. Manggahan",2025-07-21T22:00:00+08:00,As of 10:00PM | 21 July 2025,33,"15. Metro Ville Karangalan, Brgy. Manggahan | Water Level: 15 inches",flood_observed,15 inches,38.1,38.1,,candidate,,,2025-07-21,docs/evaluations/flood-duration-pilot-20261004,NCR-2025-07-21,,,,,,,,,,,,
OBS-21fa2e069fcd429b,PASIG-20250721-2200,1de8fa5a4265,https://pasigcity.gov.ph/news-and-releases/flood-update-as-of-1000pm-july-21-2025-698,PASIG-2025-JUL21-25,Pasig,Sta. Lucia,Sta. Lucia,"Bautista Compound, Brgy. Sta. Lucia",2025-07-21T22:00:00+08:00,As of 10:00PM | 21 July 2025,35,"16. Bautista Compound, Brgy. Sta. Lucia | Water Level: gutter deep",flood_observed,gutter deep,,,,candidate,,qualitative_depth_no_numeric_conversion,2025-07-21,docs/evaluations/flood-duration-pilot-20261004,NCR-2025-07-21,,,,,,,,,,,,
OBS-aa53a1b6b94484a5,PASIG-20250721-2200,1de8fa5a4265,https://pasigcity.gov.ph/news-and-releases/flood-update-as-of-1000pm-july-21-2025-698,PASIG-2025-JUL21-25,Pasig,Sta. Lucia,Sta. Lucia,"Morales Compound 5th St., Brgy. Sta. Lucia",2025-07-21T22:00:00+08:00,As of 10:00PM | 21 July 2025,37,"17. Morales Compound 5th St., Brgy. Sta. Lucia | Water Level: 15 inches",flood_observed,15 inches,38.1,38.1,,candidate,,,2025-07-21,docs/evaluations/flood-duration-pilot-20261004,NCR-2025-07-21,,,,,,,,,,,,
OBS-dca21ca2863ca51c,PASIG-20250721-2200,1de8fa5a4265,https://pasigcity.gov.ph/news-and-releases/flood-update-as-of-1000pm-july-21-2025-698,PASIG-2025-JUL21-25,Pasig,Santolan,Santolan,"Natasha St. (Sgt. De Leon), Brgy. Santolan",2025-07-21T22:00:00+08:00,As of 10:00PM | 21 July 2025,39,"18. Natasha St. (Sgt. De Leon), Brgy. Santolan | Water Level: knee level",flood_observed,knee level,,,,candidate,,qualitative_depth_no_numeric_conversion,2025-07-21,docs/evaluations/flood-duration-pilot-20261004,NCR-2025-07-21,,,,,,,,,,,,
OBS-e4ce14003c5325d0,PASIG-20250721-2200,1de8fa5a4265,https://pasigcity.gov.ph/news-and-releases/flood-update-as-of-1000pm-july-21-2025-698,PASIG-2025-JUL21-25,Pasig,Santolan,Santolan,"Masikap St. Bangkaan (Tawiran), Brgy. Santolan",2025-07-21T22:00:00+08:00,As of 10:00PM | 21 July 2025,41,"19. Masikap St. Bangkaan (Tawiran), Brgy. Santolan | Water Level: gutter level",flood_observed,gutter level,,,,candidate,,qualitative_depth_no_numeric_conversion,2025-07-21,docs/evaluations/flood-duration-pilot-20261004,NCR-2025-07-21,,,,,,,,,,,,
OBS-2be45fa3d9219843,PASIG-20250721-2200,1de8fa5a4265,https://pasigcity.gov.ph/news-and-releases/flood-update-as-of-1000pm-july-21-2025-698,PASIG-2025-JUL21-25,Pasig,Santolan,Santolan,"Doroteo St., Brgy. Santolan",2025-07-21T22:00:00+08:00,As of 10:00PM | 21 July 2025,43,"20. Doroteo St., Brgy. Santolan | Water Level: 2 FT",flood_observed,2 FT,60.96,60.96,,candidate,,,2025-07-21,docs/evaluations/flood-duration-pilot-20261004,NCR-2025-07-21,,,,,,,,,,,,
OBS-dbe75dc020a6d0ec,PASIG-20250721-2200,1de8fa5a4265,https://pasigcity.gov.ph/news-and-releases/flood-update-as-of-1000pm-july-21-2025-698,PASIG-2025-JUL21-25,Pasig,Santolan,Santolan,"Marcelino St. (Tawiran), Brgy. Santolan",2025-07-21T22:00:00+08:00,As of 10:00PM | 21 July 2025,45,"21. Marcelino St. (Tawiran), Brgy. Santolan | Water Level: knee deep",flood_observed,knee deep,,,,candidate,,qualitative_depth_no_numeric_conversion,2025-07-21,docs/evaluations/flood-duration-pilot-20261004,NCR-2025-07-21,,,,,,,,,,,,
OBS-c85584ab95ded50c,PASIG-20250721-2200,1de8fa5a4265,https://pasigcity.gov.ph/news-and-releases/flood-update-as-of-1000pm-july-21-2025-698,PASIG-2025-JUL21-25,Pasig,Santolan,Santolan,"Rafael St., Brgy. Santolan",2025-07-21T22:00:00+08:00,As of 10:00PM | 21 July 2025,47,"22. Rafael St., Brgy. Santolan | Water Level: knee deep",flood_observed,knee deep,,,,candidate,,qualitative_depth_no_numeric_conversion,2025-07-21,docs/evaluations/flood-duration-pilot-20261004,NCR-2025-07-21,,,,,,,,,,,,
OBS-5884b758ead48333,PASIG-20250721-2200,1de8fa5a4265,https://pasigcity.gov.ph/news-and-releases/flood-update-as-of-1000pm-july-21-2025-698,PASIG-2025-JUL21-25,Pasig,Santolan,Santolan,"Victorino St., Brgy. Santolan",2025-07-21T22:00:00+08:00,As of 10:00PM | 21 July 2025,49,"23. Victorino St., Brgy. Santolan | Water Level: gutter deep",flood_observed,gutter deep,,,,candidate,,qualitative_depth_no_numeric_conversion,2025-07-21,docs/evaluations/flood-duration-pilot-20261004,NCR-2025-07-21,,,,,,,,,,,,
OBS-71ca11be0cccaef7,PASIG-20250721-2200,1de8fa5a4265,https://pasigcity.gov.ph/news-and-releases/flood-update-as-of-1000pm-july-21-2025-698,PASIG-2025-JUL21-25,Pasig,Ugong,Ugong,"C. Santos 1-4, Brgy. Ugong",2025-07-21T22:00:00+08:00,As of 10:00PM | 21 July 2025,51,"24. C. Santos 1-4, Brgy. Ugong | Water Level: 5 inches",flood_observed,5 inches,12.7,12.7,,candidate,,,2025-07-21,docs/evaluations/flood-duration-pilot-20261004,NCR-2025-07-21,,,,,,,,,,,,
OBS-7dcc8d3137cb3970,PASIG-20250721-2200,1de8fa5a4265,https://pasigcity.gov.ph/news-and-releases/flood-update-as-of-1000pm-july-21-2025-698,PASIG-2025-JUL21-25,Pasig,Manggahan,Manggahan,"Stockholms, Brgy. Manggahan",2025-07-21T22:00:00+08:00,As of 10:00PM | 21 July 2025,53,"25. Stockholms, Brgy. Manggahan | Water Level: gutter deep",flood_observed,gutter deep,,,,candidate,,qualitative_depth_no_numeric_conversion,2025-07-21,docs/evaluations/flood-duration-pilot-20261004,NCR-2025-07-21,,,,,,,,,,,,
OBS-73782b3335913a1e,PASIG-20250721-2200,1de8fa5a4265,https://pasigcity.gov.ph/news-and-releases/flood-update-as-of-1000pm-july-21-2025-698,PASIG-2025-JUL21-25,Pasig,Manggahan,Manggahan,"Lower Dike, Brgy. Manggahan",2025-07-21T22:00:00+08:00,As of 10:00PM | 21 July 2025,55,"26. Lower Dike, Brgy. Manggahan | Water Level: 2 FT",flood_observed,2 FT,60.96,60.96,,candidate,,,2025-07-21,docs/evaluations/flood-duration-pilot-20261004,NCR-2025-07-21,,,,,,,,,,,,
OBS-bedc6d864fe0f70c,PASIG-20250721-2200,1de8fa5a4265,https://pasigcity.gov.ph/news-and-releases/flood-update-as-of-1000pm-july-21-2025-698,PASIG-2025-JUL21-25,Pasig,Dela Paz,Dela Paz,"Yap Compound Katipiran St., Brgy. Dela Paz",2025-07-21T22:00:00+08:00,As of 10:00PM | 21 July 2025,57,"27. Yap Compound Katipiran St., Brgy. Dela Paz | Water Level: 2 FT",flood_observed,2 FT,60.96,60.96,,candidate,,,2025-07-21,docs/evaluations/flood-duration-pilot-20261004,NCR-2025-07-21,,,,,,,,,,,,
OBS-bbbb20b36731ef9a,PASIG-20250721-2200,1de8fa5a4265,https://pasigcity.gov.ph/news-and-releases/flood-update-as-of-1000pm-july-21-2025-698,PASIG-2025-JUL21-25,Pasig,Sta. Lucia,Sta. Lucia,"Rosario Village Tramo St., Brgy. Sta. Lucia",2025-07-21T22:00:00+08:00,As of 10:00PM | 21 July 2025,59,"28. Rosario Village Tramo St., Brgy. Sta. Lucia | Water Level: 14 inches",flood_observed,14 inches,35.56,35.56,,candidate,,,2025-07-21,docs/evaluations/flood-duration-pilot-20261004,NCR-2025-07-21,,,,,,,,,,,,
OBS-f8b38925d3175662,PASIG-20250721-2200,1de8fa5a4265,https://pasigcity.gov.ph/news-and-releases/flood-update-as-of-1000pm-july-21-2025-698,PASIG-2025-JUL21-25,Pasig,Sta. Lucia,Sta. Lucia,"Metropolis 1, Brgy. Sta. Lucia",2025-07-21T22:00:00+08:00,As of 10:00PM | 21 July 2025,61,"29.. Metropolis 1, Brgy. Sta. Lucia | Water Level: 2 FT",flood_observed,2 FT,60.96,60.96,,candidate,,,2025-07-21,docs/evaluations/flood-duration-pilot-20261004,NCR-2025-07-21,,,,,,,,,,,,
OBS-878186bfc50cd32d,PASIG-20250721-2200,1de8fa5a4265,https://pasigcity.gov.ph/news-and-releases/flood-update-as-of-1000pm-july-21-2025-698,PASIG-2025-JUL21-25,Pasig,Sta. Lucia,Sta. Lucia,"Rosario 5&6, Brgy. Sta. Lucia",2025-07-21T22:00:00+08:00,As of 10:00PM | 21 July 2025,63,"30. Rosario 5&6, Brgy. Sta. Lucia | Water Level: 2 FT",flood_observed,2 FT,60.96,60.96,,candidate,,,2025-07-21,docs/evaluations/flood-duration-pilot-20261004,NCR-2025-07-21,,,,,,,,,,,,
OBS-928b6dc7517fcf2b,PASIG-20250721-2200,1de8fa5a4265,https://pasigcity.gov.ph/news-and-releases/flood-update-as-of-1000pm-july-21-2025-698,PASIG-2025-JUL21-25,Pasig,Sta. Lucia,Sta. Lucia,"Champaca St., Brgy. Sta. Lucia",2025-07-21T22:00:00+08:00,As of 10:00PM | 21 July 2025,65,"31. Champaca St., Brgy. Sta. Lucia | Water Level: 2-3 inches",flood_observed,2-3 inches,5.08,7.62,,candidate,,,2025-07-21,docs/evaluations/flood-duration-pilot-20261004,NCR-2025-07-21,,,,,,,,,,,,
OBS-54491d6eb57fe7a2,PASIG-20250721-2345,653ede578161,https://pasigcity.gov.ph/news-and-releases/flood-update-as-of-1145pm-july-21-2025-947,PASIG-2025-JUL21-25,Pasig,Dela Paz,Dela Paz,"Karangalan Phase 2 A, Brgy. Dela Paz",2025-07-21T23:45:00+08:00,As of 11:45PM | 21 July 2025,5,"1. Karangalan Phase 2 A, Brgy. Dela Paz | Water Level: 2-3 inches",flood_observed,2-3 inches,5.08,7.62,,candidate,,,2025-07-21,docs/evaluations/flood-duration-pilot-20261004,NCR-2025-07-21,,,,,,,,,,,,
OBS-ff3dd8fecc671e32,PASIG-20250721-2345,653ede578161,https://pasigcity.gov.ph/news-and-releases/flood-update-as-of-1145pm-july-21-2025-947,PASIG-2025-JUL21-25,Pasig,Manggahan,Manggahan,"Panama St cor Stockholm, Brgy. Manggahan",2025-07-21T23:45:00+08:00,As of 11:45PM | 21 July 2025,7,"2. Panama St cor Stockholm, Brgy. Manggahan | Water Level: 3-4 inches",flood_observed,3-4 inches,7.62,10.16,,candidate,,,2025-07-21,docs/evaluations/flood-duration-pilot-20261004,NCR-2025-07-21,,,,,,,,,,,,
OBS-ab0dcaf6981a2181,PASIG-20250721-2345,653ede578161,https://pasigcity.gov.ph/news-and-releases/flood-update-as-of-1145pm-july-21-2025-947,PASIG-2025-JUL21-25,Pasig,Manggahan,Manggahan,"Panama St., Brgy. Manggahan",2025-07-21T23:45:00+08:00,As of 11:45PM | 21 July 2025,9,"3. Panama St., Brgy. Manggahan | Water Level: 3-4 inches",flood_observed,3-4 inches,7.62,10.16,,candidate,,,2025-07-21,docs/evaluations/flood-duration-pilot-20261004,NCR-2025-07-21,,,,,,,,,,,,
OBS-6b6e7014e9240e69,PASIG-20250721-2345,653ede578161,https://pasigcity.gov.ph/news-and-releases/flood-update-as-of-1145pm-july-21-2025-947,PASIG-2025-JUL21-25,Pasig,Dela Paz,Dela Paz,"Kabayanihan cor Karikitan St, Brgy. Dela Paz",2025-07-21T23:45:00+08:00,As of 11:45PM | 21 July 2025,11,"4. Kabayanihan cor Karikitan St, Brgy. Dela Paz | Water Level: 7-8 inches",flood_observed,7-8 inches,17.78,20.32,,candidate,,,2025-07-21,docs/evaluations/flood-duration-pilot-20261004,NCR-2025-07-21,,,,,,,,,,,,
OBS-5cefe485ad7edbf9,PASIG-20250721-2345,653ede578161,https://pasigcity.gov.ph/news-and-releases/flood-update-as-of-1145pm-july-21-2025-947,PASIG-2025-JUL21-25,Pasig,Sta.Lucia,Sta. Lucia,"Callos Compound, Brgy. Sta.Lucia",2025-07-21T23:45:00+08:00,As of 11:45PM | 21 July 2025,13,"5. Callos Compound, Brgy. Sta.Lucia | Water Level : 3 FT",flood_observed,3 FT,91.44,91.44,,candidate,,,2025-07-21,docs/evaluations/flood-duration-pilot-20261004,NCR-2025-07-21,,,,,,,,,,,,
OBS-98de09913ecded9b,PASIG-20250721-2345,653ede578161,https://pasigcity.gov.ph/news-and-releases/flood-update-as-of-1145pm-july-21-2025-947,PASIG-2025-JUL21-25,Pasig,Manggahan,Manggahan,"Paris St. cor Soliven Ave., Brgy Manggahan",2025-07-21T23:45:00+08:00,As of 11:45PM | 21 July 2025,15,"6. Paris St. cor Soliven Ave., Brgy Manggahan | Water Level: 3-4 inches",flood_observed,3-4 inches,7.62,10.16,,candidate,,,2025-07-21,docs/evaluations/flood-duration-pilot-20261004,NCR-2025-07-21,,,,,,,,,,,,
OBS-df27866e3582db3b,PASIG-20250721-2345,653ede578161,https://pasigcity.gov.ph/news-and-releases/flood-update-as-of-1145pm-july-21-2025-947,PASIG-2025-JUL21-25,Pasig,Manggahan,Manggahan,"Prague St., Brgy Manggahan",2025-07-21T23:45:00+08:00,As of 11:45PM | 21 July 2025,17,"7. Prague St., Brgy Manggahan | Water Level: 1 FT",flood_observed,1 FT,30.48,30.48,,candidate,,,2025-07-21,docs/evaluations/flood-duration-pilot-20261004,NCR-2025-07-21,,,,,,,,,,,,
OBS-f9ea7055090cf05c,PASIG-20250721-2345,653ede578161,https://pasigcity.gov.ph/news-and-releases/flood-update-as-of-1145pm-july-21-2025-947,PASIG-2025-JUL21-25,Pasig,Manggahan,Manggahan,"Prague St cor. Rome St., Brgy. Manggahan",2025-07-21T23:45:00+08:00,As of 11:45PM | 21 July 2025,19,"8. Prague St cor. Rome St., Brgy. Manggahan | Water Level: 1 FT and 2 inches",flood_observed,1 FT and 2 inches,35.56,35.56,,candidate,,,2025-07-21,docs/evaluations/flood-duration-pilot-20261004,NCR-2025-07-21,,,,,,,,,,,,
OBS-a23028d662501a20,PASIG-20250721-2345,653ede578161,https://pasigcity.gov.ph/news-and-releases/flood-update-as-of-1145pm-july-21-2025-947,PASIG-2025-JUL21-25,Pasig,Manggahan,Manggahan,"Guatemala St. cor. Rome St., Brgy. Manggahan",2025-07-21T23:45:00+08:00,As of 11:45PM | 21 July 2025,21,"9. Guatemala St. cor. Rome St., Brgy. Manggahan | Water Level: 1 FT",flood_observed,1 FT,30.48,30.48,,candidate,,,2025-07-21,docs/evaluations/flood-duration-pilot-20261004,NCR-2025-07-21,,,,,,,,,,,,
OBS-abe5d7e7154d7635,PASIG-20250721-2345,653ede578161,https://pasigcity.gov.ph/news-and-releases/flood-update-as-of-1145pm-july-21-2025-947,PASIG-2025-JUL21-25,Pasig,Manggahan,Manggahan,"Athens St. cor. Guatemala, Brgy. Manggahan",2025-07-21T23:45:00+08:00,As of 11:45PM | 21 July 2025,23,"10. Athens St. cor. Guatemala, Brgy. Manggahan | Water Level: 5-6 inches",flood_observed,5-6 inches,12.7,15.24,,candidate,,,2025-07-21,docs/evaluations/flood-duration-pilot-20261004,NCR-2025-07-21,,,,,,,,,,,,
OBS-e5d421872d726acc,PASIG-20250721-2345,653ede578161,https://pasigcity.gov.ph/news-and-releases/flood-update-as-of-1145pm-july-21-2025-947,PASIG-2025-JUL21-25,Pasig,Santolan,Santolan,Masikap Brgy. Santolan.,2025-07-21T23:45:00+08:00,As of 11:45PM | 21 July 2025,25,11. Masikap Brgy. Santolan. | Water Level: 3 FT,flood_observed,3 FT,91.44,91.44,,candidate,,,2025-07-21,docs/evaluations/flood-duration-pilot-20261004,NCR-2025-07-21,,,,,,,,,,,,
OBS-d3834c14ba879278,PASIG-20250721-2345,653ede578161,https://pasigcity.gov.ph/news-and-releases/flood-update-as-of-1145pm-july-21-2025-947,PASIG-2025-JUL21-25,Pasig,Santolan,Santolan,Sgt. De Leon. Brgy. Santolan.,2025-07-21T23:45:00+08:00,As of 11:45PM | 21 July 2025,27,12. Sgt. De Leon. Brgy. Santolan. | Water Level: 5 inches,flood_observed,5 inches,12.7,12.7,,candidate,,,2025-07-21,docs/evaluations/flood-duration-pilot-20261004,NCR-2025-07-21,,,,,,,,,,,,
OBS-2d719c1817459b6b,PASIG-20250721-2345,653ede578161,https://pasigcity.gov.ph/news-and-releases/flood-update-as-of-1145pm-july-21-2025-947,PASIG-2025-JUL21-25,Pasig,Sta. Lucia,Sta. Lucia,"Tawi-tawi St., Brgy. Sta. Lucia",2025-07-21T23:45:00+08:00,As of 11:45PM | 21 July 2025,29,"13, Tawi-tawi St., Brgy. Sta. Lucia | Water Level: 15 inches",flood_observed,15 inches,38.1,38.1,,candidate,,,2025-07-21,docs/evaluations/flood-duration-pilot-20261004,NCR-2025-07-21,,,,,,,,,,,,
OBS-8d0cd582c458d7cc,PASIG-20250721-2345,653ede578161,https://pasigcity.gov.ph/news-and-releases/flood-update-as-of-1145pm-july-21-2025-947,PASIG-2025-JUL21-25,Pasig,Manggahan,Manggahan,"Metro Ville Karangalan, Brgy. Manggahan",2025-07-21T23:45:00+08:00,As of 11:45PM | 21 July 2025,31,"14. Metro Ville Karangalan, Brgy. Manggahan | Water Level: 15 inches",flood_observed,15 inches,38.1,38.1,,candidate,,,2025-07-21,docs/evaluations/flood-duration-pilot-20261004,NCR-2025-07-21,,,,,,,,,,,,
OBS-2da90874baa26472,PASIG-20250721-2345,653ede578161,https://pasigcity.gov.ph/news-and-releases/flood-update-as-of-1145pm-july-21-2025-947,PASIG-2025-JUL21-25,Pasig,Sta. Lucia,Sta. Lucia,"Bautista Compound, Brgy. Sta. Lucia",2025-07-21T23:45:00+08:00,As of 11:45PM | 21 July 2025,33,"15. Bautista Compound, Brgy. Sta. Lucia | Water Level: 2 FT",flood_observed,2 FT,60.96,60.96,,candidate,,,2025-07-21,docs/evaluations/flood-duration-pilot-20261004,NCR-2025-07-21,,,,,,,,,,,,
OBS-7f7b4385f798fd18,PASIG-20250721-2345,653ede578161,https://pasigcity.gov.ph/news-and-releases/flood-update-as-of-1145pm-july-21-2025-947,PASIG-2025-JUL21-25,Pasig,Sta. Lucia,Sta. Lucia,"Morales Compound 5th St., Brgy. Sta. Lucia",2025-07-21T23:45:00+08:00,As of 11:45PM | 21 July 2025,35,"16. Morales Compound 5th St., Brgy. Sta. Lucia | Water Level: 15 inches",flood_observed,15 inches,38.1,38.1,,candidate,,,2025-07-21,docs/evaluations/flood-duration-pilot-20261004,NCR-2025-07-21,,,,,,,,,,,,
OBS-a2b85cd64bdeafb6,PASIG-20250721-2345,653ede578161,https://pasigcity.gov.ph/news-and-releases/flood-update-as-of-1145pm-july-21-2025-947,PASIG-2025-JUL21-25,Pasig,Santolan,Santolan,"Natasha St. (Sgt. De Leon), Brgy. Santolan",2025-07-21T23:45:00+08:00,As of 11:45PM | 21 July 2025,37,"17. Natasha St. (Sgt. De Leon), Brgy. Santolan | Water Level: knee level",flood_observed,knee level,,,,candidate,,qualitative_depth_no_numeric_conversion,2025-07-21,docs/evaluations/flood-duration-pilot-20261004,NCR-2025-07-21,,,,,,,,,,,,
OBS-cf72099c4b83dacc,PASIG-20250721-2345,653ede578161,https://pasigcity.gov.ph/news-and-releases/flood-update-as-of-1145pm-july-21-2025-947,PASIG-2025-JUL21-25,Pasig,Santolan,Santolan,"Masikap St. Bangkaan (Tawiran), Brgy. Santolan",2025-07-21T23:45:00+08:00,As of 11:45PM | 21 July 2025,39,"18. Masikap St. Bangkaan (Tawiran), Brgy. Santolan | Water Level: (Above head level)",flood_observed,(Above head level),,,,candidate,,qualitative_depth_no_numeric_conversion,2025-07-21,docs/evaluations/flood-duration-pilot-20261004,NCR-2025-07-21,,,,,,,,,,,,
OBS-b0c6347af02d04bb,PASIG-20250721-2345,653ede578161,https://pasigcity.gov.ph/news-and-releases/flood-update-as-of-1145pm-july-21-2025-947,PASIG-2025-JUL21-25,Pasig,Santolan,Santolan,"Doroteo St., Brgy. Santolan",2025-07-21T23:45:00+08:00,As of 11:45PM | 21 July 2025,41,"19. Doroteo St., Brgy. Santolan | Water Level: 2 FT",flood_observed,2 FT,60.96,60.96,,candidate,,,2025-07-21,docs/evaluations/flood-duration-pilot-20261004,NCR-2025-07-21,,,,,,,,,,,,
OBS-a6f0bd685de2e376,PASIG-20250721-2345,653ede578161,https://pasigcity.gov.ph/news-and-releases/flood-update-as-of-1145pm-july-21-2025-947,PASIG-2025-JUL21-25,Pasig,Santolan,Santolan,"Marcelino St. (Tawiran), Brgy. Santolan",2025-07-21T23:45:00+08:00,As of 11:45PM | 21 July 2025,43,"20. Marcelino St. (Tawiran), Brgy. Santolan | Water Level: (Above head level)",flood_observed,(Above head level),,,,candidate,,qualitative_depth_no_numeric_conversion,2025-07-21,docs/evaluations/flood-duration-pilot-20261004,NCR-2025-07-21,,,,,,,,,,,,
OBS-ce9afe59b3ca842a,PASIG-20250721-2345,653ede578161,https://pasigcity.gov.ph/news-and-releases/flood-update-as-of-1145pm-july-21-2025-947,PASIG-2025-JUL21-25,Pasig,Santolan,Santolan,"Rafael St., Brgy. Santolan",2025-07-21T23:45:00+08:00,As of 11:45PM | 21 July 2025,45,"21. Rafael St., Brgy. Santolan | Water Level: knee deep",flood_observed,knee deep,,,,candidate,,qualitative_depth_no_numeric_conversion,2025-07-21,docs/evaluations/flood-duration-pilot-20261004,NCR-2025-07-21,,,,,,,,,,,,
OBS-d1884c54bbf9ab45,PASIG-20250721-2345,653ede578161,https://pasigcity.gov.ph/news-and-releases/flood-update-as-of-1145pm-july-21-2025-947,PASIG-2025-JUL21-25,Pasig,Santolan,Santolan,"Victorino St., Brgy. Santolan",2025-07-21T23:45:00+08:00,As of 11:45PM | 21 July 2025,47,"22. Victorino St., Brgy. Santolan | Water Level: gutter deep",flood_observed,gutter deep,,,,candidate,,qualitative_depth_no_numeric_conversion,2025-07-21,docs/evaluations/flood-duration-pilot-20261004,NCR-2025-07-21,,,,,,,,,,,,
OBS-b042a6b13c5ec73b,PASIG-20250721-2345,653ede578161,https://pasigcity.gov.ph/news-and-releases/flood-update-as-of-1145pm-july-21-2025-947,PASIG-2025-JUL21-25,Pasig,Ugong,Ugong,"C. Santos 1-4, Brgy. Ugong",2025-07-21T23:45:00+08:00,As of 11:45PM | 21 July 2025,49,"23. C. Santos 1-4, Brgy. Ugong | Water Level: 5 inches",flood_observed,5 inches,12.7,12.7,,candidate,,,2025-07-21,docs/evaluations/flood-duration-pilot-20261004,NCR-2025-07-21,,,,,,,,,,,,
OBS-69de9fb020cb84bf,PASIG-20250721-2345,653ede578161,https://pasigcity.gov.ph/news-and-releases/flood-update-as-of-1145pm-july-21-2025-947,PASIG-2025-JUL21-25,Pasig,Manggahan,Manggahan,"Stockholms, Brgy. Manggahan",2025-07-21T23:45:00+08:00,As of 11:45PM | 21 July 2025,51,"24. Stockholms, Brgy. Manggahan | Water Level: gutter deep",flood_observed,gutter deep,,,,candidate,,qualitative_depth_no_numeric_conversion,2025-07-21,docs/evaluations/flood-duration-pilot-20261004,NCR-2025-07-21,,,,,,,,,,,,
OBS-6b39951821c8661e,PASIG-20250721-2345,653ede578161,https://pasigcity.gov.ph/news-and-releases/flood-update-as-of-1145pm-july-21-2025-947,PASIG-2025-JUL21-25,Pasig,Manggahan,Manggahan,"Lower Dike, Brgy. Manggahan",2025-07-21T23:45:00+08:00,As of 11:45PM | 21 July 2025,53,"25. Lower Dike, Brgy. Manggahan | Water Level: 2 FT",flood_observed,2 FT,60.96,60.96,,candidate,,,2025-07-21,docs/evaluations/flood-duration-pilot-20261004,NCR-2025-07-21,,,,,,,,,,,,
OBS-9be14956d674146b,PASIG-20250721-2345,653ede578161,https://pasigcity.gov.ph/news-and-releases/flood-update-as-of-1145pm-july-21-2025-947,PASIG-2025-JUL21-25,Pasig,Dela Paz,Dela Paz,"Yap Compound Katipiran St., Brgy. Dela Paz",2025-07-21T23:45:00+08:00,As of 11:45PM | 21 July 2025,55,"26. Yap Compound Katipiran St., Brgy. Dela Paz | Water Level: 2 FT",flood_observed,2 FT,60.96,60.96,,candidate,,,2025-07-21,docs/evaluations/flood-duration-pilot-20261004,NCR-2025-07-21,,,,,,,,,,,,
OBS-63e7acea17f6f5eb,PASIG-20250721-2345,653ede578161,https://pasigcity.gov.ph/news-and-releases/flood-update-as-of-1145pm-july-21-2025-947,PASIG-2025-JUL21-25,Pasig,Sta. Lucia,Sta. Lucia,"Rosario Village Tramo St., Brgy. Sta. Lucia",2025-07-21T23:45:00+08:00,As of 11:45PM | 21 July 2025,57,"27. Rosario Village Tramo St., Brgy. Sta. Lucia | Water Level: 14 inches",flood_observed,14 inches,35.56,35.56,,candidate,,,2025-07-21,docs/evaluations/flood-duration-pilot-20261004,NCR-2025-07-21,,,,,,,,,,,,
OBS-a7a8542a83f7c27f,PASIG-20250721-2345,653ede578161,https://pasigcity.gov.ph/news-and-releases/flood-update-as-of-1145pm-july-21-2025-947,PASIG-2025-JUL21-25,Pasig,Sta. Lucia,Sta. Lucia,"Metropolis 1, Brgy. Sta. Lucia",2025-07-21T23:45:00+08:00,As of 11:45PM | 21 July 2025,59,"28. Metropolis 1, Brgy. Sta. Lucia | Water Level: 2 FT",flood_observed,2 FT,60.96,60.96,,candidate,,,2025-07-21,docs/evaluations/flood-duration-pilot-20261004,NCR-2025-07-21,,,,,,,,,,,,
OBS-564f827553810956,PASIG-20250721-2345,653ede578161,https://pasigcity.gov.ph/news-and-releases/flood-update-as-of-1145pm-july-21-2025-947,PASIG-2025-JUL21-25,Pasig,Sta. Lucia,Sta. Lucia,"Rosario 5&6, Brgy. Sta. Lucia",2025-07-21T23:45:00+08:00,As of 11:45PM | 21 July 2025,61,"29. Rosario 5&6, Brgy. Sta. Lucia | Water Level: 2 FT",flood_observed,2 FT,60.96,60.96,,candidate,,,2025-07-21,docs/evaluations/flood-duration-pilot-20261004,NCR-2025-07-21,,,,,,,,,,,,
OBS-d54b20ecb3ba01de,PASIG-20250721-2345,653ede578161,https://pasigcity.gov.ph/news-and-releases/flood-update-as-of-1145pm-july-21-2025-947,PASIG-2025-JUL21-25,Pasig,Sta. Lucia,Sta. Lucia,"Champaca St., Brgy. Sta. Lucia",2025-07-21T23:45:00+08:00,As of 11:45PM | 21 July 2025,63,"30. Champaca St., Brgy. Sta. Lucia | Water Level: 2-3 inches",flood_observed,2-3 inches,5.08,7.62,,candidate,,,2025-07-21,docs/evaluations/flood-duration-pilot-20261004,NCR-2025-07-21,,,,,,,,,,,,
OBS-0ee953530e5ad73f,PASIG-20250721-2345,653ede578161,https://pasigcity.gov.ph/news-and-releases/flood-update-as-of-1145pm-july-21-2025-947,PASIG-2025-JUL21-25,Pasig,Sta. Lucia,Sta. Lucia,"Hawk St., Metro Green Village, Brgy. Sta. Lucia",2025-07-21T23:45:00+08:00,As of 11:45PM | 21 July 2025,65,"31. Hawk St., Metro Green Village, Brgy. Sta. Lucia | Water Level: 3-4 inches",flood_observed,3-4 inches,7.62,10.16,,candidate,,,2025-07-21,docs/evaluations/flood-duration-pilot-20261004,NCR-2025-07-21,,,,,,,,,,,,
OBS-eeb93c8ec9ce9cce,PASIG-20250723-1700,91cbbcf5b901,https://pasigcity.gov.ph/news-and-releases/flood-update-as-of-0500pm-july-23-2025-749,PASIG-2025-JUL21-25,Pasig,Rosario,Rosario,"Paraluman St. Dabba, Brgy. Rosario",2025-07-23T17:00:00+08:00,"July 23, 2025 | as of 5:00PM",6,"1. Paraluman St. Dabba, Brgy. Rosario | Water Level: 2 feet (0.61 m)",flood_observed,2 feet (0.61 m),60.96,60.96,,candidate,,,2025-07-23,docs/evaluations/flood-duration-pilot-20261004,NCR-2025-07-23,,,,,,,,,,,,
OBS-1563dc1e5397ea87,PASIG-20250723-1700,91cbbcf5b901,https://pasigcity.gov.ph/news-and-releases/flood-update-as-of-0500pm-july-23-2025-749,PASIG-2025-JUL21-25,Pasig,Dela Paz,Dela Paz,"Karangalan Phase 2 A, Brgy. Dela Paz",2025-07-23T17:00:00+08:00,"July 23, 2025 | as of 5:00PM",10,"2. Karangalan Phase 2 A, Brgy. Dela Paz | Water Level: 2 feet (0.61 m)",flood_observed,2 feet (0.61 m),60.96,60.96,,candidate,,,2025-07-23,docs/evaluations/flood-duration-pilot-20261004,NCR-2025-07-23,,,,,,,,,,,,
OBS-a50d339eab66ef01,PASIG-20250723-1700,91cbbcf5b901,https://pasigcity.gov.ph/news-and-releases/flood-update-as-of-0500pm-july-23-2025-749,PASIG-2025-JUL21-25,Pasig,Manggahan,Manggahan,"Kabayanihan corner Karikitan, Karangalan Village, Brgy. Manggahan",2025-07-23T17:00:00+08:00,"July 23, 2025 | as of 5:00PM",14,"3. Kabayanihan corner Karikitan, Karangalan Village, Brgy. Manggahan | Water Level: 2 inches (5.08 cm)",flood_observed,2 inches (5.08 cm),5.08,5.08,,candidate,,,2025-07-23,docs/evaluations/flood-duration-pilot-20261004,NCR-2025-07-23,,,,,,,,,,,,
OBS-bf7df2347abe05b1,PASIG-20250723-1700,91cbbcf5b901,https://pasigcity.gov.ph/news-and-releases/flood-update-as-of-0500pm-july-23-2025-749,PASIG-2025-JUL21-25,Pasig,Manggahan,Manggahan,"St. Joseph Metro Ville Subd., Felix Avenue Brgy. Manggahan",2025-07-23T17:00:00+08:00,"July 23, 2025 | as of 5:00PM",16,"4. St. Joseph Metro Ville Subd., Felix Avenue Brgy. Manggahan | Water Level: 6 inches (15.24 cm)",flood_observed,6 inches (15.24 cm),15.24,15.24,,candidate,,,2025-07-23,docs/evaluations/flood-duration-pilot-20261004,NCR-2025-07-23,,,,,,,,,,,,
OBS-c6115f5949d9b12d,PASIG-20250723-1700,91cbbcf5b901,https://pasigcity.gov.ph/news-and-releases/flood-update-as-of-0500pm-july-23-2025-749,PASIG-2025-JUL21-25,Pasig,,,A. Policarpio St.,2025-07-23T17:00:00+08:00,"July 23, 2025 | as of 5:00PM",20,5. A. Policarpio St. | Water Level: 2-3 inches (5.08 cm - 7.62 cm),flood_observed,2-3 inches (5.08 cm - 7.62 cm),,,,candidate,,source_alternate_units_disagree;missing_barangay,2025-07-23,docs/evaluations/flood-duration-pilot-20261004,NCR-2025-07-23,,,,,,,,,,,,
OBS-3889296f03254877,PASIG-20260810-0030,f0de99330fb4,https://pasigcity.gov.ph/news-and-releases/southwest-monsoon-habagat-flood-update-as-of-1230-am-of-august-10-2026-588,PASIG-2026-AUG10-11,Pasig,Maybunga,Maybunga,"Block 1 Alley 8, Westbank Road Floodway",2026-08-10T00:30:00+08:00,"Southwest Monsoon (Habagat) | Flood Update as of 12:30 am of August 10, 2026",4,"1. Block 1 Alley 8, Westbank Road Floodway | Water Level: 38.1cm (15 inches) | Not passable to motorcycles and cars (sedan)",flood_observed,38.1cm (15 inches),38.1,38.1,Not passable to motorcycles and cars (sedan),candidate,,,2026-08-10,docs/evaluations/flood-duration-pilot-20261004,NCR-2026-08-10,,,,,,,,,,,,
OBS-ed98d22d5c02f05d,PASIG-20260810-0030,f0de99330fb4,https://pasigcity.gov.ph/news-and-releases/southwest-monsoon-habagat-flood-update-as-of-1230-am-of-august-10-2026-588,PASIG-2026-AUG10-11,Pasig,Maybunga,Maybunga,"Block 2 Alley 8, Westbank Road Floodway",2026-08-10T00:30:00+08:00,"Southwest Monsoon (Habagat) | Flood Update as of 12:30 am of August 10, 2026",7,"2. Block 2 Alley 8, Westbank Road Floodway | Water Level: 38.1cm (15 inches) | Not passable to motorcycles and cars (sedan)",flood_observed,38.1cm (15 inches),38.1,38.1,Not passable to motorcycles and cars (sedan),candidate,,,2026-08-10,docs/evaluations/flood-duration-pilot-20261004,NCR-2026-08-10,,,,,,,,,,,,
OBS-39434bb503e71dc8,PASIG-20260810-0030,f0de99330fb4,https://pasigcity.gov.ph/news-and-releases/southwest-monsoon-habagat-flood-update-as-of-1230-am-of-august-10-2026-588,PASIG-2026-AUG10-11,Pasig,Maybunga,Maybunga,"Block 3 Alley 8, Westbank Road Floodway",2026-08-10T00:30:00+08:00,"Southwest Monsoon (Habagat) | Flood Update as of 12:30 am of August 10, 2026",10,"3. Block 3 Alley 8, Westbank Road Floodway | Water Level: 38.1cm (15 inches) | Not passable to motorcycles and cars (sedan)",flood_observed,38.1cm (15 inches),38.1,38.1,Not passable to motorcycles and cars (sedan),candidate,,,2026-08-10,docs/evaluations/flood-duration-pilot-20261004,NCR-2026-08-10,,,,,,,,,,,,
OBS-97cb45f1b7557e1a,PASIG-20260810-0030,f0de99330fb4,https://pasigcity.gov.ph/news-and-releases/southwest-monsoon-habagat-flood-update-as-of-1230-am-of-august-10-2026-588,PASIG-2026-AUG10-11,Pasig,Maybunga,Maybunga,"Block 4 Alley 8, Westbank Road Floodway",2026-08-10T00:30:00+08:00,"Southwest Monsoon (Habagat) | Flood Update as of 12:30 am of August 10, 2026",13,"4. Block 4 Alley 8, Westbank Road Floodway | Water Level: 38.1cm (15 inches) | Not passable to motorcycles and cars (sedan)",flood_observed,38.1cm (15 inches),38.1,38.1,Not passable to motorcycles and cars (sedan),candidate,,,2026-08-10,docs/evaluations/flood-duration-pilot-20261004,NCR-2026-08-10,,,,,,,,,,,,
OBS-89bf4798fa270f3f,PASIG-20260810-0030,f0de99330fb4,https://pasigcity.gov.ph/news-and-releases/southwest-monsoon-habagat-flood-update-as-of-1230-am-of-august-10-2026-588,PASIG-2026-AUG10-11,Pasig,Maybunga,Maybunga,"Block 5 Alley 8, Westbank Road Floodway",2026-08-10T00:30:00+08:00,"Southwest Monsoon (Habagat) | Flood Update as of 12:30 am of August 10, 2026",16,"5. Block 5 Alley 8, Westbank Road Floodway | Water Level: 38.1cm (15 inches) | Not passable to motorcycles and cars (sedan)",flood_observed,38.1cm (15 inches),38.1,38.1,Not passable to motorcycles and cars (sedan),candidate,,,2026-08-10,docs/evaluations/flood-duration-pilot-20261004,NCR-2026-08-10,,,,,,,,,,,,
OBS-f41886e126a96c2a,PASIG-20260810-0030,f0de99330fb4,https://pasigcity.gov.ph/news-and-releases/southwest-monsoon-habagat-flood-update-as-of-1230-am-of-august-10-2026-588,PASIG-2026-AUG10-11,Pasig,Maybunga,Maybunga,"Block 6 Alley 8, Westbank Road Floodway",2026-08-10T00:30:00+08:00,"Southwest Monsoon (Habagat) | Flood Update as of 12:30 am of August 10, 2026",19,"6. Block 6 Alley 8, Westbank Road Floodway | Water Level: 38.1cm (15 inches) | Not passable to motorcycles and cars (sedan)",flood_observed,38.1cm (15 inches),38.1,38.1,Not passable to motorcycles and cars (sedan),candidate,,,2026-08-10,docs/evaluations/flood-duration-pilot-20261004,NCR-2026-08-10,,,,,,,,,,,,
OBS-19425ffb8137a78e,PASIG-20260810-0030,f0de99330fb4,https://pasigcity.gov.ph/news-and-releases/southwest-monsoon-habagat-flood-update-as-of-1230-am-of-august-10-2026-588,PASIG-2026-AUG10-11,Pasig,Maybunga,Maybunga,"Block 7 Alley 8, Westbank Road Floodway",2026-08-10T00:30:00+08:00,"Southwest Monsoon (Habagat) | Flood Update as of 12:30 am of August 10, 2026",22,"7. Block 7 Alley 8, Westbank Road Floodway | Water Level: 38.1cm (15 inches) | Not passable to motorcycles and cars (sedan)",flood_observed,38.1cm (15 inches),38.1,38.1,Not passable to motorcycles and cars (sedan),candidate,,,2026-08-10,docs/evaluations/flood-duration-pilot-20261004,NCR-2026-08-10,,,,,,,,,,,,
OBS-5700995d9986365f,PASIG-20260810-0030,f0de99330fb4,https://pasigcity.gov.ph/news-and-releases/southwest-monsoon-habagat-flood-update-as-of-1230-am-of-august-10-2026-588,PASIG-2026-AUG10-11,Pasig,Maybunga,Maybunga,"Block 8 Alley 8, Westbank Road Floodway",2026-08-10T00:30:00+08:00,"Southwest Monsoon (Habagat) | Flood Update as of 12:30 am of August 10, 2026",25,"8. Block 8 Alley 8, Westbank Road Floodway | Water Level: 38.1cm (15 inches) | Not passable to motorcycles and cars (sedan)",flood_observed,38.1cm (15 inches),38.1,38.1,Not passable to motorcycles and cars (sedan),candidate,,,2026-08-10,docs/evaluations/flood-duration-pilot-20261004,NCR-2026-08-10,,,,,,,,,,,,
OBS-975cdbec717681d9,PASIG-20260810-0030,f0de99330fb4,https://pasigcity.gov.ph/news-and-releases/southwest-monsoon-habagat-flood-update-as-of-1230-am-of-august-10-2026-588,PASIG-2026-AUG10-11,Pasig,Sta. Lucia,Sta. Lucia,Bautista Compound,2026-08-10T00:30:00+08:00,"Southwest Monsoon (Habagat) | Flood Update as of 12:30 am of August 10, 2026",29,1. Bautista Compound | Water Level: 7.62cm (3 inches) | Passable to motorcycles and cars,flood_observed,7.62cm (3 inches),7.62,7.62,Passable to motorcycles and cars,candidate,,,2026-08-10,docs/evaluations/flood-duration-pilot-20261004,NCR-2026-08-10,,,,,,,,,,,,
OBS-69fb5b4549125180,PASIG-20260810-0030,f0de99330fb4,https://pasigcity.gov.ph/news-and-releases/southwest-monsoon-habagat-flood-update-as-of-1230-am-of-august-10-2026-588,PASIG-2026-AUG10-11,Pasig,Sta. Lucia,Sta. Lucia,Morales Compound,2026-08-10T00:30:00+08:00,"Southwest Monsoon (Habagat) | Flood Update as of 12:30 am of August 10, 2026",32,2. Morales Compound | Water Level: 7.62cm (3 inches) | Passable to motorcycles and cars,flood_observed,7.62cm (3 inches),7.62,7.62,Passable to motorcycles and cars,candidate,,,2026-08-10,docs/evaluations/flood-duration-pilot-20261004,NCR-2026-08-10,,,,,,,,,,,,
OBS-0b54b00ec16f2802,PASIG-20260810-0030,f0de99330fb4,https://pasigcity.gov.ph/news-and-releases/southwest-monsoon-habagat-flood-update-as-of-1230-am-of-august-10-2026-588,PASIG-2026-AUG10-11,Pasig,Sta. Lucia,Sta. Lucia,Metropolis Village 2,2026-08-10T00:30:00+08:00,"Southwest Monsoon (Habagat) | Flood Update as of 12:30 am of August 10, 2026",35,3. Metropolis Village 2 | Water Level: 7.62cm (3 inches) | Passable to motorcycles and cars,flood_observed,7.62cm (3 inches),7.62,7.62,Passable to motorcycles and cars,candidate,,,2026-08-10,docs/evaluations/flood-duration-pilot-20261004,NCR-2026-08-10,,,,,,,,,,,,
OBS-81ab665b1c361ef3,PASIG-20260810-0030,f0de99330fb4,https://pasigcity.gov.ph/news-and-releases/southwest-monsoon-habagat-flood-update-as-of-1230-am-of-august-10-2026-588,PASIG-2026-AUG10-11,Pasig,Sta. Lucia,Sta. Lucia,Metropolis Village 1,2026-08-10T00:30:00+08:00,"Southwest Monsoon (Habagat) | Flood Update as of 12:30 am of August 10, 2026",38,4. Metropolis Village 1 | Water Level: 7.62cm (3 inches) | Passable to motorcycles and cars,flood_observed,7.62cm (3 inches),7.62,7.62,Passable to motorcycles and cars,candidate,,,2026-08-10,docs/evaluations/flood-duration-pilot-20261004,NCR-2026-08-10,,,,,,,,,,,,
OBS-c33d857e974b018d,PASIG-20260811-0950,4223ec2f856d,https://pasigcity.gov.ph/news-and-releases/enhanced-southwest-monsoon-habagat-flood-update-as-of-950-am-of-august-11-2026-502,PASIG-2026-AUG10-11,Pasig,,,,2026-08-11T09:50:00+08:00,"August 11, 2026 | as of 09:50AM",5,Wala nang reported na flooded areas sa Lungsod ng Pasig matapos humupa ang mga naitalang pagbaha sa Brgy. Maybunga.,clearance_candidate,,,,,summary_scope_reviewed,Maybunga summary explicitly names subsided flooding; linkage to preceding listed blocks is candidate inference,no_exact_physical_clearance_time,2026-08-11,docs/evaluations/flood-duration-pilot-20261004,NCR-2026-08-11,,,,,,,,,,,,
OBS-c1d927e56acb60ef,PASIG-20260811-0950,4223ec2f856d,https://pasigcity.gov.ph/news-and-releases/enhanced-southwest-monsoon-habagat-flood-update-as-of-950-am-of-august-11-2026-502,PASIG-2026-AUG10-11,Pasig,Maybunga,Maybunga,"Block 1 Alley 8, Westbank Road Floodway",2026-08-11T05:30:00+08:00,"August 11, 2026 | as of 05:30AM",10,"1. Block 1 Alley 8, Westbank Road Floodway | Water Level: 38.1cm (15 inches) | Not passable to motorcycles and cars (sedan)",flood_observed,38.1cm (15 inches),38.1,38.1,Not passable to motorcycles and cars (sedan),candidate,,,2026-08-11,docs/evaluations/flood-duration-pilot-20261004,NCR-2026-08-11,,,,,,,,,,,,
OBS-ade97f6169b3fedf,PASIG-20260811-0950,4223ec2f856d,https://pasigcity.gov.ph/news-and-releases/enhanced-southwest-monsoon-habagat-flood-update-as-of-950-am-of-august-11-2026-502,PASIG-2026-AUG10-11,Pasig,Maybunga,Maybunga,"Block 2 Alley 8, Westbank Road Floodway",2026-08-11T05:30:00+08:00,"August 11, 2026 | as of 05:30AM",13,"2. Block 2 Alley 8, Westbank Road Floodway | Water Level: 38.1cm (15 inches) | Not passable to motorcycles and cars (sedan)",flood_observed,38.1cm (15 inches),38.1,38.1,Not passable to motorcycles and cars (sedan),candidate,,,2026-08-11,docs/evaluations/flood-duration-pilot-20261004,NCR-2026-08-11,,,,,,,,,,,,
OBS-907875bacbcb20a7,PASIG-20260811-0950,4223ec2f856d,https://pasigcity.gov.ph/news-and-releases/enhanced-southwest-monsoon-habagat-flood-update-as-of-950-am-of-august-11-2026-502,PASIG-2026-AUG10-11,Pasig,Maybunga,Maybunga,"Block 3 Alley 8, Westbank Road Floodway",2026-08-11T05:30:00+08:00,"August 11, 2026 | as of 05:30AM",16,"3. Block 3 Alley 8, Westbank Road Floodway | Water Level: 38.1cm (15 inches) | Not passable to motorcycles and cars (sedan)",flood_observed,38.1cm (15 inches),38.1,38.1,Not passable to motorcycles and cars (sedan),candidate,,,2026-08-11,docs/evaluations/flood-duration-pilot-20261004,NCR-2026-08-11,,,,,,,,,,,,
OBS-1d40068f99d1d9fb,PASIG-20260811-0950,4223ec2f856d,https://pasigcity.gov.ph/news-and-releases/enhanced-southwest-monsoon-habagat-flood-update-as-of-950-am-of-august-11-2026-502,PASIG-2026-AUG10-11,Pasig,Maybunga,Maybunga,"Block 4 Alley 8, Westbank Road Floodway",2026-08-11T05:30:00+08:00,"August 11, 2026 | as of 05:30AM",19,"4. Block 4 Alley 8, Westbank Road Floodway | Water Level: 38.1cm (15 inches) | Not passable to motorcycles and cars (sedan)",flood_observed,38.1cm (15 inches),38.1,38.1,Not passable to motorcycles and cars (sedan),candidate,,,2026-08-11,docs/evaluations/flood-duration-pilot-20261004,NCR-2026-08-11,,,,,,,,,,,,
OBS-25a3818052372e45,PASIG-20260811-0950,4223ec2f856d,https://pasigcity.gov.ph/news-and-releases/enhanced-southwest-monsoon-habagat-flood-update-as-of-950-am-of-august-11-2026-502,PASIG-2026-AUG10-11,Pasig,Maybunga,Maybunga,"Block 5 Alley 8, Westbank Road Floodway",2026-08-11T05:30:00+08:00,"August 11, 2026 | as of 05:30AM",22,"5. Block 5 Alley 8, Westbank Road Floodway | Water Level: 38.1cm (15 inches) | Not passable to motorcycles and cars (sedan)",flood_observed,38.1cm (15 inches),38.1,38.1,Not passable to motorcycles and cars (sedan),candidate,,,2026-08-11,docs/evaluations/flood-duration-pilot-20261004,NCR-2026-08-11,,,,,,,,,,,,
OBS-e637689fb8869981,PASIG-20260811-0950,4223ec2f856d,https://pasigcity.gov.ph/news-and-releases/enhanced-southwest-monsoon-habagat-flood-update-as-of-950-am-of-august-11-2026-502,PASIG-2026-AUG10-11,Pasig,Maybunga,Maybunga,"Block 6 Alley 8, Westbank Road Floodway",2026-08-11T05:30:00+08:00,"August 11, 2026 | as of 05:30AM",25,"6. Block 6 Alley 8, Westbank Road Floodway | Water Level: 38.1cm (15 inches) | Not passable to motorcycles and cars (sedan)",flood_observed,38.1cm (15 inches),38.1,38.1,Not passable to motorcycles and cars (sedan),candidate,,,2026-08-11,docs/evaluations/flood-duration-pilot-20261004,NCR-2026-08-11,,,,,,,,,,,,
OBS-3fc2f781610b5d37,PASIG-20260811-0950,4223ec2f856d,https://pasigcity.gov.ph/news-and-releases/enhanced-southwest-monsoon-habagat-flood-update-as-of-950-am-of-august-11-2026-502,PASIG-2026-AUG10-11,Pasig,Maybunga,Maybunga,"Block 7 Alley 8, Westbank Road Floodway",2026-08-11T05:30:00+08:00,"August 11, 2026 | as of 05:30AM",28,"7. Block 7 Alley 8, Westbank Road Floodway | Water Level: 38.1cm (15 inches) | Not passable to motorcycles and cars (sedan)",flood_observed,38.1cm (15 inches),38.1,38.1,Not passable to motorcycles and cars (sedan),candidate,,,2026-08-11,docs/evaluations/flood-duration-pilot-20261004,NCR-2026-08-11,,,,,,,,,,,,
OBS-9b27784b739e6111,PASIG-20260811-0950,4223ec2f856d,https://pasigcity.gov.ph/news-and-releases/enhanced-southwest-monsoon-habagat-flood-update-as-of-950-am-of-august-11-2026-502,PASIG-2026-AUG10-11,Pasig,Maybunga,Maybunga,"Block 8 Alley 8, Westbank Road Floodway",2026-08-11T05:30:00+08:00,"August 11, 2026 | as of 05:30AM",31,"8. Block 8 Alley 8, Westbank Road Floodway | Water Level: 38.1cm (15 inches) | Not passable to motorcycles and cars (sedan)",flood_observed,38.1cm (15 inches),38.1,38.1,Not passable to motorcycles and cars (sedan),candidate,,,2026-08-11,docs/evaluations/flood-duration-pilot-20261004,NCR-2026-08-11,,,,,,,,,,,,
OBS-0c7c4c55f74c9e02,PASIG-20260818-0030,0fb66bd2f64d,https://pasigcity.gov.ph/news-and-releases/southwest-monsoon-habagat-flood-update-as-of-1230-am-of-august-18-2026-430,PASIG-2026-AUG17-18,Pasig,Dela Paz,Dela Paz,Katipiran C Yap Compound,2026-08-18T00:30:00+08:00,"Southwest Monsoon (Habagat) | Flood Update as of 12:30 am of August 18, 2026",4,1. Katipiran C Yap Compound | Water Level: 91.44 cm (36 inches) | Not passable to motorcycles and cars (sedan),flood_observed,91.44 cm (36 inches),91.44,91.44,Not passable to motorcycles and cars (sedan),candidate,,,2026-08-18,docs/evaluations/flood-duration-pilot-20261004,NCR-2026-08-18,,,,,,,,,,,,
OBS-5fea7598b3b16691,PASIG-20260818-0030,0fb66bd2f64d,https://pasigcity.gov.ph/news-and-releases/southwest-monsoon-habagat-flood-update-as-of-1230-am-of-august-18-2026-430,PASIG-2026-AUG17-18,Pasig,Manggahan,Manggahan,F. Pasco Ave Metroville,2026-08-18T00:30:00+08:00,"Southwest Monsoon (Habagat) | Flood Update as of 12:30 am of August 18, 2026",8,1. F. Pasco Ave Metroville | Water Level: 7.62 cm (3 inches) | Passable to motorcycles and cars (sedan),flood_observed,7.62 cm (3 inches),7.62,7.62,Passable to motorcycles and cars (sedan),candidate,,,2026-08-18,docs/evaluations/flood-duration-pilot-20261004,NCR-2026-08-18,,,,,,,,,,,,
OBS-571a4797bc5686c8,PASIG-20260818-0030,0fb66bd2f64d,https://pasigcity.gov.ph/news-and-releases/southwest-monsoon-habagat-flood-update-as-of-1230-am-of-august-18-2026-430,PASIG-2026-AUG17-18,Pasig,Manggahan,Manggahan,Infant Jesus St,2026-08-18T00:30:00+08:00,"Southwest Monsoon (Habagat) | Flood Update as of 12:30 am of August 18, 2026",11,2. Infant Jesus St | Water Level: 7.62cm (3 inches) | Passable to motorcycles and cars (sedan),flood_observed,7.62cm (3 inches),7.62,7.62,Passable to motorcycles and cars (sedan),candidate,,,2026-08-18,docs/evaluations/flood-duration-pilot-20261004,NCR-2026-08-18,,,,,,,,,,,,
OBS-d802041c57ddc936,PASIG-20260818-0030,0fb66bd2f64d,https://pasigcity.gov.ph/news-and-releases/southwest-monsoon-habagat-flood-update-as-of-1230-am-of-august-18-2026-430,PASIG-2026-AUG17-18,Pasig,Manggahan,Manggahan,Kabayanihan St.,2026-08-18T00:30:00+08:00,"Southwest Monsoon (Habagat) | Flood Update as of 12:30 am of August 18, 2026",14,3. Kabayanihan St. | Water Level: 12.7cm (5 inches) | Passable to motorcycles and cars (sedan),flood_observed,12.7cm (5 inches),12.7,12.7,Passable to motorcycles and cars (sedan),candidate,,,2026-08-18,docs/evaluations/flood-duration-pilot-20261004,NCR-2026-08-18,,,,,,,,,,,,
OBS-b1d226fe3c25c508,PASIG-20260818-0030,0fb66bd2f64d,https://pasigcity.gov.ph/news-and-releases/southwest-monsoon-habagat-flood-update-as-of-1230-am-of-august-18-2026-430,PASIG-2026-AUG17-18,Pasig,Manggahan,Manggahan,Karikitan St.,2026-08-18T00:30:00+08:00,"Southwest Monsoon (Habagat) | Flood Update as of 12:30 am of August 18, 2026",17,4. Karikitan St. | Water Level: 12.7cm (5 inches) | Passable to motorcycles and cars (sedan),flood_observed,12.7cm (5 inches),12.7,12.7,Passable to motorcycles and cars (sedan),candidate,,,2026-08-18,docs/evaluations/flood-duration-pilot-20261004,NCR-2026-08-18,,,,,,,,,,,,
OBS-e3d7270778c53eec,PASIG-20260818-0030,0fb66bd2f64d,https://pasigcity.gov.ph/news-and-releases/southwest-monsoon-habagat-flood-update-as-of-1230-am-of-august-18-2026-430,PASIG-2026-AUG17-18,Pasig,Manggahan,Manggahan,Katiyagaan St.,2026-08-18T00:30:00+08:00,"Southwest Monsoon (Habagat) | Flood Update as of 12:30 am of August 18, 2026",20,5. Katiyagaan St. | Water Level: 12.7cm (5 inches) | Passable to motorcycles and cars (sedan),flood_observed,12.7cm (5 inches),12.7,12.7,Passable to motorcycles and cars (sedan),candidate,,,2026-08-18,docs/evaluations/flood-duration-pilot-20261004,NCR-2026-08-18,,,,,,,,,,,,
OBS-5e7cb8780fdb465b,PASIG-20260818-0030,0fb66bd2f64d,https://pasigcity.gov.ph/news-and-releases/southwest-monsoon-habagat-flood-update-as-of-1230-am-of-august-18-2026-430,PASIG-2026-AUG17-18,Pasig,Maybunga,Maybunga,San Antonio Abad,2026-08-18T00:30:00+08:00,"Southwest Monsoon (Habagat) | Flood Update as of 12:30 am of August 18, 2026",24,1. San Antonio Abad | Water Level: 45.72 cm (18 inches) | Not passable to motorcycles and cars (sedan),flood_observed,45.72 cm (18 inches),45.72,45.72,Not passable to motorcycles and cars (sedan),candidate,,,2026-08-18,docs/evaluations/flood-duration-pilot-20261004,NCR-2026-08-18,,,,,,,,,,,,
OBS-6f784d1eccc27394,PASIG-20260818-0030,0fb66bd2f64d,https://pasigcity.gov.ph/news-and-releases/southwest-monsoon-habagat-flood-update-as-of-1230-am-of-august-18-2026-430,PASIG-2026-AUG17-18,Pasig,Maybunga,Maybunga,Damayan Homes,2026-08-18T00:30:00+08:00,"Southwest Monsoon (Habagat) | Flood Update as of 12:30 am of August 18, 2026",27,2. Damayan Homes | Water Level: 30.48 cm (12 inches) | Not passable to motorcycles and cars (sedan),flood_observed,30.48 cm (12 inches),30.48,30.48,Not passable to motorcycles and cars (sedan),candidate,,,2026-08-18,docs/evaluations/flood-duration-pilot-20261004,NCR-2026-08-18,,,,,,,,,,,,
OBS-7516ec9b72990612,PASIG-20260818-0030,0fb66bd2f64d,https://pasigcity.gov.ph/news-and-releases/southwest-monsoon-habagat-flood-update-as-of-1230-am-of-august-18-2026-430,PASIG-2026-AUG17-18,Pasig,Maybunga,Maybunga,Jenny's Ave (in front of RESPSCI),2026-08-18T00:30:00+08:00,"Southwest Monsoon (Habagat) | Flood Update as of 12:30 am of August 18, 2026",30,3. Jenny's Ave (in front of RESPSCI) | Water Level: 7.62 cm (3 inches) | Passable to motorcycles and cars (sedan),flood_observed,7.62 cm (3 inches),7.62,7.62,Passable to motorcycles and cars (sedan),candidate,,,2026-08-18,docs/evaluations/flood-duration-pilot-20261004,NCR-2026-08-18,,,,,,,,,,,,
OBS-c9ae0d5ba9e3de8e,PASIG-20260818-0030,0fb66bd2f64d,https://pasigcity.gov.ph/news-and-releases/southwest-monsoon-habagat-flood-update-as-of-1230-am-of-august-18-2026-430,PASIG-2026-AUG17-18,Pasig,Oranbo,Oranbo,Saint Francis St.,2026-08-18T00:30:00+08:00,"Southwest Monsoon (Habagat) | Flood Update as of 12:30 am of August 18, 2026",34,1. Saint Francis St. | Water Level: 10.16 cm (4 inches) | Passable to motorcycles and cars (sedan),flood_observed,10.16 cm (4 inches),10.16,10.16,Passable to motorcycles and cars (sedan),candidate,,,2026-08-18,docs/evaluations/flood-duration-pilot-20261004,NCR-2026-08-18,,,,,,,,,,,,
OBS-468d0044a7287cb7,PASIG-20260818-0030,0fb66bd2f64d,https://pasigcity.gov.ph/news-and-releases/southwest-monsoon-habagat-flood-update-as-of-1230-am-of-august-18-2026-430,PASIG-2026-AUG17-18,Pasig,San Miguel,San Miguel,Parian Creek,2026-08-18T00:30:00+08:00,"Southwest Monsoon (Habagat) | Flood Update as of 12:30 am of August 18, 2026",38,1. Parian Creek | Water Level: 7.62 cm (3 inches) | Passable to motorcycles and cars (sedan),flood_observed,7.62 cm (3 inches),7.62,7.62,Passable to motorcycles and cars (sedan),candidate,,,2026-08-18,docs/evaluations/flood-duration-pilot-20261004,NCR-2026-08-18,,,,,,,,,,,,
OBS-cd38dc43c84f6f7c,PASIG-20260818-0030,0fb66bd2f64d,https://pasigcity.gov.ph/news-and-releases/southwest-monsoon-habagat-flood-update-as-of-1230-am-of-august-18-2026-430,PASIG-2026-AUG17-18,Pasig,San Miguel,San Miguel,Villa Eusebio,2026-08-18T00:30:00+08:00,"Southwest Monsoon (Habagat) | Flood Update as of 12:30 am of August 18, 2026",41,2. Villa Eusebio | Water Level: 60.96 cm (24 inches) | Not passable to motorcycles and cars (sedan),flood_observed,60.96 cm (24 inches),60.96,60.96,Not passable to motorcycles and cars (sedan),candidate,,,2026-08-18,docs/evaluations/flood-duration-pilot-20261004,NCR-2026-08-18,,,,,,,,,,,,
OBS-5150169f708d92e2,PASIG-20260818-0030,0fb66bd2f64d,https://pasigcity.gov.ph/news-and-releases/southwest-monsoon-habagat-flood-update-as-of-1230-am-of-august-18-2026-430,PASIG-2026-AUG17-18,Pasig,San Miguel,San Miguel,Eusebio Ave.,2026-08-18T00:30:00+08:00,"Southwest Monsoon (Habagat) | Flood Update as of 12:30 am of August 18, 2026",44,3. Eusebio Ave. | Water Level: 5cm (2 inches) | Passable to motorcycles and cars (sedan),flood_observed,5cm (2 inches),5.0,5.0,Passable to motorcycles and cars (sedan),candidate,,,2026-08-18,docs/evaluations/flood-duration-pilot-20261004,NCR-2026-08-18,,,,,,,,,,,,
OBS-5c97b0100ef47cda,PASIG-20260818-0030,0fb66bd2f64d,https://pasigcity.gov.ph/news-and-releases/southwest-monsoon-habagat-flood-update-as-of-1230-am-of-august-18-2026-430,PASIG-2026-AUG17-18,Pasig,San Miguel,San Miguel,Luis St,2026-08-18T00:30:00+08:00,"Southwest Monsoon (Habagat) | Flood Update as of 12:30 am of August 18, 2026",47,4. Luis St | Water Level: 5cm (2 inches) | Passable to motorcycles and cars (sedan),flood_observed,5cm (2 inches),5.0,5.0,Passable to motorcycles and cars (sedan),candidate,,,2026-08-18,docs/evaluations/flood-duration-pilot-20261004,NCR-2026-08-18,,,,,,,,,,,,
OBS-1e0dbbd05a135b01,PASIG-20260818-0030,0fb66bd2f64d,https://pasigcity.gov.ph/news-and-releases/southwest-monsoon-habagat-flood-update-as-of-1230-am-of-august-18-2026-430,PASIG-2026-AUG17-18,Pasig,San Miguel,San Miguel,Market Ave to Chinese School,2026-08-18T00:30:00+08:00,"Southwest Monsoon (Habagat) | Flood Update as of 12:30 am of August 18, 2026",50,5. Market Ave to Chinese School | Water Level: 12.7cm (5 inches) | Passable to motorcycles and cars (sedan),flood_observed,12.7cm (5 inches),12.7,12.7,Passable to motorcycles and cars (sedan),candidate,,,2026-08-18,docs/evaluations/flood-duration-pilot-20261004,NCR-2026-08-18,,,,,,,,,,,,
OBS-6cdfdf9e0797ebe2,PASIG-20260818-0030,0fb66bd2f64d,https://pasigcity.gov.ph/news-and-releases/southwest-monsoon-habagat-flood-update-as-of-1230-am-of-august-18-2026-430,PASIG-2026-AUG17-18,Pasig,San Miguel,San Miguel,Avocado St.,2026-08-18T00:30:00+08:00,"Southwest Monsoon (Habagat) | Flood Update as of 12:30 am of August 18, 2026",53,6. Avocado St. | Water Level: 12.7cm (5 inches) | Passable to motorcycles and cars (sedan),flood_observed,12.7cm (5 inches),12.7,12.7,Passable to motorcycles and cars (sedan),candidate,,,2026-08-18,docs/evaluations/flood-duration-pilot-20261004,NCR-2026-08-18,,,,,,,,,,,,
OBS-71e7c3d34a17b4e8,PASIG-20260818-0030,0fb66bd2f64d,https://pasigcity.gov.ph/news-and-releases/southwest-monsoon-habagat-flood-update-as-of-1230-am-of-august-18-2026-430,PASIG-2026-AUG17-18,Pasig,San Miguel,San Miguel,Lupang Pari,2026-08-18T00:30:00+08:00,"Southwest Monsoon (Habagat) | Flood Update as of 12:30 am of August 18, 2026",56,7. Lupang Pari | Water Level: 12.7cm (5 inches) | Passable to motorcycles and cars (sedan),flood_observed,12.7cm (5 inches),12.7,12.7,Passable to motorcycles and cars (sedan),candidate,,,2026-08-18,docs/evaluations/flood-duration-pilot-20261004,NCR-2026-08-18,,,,,,,,,,,,
OBS-66d5369d55a4ca42,PASIG-20260818-0030,0fb66bd2f64d,https://pasigcity.gov.ph/news-and-releases/southwest-monsoon-habagat-flood-update-as-of-1230-am-of-august-18-2026-430,PASIG-2026-AUG17-18,Pasig,San Miguel,San Miguel,Bliss LP,2026-08-18T00:30:00+08:00,"Southwest Monsoon (Habagat) | Flood Update as of 12:30 am of August 18, 2026",59,8. Bliss LP | Water Level: 10.16 cm (4 inches) | Passable to motorcycles and cars (sedan),flood_observed,10.16 cm (4 inches),10.16,10.16,Passable to motorcycles and cars (sedan),candidate,,,2026-08-18,docs/evaluations/flood-duration-pilot-20261004,NCR-2026-08-18,,,,,,,,,,,,
OBS-bdbea47599b60a2b,PASIG-20260818-0030,0fb66bd2f64d,https://pasigcity.gov.ph/news-and-releases/southwest-monsoon-habagat-flood-update-as-of-1230-am-of-august-18-2026-430,PASIG-2026-AUG17-18,Pasig,San Miguel,San Miguel,JV Angles St.,2026-08-18T00:30:00+08:00,"Southwest Monsoon (Habagat) | Flood Update as of 12:30 am of August 18, 2026",62,9. JV Angles St. | Water Level: 10.16 cm (4 inches) | Passable to motorcycles and cars (sedan),flood_observed,10.16 cm (4 inches),10.16,10.16,Passable to motorcycles and cars (sedan),candidate,,,2026-08-18,docs/evaluations/flood-duration-pilot-20261004,NCR-2026-08-18,,,,,,,,,,,,
OBS-69743ee49a3d3aee,PASIG-20260818-0030,0fb66bd2f64d,https://pasigcity.gov.ph/news-and-releases/southwest-monsoon-habagat-flood-update-as-of-1230-am-of-august-18-2026-430,PASIG-2026-AUG17-18,Pasig,San Miguel,San Miguel,Dr. Pilapil Purok 1 to 2,2026-08-18T00:30:00+08:00,"Southwest Monsoon (Habagat) | Flood Update as of 12:30 am of August 18, 2026",65,10. Dr. Pilapil Purok 1 to 2 | Water Level: 10.16 cm (4 inches) | Passable to motorcycles and cars (sedan),flood_observed,10.16 cm (4 inches),10.16,10.16,Passable to motorcycles and cars (sedan),candidate,,,2026-08-18,docs/evaluations/flood-duration-pilot-20261004,NCR-2026-08-18,,,,,,,,,,,,
OBS-faefac48e8d0e65c,PASIG-20260818-0030,0fb66bd2f64d,https://pasigcity.gov.ph/news-and-releases/southwest-monsoon-habagat-flood-update-as-of-1230-am-of-august-18-2026-430,PASIG-2026-AUG17-18,Pasig,Sta. Lucia,Sta. Lucia,Riverside,2026-08-18T00:30:00+08:00,"Southwest Monsoon (Habagat) | Flood Update as of 12:30 am of August 18, 2026",69,1. Riverside | Water Level: 10.16cm (4 inches) | Passable to motorcycles and cars (sedan),flood_observed,10.16cm (4 inches),10.16,10.16,Passable to motorcycles and cars (sedan),candidate,,,2026-08-18,docs/evaluations/flood-duration-pilot-20261004,NCR-2026-08-18,,,,,,,,,,,,
OBS-1f19fa53eb41ca05,PASIG-20260818-0030,0fb66bd2f64d,https://pasigcity.gov.ph/news-and-releases/southwest-monsoon-habagat-flood-update-as-of-1230-am-of-august-18-2026-430,PASIG-2026-AUG17-18,Pasig,Sta. Lucia,Sta. Lucia,Rosario 5,2026-08-18T00:30:00+08:00,"Southwest Monsoon (Habagat) | Flood Update as of 12:30 am of August 18, 2026",72,2. Rosario 5 | Water Level: 10.16cm (4 inches) | Passable to motorcycles and cars (sedan),flood_observed,10.16cm (4 inches),10.16,10.16,Passable to motorcycles and cars (sedan),candidate,,,2026-08-18,docs/evaluations/flood-duration-pilot-20261004,NCR-2026-08-18,,,,,,,,,,,,
OBS-f46a6d2c75b6e014,PASIG-20260818-0030,0fb66bd2f64d,https://pasigcity.gov.ph/news-and-releases/southwest-monsoon-habagat-flood-update-as-of-1230-am-of-august-18-2026-430,PASIG-2026-AUG17-18,Pasig,Sta. Lucia,Sta. Lucia,Rosario 6,2026-08-18T00:30:00+08:00,"Southwest Monsoon (Habagat) | Flood Update as of 12:30 am of August 18, 2026",75,3. Rosario 6 | Water Level: 10.16cm (4 inches) | Passable to motorcycles and cars (sedan),flood_observed,10.16cm (4 inches),10.16,10.16,Passable to motorcycles and cars (sedan),candidate,,,2026-08-18,docs/evaluations/flood-duration-pilot-20261004,NCR-2026-08-18,,,,,,,,,,,,
OBS-9dec613f8251547d,PASIG-20260818-0030,0fb66bd2f64d,https://pasigcity.gov.ph/news-and-releases/southwest-monsoon-habagat-flood-update-as-of-1230-am-of-august-18-2026-430,PASIG-2026-AUG17-18,Pasig,Sta. Lucia,Sta. Lucia,Tawi-Tawi,2026-08-18T00:30:00+08:00,"Southwest Monsoon (Habagat) | Flood Update as of 12:30 am of August 18, 2026",78,4. Tawi-Tawi | Water Level: 10.16cm (4 inches) | Passable to motorcycles and cars (sedan),flood_observed,10.16cm (4 inches),10.16,10.16,Passable to motorcycles and cars (sedan),candidate,,,2026-08-18,docs/evaluations/flood-duration-pilot-20261004,NCR-2026-08-18,,,,,,,,,,,,
OBS-c38a5f0bfccd5cbb,PASIG-20260818-0030,0fb66bd2f64d,https://pasigcity.gov.ph/news-and-releases/southwest-monsoon-habagat-flood-update-as-of-1230-am-of-august-18-2026-430,PASIG-2026-AUG17-18,Pasig,Sta. Lucia,Sta. Lucia,Azucena St.,2026-08-18T00:30:00+08:00,"Southwest Monsoon (Habagat) | Flood Update as of 12:30 am of August 18, 2026",81,5. Azucena St. | Water Level: 10.16cm (4 inches) | Passable to motorcycles and cars (sedan),flood_observed,10.16cm (4 inches),10.16,10.16,Passable to motorcycles and cars (sedan),candidate,,,2026-08-18,docs/evaluations/flood-duration-pilot-20261004,NCR-2026-08-18,,,,,,,,,,,,
OBS-28cc11f80eaf955d,PASIG-20260818-0030,0fb66bd2f64d,https://pasigcity.gov.ph/news-and-releases/southwest-monsoon-habagat-flood-update-as-of-1230-am-of-august-18-2026-430,PASIG-2026-AUG17-18,Pasig,Sta. Lucia,Sta. Lucia,DMA Morales New Society,2026-08-18T00:30:00+08:00,"Southwest Monsoon (Habagat) | Flood Update as of 12:30 am of August 18, 2026",84,6. DMA Morales New Society | Water Level: 10.16cm (4 inches) | Passable to motorcycles and cars (sedan),flood_observed,10.16cm (4 inches),10.16,10.16,Passable to motorcycles and cars (sedan),candidate,,,2026-08-18,docs/evaluations/flood-duration-pilot-20261004,NCR-2026-08-18,,,,,,,,,,,,
OBS-b2e6f9585a2c914d,PASIG-20260818-0030,0fb66bd2f64d,https://pasigcity.gov.ph/news-and-releases/southwest-monsoon-habagat-flood-update-as-of-1230-am-of-august-18-2026-430,PASIG-2026-AUG17-18,Pasig,Sta. Lucia,Sta. Lucia,Metropolis Callos Compound,2026-08-18T00:30:00+08:00,"Southwest Monsoon (Habagat) | Flood Update as of 12:30 am of August 18, 2026",87,7. Metropolis Callos Compound | Water Level: 10.16cm (4 inches) | Passable to motorcycles and cars (sedan),flood_observed,10.16cm (4 inches),10.16,10.16,Passable to motorcycles and cars (sedan),candidate,,,2026-08-18,docs/evaluations/flood-duration-pilot-20261004,NCR-2026-08-18,,,,,,,,,,,,
OBS-b6c8a83796741ad0,PASIG-20260818-0030,0fb66bd2f64d,https://pasigcity.gov.ph/news-and-releases/southwest-monsoon-habagat-flood-update-as-of-1230-am-of-august-18-2026-430,PASIG-2026-AUG17-18,Pasig,Sta. Lucia,Sta. Lucia,Champaca,2026-08-18T00:30:00+08:00,"Southwest Monsoon (Habagat) | Flood Update as of 12:30 am of August 18, 2026",90,8. Champaca | Water Level: 10.16cm (4 inches) | Passable to motorcycles and cars (sedan),flood_observed,10.16cm (4 inches),10.16,10.16,Passable to motorcycles and cars (sedan),candidate,,,2026-08-18,docs/evaluations/flood-duration-pilot-20261004,NCR-2026-08-18,,,,,,,,,,,,
OBS-041c36c4c912c778,PASIG-20260818-0030,0fb66bd2f64d,https://pasigcity.gov.ph/news-and-releases/southwest-monsoon-habagat-flood-update-as-of-1230-am-of-august-18-2026-430,PASIG-2026-AUG17-18,Pasig,Santolan,Santolan,Doroteo Court,2026-08-18T00:30:00+08:00,"Southwest Monsoon (Habagat) | Flood Update as of 12:30 am of August 18, 2026",94,1. Doroteo Court | Water Level: 40 cm (15.75 inches) | Not passable to motorcycles and cars (sedan),flood_observed,40 cm (15.75 inches),40.0,40.0,Not passable to motorcycles and cars (sedan),candidate,,,2026-08-18,docs/evaluations/flood-duration-pilot-20261004,NCR-2026-08-18,,,,,,,,,,,,
OBS-ae4cf92a7b6de3ac,PASIG-20260818-0030,0fb66bd2f64d,https://pasigcity.gov.ph/news-and-releases/southwest-monsoon-habagat-flood-update-as-of-1230-am-of-august-18-2026-430,PASIG-2026-AUG17-18,Pasig,Santolan,Santolan,Doroteo Ext. cor Villa Doroteo,2026-08-18T00:30:00+08:00,"Southwest Monsoon (Habagat) | Flood Update as of 12:30 am of August 18, 2026",97,2. Doroteo Ext. cor Villa Doroteo | Water Level: 40 cm (15.75 inches) | Not passable to motorcycles and cars (sedan),flood_observed,40 cm (15.75 inches),40.0,40.0,Not passable to motorcycles and cars (sedan),candidate,,,2026-08-18,docs/evaluations/flood-duration-pilot-20261004,NCR-2026-08-18,,,,,,,,,,,,
OBS-862615125fdc3862,PASIG-20260818-0030,0fb66bd2f64d,https://pasigcity.gov.ph/news-and-releases/southwest-monsoon-habagat-flood-update-as-of-1230-am-of-august-18-2026-430,PASIG-2026-AUG17-18,Pasig,Santolan,Santolan,Camia St. (Sgt. De Leon),2026-08-18T00:30:00+08:00,"Southwest Monsoon (Habagat) | Flood Update as of 12:30 am of August 18, 2026",100,3. Camia St. (Sgt. De Leon) | Water Level: 40 cm (15.75 inches) | Not passable to motorcycles and cars (sedan),flood_observed,40 cm (15.75 inches),40.0,40.0,Not passable to motorcycles and cars (sedan),candidate,,,2026-08-18,docs/evaluations/flood-duration-pilot-20261004,NCR-2026-08-18,,,,,,,,,,,,
OBS-ed707abee23f7da0,PASIG-20260818-0030,0fb66bd2f64d,https://pasigcity.gov.ph/news-and-releases/southwest-monsoon-habagat-flood-update-as-of-1230-am-of-august-18-2026-430,PASIG-2026-AUG17-18,Pasig,Santolan,Santolan,Rafael 3rd Street,2026-08-18T00:30:00+08:00,"Southwest Monsoon (Habagat) | Flood Update as of 12:30 am of August 18, 2026",103,4. Rafael 3rd Street | Water Level: 40 cm (15.75 inches) | Not passable to motorcycles and cars (sedan),flood_observed,40 cm (15.75 inches),40.0,40.0,Not passable to motorcycles and cars (sedan),candidate,,,2026-08-18,docs/evaluations/flood-duration-pilot-20261004,NCR-2026-08-18,,,,,,,,,,,,
OBS-095fb0ef8ba88921,PASIG-20260818-0430,6b3b10b4ae3e,https://pasigcity.gov.ph/news-and-releases/southwest-monsoon-habagat-flood-update-as-of-430-am-of-august-18-2026-748,PASIG-2026-AUG17-18,Pasig,Dela Paz,Dela Paz,Katipiran C Yap Compound,2026-08-18T04:30:00+08:00,"Southwest Monsoon (Habagat) | Flood Update as of 4:30 am of August 18, 2026",4,1. Katipiran C Yap Compound | Water Level: 91.44 cm (36 inches) | Not passable to motorcycles and cars (sedan),flood_observed,91.44 cm (36 inches),91.44,91.44,Not passable to motorcycles and cars (sedan),candidate,,,2026-08-18,docs/evaluations/flood-duration-pilot-20261004,NCR-2026-08-18,,,,,,,,,,,,
OBS-11b7d549df4c8297,PASIG-20260818-0430,6b3b10b4ae3e,https://pasigcity.gov.ph/news-and-releases/southwest-monsoon-habagat-flood-update-as-of-430-am-of-august-18-2026-748,PASIG-2026-AUG17-18,Pasig,Manggahan,Manggahan,F. Pasco Ave Metroville,2026-08-18T04:30:00+08:00,"Southwest Monsoon (Habagat) | Flood Update as of 4:30 am of August 18, 2026",8,1. F. Pasco Ave Metroville | Water Level: 7.62 cm (3 inches) | Passable to motorcycles and cars (sedan),flood_observed,7.62 cm (3 inches),7.62,7.62,Passable to motorcycles and cars (sedan),candidate,,,2026-08-18,docs/evaluations/flood-duration-pilot-20261004,NCR-2026-08-18,,,,,,,,,,,,
OBS-14e7b163523eaa80,PASIG-20260818-0430,6b3b10b4ae3e,https://pasigcity.gov.ph/news-and-releases/southwest-monsoon-habagat-flood-update-as-of-430-am-of-august-18-2026-748,PASIG-2026-AUG17-18,Pasig,Manggahan,Manggahan,Infant Jesus St,2026-08-18T04:30:00+08:00,"Southwest Monsoon (Habagat) | Flood Update as of 4:30 am of August 18, 2026",11,2. Infant Jesus St | Water Level: 7.62cm (3 inches) | Passable to motorcycles and cars (sedan),flood_observed,7.62cm (3 inches),7.62,7.62,Passable to motorcycles and cars (sedan),candidate,,,2026-08-18,docs/evaluations/flood-duration-pilot-20261004,NCR-2026-08-18,,,,,,,,,,,,
OBS-8aae0d61a82f274a,PASIG-20260818-0430,6b3b10b4ae3e,https://pasigcity.gov.ph/news-and-releases/southwest-monsoon-habagat-flood-update-as-of-430-am-of-august-18-2026-748,PASIG-2026-AUG17-18,Pasig,Manggahan,Manggahan,Kabayanihan St.,2026-08-18T04:30:00+08:00,"Southwest Monsoon (Habagat) | Flood Update as of 4:30 am of August 18, 2026",14,3. Kabayanihan St. | Water Level: 12.7cm (5 inches) | Passable to motorcycles and cars (sedan),flood_observed,12.7cm (5 inches),12.7,12.7,Passable to motorcycles and cars (sedan),candidate,,,2026-08-18,docs/evaluations/flood-duration-pilot-20261004,NCR-2026-08-18,,,,,,,,,,,,
OBS-7441487b5b6ccbbc,PASIG-20260818-0430,6b3b10b4ae3e,https://pasigcity.gov.ph/news-and-releases/southwest-monsoon-habagat-flood-update-as-of-430-am-of-august-18-2026-748,PASIG-2026-AUG17-18,Pasig,Manggahan,Manggahan,Karikitan St.,2026-08-18T04:30:00+08:00,"Southwest Monsoon (Habagat) | Flood Update as of 4:30 am of August 18, 2026",17,4. Karikitan St. | Water Level: 12.7cm (5 inches) | Passable to motorcycles and cars (sedan),flood_observed,12.7cm (5 inches),12.7,12.7,Passable to motorcycles and cars (sedan),candidate,,,2026-08-18,docs/evaluations/flood-duration-pilot-20261004,NCR-2026-08-18,,,,,,,,,,,,
OBS-d3038b5c313afe92,PASIG-20260818-0430,6b3b10b4ae3e,https://pasigcity.gov.ph/news-and-releases/southwest-monsoon-habagat-flood-update-as-of-430-am-of-august-18-2026-748,PASIG-2026-AUG17-18,Pasig,Manggahan,Manggahan,Katiyagaan St.,2026-08-18T04:30:00+08:00,"Southwest Monsoon (Habagat) | Flood Update as of 4:30 am of August 18, 2026",20,5. Katiyagaan St. | Water Level: 12.7cm (5 inches) | Passable to motorcycles and cars (sedan),flood_observed,12.7cm (5 inches),12.7,12.7,Passable to motorcycles and cars (sedan),candidate,,,2026-08-18,docs/evaluations/flood-duration-pilot-20261004,NCR-2026-08-18,,,,,,,,,,,,
OBS-ae6f2f640628331b,PASIG-20260818-0430,6b3b10b4ae3e,https://pasigcity.gov.ph/news-and-releases/southwest-monsoon-habagat-flood-update-as-of-430-am-of-august-18-2026-748,PASIG-2026-AUG17-18,Pasig,Sta. Lucia,Sta. Lucia,Metropolis Callos Compound,2026-08-18T04:30:00+08:00,"Southwest Monsoon (Habagat) | Flood Update as of 4:30 am of August 18, 2026",24,1. Metropolis Callos Compound | Water Level: 10.16cm (4 inches) | Passable to motorcycles and cars (sedan),flood_observed,10.16cm (4 inches),10.16,10.16,Passable to motorcycles and cars (sedan),candidate,,,2026-08-18,docs/evaluations/flood-duration-pilot-20261004,NCR-2026-08-18,,,,,,,,,,,,
OBS-2b0bfb8da09a2f5a,PASIG-20260818-1200,5f3ad14459ce,https://pasigcity.gov.ph/news-and-releases/southwest-monsoon-habagat-flood-update-as-of-1200-nn-of-august-18-2026-671,PASIG-2026-AUG17-18,Pasig,Dela Paz,Dela Paz,Katipiran C Yap Compound,2026-08-18T12:00:00+08:00,"Southwest Monsoon (Habagat) | Flood Update as of 12:00 nn of August 18, 2026",4,1. Katipiran C Yap Compound | Water Level: 30.48 cm (12 inches) | Not passable to motorcycles and cars (sedan),flood_observed,30.48 cm (12 inches),30.48,30.48,Not passable to motorcycles and cars (sedan),candidate,,,2026-08-18,docs/evaluations/flood-duration-pilot-20261004,NCR-2026-08-18,,,,,,,,,,,,
OBS-7d1d5441f76ee802,PASIG-20260818-2300,1f15b36aea0a,https://pasigcity.gov.ph/news-and-releases/southwest-monsoon-habagat-response-updates-as-of-1100-pm-of-august-18-2026-427,PASIG-2026-AUG17-18,Pasig,,,,2026-08-18T23:00:00+08:00,"Southwest Monsoon (Habagat) | Response Updates as of 11:00 pm of August 18, 2026",7,Wala nang naitalang mga daan na nananatiling baha matapos humupa ang reported na baha sa Brgy. Dela Paz bago mag-02:00PM.,clearance_candidate,,,,,summary_scope_reviewed,"Dela Paz flooding reported subsided before 14:00; link to noon Katipiran C Yap Compound candidate, not 23:00 clearance",no_exact_physical_clearance_time,2026-08-18,docs/evaluations/flood-duration-pilot-20261004,NCR-2026-08-18,,,,,,,,,,,,
OBS-eeda5b4991aa2de9,PASIG-20260829-2230,acea8d66b823,https://pasigcity.gov.ph/news-and-releases/southwest-monsoon-habagat-flood-update-as-of-1030-pm-of-august-29-2026-757,PASIG-2026-AUG29-30,Pasig,Dela Paz,Dela Paz,Kabutihan St.,2026-08-29T22:30:00+08:00,"As of 10:30PM | August 29, 2026",6,1. Kabutihan St. | Water Level: 60.96 cm (24 inches) | Remarks: Not passable to motorcycles and cars (sedan),flood_observed,60.96 cm (24 inches),60.96,60.96,Remarks: Not passable to motorcycles and cars (sedan),candidate,,,2026-08-29,docs/evaluations/flood-duration-pilot-20261004,NCR-2026-08-29,,,,,,,,,,,,
OBS-dcc81cf66722c859,PASIG-20260829-2230,acea8d66b823,https://pasigcity.gov.ph/news-and-releases/southwest-monsoon-habagat-flood-update-as-of-1030-pm-of-august-29-2026-757,PASIG-2026-AUG29-30,Pasig,Dela Paz,Dela Paz,Santiago Katipiran cor. Yap Compound,2026-08-29T22:30:00+08:00,"As of 10:30PM | August 29, 2026",9,2. Santiago Katipiran cor. Yap Compound | Water Level: 60.96 cm (24 inches) | Remarks: Not passable to motorcycles and cars (sedan),flood_observed,60.96 cm (24 inches),60.96,60.96,Remarks: Not passable to motorcycles and cars (sedan),candidate,,,2026-08-29,docs/evaluations/flood-duration-pilot-20261004,NCR-2026-08-29,,,,,,,,,,,,
OBS-8b91f03bbc3428bd,PASIG-20260829-2230,acea8d66b823,https://pasigcity.gov.ph/news-and-releases/southwest-monsoon-habagat-flood-update-as-of-1030-pm-of-august-29-2026-757,PASIG-2026-AUG29-30,Pasig,Dela Paz,Dela Paz,Katipiran cor. K118 Dela Paz,2026-08-29T22:30:00+08:00,"As of 10:30PM | August 29, 2026",12,3. Katipiran cor. K118 Dela Paz | Water Level: 60.96 cm (24 inches) | Remarks: Not passable to motorcycles and cars (sedan),flood_observed,60.96 cm (24 inches),60.96,60.96,Remarks: Not passable to motorcycles and cars (sedan),candidate,,,2026-08-29,docs/evaluations/flood-duration-pilot-20261004,NCR-2026-08-29,,,,,,,,,,,,
OBS-2780069cd5916ebb,PASIG-20260829-2230,acea8d66b823,https://pasigcity.gov.ph/news-and-releases/southwest-monsoon-habagat-flood-update-as-of-1030-pm-of-august-29-2026-757,PASIG-2026-AUG29-30,Pasig,Manggahan,Manggahan,Kabayanihan St.,2026-08-29T22:30:00+08:00,"As of 10:30PM | August 29, 2026",16,1. Kabayanihan St. | Water Level: 5.00cm (2 inches) | Remarks: Passable to motorcycles and cars (sedan),flood_observed,5.00cm (2 inches),5.0,5.0,Remarks: Passable to motorcycles and cars (sedan),candidate,,,2026-08-29,docs/evaluations/flood-duration-pilot-20261004,NCR-2026-08-29,,,,,,,,,,,,
OBS-a83ff8cb3f8b2efe,PASIG-20260829-2230,acea8d66b823,https://pasigcity.gov.ph/news-and-releases/southwest-monsoon-habagat-flood-update-as-of-1030-pm-of-august-29-2026-757,PASIG-2026-AUG29-30,Pasig,Manggahan,Manggahan,Magsaysay St. (near INC Church),2026-08-29T22:30:00+08:00,"As of 10:30PM | August 29, 2026",19,2. Magsaysay St. (near INC Church) | Water Level: 5.00cm (2 inches) | Remarks: Passable to motorcycles and cars (sedan),flood_observed,5.00cm (2 inches),5.0,5.0,Remarks: Passable to motorcycles and cars (sedan),candidate,,,2026-08-29,docs/evaluations/flood-duration-pilot-20261004,NCR-2026-08-29,,,,,,,,,,,,
OBS-760ddb4b0bbb42b7,PASIG-20260829-2230,acea8d66b823,https://pasigcity.gov.ph/news-and-releases/southwest-monsoon-habagat-flood-update-as-of-1030-pm-of-august-29-2026-757,PASIG-2026-AUG29-30,Pasig,Manggahan,Manggahan,"Metroville Subd., Karangalan",2026-08-29T22:30:00+08:00,"As of 10:30PM | August 29, 2026",22,"3. Metroville Subd., Karangalan | Water Level: 10.64cm (4 inches) | Remarks: Passable to motorcycles and cars (sedan)",flood_observed,10.64cm (4 inches),10.64,10.64,Remarks: Passable to motorcycles and cars (sedan),candidate,,,2026-08-29,docs/evaluations/flood-duration-pilot-20261004,NCR-2026-08-29,,,,,,,,,,,,
OBS-6242091a148555b2,PASIG-20260829-2230,acea8d66b823,https://pasigcity.gov.ph/news-and-releases/southwest-monsoon-habagat-flood-update-as-of-1030-pm-of-august-29-2026-757,PASIG-2026-AUG29-30,Pasig,Manggahan,Manggahan,Metroville Pedro S. Pasco Ave.,2026-08-29T22:30:00+08:00,"As of 10:30PM | August 29, 2026",25,4. Metroville Pedro S. Pasco Ave. | Water Level: 12.7cm (5 inches) | Remarks: Passable to motorcycles and cars (sedan),flood_observed,12.7cm (5 inches),12.7,12.7,Remarks: Passable to motorcycles and cars (sedan),candidate,,,2026-08-29,docs/evaluations/flood-duration-pilot-20261004,NCR-2026-08-29,,,,,,,,,,,,
OBS-38ef84b31bde5630,PASIG-20260829-2230,acea8d66b823,https://pasigcity.gov.ph/news-and-releases/southwest-monsoon-habagat-flood-update-as-of-1030-pm-of-august-29-2026-757,PASIG-2026-AUG29-30,Pasig,Manggahan,Manggahan,Soliven cor. Prague,2026-08-29T22:30:00+08:00,"As of 10:30PM | August 29, 2026",28,5. Soliven cor. Prague | Water Level: 60.96 cm (24 inches) | Remarks: Not passable to motorcycles and cars (sedan),flood_observed,60.96 cm (24 inches),60.96,60.96,Remarks: Not passable to motorcycles and cars (sedan),candidate,,,2026-08-29,docs/evaluations/flood-duration-pilot-20261004,NCR-2026-08-29,,,,,,,,,,,,
OBS-213fe671e69861d8,PASIG-20260829-2230,acea8d66b823,https://pasigcity.gov.ph/news-and-releases/southwest-monsoon-habagat-flood-update-as-of-1030-pm-of-august-29-2026-757,PASIG-2026-AUG29-30,Pasig,Manggahan,Manggahan,Villa Luz St. cor. St. Paul St.,2026-08-29T22:30:00+08:00,"As of 10:30PM | August 29, 2026",31,6. Villa Luz St. cor. St. Paul St. | Water Level: 12.7cm (5 inches) | Remarks: Passable to motorcycles and cars (sedan),flood_observed,12.7cm (5 inches),12.7,12.7,Remarks: Passable to motorcycles and cars (sedan),candidate,,,2026-08-29,docs/evaluations/flood-duration-pilot-20261004,NCR-2026-08-29,,,,,,,,,,,,
OBS-30304e2ede3dabd9,PASIG-20260829-2230,acea8d66b823,https://pasigcity.gov.ph/news-and-releases/southwest-monsoon-habagat-flood-update-as-of-1030-pm-of-august-29-2026-757,PASIG-2026-AUG29-30,Pasig,Manggahan,Manggahan,Capetown cor. San Salvador,2026-08-29T22:30:00+08:00,"As of 10:30PM | August 29, 2026",34,7. Capetown cor. San Salvador | Water Level: 12.7cm (5 inches) | Remarks: Passable to motorcycles and cars (sedan),flood_observed,12.7cm (5 inches),12.7,12.7,Remarks: Passable to motorcycles and cars (sedan),candidate,,,2026-08-29,docs/evaluations/flood-duration-pilot-20261004,NCR-2026-08-29,,,,,,,,,,,,
OBS-f0855abeaa55f96b,PASIG-20260829-2230,acea8d66b823,https://pasigcity.gov.ph/news-and-releases/southwest-monsoon-habagat-flood-update-as-of-1030-pm-of-august-29-2026-757,PASIG-2026-AUG29-30,Pasig,Manggahan,Manggahan,Panama St. Cor Paris,2026-08-29T22:30:00+08:00,"As of 10:30PM | August 29, 2026",37,8. Panama St. Cor Paris | Water Level: 5.00cm (2 inches) | Remarks: Passable to motorcycles and cars (sedan),flood_observed,5.00cm (2 inches),5.0,5.0,Remarks: Passable to motorcycles and cars (sedan),candidate,,,2026-08-29,docs/evaluations/flood-duration-pilot-20261004,NCR-2026-08-29,,,,,,,,,,,,
OBS-23e7f522a9169d00,PASIG-20260829-2230,acea8d66b823,https://pasigcity.gov.ph/news-and-releases/southwest-monsoon-habagat-flood-update-as-of-1030-pm-of-august-29-2026-757,PASIG-2026-AUG29-30,Pasig,Manggahan,Manggahan,"Soliven St. Cor Copenhagen, Greenpark",2026-08-29T22:30:00+08:00,"As of 10:30PM | August 29, 2026",40,"9. Soliven St. Cor Copenhagen, Greenpark | Water Level: 20 cm (8 inches) | Remarks: Passable to motorcycles and cars (sedan)",flood_observed,20 cm (8 inches),,,Remarks: Passable to motorcycles and cars (sedan),candidate,,source_alternate_units_disagree,2026-08-29,docs/evaluations/flood-duration-pilot-20261004,NCR-2026-08-29,,,,,,,,,,,,
OBS-c52943314b6c1b63,PASIG-20260829-2230,acea8d66b823,https://pasigcity.gov.ph/news-and-releases/southwest-monsoon-habagat-flood-update-as-of-1030-pm-of-august-29-2026-757,PASIG-2026-AUG29-30,Pasig,Manggahan,Manggahan,"Kingstone St. cor Parish St., Greenpark",2026-08-29T22:30:00+08:00,"As of 10:30PM | August 29, 2026",43,"10. Kingstone St. cor Parish St., Greenpark | Water Level: 20 cm (8 inches) | Remarks: Passable to motorcycles and cars (sedan)",flood_observed,20 cm (8 inches),,,Remarks: Passable to motorcycles and cars (sedan),candidate,,source_alternate_units_disagree,2026-08-29,docs/evaluations/flood-duration-pilot-20261004,NCR-2026-08-29,,,,,,,,,,,,
OBS-4142f7a15aa8ad6b,PASIG-20260829-2230,acea8d66b823,https://pasigcity.gov.ph/news-and-releases/southwest-monsoon-habagat-flood-update-as-of-1030-pm-of-august-29-2026-757,PASIG-2026-AUG29-30,Pasig,Manggahan,Manggahan,Panama cor. Stockholm,2026-08-29T22:30:00+08:00,"As of 10:30PM | August 29, 2026",46,11. Panama cor. Stockholm | Water Level: 20 cm (8 inches) | Remarks: Passable to motorcycles and cars (sedan),flood_observed,20 cm (8 inches),,,Remarks: Passable to motorcycles and cars (sedan),candidate,,source_alternate_units_disagree,2026-08-29,docs/evaluations/flood-duration-pilot-20261004,NCR-2026-08-29,,,,,,,,,,,,
OBS-d1966d8582656f6b,PASIG-20260829-2230,acea8d66b823,https://pasigcity.gov.ph/news-and-releases/southwest-monsoon-habagat-flood-update-as-of-1030-pm-of-august-29-2026-757,PASIG-2026-AUG29-30,Pasig,Manggahan,Manggahan,"Moscow St. cor Brazil, Greenpark",2026-08-29T22:30:00+08:00,"As of 10:30PM | August 29, 2026",49,"12. Moscow St. cor Brazil, Greenpark | Water Level: 20 cm (8 inches) | Remarks: Passable to motorcycles and cars (sedan)",flood_observed,20 cm (8 inches),,,Remarks: Passable to motorcycles and cars (sedan),candidate,,source_alternate_units_disagree,2026-08-29,docs/evaluations/flood-duration-pilot-20261004,NCR-2026-08-29,,,,,,,,,,,,
OBS-5ba6cdf069989975,PASIG-20260829-2230,acea8d66b823,https://pasigcity.gov.ph/news-and-releases/southwest-monsoon-habagat-flood-update-as-of-1030-pm-of-august-29-2026-757,PASIG-2026-AUG29-30,Pasig,Manggahan,Manggahan,Belfast St.,2026-08-29T22:30:00+08:00,"As of 10:30PM | August 29, 2026",52,13. Belfast St. | Water Level: 20 cm (8 inches) | Remarks: Passable to motorcycles and cars (sedan),flood_observed,20 cm (8 inches),,,Remarks: Passable to motorcycles and cars (sedan),candidate,,source_alternate_units_disagree,2026-08-29,docs/evaluations/flood-duration-pilot-20261004,NCR-2026-08-29,,,,,,,,,,,,
OBS-ef45640a6c19fb46,PASIG-20260829-2230,acea8d66b823,https://pasigcity.gov.ph/news-and-releases/southwest-monsoon-habagat-flood-update-as-of-1030-pm-of-august-29-2026-757,PASIG-2026-AUG29-30,Pasig,Manggahan,Manggahan,Rome St.,2026-08-29T22:30:00+08:00,"As of 10:30PM | August 29, 2026",55,14. Rome St. | Water Level: 20 cm (8 inches) | Remarks: Passable to motorcycles and cars (sedan),flood_observed,20 cm (8 inches),,,Remarks: Passable to motorcycles and cars (sedan),candidate,,source_alternate_units_disagree,2026-08-29,docs/evaluations/flood-duration-pilot-20261004,NCR-2026-08-29,,,,,,,,,,,,
OBS-7d063578f934607b,PASIG-20260829-2230,acea8d66b823,https://pasigcity.gov.ph/news-and-releases/southwest-monsoon-habagat-flood-update-as-of-1030-pm-of-august-29-2026-757,PASIG-2026-AUG29-30,Pasig,Manggahan,Manggahan,Moscow,2026-08-29T22:30:00+08:00,"As of 10:30PM | August 29, 2026",58,15. Moscow | Water Level: 20 cm (8 inches) | Remarks: Passable to motorcycles and cars (sedan),flood_observed,20 cm (8 inches),,,Remarks: Passable to motorcycles and cars (sedan),candidate,,source_alternate_units_disagree,2026-08-29,docs/evaluations/flood-duration-pilot-20261004,NCR-2026-08-29,,,,,,,,,,,,
OBS-fad0d0668941907f,PASIG-20260829-2230,acea8d66b823,https://pasigcity.gov.ph/news-and-releases/southwest-monsoon-habagat-flood-update-as-of-1030-pm-of-august-29-2026-757,PASIG-2026-AUG29-30,Pasig,Manggahan,Manggahan,Kaginhawaan St. going to Felix Ave.,2026-08-29T22:30:00+08:00,"As of 10:30PM | August 29, 2026",61,16. Kaginhawaan St. going to Felix Ave. | Water Level: 10.16 cm (4 inches) | Remarks: Passable to motorcycles and cars (sedan),flood_observed,10.16 cm (4 inches),10.16,10.16,Remarks: Passable to motorcycles and cars (sedan),candidate,,,2026-08-29,docs/evaluations/flood-duration-pilot-20261004,NCR-2026-08-29,,,,,,,,,,,,
OBS-e1931b6b0eb1001b,PASIG-20260829-2230,acea8d66b823,https://pasigcity.gov.ph/news-and-releases/southwest-monsoon-habagat-flood-update-as-of-1030-pm-of-august-29-2026-757,PASIG-2026-AUG29-30,Pasig,Pinagbuhatan,Pinagbuhatan,"Jupiter St., Nagpayong",2026-08-29T22:30:00+08:00,"As of 10:30PM | August 29, 2026",65,"1. Jupiter St., Nagpayong | Water Level: 60.96 cm (24 inches) | Remarks: Not passable to motorcycles and cars (sedan)",flood_observed,60.96 cm (24 inches),60.96,60.96,Remarks: Not passable to motorcycles and cars (sedan),candidate,,,2026-08-29,docs/evaluations/flood-duration-pilot-20261004,NCR-2026-08-29,,,,,,,,,,,,
OBS-47ef1b36c72b9bdf,PASIG-20260829-2230,acea8d66b823,https://pasigcity.gov.ph/news-and-releases/southwest-monsoon-habagat-flood-update-as-of-1030-pm-of-august-29-2026-757,PASIG-2026-AUG29-30,Pasig,Santolan,Santolan,Doroteo St. Court,2026-08-29T22:30:00+08:00,"As of 10:30PM | August 29, 2026",69,1. Doroteo St. Court | Water Level: 91.44cm (36 inches) | Remarks: Not passable to motorcycles and cars (sedan),flood_observed,91.44cm (36 inches),91.44,91.44,Remarks: Not passable to motorcycles and cars (sedan),candidate,,,2026-08-29,docs/evaluations/flood-duration-pilot-20261004,NCR-2026-08-29,,,,,,,,,,,,
OBS-8f33ab3ffdc0200e,PASIG-20260829-2230,acea8d66b823,https://pasigcity.gov.ph/news-and-releases/southwest-monsoon-habagat-flood-update-as-of-1030-pm-of-august-29-2026-757,PASIG-2026-AUG29-30,Pasig,Santolan,Santolan,Doroteo St. Villa,2026-08-29T22:30:00+08:00,"As of 10:30PM | August 29, 2026",72,2. Doroteo St. Villa | Water Level: 30.48 cm (12 inches) | Remarks: Not passable to motorcycles and cars (sedan),flood_observed,30.48 cm (12 inches),30.48,30.48,Remarks: Not passable to motorcycles and cars (sedan),candidate,,,2026-08-29,docs/evaluations/flood-duration-pilot-20261004,NCR-2026-08-29,,,,,,,,,,,,
OBS-76a2ac6b67b1e88a,PASIG-20260829-2230,acea8d66b823,https://pasigcity.gov.ph/news-and-releases/southwest-monsoon-habagat-flood-update-as-of-1030-pm-of-august-29-2026-757,PASIG-2026-AUG29-30,Pasig,Santolan,Santolan,Doroteo St. Ext.,2026-08-29T22:30:00+08:00,"As of 10:30PM | August 29, 2026",75,3. Doroteo St. Ext. | Water Level: 10.16 cm (4 inches) | Remarks: Passable to motorcycles and cars (sedan),flood_observed,10.16 cm (4 inches),10.16,10.16,Remarks: Passable to motorcycles and cars (sedan),candidate,,,2026-08-29,docs/evaluations/flood-duration-pilot-20261004,NCR-2026-08-29,,,,,,,,,,,,
OBS-9abb5505d1172e79,PASIG-20260829-2230,acea8d66b823,https://pasigcity.gov.ph/news-and-releases/southwest-monsoon-habagat-flood-update-as-of-1030-pm-of-august-29-2026-757,PASIG-2026-AUG29-30,Pasig,Santolan,Santolan,Sgt.De Leon Mayana St.,2026-08-29T22:30:00+08:00,"As of 10:30PM | August 29, 2026",78,4. Sgt.De Leon Mayana St. | Water Level: 5.00 cm (2 inches) | Remarks: Passable to motorcycles and cars (sedan),flood_observed,5.00 cm (2 inches),5.0,5.0,Remarks: Passable to motorcycles and cars (sedan),candidate,,,2026-08-29,docs/evaluations/flood-duration-pilot-20261004,NCR-2026-08-29,,,,,,,,,,,,
OBS-281a4396519aa6eb,PASIG-20260829-2230,acea8d66b823,https://pasigcity.gov.ph/news-and-releases/southwest-monsoon-habagat-flood-update-as-of-1030-pm-of-august-29-2026-757,PASIG-2026-AUG29-30,Pasig,Santolan,Santolan,Masikap St.,2026-08-29T22:30:00+08:00,"As of 10:30PM | August 29, 2026",81,5. Masikap St. | Water Level: 7.60 cm (3 inches) | Remarks: Passable to motorcycles and cars (sedan),flood_observed,7.60 cm (3 inches),7.6,7.6,Remarks: Passable to motorcycles and cars (sedan),candidate,,,2026-08-29,docs/evaluations/flood-duration-pilot-20261004,NCR-2026-08-29,,,,,,,,,,,,
OBS-7ff6462419b95ce9,PASIG-20260829-2230,acea8d66b823,https://pasigcity.gov.ph/news-and-releases/southwest-monsoon-habagat-flood-update-as-of-1030-pm-of-august-29-2026-757,PASIG-2026-AUG29-30,Pasig,Santolan,Santolan,Rafael Rd 3,2026-08-29T22:30:00+08:00,"As of 10:30PM | August 29, 2026",84,6. Rafael Rd 3 | Water Level: 7.60 cm (3 inches) | Remarks: Passable to motorcycles and cars (sedan),flood_observed,7.60 cm (3 inches),7.6,7.6,Remarks: Passable to motorcycles and cars (sedan),candidate,,,2026-08-29,docs/evaluations/flood-duration-pilot-20261004,NCR-2026-08-29,,,,,,,,,,,,
OBS-99a5dd7b286ccad1,PASIG-20260829-2230,acea8d66b823,https://pasigcity.gov.ph/news-and-releases/southwest-monsoon-habagat-flood-update-as-of-1030-pm-of-august-29-2026-757,PASIG-2026-AUG29-30,Pasig,Santolan,Santolan,Marcelino St.,2026-08-29T22:30:00+08:00,"As of 10:30PM | August 29, 2026",87,7. Marcelino St. | Water Level: 7.60cm (3 inches) | Remarks: Passable to motorcycles and cars (sedan),flood_observed,7.60cm (3 inches),7.6,7.6,Remarks: Passable to motorcycles and cars (sedan),candidate,,,2026-08-29,docs/evaluations/flood-duration-pilot-20261004,NCR-2026-08-29,,,,,,,,,,,,
OBS-8ec75adef1d1c0bb,PASIG-20260829-2230,acea8d66b823,https://pasigcity.gov.ph/news-and-releases/southwest-monsoon-habagat-flood-update-as-of-1030-pm-of-august-29-2026-757,PASIG-2026-AUG29-30,Pasig,Santolan,Santolan,A. Victorino St.,2026-08-29T22:30:00+08:00,"As of 10:30PM | August 29, 2026",90,8. A. Victorino St. | Water Level: 7.60cm (3 inches) | Remarks: Passable to motorcycles and cars (sedan),flood_observed,7.60cm (3 inches),7.6,7.6,Remarks: Passable to motorcycles and cars (sedan),candidate,,,2026-08-29,docs/evaluations/flood-duration-pilot-20261004,NCR-2026-08-29,,,,,,,,,,,,
OBS-1b7230788bc3a39c,PASIG-20260829-2230,acea8d66b823,https://pasigcity.gov.ph/news-and-releases/southwest-monsoon-habagat-flood-update-as-of-1030-pm-of-august-29-2026-757,PASIG-2026-AUG29-30,Pasig,Santolan,Santolan,Gabriel Ext.,2026-08-29T22:30:00+08:00,"As of 10:30PM | August 29, 2026",93,9. Gabriel Ext. | Water Level: 60.96 cm (24 inches) | Remarks: Not passable to motorcycles and cars (sedan),flood_observed,60.96 cm (24 inches),60.96,60.96,Remarks: Not passable to motorcycles and cars (sedan),candidate,,,2026-08-29,docs/evaluations/flood-duration-pilot-20261004,NCR-2026-08-29,,,,,,,,,,,,
OBS-7b9b82f57fbe005f,PASIG-20260829-2230,acea8d66b823,https://pasigcity.gov.ph/news-and-releases/southwest-monsoon-habagat-flood-update-as-of-1030-pm-of-august-29-2026-757,PASIG-2026-AUG29-30,Pasig,Sta Lucia,Sta. Lucia,Bagong Anyo St.,2026-08-29T22:30:00+08:00,"As of 10:30PM | August 29, 2026",97,1. Bagong Anyo St. | Water Level: 12.7 cm (5 inches) | Remarks: Passable to motorcycles and cars (sedan),flood_observed,12.7 cm (5 inches),12.7,12.7,Remarks: Passable to motorcycles and cars (sedan),candidate,,,2026-08-29,docs/evaluations/flood-duration-pilot-20261004,NCR-2026-08-29,,,,,,,,,,,,
OBS-bf37b8c390eabd7a,PASIG-20260829-2230,acea8d66b823,https://pasigcity.gov.ph/news-and-releases/southwest-monsoon-habagat-flood-update-as-of-1030-pm-of-august-29-2026-757,PASIG-2026-AUG29-30,Pasig,Sta Lucia,Sta. Lucia,Kaunluran St.,2026-08-29T22:30:00+08:00,"As of 10:30PM | August 29, 2026",100,2. Kaunluran St. | Water Level: 30.48cm (12 inches) | Remarks: Not passable to motorcycles and cars (sedan),flood_observed,30.48cm (12 inches),30.48,30.48,Remarks: Not passable to motorcycles and cars (sedan),candidate,,,2026-08-29,docs/evaluations/flood-duration-pilot-20261004,NCR-2026-08-29,,,,,,,,,,,,
OBS-b08aff59a14b2921,PASIG-20260829-2230,acea8d66b823,https://pasigcity.gov.ph/news-and-releases/southwest-monsoon-habagat-flood-update-as-of-1030-pm-of-august-29-2026-757,PASIG-2026-AUG29-30,Pasig,Sta Lucia,Sta. Lucia,Bautista Comp.,2026-08-29T22:30:00+08:00,"As of 10:30PM | August 29, 2026",103,3. Bautista Comp. | Water Level: 25.4 cm (10 inches) | Remarks: Not passable to motorcycles and cars (sedan),flood_observed,25.4 cm (10 inches),25.4,25.4,Remarks: Not passable to motorcycles and cars (sedan),candidate,,,2026-08-29,docs/evaluations/flood-duration-pilot-20261004,NCR-2026-08-29,,,,,,,,,,,,
OBS-7226996ce7a4460f,PASIG-20260829-2230,acea8d66b823,https://pasigcity.gov.ph/news-and-releases/southwest-monsoon-habagat-flood-update-as-of-1030-pm-of-august-29-2026-757,PASIG-2026-AUG29-30,Pasig,Sta Lucia,Sta. Lucia,Tawi-tawi St.,2026-08-29T22:30:00+08:00,"As of 10:30PM | August 29, 2026",106,4. Tawi-tawi St. | Water Level: 15.24 cm (6 inches) | Remarks: Passable to motorcycles and cars (sedan),flood_observed,15.24 cm (6 inches),15.24,15.24,Remarks: Passable to motorcycles and cars (sedan),candidate,,,2026-08-29,docs/evaluations/flood-duration-pilot-20261004,NCR-2026-08-29,,,,,,,,,,,,
OBS-cec95dbf8aaff41e,PASIG-20260829-2230,acea8d66b823,https://pasigcity.gov.ph/news-and-releases/southwest-monsoon-habagat-flood-update-as-of-1030-pm-of-august-29-2026-757,PASIG-2026-AUG29-30,Pasig,Sta Lucia,Sta. Lucia,Morales Compound,2026-08-29T22:30:00+08:00,"As of 10:30PM | August 29, 2026",109,5. Morales Compound | Water Level: 15.24 cm (6 inches) | Remarks: Passable to motorcycles and cars (sedan),flood_observed,15.24 cm (6 inches),15.24,15.24,Remarks: Passable to motorcycles and cars (sedan),candidate,,,2026-08-29,docs/evaluations/flood-duration-pilot-20261004,NCR-2026-08-29,,,,,,,,,,,,
OBS-68e1436994348314,PASIG-20260829-2230,acea8d66b823,https://pasigcity.gov.ph/news-and-releases/southwest-monsoon-habagat-flood-update-as-of-1030-pm-of-august-29-2026-757,PASIG-2026-AUG29-30,Pasig,Sta Lucia,Sta. Lucia,Liamzon Subd.,2026-08-29T22:30:00+08:00,"As of 10:30PM | August 29, 2026",112,6. Liamzon Subd. | Water Level: 15.24 cm (6 inches) | Remarks: Passable to motorcycles and cars (sedan),flood_observed,15.24 cm (6 inches),15.24,15.24,Remarks: Passable to motorcycles and cars (sedan),candidate,,,2026-08-29,docs/evaluations/flood-duration-pilot-20261004,NCR-2026-08-29,,,,,,,,,,,,
OBS-bb1a46030041de99,PASIG-20260829-2230,acea8d66b823,https://pasigcity.gov.ph/news-and-releases/southwest-monsoon-habagat-flood-update-as-of-1030-pm-of-august-29-2026-757,PASIG-2026-AUG29-30,Pasig,Sta Lucia,Sta. Lucia,Asuzena St.,2026-08-29T22:30:00+08:00,"As of 10:30PM | August 29, 2026",115,7. Asuzena St. | Water Level: 15.24 cm (6 inches) | Remarks: Passable to motorcycles and cars (sedan),flood_observed,15.24 cm (6 inches),15.24,15.24,Remarks: Passable to motorcycles and cars (sedan),candidate,,,2026-08-29,docs/evaluations/flood-duration-pilot-20261004,NCR-2026-08-29,,,,,,,,,,,,
OBS-9c1dfe4137d9603d,PASIG-20260829-2230,acea8d66b823,https://pasigcity.gov.ph/news-and-releases/southwest-monsoon-habagat-flood-update-as-of-1030-pm-of-august-29-2026-757,PASIG-2026-AUG29-30,Pasig,Sta Lucia,Sta. Lucia,"New Society St., De Castro",2026-08-29T22:30:00+08:00,"As of 10:30PM | August 29, 2026",118,"8. New Society St., De Castro | Water Level: 60.96 cm (24 inches) | Remarks: Not passable to motorcycles and cars (sedan)",flood_observed,60.96 cm (24 inches),60.96,60.96,Remarks: Not passable to motorcycles and cars (sedan),candidate,,,2026-08-29,docs/evaluations/flood-duration-pilot-20261004,NCR-2026-08-29,,,,,,,,,,,,
OBS-76208a5c4784abab,PASIG-20260829-2230,acea8d66b823,https://pasigcity.gov.ph/news-and-releases/southwest-monsoon-habagat-flood-update-as-of-1030-pm-of-august-29-2026-757,PASIG-2026-AUG29-30,Pasig,Sta Lucia,Sta. Lucia,Metropolis 1,2026-08-29T22:30:00+08:00,"As of 10:30PM | August 29, 2026",121,9. Metropolis 1 | Water Level: 10.16 cm (4 inches) | Remarks: Passable to motorcycles and cars (sedan),flood_observed,10.16 cm (4 inches),10.16,10.16,Remarks: Passable to motorcycles and cars (sedan),candidate,,,2026-08-29,docs/evaluations/flood-duration-pilot-20261004,NCR-2026-08-29,,,,,,,,,,,,
OBS-a692ba35f9008692,PASIG-20260829-2230,acea8d66b823,https://pasigcity.gov.ph/news-and-releases/southwest-monsoon-habagat-flood-update-as-of-1030-pm-of-august-29-2026-757,PASIG-2026-AUG29-30,Pasig,Sta Lucia,Sta. Lucia,Rosario 5 & 6 Masagana Ext.,2026-08-29T22:30:00+08:00,"As of 10:30PM | August 29, 2026",124,10. Rosario 5 & 6 Masagana Ext. | Water Level: 91.44 (36 inches) | Remarks: Not passable to motorcycles and cars (sedan),flood_observed,91.44 (36 inches),91.44,91.44,Remarks: Not passable to motorcycles and cars (sedan),candidate,,,2026-08-29,docs/evaluations/flood-duration-pilot-20261004,NCR-2026-08-29,,,,,,,,,,,,
OBS-cfa86e82c6e3bbaa,PASIG-20260829-2230,acea8d66b823,https://pasigcity.gov.ph/news-and-releases/southwest-monsoon-habagat-flood-update-as-of-1030-pm-of-august-29-2026-757,PASIG-2026-AUG29-30,Pasig,Sta Lucia,Sta. Lucia,Maharlikha St.,2026-08-29T22:30:00+08:00,"As of 10:30PM | August 29, 2026",127,11. Maharlikha St. | Water Level: 15.24 cm (6 inches) | Remarks: Passable to motorcycles and cars (sedan),flood_observed,15.24 cm (6 inches),15.24,15.24,Remarks: Passable to motorcycles and cars (sedan),candidate,,,2026-08-29,docs/evaluations/flood-duration-pilot-20261004,NCR-2026-08-29,,,,,,,,,,,,
OBS-0c3ba0b31a807bcd,PASIG-20260829-2230,acea8d66b823,https://pasigcity.gov.ph/news-and-releases/southwest-monsoon-habagat-flood-update-as-of-1030-pm-of-august-29-2026-757,PASIG-2026-AUG29-30,Pasig,Sta Lucia,Sta. Lucia,Mayumi St.,2026-08-29T22:30:00+08:00,"As of 10:30PM | August 29, 2026",130,12. Mayumi St. | Water Level: 15.24 cm (6 inches) | Remarks: Passable to motorcycles and cars (sedan),flood_observed,15.24 cm (6 inches),15.24,15.24,Remarks: Passable to motorcycles and cars (sedan),candidate,,,2026-08-29,docs/evaluations/flood-duration-pilot-20261004,NCR-2026-08-29,,,,,,,,,,,,
OBS-6226f3977fc236f5,PASIG-20260829-2230,acea8d66b823,https://pasigcity.gov.ph/news-and-releases/southwest-monsoon-habagat-flood-update-as-of-1030-pm-of-august-29-2026-757,PASIG-2026-AUG29-30,Pasig,Sumilang,Sumilang,Katwiran St.,2026-08-29T22:30:00+08:00,"As of 10:30PM | August 29, 2026",134,1. Katwiran St. | Water Level: 12.7 cm (5 inches) | Remarks: Passable to motorcycles and cars (sedan),flood_observed,12.7 cm (5 inches),12.7,12.7,Remarks: Passable to motorcycles and cars (sedan),candidate,,,2026-08-29,docs/evaluations/flood-duration-pilot-20261004,NCR-2026-08-29,,,,,,,,,,,,
OBS-5c6efe2e15e91940,PASIG-20260829-2230,acea8d66b823,https://pasigcity.gov.ph/news-and-releases/southwest-monsoon-habagat-flood-update-as-of-1030-pm-of-august-29-2026-757,PASIG-2026-AUG29-30,Pasig,Sumilang,Sumilang,Magtanggol St.,2026-08-29T22:30:00+08:00,"As of 10:30PM | August 29, 2026",137,2. Magtanggol St. | Water Level: 12.7 cm (5 inches) | Remarks: Passable to motorcycles and cars (sedan),flood_observed,12.7 cm (5 inches),12.7,12.7,Remarks: Passable to motorcycles and cars (sedan),candidate,,,2026-08-29,docs/evaluations/flood-duration-pilot-20261004,NCR-2026-08-29,,,,,,,,,,,,
OBS-ddb6188a545381a7,PASIG-20260829-2230,acea8d66b823,https://pasigcity.gov.ph/news-and-releases/southwest-monsoon-habagat-flood-update-as-of-1030-pm-of-august-29-2026-757,PASIG-2026-AUG29-30,Pasig,Sumilang,Sumilang,Dos De Julio St.,2026-08-29T22:30:00+08:00,"As of 10:30PM | August 29, 2026",140,3. Dos De Julio St. | Water Level: 12.7 cm (5 inches) | Remarks: Passable to motorcycles and cars (sedan),flood_observed,12.7 cm (5 inches),12.7,12.7,Remarks: Passable to motorcycles and cars (sedan),candidate,,,2026-08-29,docs/evaluations/flood-duration-pilot-20261004,NCR-2026-08-29,,,,,,,,,,,,
OBS-aed0c046a22c54b0,PASIG-20260830-1100,f89215d1462c,https://pasigcity.gov.ph/news-and-releases/southwest-monsoon-habagat-flood-update-as-of-1100-am-of-august-30-2026-965,PASIG-2026-AUG29-30,Pasig,,,,2026-08-30T11:00:00+08:00,"As of 11:00AM | August 30, 2026",5,"Subsided na ang mga naitalang baha, ayon sa report ng mga barangay.",clearance_candidate,,,,,summary_scope_reviewed,City report summary states recorded flooding subsided according to barangays; each preceding listed location is only a candidate linkage,no_exact_physical_clearance_time,2026-08-30,docs/evaluations/flood-duration-pilot-20261004,NCR-2026-08-30,,,,,,,,,,,,
OBS-0db2f25490e76200,PASIG-20260830-1100,f89215d1462c,https://pasigcity.gov.ph/news-and-releases/southwest-monsoon-habagat-flood-update-as-of-1100-am-of-august-30-2026-965,PASIG-2026-AUG29-30,Pasig,Dela Paz,Dela Paz,Kabutihan St.,2026-08-30T05:00:00+08:00,"As of 05:00AM | August 30, 2026",10,1. Kabutihan St. | Water Level: 60.96 cm (24 inches) | Remarks: Not passable to motorcycles and cars (sedan),flood_observed,60.96 cm (24 inches),60.96,60.96,Remarks: Not passable to motorcycles and cars (sedan),candidate,,,2026-08-30,docs/evaluations/flood-duration-pilot-20261004,NCR-2026-08-30,,,,,,,,,,,,
OBS-33c8cdb17b34d810,PASIG-20260830-1100,f89215d1462c,https://pasigcity.gov.ph/news-and-releases/southwest-monsoon-habagat-flood-update-as-of-1100-am-of-august-30-2026-965,PASIG-2026-AUG29-30,Pasig,Dela Paz,Dela Paz,Santiago Katipiran cor. Yap Compound,2026-08-30T05:00:00+08:00,"As of 05:00AM | August 30, 2026",13,2. Santiago Katipiran cor. Yap Compound | Water Level: 60.96 cm (24 inches) | Remarks: Not passable to motorcycles and cars (sedan),flood_observed,60.96 cm (24 inches),60.96,60.96,Remarks: Not passable to motorcycles and cars (sedan),candidate,,,2026-08-30,docs/evaluations/flood-duration-pilot-20261004,NCR-2026-08-30,,,,,,,,,,,,
OBS-bf0d8a5ea2240ae8,PASIG-20260830-1100,f89215d1462c,https://pasigcity.gov.ph/news-and-releases/southwest-monsoon-habagat-flood-update-as-of-1100-am-of-august-30-2026-965,PASIG-2026-AUG29-30,Pasig,Dela Paz,Dela Paz,Katipiran cor. K118 Dela Paz,2026-08-30T05:00:00+08:00,"As of 05:00AM | August 30, 2026",16,3. Katipiran cor. K118 Dela Paz | Water Level: 76.2 cm (30 inches) | Remarks: Not passable to motorcycles and cars (sedan),flood_observed,76.2 cm (30 inches),76.2,76.2,Remarks: Not passable to motorcycles and cars (sedan),candidate,,,2026-08-30,docs/evaluations/flood-duration-pilot-20261004,NCR-2026-08-30,,,,,,,,,,,,
OBS-bf3bea39927f5cfb,PASIG-20260830-1100,f89215d1462c,https://pasigcity.gov.ph/news-and-releases/southwest-monsoon-habagat-flood-update-as-of-1100-am-of-august-30-2026-965,PASIG-2026-AUG29-30,Pasig,Dela Paz,Dela Paz,Kalakasan St.,2026-08-30T05:00:00+08:00,"As of 05:00AM | August 30, 2026",19,4. Kalakasan St. | Water Level: 60.96 cm (24 inches) | Remarks: Not passable to motorcycles and cars (sedan),flood_observed,60.96 cm (24 inches),60.96,60.96,Remarks: Not passable to motorcycles and cars (sedan),candidate,,,2026-08-30,docs/evaluations/flood-duration-pilot-20261004,NCR-2026-08-30,,,,,,,,,,,,
OBS-971b5b35579531cd,PASIG-20260830-1100,f89215d1462c,https://pasigcity.gov.ph/news-and-releases/southwest-monsoon-habagat-flood-update-as-of-1100-am-of-august-30-2026-965,PASIG-2026-AUG29-30,Pasig,Dela Paz,Dela Paz,Kalusugan St.,2026-08-30T05:00:00+08:00,"As of 05:00AM | August 30, 2026",22,5. Kalusugan St. | Water Level: 60.96 cm (24 inches) | Remarks: Not passable to motorcycles and cars (sedan),flood_observed,60.96 cm (24 inches),60.96,60.96,Remarks: Not passable to motorcycles and cars (sedan),candidate,,,2026-08-30,docs/evaluations/flood-duration-pilot-20261004,NCR-2026-08-30,,,,,,,,,,,,
OBS-74c8fb587cf00f7f,PASIG-20260830-1100,f89215d1462c,https://pasigcity.gov.ph/news-and-releases/southwest-monsoon-habagat-flood-update-as-of-1100-am-of-august-30-2026-965,PASIG-2026-AUG29-30,Pasig,Santolan,Santolan,Doroteo St. Court,2026-08-30T05:00:00+08:00,"As of 05:00AM | August 30, 2026",26,1. Doroteo St. Court | Water Level: 182.88 cm (72 inches) | Remarks: Not passable to motorcycles and cars (sedan),flood_observed,182.88 cm (72 inches),182.88,182.88,Remarks: Not passable to motorcycles and cars (sedan),candidate,,,2026-08-30,docs/evaluations/flood-duration-pilot-20261004,NCR-2026-08-30,,,,,,,,,,,,
OBS-713569c75a4211c5,PASIG-20260830-1100,f89215d1462c,https://pasigcity.gov.ph/news-and-releases/southwest-monsoon-habagat-flood-update-as-of-1100-am-of-august-30-2026-965,PASIG-2026-AUG29-30,Pasig,Santolan,Santolan,Doroteo St. Villa,2026-08-30T05:00:00+08:00,"As of 05:00AM | August 30, 2026",29,2. Doroteo St. Villa | Water Level: 33.02 cm (13 inches) | Remarks: Not passable to motorcycles and cars (sedan),flood_observed,33.02 cm (13 inches),33.02,33.02,Remarks: Not passable to motorcycles and cars (sedan),candidate,,,2026-08-30,docs/evaluations/flood-duration-pilot-20261004,NCR-2026-08-30,,,,,,,,,,,,
OBS-f6990330739aabcc,PASIG-20260830-1100,f89215d1462c,https://pasigcity.gov.ph/news-and-releases/southwest-monsoon-habagat-flood-update-as-of-1100-am-of-august-30-2026-965,PASIG-2026-AUG29-30,Pasig,Santolan,Santolan,Doroteo St. Ext.,2026-08-30T05:00:00+08:00,"As of 05:00AM | August 30, 2026",32,3. Doroteo St. Ext. | Water Level: 30.48 cm (12 inches) | Remarks: Passable to motorcycles and cars (sedan),flood_observed,30.48 cm (12 inches),30.48,30.48,Remarks: Passable to motorcycles and cars (sedan),candidate,,,2026-08-30,docs/evaluations/flood-duration-pilot-20261004,NCR-2026-08-30,,,,,,,,,,,,
OBS-52f3c3e29ee61565,PASIG-20260830-1100,f89215d1462c,https://pasigcity.gov.ph/news-and-releases/southwest-monsoon-habagat-flood-update-as-of-1100-am-of-august-30-2026-965,PASIG-2026-AUG29-30,Pasig,Santolan,Santolan,Sgt.De Leon Mayana St.,2026-08-30T05:00:00+08:00,"As of 05:00AM | August 30, 2026",35,4. Sgt.De Leon Mayana St. | Water Level: 5.00 cm (2 inches) | Remarks: Passable to motorcycles and cars (sedan),flood_observed,5.00 cm (2 inches),5.0,5.0,Remarks: Passable to motorcycles and cars (sedan),candidate,,,2026-08-30,docs/evaluations/flood-duration-pilot-20261004,NCR-2026-08-30,,,,,,,,,,,,
OBS-04ee59ef9abfbaed,PASIG-20260830-1100,f89215d1462c,https://pasigcity.gov.ph/news-and-releases/southwest-monsoon-habagat-flood-update-as-of-1100-am-of-august-30-2026-965,PASIG-2026-AUG29-30,Pasig,Santolan,Santolan,Masikap St.,2026-08-30T05:00:00+08:00,"As of 05:00AM | August 30, 2026",38,5. Masikap St. | Water Level: 7.60 cm (3 inches) | Remarks: Passable to motorcycles and cars (sedan),flood_observed,7.60 cm (3 inches),7.6,7.6,Remarks: Passable to motorcycles and cars (sedan),candidate,,,2026-08-30,docs/evaluations/flood-duration-pilot-20261004,NCR-2026-08-30,,,,,,,,,,,,
OBS-299ee63370b2fbfd,PASIG-20260830-1100,f89215d1462c,https://pasigcity.gov.ph/news-and-releases/southwest-monsoon-habagat-flood-update-as-of-1100-am-of-august-30-2026-965,PASIG-2026-AUG29-30,Pasig,Santolan,Santolan,Rafael Rd 3,2026-08-30T05:00:00+08:00,"As of 05:00AM | August 30, 2026",41,6. Rafael Rd 3 | Water Level: 12.7 cm (5 inches) | Remarks: Passable to motorcycles and cars (sedan),flood_observed,12.7 cm (5 inches),12.7,12.7,Remarks: Passable to motorcycles and cars (sedan),candidate,,,2026-08-30,docs/evaluations/flood-duration-pilot-20261004,NCR-2026-08-30,,,,,,,,,,,,
OBS-c2ccfe7b0c65c55d,PASIG-20260830-1100,f89215d1462c,https://pasigcity.gov.ph/news-and-releases/southwest-monsoon-habagat-flood-update-as-of-1100-am-of-august-30-2026-965,PASIG-2026-AUG29-30,Pasig,Santolan,Santolan,Marcelino St.,2026-08-30T05:00:00+08:00,"As of 05:00AM | August 30, 2026",44,7. Marcelino St. | Water Level: 12.7 cm (5 inches) | Remarks: Passable to motorcycles and cars (sedan),flood_observed,12.7 cm (5 inches),12.7,12.7,Remarks: Passable to motorcycles and cars (sedan),candidate,,,2026-08-30,docs/evaluations/flood-duration-pilot-20261004,NCR-2026-08-30,,,,,,,,,,,,
OBS-2a550348b4987cf0,PASIG-20260830-1100,f89215d1462c,https://pasigcity.gov.ph/news-and-releases/southwest-monsoon-habagat-flood-update-as-of-1100-am-of-august-30-2026-965,PASIG-2026-AUG29-30,Pasig,Santolan,Santolan,A. Victorino St.,2026-08-30T05:00:00+08:00,"As of 05:00AM | August 30, 2026",47,8. A. Victorino St. | Water Level: 12.7 cm (5 inches) | Remarks: Passable to motorcycles and cars (sedan),flood_observed,12.7 cm (5 inches),12.7,12.7,Remarks: Passable to motorcycles and cars (sedan),candidate,,,2026-08-30,docs/evaluations/flood-duration-pilot-20261004,NCR-2026-08-30,,,,,,,,,,,,
OBS-bc1de76ca9a186c4,PASIG-20260830-1100,f89215d1462c,https://pasigcity.gov.ph/news-and-releases/southwest-monsoon-habagat-flood-update-as-of-1100-am-of-august-30-2026-965,PASIG-2026-AUG29-30,Pasig,Santolan,Santolan,Gabriel Ext.,2026-08-30T05:00:00+08:00,"As of 05:00AM | August 30, 2026",50,9. Gabriel Ext. | Water Level: 60.96 cm (24 inches) | Remarks: Not passable to motorcycles and cars (sedan),flood_observed,60.96 cm (24 inches),60.96,60.96,Remarks: Not passable to motorcycles and cars (sedan),candidate,,,2026-08-30,docs/evaluations/flood-duration-pilot-20261004,NCR-2026-08-30,,,,,,,,,,,,
OBS-f1530ea1b5f35efe,PASIG-20260830-1100,f89215d1462c,https://pasigcity.gov.ph/news-and-releases/southwest-monsoon-habagat-flood-update-as-of-1100-am-of-august-30-2026-965,PASIG-2026-AUG29-30,Pasig,Santolan,Santolan,Sgt. De Leon Natasha St.,2026-08-30T05:00:00+08:00,"As of 05:00AM | August 30, 2026",53,10. Sgt. De Leon Natasha St. | Water Level: 60.96 cm (24 inches) | Remarks: Not passable to motorcycles and cars (sedan),flood_observed,60.96 cm (24 inches),60.96,60.96,Remarks: Not passable to motorcycles and cars (sedan),candidate,,,2026-08-30,docs/evaluations/flood-duration-pilot-20261004,NCR-2026-08-30,,,,,,,,,,,,
OBS-7e2ffae9d0234d9d,PASIG-20260830-1100,f89215d1462c,https://pasigcity.gov.ph/news-and-releases/southwest-monsoon-habagat-flood-update-as-of-1100-am-of-august-30-2026-965,PASIG-2026-AUG29-30,Pasig,Santolan,Santolan,Sgt. De Leon Camia St.,2026-08-30T05:00:00+08:00,"As of 05:00AM | August 30, 2026",56,11. Sgt. De Leon Camia St. | Water Level: 60.96 cm (24 inches) | Remarks: Not passable to motorcycles and cars (sedan),flood_observed,60.96 cm (24 inches),60.96,60.96,Remarks: Not passable to motorcycles and cars (sedan),candidate,,,2026-08-30,docs/evaluations/flood-duration-pilot-20261004,NCR-2026-08-30,,,,,,,,,,,,
OBS-b399b041f65b7c2f,PASIG-20260830-1100,f89215d1462c,https://pasigcity.gov.ph/news-and-releases/southwest-monsoon-habagat-flood-update-as-of-1100-am-of-august-30-2026-965,PASIG-2026-AUG29-30,Pasig,Sta Lucia,Sta. Lucia,Bagong Anyo St.,2026-08-30T05:00:00+08:00,"As of 05:00AM | August 30, 2026",60,1. Bagong Anyo St. | Water Level: 12.7 cm (5 inches) | Remarks: Passable to motorcycles and cars (sedan),flood_observed,12.7 cm (5 inches),12.7,12.7,Remarks: Passable to motorcycles and cars (sedan),candidate,,,2026-08-30,docs/evaluations/flood-duration-pilot-20261004,NCR-2026-08-30,,,,,,,,,,,,
OBS-09bd97ef469b2987,PASIG-20260830-1100,f89215d1462c,https://pasigcity.gov.ph/news-and-releases/southwest-monsoon-habagat-flood-update-as-of-1100-am-of-august-30-2026-965,PASIG-2026-AUG29-30,Pasig,Sta Lucia,Sta. Lucia,Kaunluran St.,2026-08-30T05:00:00+08:00,"As of 05:00AM | August 30, 2026",63,2. Kaunluran St. | Water Level: 30.48cm (12 inches) | Remarks: Not passable to motorcycles and cars (sedan),flood_observed,30.48cm (12 inches),30.48,30.48,Remarks: Not passable to motorcycles and cars (sedan),candidate,,,2026-08-30,docs/evaluations/flood-duration-pilot-20261004,NCR-2026-08-30,,,,,,,,,,,,
OBS-74603d8def2d5f7b,PASIG-20260830-1100,f89215d1462c,https://pasigcity.gov.ph/news-and-releases/southwest-monsoon-habagat-flood-update-as-of-1100-am-of-august-30-2026-965,PASIG-2026-AUG29-30,Pasig,Sta Lucia,Sta. Lucia,Bautista Comp.,2026-08-30T05:00:00+08:00,"As of 05:00AM | August 30, 2026",66,3. Bautista Comp. | Water Level: 25.4 cm (10 inches) | Remarks: Not passable to motorcycles and cars (sedan),flood_observed,25.4 cm (10 inches),25.4,25.4,Remarks: Not passable to motorcycles and cars (sedan),candidate,,,2026-08-30,docs/evaluations/flood-duration-pilot-20261004,NCR-2026-08-30,,,,,,,,,,,,
OBS-72e049aa936c7bed,PASIG-20260830-1100,f89215d1462c,https://pasigcity.gov.ph/news-and-releases/southwest-monsoon-habagat-flood-update-as-of-1100-am-of-august-30-2026-965,PASIG-2026-AUG29-30,Pasig,Sta Lucia,Sta. Lucia,Tawi-tawi St.,2026-08-30T05:00:00+08:00,"As of 05:00AM | August 30, 2026",69,4. Tawi-tawi St. | Water Level: 15.24 cm (6 inches) | Remarks: Passable to motorcycles and cars (sedan),flood_observed,15.24 cm (6 inches),15.24,15.24,Remarks: Passable to motorcycles and cars (sedan),candidate,,,2026-08-30,docs/evaluations/flood-duration-pilot-20261004,NCR-2026-08-30,,,,,,,,,,,,
OBS-12d9c893225eb299,PASIG-20260830-1100,f89215d1462c,https://pasigcity.gov.ph/news-and-releases/southwest-monsoon-habagat-flood-update-as-of-1100-am-of-august-30-2026-965,PASIG-2026-AUG29-30,Pasig,Sta Lucia,Sta. Lucia,Morales Compound,2026-08-30T05:00:00+08:00,"As of 05:00AM | August 30, 2026",72,5. Morales Compound | Water Level: 15.24 cm (6 inches) | Remarks: Passable to motorcycles and cars (sedan),flood_observed,15.24 cm (6 inches),15.24,15.24,Remarks: Passable to motorcycles and cars (sedan),candidate,,,2026-08-30,docs/evaluations/flood-duration-pilot-20261004,NCR-2026-08-30,,,,,,,,,,,,
OBS-3e6130d586655cc7,PASIG-20260830-1100,f89215d1462c,https://pasigcity.gov.ph/news-and-releases/southwest-monsoon-habagat-flood-update-as-of-1100-am-of-august-30-2026-965,PASIG-2026-AUG29-30,Pasig,Sta Lucia,Sta. Lucia,Liamzon Subd.,2026-08-30T05:00:00+08:00,"As of 05:00AM | August 30, 2026",75,6. Liamzon Subd. | Water Level: 15.24 cm (6 inches) | Remarks: Passable to motorcycles and cars (sedan),flood_observed,15.24 cm (6 inches),15.24,15.24,Remarks: Passable to motorcycles and cars (sedan),candidate,,,2026-08-30,docs/evaluations/flood-duration-pilot-20261004,NCR-2026-08-30,,,,,,,,,,,,
OBS-72b9688b1eb350a9,PASIG-20260830-1100,f89215d1462c,https://pasigcity.gov.ph/news-and-releases/southwest-monsoon-habagat-flood-update-as-of-1100-am-of-august-30-2026-965,PASIG-2026-AUG29-30,Pasig,Sta Lucia,Sta. Lucia,Asuzena St.,2026-08-30T05:00:00+08:00,"As of 05:00AM | August 30, 2026",78,7. Asuzena St. | Water Level: 15.24 cm (6 inches) | Remarks: Passable to motorcycles and cars (sedan),flood_observed,15.24 cm (6 inches),15.24,15.24,Remarks: Passable to motorcycles and cars (sedan),candidate,,,2026-08-30,docs/evaluations/flood-duration-pilot-20261004,NCR-2026-08-30,,,,,,,,,,,,
OBS-7088da65213740d8,PASIG-20260830-1100,f89215d1462c,https://pasigcity.gov.ph/news-and-releases/southwest-monsoon-habagat-flood-update-as-of-1100-am-of-august-30-2026-965,PASIG-2026-AUG29-30,Pasig,Sta Lucia,Sta. Lucia,"New Society St., De Castro",2026-08-30T05:00:00+08:00,"As of 05:00AM | August 30, 2026",81,"8. New Society St., De Castro | Water Level: 60.96 cm (24 inches) | Remarks: Not passable to motorcycles and cars (sedan)",flood_observed,60.96 cm (24 inches),60.96,60.96,Remarks: Not passable to motorcycles and cars (sedan),candidate,,,2026-08-30,docs/evaluations/flood-duration-pilot-20261004,NCR-2026-08-30,,,,,,,,,,,,
OBS-cdb29e5b51b3188d,PASIG-20260830-1100,f89215d1462c,https://pasigcity.gov.ph/news-and-releases/southwest-monsoon-habagat-flood-update-as-of-1100-am-of-august-30-2026-965,PASIG-2026-AUG29-30,Pasig,Sta Lucia,Sta. Lucia,Metropolis 1,2026-08-30T05:00:00+08:00,"As of 05:00AM | August 30, 2026",84,9. Metropolis 1 | Water Level: 15.24 cm (6 inches) | Remarks: Passable to motorcycles and cars (sedan),flood_observed,15.24 cm (6 inches),15.24,15.24,Remarks: Passable to motorcycles and cars (sedan),candidate,,,2026-08-30,docs/evaluations/flood-duration-pilot-20261004,NCR-2026-08-30,,,,,,,,,,,,
OBS-7d8ac0bb869c59bb,PASIG-20260830-1100,f89215d1462c,https://pasigcity.gov.ph/news-and-releases/southwest-monsoon-habagat-flood-update-as-of-1100-am-of-august-30-2026-965,PASIG-2026-AUG29-30,Pasig,Sta Lucia,Sta. Lucia,Rosario 5 & 6 Masagana Ext.,2026-08-30T05:00:00+08:00,"As of 05:00AM | August 30, 2026",87,10. Rosario 5 & 6 Masagana Ext. | Water Level: 91.44 (36 inches) | Remarks: Not passable to motorcycles and cars (sedan),flood_observed,91.44 (36 inches),91.44,91.44,Remarks: Not passable to motorcycles and cars (sedan),candidate,,,2026-08-30,docs/evaluations/flood-duration-pilot-20261004,NCR-2026-08-30,,,,,,,,,,,,
OBS-4ce9969fc0763a85,PASIG-20260830-1100,f89215d1462c,https://pasigcity.gov.ph/news-and-releases/southwest-monsoon-habagat-flood-update-as-of-1100-am-of-august-30-2026-965,PASIG-2026-AUG29-30,Pasig,Sta Lucia,Sta. Lucia,Maharlikha St.,2026-08-30T05:00:00+08:00,"As of 05:00AM | August 30, 2026",90,11. Maharlikha St. | Water Level: 15.24 cm (6 inches) | Remarks: Passable to motorcycles and cars (sedan),flood_observed,15.24 cm (6 inches),15.24,15.24,Remarks: Passable to motorcycles and cars (sedan),candidate,,,2026-08-30,docs/evaluations/flood-duration-pilot-20261004,NCR-2026-08-30,,,,,,,,,,,,
OBS-16f58b9b466d6695,PASIG-20260830-1100,f89215d1462c,https://pasigcity.gov.ph/news-and-releases/southwest-monsoon-habagat-flood-update-as-of-1100-am-of-august-30-2026-965,PASIG-2026-AUG29-30,Pasig,Sta Lucia,Sta. Lucia,Mayumi St.,2026-08-30T05:00:00+08:00,"As of 05:00AM | August 30, 2026",93,12. Mayumi St. | Water Level: 15.24 cm (6 inches) | Remarks: Passable to motorcycles and cars (sedan),flood_observed,15.24 cm (6 inches),15.24,15.24,Remarks: Passable to motorcycles and cars (sedan),candidate,,,2026-08-30,docs/evaluations/flood-duration-pilot-20261004,NCR-2026-08-30,,,,,,,,,,,,
OBS-b28a173c2c6ed0d3,PASIG-20240902-2100,c67d2bdf1831,https://pasigcity.gov.ph/news-and-releases/flood-update-september-2-2024-929,PASIG-2024-SEP02-03,Pasig,Dela Paz,Dela Paz,"Kabutihan St, Brgy. Dela Paz",2024-09-02T15:00:00+08:00,"September 2, 2024 | 03:00PM",52,"Please be advised that the following roads are NOT PASSABLE to light vehicles due to significant flooding in the areas: | - Kabutihan St, Brgy. Dela Paz",flood_observed,,,,NOT PASSABLE to light vehicles,candidate,,depth_not_reported,2024-09-02,docs/evaluations/flood-duration-pilot-20261004,NCR-2024-09-02,,,,,,,,,,,,
OBS-f4c393f63d90adf1,PASIG-20240902-2100,c67d2bdf1831,https://pasigcity.gov.ph/news-and-releases/flood-update-september-2-2024-929,PASIG-2024-SEP02-03,Pasig,Manggahan,Manggahan,"Amsterdam cor. Stockholm, Brgy. Manggahan",2024-09-02T15:00:00+08:00,"September 2, 2024 | 03:00PM",53,"Please be advised that the following roads are NOT PASSABLE to light vehicles due to significant flooding in the areas: | - Amsterdam cor. Stockholm, Brgy. Manggahan",flood_observed,,,,NOT PASSABLE to light vehicles,candidate,,depth_not_reported,2024-09-02,docs/evaluations/flood-duration-pilot-20261004,NCR-2024-09-02,,,,,,,,,,,,
OBS-ffa40c71dc44f8f6,PASIG-20240902-2100,c67d2bdf1831,https://pasigcity.gov.ph/news-and-releases/flood-update-september-2-2024-929,PASIG-2024-SEP02-03,Pasig,Manggahan,Manggahan,"Washington cor. Bern, Brgy. Manggahan",2024-09-02T15:00:00+08:00,"September 2, 2024 | 03:00PM",54,"Please be advised that the following roads are NOT PASSABLE to light vehicles due to significant flooding in the areas: | - Washington cor. Bern, Brgy. Manggahan",flood_observed,,,,NOT PASSABLE to light vehicles,candidate,,depth_not_reported,2024-09-02,docs/evaluations/flood-duration-pilot-20261004,NCR-2024-09-02,,,,,,,,,,,,
OBS-f359ae757a400fb3,PASIG-20240902-2100,c67d2bdf1831,https://pasigcity.gov.ph/news-and-releases/flood-update-september-2-2024-929,PASIG-2024-SEP02-03,Pasig,Manggahan,Manggahan,"Karangalan Gate 1 to Gate 5, Brgy. Manggahan",2024-09-02T15:00:00+08:00,"September 2, 2024 | 03:00PM",55,"Please be advised that the following roads are NOT PASSABLE to light vehicles due to significant flooding in the areas: | - Karangalan Gate 1 to Gate 5, Brgy. Manggahan",flood_observed,,,,NOT PASSABLE to light vehicles,candidate,,depth_not_reported,2024-09-02,docs/evaluations/flood-duration-pilot-20261004,NCR-2024-09-02,,,,,,,,,,,,
OBS-8a1efc8b541c1a73,PASIG-20240902-2100,c67d2bdf1831,https://pasigcity.gov.ph/news-and-releases/flood-update-september-2-2024-929,PASIG-2024-SEP02-03,Pasig,Manggahan,Manggahan,"Infant Jesus St., Metroville, Brgy. Manggahan",2024-09-02T15:00:00+08:00,"September 2, 2024 | 03:00PM",56,"Please be advised that the following roads are NOT PASSABLE to light vehicles due to significant flooding in the areas: | - Infant Jesus St., Metroville, Brgy. Manggahan",flood_observed,,,,NOT PASSABLE to light vehicles,candidate,,depth_not_reported,2024-09-02,docs/evaluations/flood-duration-pilot-20261004,NCR-2024-09-02,,,,,,,,,,,,
OBS-1e2015b221abf546,PASIG-20240902-2100,c67d2bdf1831,https://pasigcity.gov.ph/news-and-releases/flood-update-september-2-2024-929,PASIG-2024-SEP02-03,Pasig,Dela Paz,Dela Paz,"Kabutihan St, Brgy. Dela Paz",2024-09-02T14:00:00+08:00,"September 2, 2024 | 02:00PM",66,"Please be advised that the following roads are NOT PASSABLE to light vehicles due to significant flooding in the areas: | - Kabutihan St, Brgy. Dela Paz",flood_observed,,,,NOT PASSABLE to light vehicles,candidate,,depth_not_reported,2024-09-02,docs/evaluations/flood-duration-pilot-20261004,NCR-2024-09-02,,,,,,,,,,,,
OBS-a27238a20e523e26,PASIG-20240902-2100,c67d2bdf1831,https://pasigcity.gov.ph/news-and-releases/flood-update-september-2-2024-929,PASIG-2024-SEP02-03,Pasig,Manggahan,Manggahan,"Amsterdam cor. Stockholm, Brgy. Manggahan",2024-09-02T14:00:00+08:00,"September 2, 2024 | 02:00PM",67,"Please be advised that the following roads are NOT PASSABLE to light vehicles due to significant flooding in the areas: | - Amsterdam cor. Stockholm, Brgy. Manggahan",flood_observed,,,,NOT PASSABLE to light vehicles,candidate,,depth_not_reported,2024-09-02,docs/evaluations/flood-duration-pilot-20261004,NCR-2024-09-02,,,,,,,,,,,,
OBS-0d5b73669dcb3e92,PASIG-20240902-2100,c67d2bdf1831,https://pasigcity.gov.ph/news-and-releases/flood-update-september-2-2024-929,PASIG-2024-SEP02-03,Pasig,Manggahan,Manggahan,"Washington cor. Bern, Brgy. Manggahan",2024-09-02T14:00:00+08:00,"September 2, 2024 | 02:00PM",68,"Please be advised that the following roads are NOT PASSABLE to light vehicles due to significant flooding in the areas: | - Washington cor. Bern, Brgy. Manggahan",flood_observed,,,,NOT PASSABLE to light vehicles,candidate,,depth_not_reported,2024-09-02,docs/evaluations/flood-duration-pilot-20261004,NCR-2024-09-02,,,,,,,,,,,,
OBS-0ab241e5eb1758ff,PASIG-20240902-2100,c67d2bdf1831,https://pasigcity.gov.ph/news-and-releases/flood-update-september-2-2024-929,PASIG-2024-SEP02-03,Pasig,Manggahan,Manggahan,"Karangalan Gate 1 to Gate 5, Brgy. Manggahan",2024-09-02T14:00:00+08:00,"September 2, 2024 | 02:00PM",69,"Please be advised that the following roads are NOT PASSABLE to light vehicles due to significant flooding in the areas: | - Karangalan Gate 1 to Gate 5, Brgy. Manggahan",flood_observed,,,,NOT PASSABLE to light vehicles,candidate,,depth_not_reported,2024-09-02,docs/evaluations/flood-duration-pilot-20261004,NCR-2024-09-02,,,,,,,,,,,,
OBS-ccc3b99b5ddb6722,PASIG-20240902-2100,c67d2bdf1831,https://pasigcity.gov.ph/news-and-releases/flood-update-september-2-2024-929,PASIG-2024-SEP02-03,Pasig,Manggahan,Manggahan,"Infant Jesus St., Metroville, Brgy. Manggahan",2024-09-02T14:00:00+08:00,"September 2, 2024 | 02:00PM",70,"Please be advised that the following roads are NOT PASSABLE to light vehicles due to significant flooding in the areas: | - Infant Jesus St., Metroville, Brgy. Manggahan",flood_observed,,,,NOT PASSABLE to light vehicles,candidate,,depth_not_reported,2024-09-02,docs/evaluations/flood-duration-pilot-20261004,NCR-2024-09-02,,,,,,,,,,,,
OBS-d3a152b2e396548c,PASIG-20240902-2100,c67d2bdf1831,https://pasigcity.gov.ph/news-and-releases/flood-update-september-2-2024-929,PASIG-2024-SEP02-03,Pasig,Dela Paz,Dela Paz,"Kahabaan ng F. Mariano, Brgy. Dela Paz",2024-09-02T13:00:00+08:00,"September 2, 2024 | 01:00PM",80,"Please be advised that the following roads are NOT PASSABLE to light vehicles due to significant flooding in the areas: | - Kahabaan ng F. Mariano, Brgy. Dela Paz",flood_observed,,,,NOT PASSABLE to light vehicles,candidate,,depth_not_reported,2024-09-02,docs/evaluations/flood-duration-pilot-20261004,NCR-2024-09-02,,,,,,,,,,,,
OBS-de27a1bc6a692461,PASIG-20240902-2100,c67d2bdf1831,https://pasigcity.gov.ph/news-and-releases/flood-update-september-2-2024-929,PASIG-2024-SEP02-03,Pasig,Dela Paz,Dela Paz,"Kabutihan street, Brgy. Dela Paz",2024-09-02T13:00:00+08:00,"September 2, 2024 | 01:00PM",81,"Please be advised that the following roads are NOT PASSABLE to light vehicles due to significant flooding in the areas: | - Kabutihan street, Brgy. Dela Paz",flood_observed,,,,NOT PASSABLE to light vehicles,candidate,,depth_not_reported,2024-09-02,docs/evaluations/flood-duration-pilot-20261004,NCR-2024-09-02,,,,,,,,,,,,
OBS-8eb71100f75a9e5d,PASIG-20240902-2100,c67d2bdf1831,https://pasigcity.gov.ph/news-and-releases/flood-update-september-2-2024-929,PASIG-2024-SEP02-03,Pasig,Santolan,Santolan,"Tawiran, Brgy. Santolan",2024-09-02T13:00:00+08:00,"September 2, 2024 | 01:00PM",82,"Please be advised that the following roads are NOT PASSABLE to light vehicles due to significant flooding in the areas: | - Tawiran, Brgy. Santolan",flood_observed,,,,NOT PASSABLE to light vehicles,candidate,,depth_not_reported,2024-09-02,docs/evaluations/flood-duration-pilot-20261004,NCR-2024-09-02,,,,,,,,,,,,
OBS-1a20fefcab15c4a9,PASIG-20240902-2100,c67d2bdf1831,https://pasigcity.gov.ph/news-and-releases/flood-update-september-2-2024-929,PASIG-2024-SEP02-03,Pasig,Manggahan,Manggahan,"Amsterdam corner Stockholm, Brgy. Manggahan",2024-09-02T13:00:00+08:00,"September 2, 2024 | 01:00PM",83,"Please be advised that the following roads are NOT PASSABLE to light vehicles due to significant flooding in the areas: | - Amsterdam corner Stockholm, Brgy. Manggahan",flood_observed,,,,NOT PASSABLE to light vehicles,candidate,,depth_not_reported,2024-09-02,docs/evaluations/flood-duration-pilot-20261004,NCR-2024-09-02,,,,,,,,,,,,
OBS-1509332edb448d0f,PASIG-20240902-2100,c67d2bdf1831,https://pasigcity.gov.ph/news-and-releases/flood-update-september-2-2024-929,PASIG-2024-SEP02-03,Pasig,Manggahan,Manggahan,"Washington cor Bern, Brgy. Manggahan",2024-09-02T13:00:00+08:00,"September 2, 2024 | 01:00PM",84,"Please be advised that the following roads are NOT PASSABLE to light vehicles due to significant flooding in the areas: | - Washington cor Bern, Brgy. Manggahan",flood_observed,,,,NOT PASSABLE to light vehicles,candidate,,depth_not_reported,2024-09-02,docs/evaluations/flood-duration-pilot-20261004,NCR-2024-09-02,,,,,,,,,,,,
OBS-777a188f8a1abc9a,PASIG-20240902-2100,c67d2bdf1831,https://pasigcity.gov.ph/news-and-releases/flood-update-september-2-2024-929,PASIG-2024-SEP02-03,Pasig,Manggahan,Manggahan,"Karangalan Gate 1 to Gate 5, Brgy. Manggahan",2024-09-02T13:00:00+08:00,"September 2, 2024 | 01:00PM",85,"Please be advised that the following roads are NOT PASSABLE to light vehicles due to significant flooding in the areas: | - Karangalan Gate 1 to Gate 5, Brgy. Manggahan",flood_observed,,,,NOT PASSABLE to light vehicles,candidate,,depth_not_reported,2024-09-02,docs/evaluations/flood-duration-pilot-20261004,NCR-2024-09-02,,,,,,,,,,,,
OBS-6983cf4080fb3282,PASIG-20240902-2100,c67d2bdf1831,https://pasigcity.gov.ph/news-and-releases/flood-update-september-2-2024-929,PASIG-2024-SEP02-03,Pasig,Manggahan,Manggahan,"Infant Jesus St., Metroville, Brgy. Manggahan",2024-09-02T13:00:00+08:00,"September 2, 2024 | 01:00PM",86,"Please be advised that the following roads are NOT PASSABLE to light vehicles due to significant flooding in the areas: | - Infant Jesus St., Metroville, Brgy. Manggahan",flood_observed,,,,NOT PASSABLE to light vehicles,candidate,,depth_not_reported,2024-09-02,docs/evaluations/flood-duration-pilot-20261004,NCR-2024-09-02,,,,,,,,,,,,
OBS-053736b8b63c4228,PASIG-20240902-2100,c67d2bdf1831,https://pasigcity.gov.ph/news-and-releases/flood-update-september-2-2024-929,PASIG-2024-SEP02-03,Pasig,Maybunga,Maybunga,"F. Legaspi (Maybunga Rainforest Park), Brgy. Maybunga",2024-09-02T11:30:00+08:00,"September 2, 2024 | 11:30AM",96,"Please be advised that the following roads are NOT PASSABLE to light vehicles due to significant flooding in the areas: | - F. Legaspi (Maybunga Rainforest Park), Brgy. Maybunga",flood_observed,,,,NOT PASSABLE to light vehicles,candidate,,depth_not_reported,2024-09-02,docs/evaluations/flood-duration-pilot-20261004,NCR-2024-09-02,,,,,,,,,,,,
OBS-c7c3d8590df9c7b1,PASIG-20240902-2100,c67d2bdf1831,https://pasigcity.gov.ph/news-and-releases/flood-update-september-2-2024-929,PASIG-2024-SEP02-03,Pasig,Dela Paz,Dela Paz,"Along F. Mariano, Brgy. Dela Paz",2024-09-02T11:30:00+08:00,"September 2, 2024 | 11:30AM",98,"Please be advised that the following roads are NOT PASSABLE to light vehicles due to significant flooding in the areas: | - Along F. Mariano, Brgy. Dela Paz",flood_observed,,,,NOT PASSABLE to light vehicles,candidate,,depth_not_reported,2024-09-02,docs/evaluations/flood-duration-pilot-20261004,NCR-2024-09-02,,,,,,,,,,,,
OBS-5694ed4c6d51406e,PASIG-20240902-2100,c67d2bdf1831,https://pasigcity.gov.ph/news-and-releases/flood-update-september-2-2024-929,PASIG-2024-SEP02-03,Pasig,Dela Paz,Dela Paz,"Kabutihan St., Brgy. Dela Paz",2024-09-02T11:30:00+08:00,"September 2, 2024 | 11:30AM",99,"Please be advised that the following roads are NOT PASSABLE to light vehicles due to significant flooding in the areas: | - Kabutihan St., Brgy. Dela Paz",flood_observed,,,,NOT PASSABLE to light vehicles,candidate,,depth_not_reported,2024-09-02,docs/evaluations/flood-duration-pilot-20261004,NCR-2024-09-02,,,,,,,,,,,,
OBS-9dbb1df8fc4703db,PASIG-20240902-2100,c67d2bdf1831,https://pasigcity.gov.ph/news-and-releases/flood-update-september-2-2024-929,PASIG-2024-SEP02-03,Pasig,Santolan,Santolan,"Tawiran, Brgy. Santolan",2024-09-02T11:30:00+08:00,"September 2, 2024 | 11:30AM",100,"Please be advised that the following roads are NOT PASSABLE to light vehicles due to significant flooding in the areas: | - Tawiran, Brgy. Santolan",flood_observed,,,,NOT PASSABLE to light vehicles,candidate,,depth_not_reported,2024-09-02,docs/evaluations/flood-duration-pilot-20261004,NCR-2024-09-02,,,,,,,,,,,,
OBS-8eee57e568cd77f9,PASIG-20240902-2100,c67d2bdf1831,https://pasigcity.gov.ph/news-and-releases/flood-update-september-2-2024-929,PASIG-2024-SEP02-03,Pasig,Manggahan,Manggahan,"Amsterdam corner Stockholm, Brgy. Manggahan",2024-09-02T11:30:00+08:00,"September 2, 2024 | 11:30AM",101,"Please be advised that the following roads are NOT PASSABLE to light vehicles due to significant flooding in the areas: | - Amsterdam corner Stockholm, Brgy. Manggahan",flood_observed,,,,NOT PASSABLE to light vehicles,candidate,,depth_not_reported,2024-09-02,docs/evaluations/flood-duration-pilot-20261004,NCR-2024-09-02,,,,,,,,,,,,
OBS-0b8567caffa56fa6,PASIG-20240902-2100,c67d2bdf1831,https://pasigcity.gov.ph/news-and-releases/flood-update-september-2-2024-929,PASIG-2024-SEP02-03,Pasig,Manggahan,Manggahan,"Washington cor Bern, Brgy. Manggahan",2024-09-02T11:30:00+08:00,"September 2, 2024 | 11:30AM",102,"Please be advised that the following roads are NOT PASSABLE to light vehicles due to significant flooding in the areas: | - Washington cor Bern, Brgy. Manggahan",flood_observed,,,,NOT PASSABLE to light vehicles,candidate,,depth_not_reported,2024-09-02,docs/evaluations/flood-duration-pilot-20261004,NCR-2024-09-02,,,,,,,,,,,,
OBS-9a7cbb32d416551d,PASIG-20240902-2100,c67d2bdf1831,https://pasigcity.gov.ph/news-and-releases/flood-update-september-2-2024-929,PASIG-2024-SEP02-03,Pasig,Manggahan,Manggahan,"Karangalan Gate 1 to Gate 5, Brgy. Manggahan",2024-09-02T11:30:00+08:00,"September 2, 2024 | 11:30AM",103,"Please be advised that the following roads are NOT PASSABLE to light vehicles due to significant flooding in the areas: | - Karangalan Gate 1 to Gate 5, Brgy. Manggahan",flood_observed,,,,NOT PASSABLE to light vehicles,candidate,,depth_not_reported,2024-09-02,docs/evaluations/flood-duration-pilot-20261004,NCR-2024-09-02,,,,,,,,,,,,
OBS-15b893cbb93e5baa,PASIG-20240902-2100,c67d2bdf1831,https://pasigcity.gov.ph/news-and-releases/flood-update-september-2-2024-929,PASIG-2024-SEP02-03,Pasig,Maybunga,Maybunga,"F. Legaspi (Maybunga Rainforest Park), Brgy. Maybunga",2024-09-02T10:30:00+08:00,"September 2, 2024 | 10:30AM",113,"Please be advised that the following roads are NOT PASSABLE to light vehicles due to significant flooding in the areas: | - F. Legaspi (Maybunga Rainforest Park), Brgy. Maybunga",flood_observed,,,,NOT PASSABLE to light vehicles,candidate,,depth_not_reported,2024-09-02,docs/evaluations/flood-duration-pilot-20261004,NCR-2024-09-02,,,,,,,,,,,,
OBS-fd6bd18c70e0c59b,PASIG-20240902-2100,c67d2bdf1831,https://pasigcity.gov.ph/news-and-releases/flood-update-september-2-2024-929,PASIG-2024-SEP02-03,Pasig,Dela Paz,Dela Paz,"Along F. Mariano, Brgy. Dela Paz",2024-09-02T10:30:00+08:00,"September 2, 2024 | 10:30AM",115,"Please be advised that the following roads are NOT PASSABLE to light vehicles due to significant flooding in the areas: | - Along F. Mariano, Brgy. Dela Paz",flood_observed,,,,NOT PASSABLE to light vehicles,candidate,,depth_not_reported,2024-09-02,docs/evaluations/flood-duration-pilot-20261004,NCR-2024-09-02,,,,,,,,,,,,
OBS-2832dc9cc96b24f1,PASIG-20240902-2100,c67d2bdf1831,https://pasigcity.gov.ph/news-and-releases/flood-update-september-2-2024-929,PASIG-2024-SEP02-03,Pasig,Dela Paz,Dela Paz,"Kabutihan St., Brgy. Dela Paz",2024-09-02T10:30:00+08:00,"September 2, 2024 | 10:30AM",116,"Please be advised that the following roads are NOT PASSABLE to light vehicles due to significant flooding in the areas: | - Kabutihan St., Brgy. Dela Paz",flood_observed,,,,NOT PASSABLE to light vehicles,candidate,,depth_not_reported,2024-09-02,docs/evaluations/flood-duration-pilot-20261004,NCR-2024-09-02,,,,,,,,,,,,
OBS-334be5b3e2a0bfba,PASIG-20240902-2100,c67d2bdf1831,https://pasigcity.gov.ph/news-and-releases/flood-update-september-2-2024-929,PASIG-2024-SEP02-03,Pasig,Santolan,Santolan,"Tawiran, Brgy. Santolan",2024-09-02T10:30:00+08:00,"September 2, 2024 | 10:30AM",117,"Please be advised that the following roads are NOT PASSABLE to light vehicles due to significant flooding in the areas: | - Tawiran, Brgy. Santolan",flood_observed,,,,NOT PASSABLE to light vehicles,candidate,,depth_not_reported,2024-09-02,docs/evaluations/flood-duration-pilot-20261004,NCR-2024-09-02,,,,,,,,,,,,
OBS-5a0cd546fdc1853e,PASIG-20240902-2100,c67d2bdf1831,https://pasigcity.gov.ph/news-and-releases/flood-update-september-2-2024-929,PASIG-2024-SEP02-03,Pasig,Manggahan,Manggahan,"Amsterdam corner Stockholm, Brgy. Manggahan",2024-09-02T10:30:00+08:00,"September 2, 2024 | 10:30AM",118,"Please be advised that the following roads are NOT PASSABLE to light vehicles due to significant flooding in the areas: | - Amsterdam corner Stockholm, Brgy. Manggahan",flood_observed,,,,NOT PASSABLE to light vehicles,candidate,,depth_not_reported,2024-09-02,docs/evaluations/flood-duration-pilot-20261004,NCR-2024-09-02,,,,,,,,,,,,
OBS-c6edb9da89360906,PASIG-20240902-2100,c67d2bdf1831,https://pasigcity.gov.ph/news-and-releases/flood-update-september-2-2024-929,PASIG-2024-SEP02-03,Pasig,Manggahan,Manggahan,"Washington cor Bern, Brgy. Manggahan",2024-09-02T10:30:00+08:00,"September 2, 2024 | 10:30AM",119,"Please be advised that the following roads are NOT PASSABLE to light vehicles due to significant flooding in the areas: | - Washington cor Bern, Brgy. Manggahan",flood_observed,,,,NOT PASSABLE to light vehicles,candidate,,depth_not_reported,2024-09-02,docs/evaluations/flood-duration-pilot-20261004,NCR-2024-09-02,,,,,,,,,,,,
OBS-11e9532e7dab7cae,PASIG-20240902-2100,c67d2bdf1831,https://pasigcity.gov.ph/news-and-releases/flood-update-september-2-2024-929,PASIG-2024-SEP02-03,Pasig,Manggahan,Manggahan,"Karangalan Gate 1 to Gate 5, Brgy. Manggahan",2024-09-02T10:30:00+08:00,"September 2, 2024 | 10:30AM",120,"Please be advised that the following roads are NOT PASSABLE to light vehicles due to significant flooding in the areas: | - Karangalan Gate 1 to Gate 5, Brgy. Manggahan",flood_observed,,,,NOT PASSABLE to light vehicles,candidate,,depth_not_reported,2024-09-02,docs/evaluations/flood-duration-pilot-20261004,NCR-2024-09-02,,,,,,,,,,,,
OBS-d451a589bbca5010,PASIG-20250723-0900,4a6617896d3e,https://pasigcity.gov.ph/news-and-releases/flood-update-as-of-0900am-july-23-2025-580,PASIG-2025-JUL21-25,Pasig,Rosario (in front of SM East Ortigas),Rosario,Dabba Brgy. Rosario (in front of SM East Ortigas),2025-07-23T09:00:00+08:00,"July 23, 2025 | as of 9:00AM",6,1. Dabba Brgy. Rosario (in front of SM East Ortigas) | Water Level: 1-2 inches,flood_observed,1-2 inches,2.54,5.08,,candidate,,,2025-07-23,docs/evaluations/flood-duration-pilot-20261004,NCR-2025-07-23,,,,,,,,,,,,
OBS-a89e862f04c333c3,PASIG-20250723-0900,4a6617896d3e,https://pasigcity.gov.ph/news-and-releases/flood-update-as-of-0900am-july-23-2025-580,PASIG-2025-JUL21-25,Pasig,Maybunga,Maybunga,"Blk. 1 to 9, Alley 1 to 40, Westbank Floodway, Brgy. Maybunga",2025-07-23T09:00:00+08:00,"July 23, 2025 | as of 9:00AM",10,"2. Blk. 1 to 9, Alley 1 to 40, Westbank Floodway, Brgy. Maybunga | Water Level: 12 inches",flood_observed,12 inches,30.48,30.48,,candidate,,,2025-07-23,docs/evaluations/flood-duration-pilot-20261004,NCR-2025-07-23,,,,,,,,,,,,
OBS-b3265151318ff4f7,PASIG-20250723-0900,4a6617896d3e,https://pasigcity.gov.ph/news-and-releases/flood-update-as-of-0900am-july-23-2025-580,PASIG-2025-JUL21-25,Pasig,Dela Paz,Dela Paz,Karangalan Phase 2 A Brgy. Dela Paz,2025-07-23T09:00:00+08:00,"July 23, 2025 | as of 9:00AM",14,3. Karangalan Phase 2 A Brgy. Dela Paz | Water Level: 2 feet,flood_observed,2 feet,60.96,60.96,,candidate,,,2025-07-23,docs/evaluations/flood-duration-pilot-20261004,NCR-2025-07-23,,,,,,,,,,,,
OBS-3975374ae73c57c5,PASIG-20250723-0900,4a6617896d3e,https://pasigcity.gov.ph/news-and-releases/flood-update-as-of-0900am-july-23-2025-580,PASIG-2025-JUL21-25,Pasig,San Miguel,San Miguel,"M. Eusebio Avenue, Brgy. San Miguel",2025-07-23T09:00:00+08:00,"July 23, 2025 | as of 9:00AM",18,"4. M. Eusebio Avenue, Brgy. San Miguel | Water Level: 4 - 5 inches",flood_observed,4 - 5 inches,10.16,12.7,,candidate,,,2025-07-23,docs/evaluations/flood-duration-pilot-20261004,NCR-2025-07-23,,,,,,,,,,,,
OBS-dd6ec37ebc196926,PASIG-20250723-0900,4a6617896d3e,https://pasigcity.gov.ph/news-and-releases/flood-update-as-of-0900am-july-23-2025-580,PASIG-2025-JUL21-25,Pasig,Manggahan,Manggahan,"Kaginhawaan Gate 5, Brgy. Manggahan",2025-07-23T09:00:00+08:00,"July 23, 2025 | as of 9:00AM",22,"5. Kaginhawaan Gate 5, Brgy. Manggahan | Water Level: Gutter deep",flood_observed,Gutter deep,,,,candidate,,qualitative_depth_no_numeric_conversion,2025-07-23,docs/evaluations/flood-duration-pilot-20261004,NCR-2025-07-23,,,,,,,,,,,,
OBS-4bbd1d1c11a33cba,PASIG-20250723-0900,4a6617896d3e,https://pasigcity.gov.ph/news-and-releases/flood-update-as-of-0900am-july-23-2025-580,PASIG-2025-JUL21-25,Pasig,Manggahan,Manggahan,"Kaunlaran St., Brgy. Manggahan",2025-07-23T09:00:00+08:00,"July 23, 2025 | as of 9:00AM",24,"6. Kaunlaran St., Brgy. Manggahan | Water Level: Gutter deep",flood_observed,Gutter deep,,,,candidate,,qualitative_depth_no_numeric_conversion,2025-07-23,docs/evaluations/flood-duration-pilot-20261004,NCR-2025-07-23,,,,,,,,,,,,
OBS-183ecb93c89b72b0,PASIG-20250723-0900,4a6617896d3e,https://pasigcity.gov.ph/news-and-releases/flood-update-as-of-0900am-july-23-2025-580,PASIG-2025-JUL21-25,Pasig,Manggahan,Manggahan,"1st Street, Trinidad Homes, Brgy. Manggahan",2025-07-23T09:00:00+08:00,"July 23, 2025 | as of 9:00AM",26,"7. 1st Street, Trinidad Homes, Brgy. Manggahan | Water Level: Gutter deep",flood_observed,Gutter deep,,,,candidate,,qualitative_depth_no_numeric_conversion,2025-07-23,docs/evaluations/flood-duration-pilot-20261004,NCR-2025-07-23,,,,,,,,,,,,
OBS-a7143827b25c0a07,PASIG-20250723-0900,4a6617896d3e,https://pasigcity.gov.ph/news-and-releases/flood-update-as-of-0900am-july-23-2025-580,PASIG-2025-JUL21-25,Pasig,Manggahan,Manggahan,"2nd Street, Trinidad Homes, Brgy. Manggahan",2025-07-23T09:00:00+08:00,"July 23, 2025 | as of 9:00AM",28,"8. 2nd Street, Trinidad Homes, Brgy. Manggahan | Water Level: Gutter deep",flood_observed,Gutter deep,,,,candidate,,qualitative_depth_no_numeric_conversion,2025-07-23,docs/evaluations/flood-duration-pilot-20261004,NCR-2025-07-23,,,,,,,,,,,,
OBS-c1ab7cbdb9ba37e9,PASIG-20250723-0900,4a6617896d3e,https://pasigcity.gov.ph/news-and-releases/flood-update-as-of-0900am-july-23-2025-580,PASIG-2025-JUL21-25,Pasig,Manggahan,Manggahan,"Kabayanihan corner Karikitan, Karangalan Village, Brgy. Manggahan",2025-07-23T09:00:00+08:00,"July 23, 2025 | as of 9:00AM",30,"9. Kabayanihan corner Karikitan, Karangalan Village, Brgy. Manggahan | Water Level: Gutter deep",flood_observed,Gutter deep,,,,candidate,,qualitative_depth_no_numeric_conversion,2025-07-23,docs/evaluations/flood-duration-pilot-20261004,NCR-2025-07-23,,,,,,,,,,,,
OBS-2bc36c2ba28267f4,PASIG-20250723-0900,4a6617896d3e,https://pasigcity.gov.ph/news-and-releases/flood-update-as-of-0900am-july-23-2025-580,PASIG-2025-JUL21-25,Pasig,Manggahan,Manggahan,Buenas Market Imelda Ave. Brgy. Manggahan,2025-07-23T09:00:00+08:00,"July 23, 2025 | as of 9:00AM",32,10. Buenas Market Imelda Ave. Brgy. Manggahan | Water Level: Gutter deep,flood_observed,Gutter deep,,,,candidate,,qualitative_depth_no_numeric_conversion,2025-07-23,docs/evaluations/flood-duration-pilot-20261004,NCR-2025-07-23,,,,,,,,,,,,
OBS-4f61e9720e7f0c10,PASIG-20250723-0900,4a6617896d3e,https://pasigcity.gov.ph/news-and-releases/flood-update-as-of-0900am-july-23-2025-580,PASIG-2025-JUL21-25,Pasig,Rosario (in front of SM East Ortigas),Rosario,Dabba Brgy. Rosario (in front of SM East Ortigas),2025-07-23T08:00:00+08:00,"July 23, 2025 | as of 8:00AM",39,1. Dabba Brgy. Rosario (in front of SM East Ortigas) | Water Level: 1-2 inches,flood_observed,1-2 inches,2.54,5.08,,candidate,,,2025-07-23,docs/evaluations/flood-duration-pilot-20261004,NCR-2025-07-23,,,,,,,,,,,,
OBS-67506f6cb148c643,PASIG-20250723-0900,4a6617896d3e,https://pasigcity.gov.ph/news-and-releases/flood-update-as-of-0900am-july-23-2025-580,PASIG-2025-JUL21-25,Pasig,Maybunga,Maybunga,"Blk. 1 to 9, Alley 1 to 40, Westbank Floodway, Brgy. Maybunga",2025-07-23T08:00:00+08:00,"July 23, 2025 | as of 8:00AM",43,"2. Blk. 1 to 9, Alley 1 to 40, Westbank Floodway, Brgy. Maybunga | Water Level: 12 inches",flood_observed,12 inches,30.48,30.48,,candidate,,,2025-07-23,docs/evaluations/flood-duration-pilot-20261004,NCR-2025-07-23,,,,,,,,,,,,
OBS-8794485b381db443,PASIG-20250723-0900,4a6617896d3e,https://pasigcity.gov.ph/news-and-releases/flood-update-as-of-0900am-july-23-2025-580,PASIG-2025-JUL21-25,Pasig,Dela Paz,Dela Paz,Karangalan Phase 2 A Brgy. Dela Paz,2025-07-23T08:00:00+08:00,"July 23, 2025 | as of 8:00AM",47,3. Karangalan Phase 2 A Brgy. Dela Paz | Water Level: 2 feet,flood_observed,2 feet,60.96,60.96,,candidate,,,2025-07-23,docs/evaluations/flood-duration-pilot-20261004,NCR-2025-07-23,,,,,,,,,,,,
OBS-22eb424ef418e485,PASIG-20250723-0900,4a6617896d3e,https://pasigcity.gov.ph/news-and-releases/flood-update-as-of-0900am-july-23-2025-580,PASIG-2025-JUL21-25,Pasig,San Miguel,San Miguel,"M.Eusebio Avenue, Brgy. San Miguel",2025-07-23T08:00:00+08:00,"July 23, 2025 | as of 8:00AM",51,"4. M.Eusebio Avenue, Brgy. San Miguel | Water Level: 4 - 5 inches",flood_observed,4 - 5 inches,10.16,12.7,,candidate,,,2025-07-23,docs/evaluations/flood-duration-pilot-20261004,NCR-2025-07-23,,,,,,,,,,,,
OBS-e0be5b5c397527ab,PASIG-20250725-2330,70611da8f9e6,https://pasigcity.gov.ph/news-and-releases/flood-update-as-of-1130pm-july-25-2025-533,PASIG-2025-JUL21-25,Pasig,Sumilang,Sumilang,"Dos De Julio, Brgy. Sumilang",2025-07-25T23:30:00+08:00,"July 25, 2025 | as of 11:30PM",5,"1. Dos De Julio, Brgy. Sumilang | Water Level: 3 - 4 inches (7.62 - 10.16 cm)",flood_observed,3 - 4 inches (7.62 - 10.16 cm),7.62,10.16,,candidate,,,2025-07-25,docs/evaluations/flood-duration-pilot-20261004,NCR-2025-07-25,,,,,,,,,,,,
OBS-ef5d6fd264e72320,PASIG-20250725-2330,70611da8f9e6,https://pasigcity.gov.ph/news-and-releases/flood-update-as-of-1130pm-july-25-2025-533,PASIG-2025-JUL21-25,Pasig,Sumilang,Sumilang,"Katwiran St., Brgy. Sumilang",2025-07-25T23:30:00+08:00,"July 25, 2025 | as of 11:30PM",7,"2. Katwiran St., Brgy. Sumilang | Water Level: 3 - 4 inches (7.62 - 10.16 cm)",flood_observed,3 - 4 inches (7.62 - 10.16 cm),7.62,10.16,,candidate,,,2025-07-25,docs/evaluations/flood-duration-pilot-20261004,NCR-2025-07-25,,,,,,,,,,,,
OBS-40cf10db436496d0,PASIG-20250725-2330,70611da8f9e6,https://pasigcity.gov.ph/news-and-releases/flood-update-as-of-1130pm-july-25-2025-533,PASIG-2025-JUL21-25,Pasig,Sumilang,Sumilang,"Magtanggol St., Brgy. Sumilang",2025-07-25T23:30:00+08:00,"July 25, 2025 | as of 11:30PM",9,"3. Magtanggol St., Brgy. Sumilang | Water Level: 3 - 4 inches (7.62 - 10.16 cm)",flood_observed,3 - 4 inches (7.62 - 10.16 cm),7.62,10.16,,candidate,,,2025-07-25,docs/evaluations/flood-duration-pilot-20261004,NCR-2025-07-25,,,,,,,,,,,,
OBS-c34db11e8e26600d,PASIG-20250725-2330,70611da8f9e6,https://pasigcity.gov.ph/news-and-releases/flood-update-as-of-1130pm-july-25-2025-533,PASIG-2025-JUL21-25,Pasig,Bagong Ilog,Bagong Ilog,"Sgt. Pascua St., Tawiran, Brgy. Bagong Ilog",2025-07-25T23:30:00+08:00,"July 25, 2025 | as of 11:30PM",11,"4. Sgt. Pascua St., Tawiran, Brgy. Bagong Ilog | Water Level: 7 inches (17.78 cm)",flood_observed,7 inches (17.78 cm),17.78,17.78,,candidate,,,2025-07-25,docs/evaluations/flood-duration-pilot-20261004,NCR-2025-07-25,,,,,,,,,,,,
OBS-9f63859eaa1fc0f7,PASIG-20250725-2330,70611da8f9e6,https://pasigcity.gov.ph/news-and-releases/flood-update-as-of-1130pm-july-25-2025-533,PASIG-2025-JUL21-25,Pasig,Sumilang,Sumilang,"Dos De Julio, Brgy. Sumilang",2025-07-25T21:30:00+08:00,"July 25, 2025 | as of 09:30PM",17,"1. Dos De Julio, Brgy. Sumilang | Water Level: 7 inches (17.78 cm)",flood_observed,7 inches (17.78 cm),17.78,17.78,,candidate,,,2025-07-25,docs/evaluations/flood-duration-pilot-20261004,NCR-2025-07-25,,,,,,,,,,,,
OBS-e27463d641bb793a,PASIG-20250725-2330,70611da8f9e6,https://pasigcity.gov.ph/news-and-releases/flood-update-as-of-1130pm-july-25-2025-533,PASIG-2025-JUL21-25,Pasig,Sumilang,Sumilang,"Katwiran St., Brgy. Sumilang",2025-07-25T21:30:00+08:00,"July 25, 2025 | as of 09:30PM",19,"2. Katwiran St., Brgy. Sumilang | Water Level: 7 inches (17.78 cm)",flood_observed,7 inches (17.78 cm),17.78,17.78,,candidate,,,2025-07-25,docs/evaluations/flood-duration-pilot-20261004,NCR-2025-07-25,,,,,,,,,,,,
OBS-b70c0bb95977640f,PASIG-20250725-2330,70611da8f9e6,https://pasigcity.gov.ph/news-and-releases/flood-update-as-of-1130pm-july-25-2025-533,PASIG-2025-JUL21-25,Pasig,Sumilang,Sumilang,"Kalayaan St., Brgy. Sumilang",2025-07-25T21:30:00+08:00,"July 25, 2025 | as of 09:30PM",21,"3. Kalayaan St., Brgy. Sumilang | Water Level: 7 inches (17.78 cm)",flood_observed,7 inches (17.78 cm),17.78,17.78,,candidate,,,2025-07-25,docs/evaluations/flood-duration-pilot-20261004,NCR-2025-07-25,,,,,,,,,,,,
OBS-c5ced1b3960bb8a6,PASIG-20250725-2330,70611da8f9e6,https://pasigcity.gov.ph/news-and-releases/flood-update-as-of-1130pm-july-25-2025-533,PASIG-2025-JUL21-25,Pasig,Sumilang,Sumilang,"Magtanggol St., Brgy. Sumilang",2025-07-25T21:30:00+08:00,"July 25, 2025 | as of 09:30PM",23,"4. Magtanggol St., Brgy. Sumilang | Water Level: 3 inches (7.62 cm)",flood_observed,3 inches (7.62 cm),7.62,7.62,,candidate,,,2025-07-25,docs/evaluations/flood-duration-pilot-20261004,NCR-2025-07-25,,,,,,,,,,,,
OBS-b67d22f589292a23,PASIG-20250725-2330,70611da8f9e6,https://pasigcity.gov.ph/news-and-releases/flood-update-as-of-1130pm-july-25-2025-533,PASIG-2025-JUL21-25,Pasig,Bagong Ilog,Bagong Ilog,"Sgt. Pascua St., Tawiran, Brgy. Bagong Ilog",2025-07-25T21:30:00+08:00,"July 25, 2025 | as of 09:30PM",25,"5. Sgt. Pascua St., Tawiran, Brgy. Bagong Ilog | Water Level: 7 inches (17.78 cm)",flood_observed,7 inches (17.78 cm),17.78,17.78,,candidate,,,2025-07-25,docs/evaluations/flood-duration-pilot-20261004,NCR-2025-07-25,,,,,,,,,,,,
OBS-15ee6e5de233ea7d,PASIG-20250725-2330,70611da8f9e6,https://pasigcity.gov.ph/news-and-releases/flood-update-as-of-1130pm-july-25-2025-533,PASIG-2025-JUL21-25,Pasig,Sumilang,Sumilang,"Purok 6, Brgy. Sumilang",2025-07-25T20:30:00+08:00,"July 25, 2025 | as of 08:30PM",31,"1. Purok 6, Brgy. Sumilang | Water Level: 7 inches (17.78 cm)",flood_observed,7 inches (17.78 cm),17.78,17.78,,candidate,,,2025-07-25,docs/evaluations/flood-duration-pilot-20261004,NCR-2025-07-25,,,,,,,,,,,,
OBS-df11df5079d1e334,PASIG-20250725-2330,70611da8f9e6,https://pasigcity.gov.ph/news-and-releases/flood-update-as-of-1130pm-july-25-2025-533,PASIG-2025-JUL21-25,Pasig,Sumilang,Sumilang,"Dos De Julio, Brgy. Sumilang",2025-07-25T20:30:00+08:00,"July 25, 2025 | as of 08:30PM",33,"2. Dos De Julio, Brgy. Sumilang | Water Level: 7 inches (17.78 cm)",flood_observed,7 inches (17.78 cm),17.78,17.78,,candidate,,,2025-07-25,docs/evaluations/flood-duration-pilot-20261004,NCR-2025-07-25,,,,,,,,,,,,
OBS-b28e87c7fad7bdf3,PASIG-20250725-2330,70611da8f9e6,https://pasigcity.gov.ph/news-and-releases/flood-update-as-of-1130pm-july-25-2025-533,PASIG-2025-JUL21-25,Pasig,Sumilang,Sumilang,"Katwiran St., Brgy. Sumilang",2025-07-25T20:30:00+08:00,"July 25, 2025 | as of 08:30PM",35,"3. Katwiran St., Brgy. Sumilang | Water Level: 7 inches (17.78 cm)",flood_observed,7 inches (17.78 cm),17.78,17.78,,candidate,,,2025-07-25,docs/evaluations/flood-duration-pilot-20261004,NCR-2025-07-25,,,,,,,,,,,,
OBS-e88df515e4177597,PASIG-20250725-2330,70611da8f9e6,https://pasigcity.gov.ph/news-and-releases/flood-update-as-of-1130pm-july-25-2025-533,PASIG-2025-JUL21-25,Pasig,Sumilang,Sumilang,"Kalayaan St., Brgy. Sumilang",2025-07-25T20:30:00+08:00,"July 25, 2025 | as of 08:30PM",37,"4. Kalayaan St., Brgy. Sumilang | Water Level: 7 inches (17.78 cm)",flood_observed,7 inches (17.78 cm),17.78,17.78,,candidate,,,2025-07-25,docs/evaluations/flood-duration-pilot-20261004,NCR-2025-07-25,,,,,,,,,,,,
OBS-5d83a861288edeb2,PASIG-20250725-2330,70611da8f9e6,https://pasigcity.gov.ph/news-and-releases/flood-update-as-of-1130pm-july-25-2025-533,PASIG-2025-JUL21-25,Pasig,Sumilang,Sumilang,"Magtanggol St., Brgy. Sumilang",2025-07-25T20:30:00+08:00,"July 25, 2025 | as of 08:30PM",39,"5. Magtanggol St., Brgy. Sumilang | Water Level: 7 inches (17.78 cm)",flood_observed,7 inches (17.78 cm),17.78,17.78,,candidate,,,2025-07-25,docs/evaluations/flood-duration-pilot-20261004,NCR-2025-07-25,,,,,,,,,,,,
OBS-713d35da3e1cbdb7,PASIG-20250725-2330,70611da8f9e6,https://pasigcity.gov.ph/news-and-releases/flood-update-as-of-1130pm-july-25-2025-533,PASIG-2025-JUL21-25,Pasig,Bagong Ilog,Bagong Ilog,"Sgt. Pascua St., Tawiran, Brgy. Bagong Ilog",2025-07-25T20:30:00+08:00,"July 25, 2025 | as of 08:30PM",41,"6. Sgt. Pascua St., Tawiran, Brgy. Bagong Ilog | Water Level: 7 inches (17.78 cm)",flood_observed,7 inches (17.78 cm),17.78,17.78,,candidate,,,2025-07-25,docs/evaluations/flood-duration-pilot-20261004,NCR-2025-07-25,,,,,,,,,,,,
OBS-72d7ae1c5615d91d,PASIG-20250725-2330,70611da8f9e6,https://pasigcity.gov.ph/news-and-releases/flood-update-as-of-1130pm-july-25-2025-533,PASIG-2025-JUL21-25,Pasig,Sumilang,Sumilang,"Purok 6, Brgy. Sumilang",2025-07-25T18:30:00+08:00,"July 25, 2025 | as of 06:30PM",47,"1. Purok 6, Brgy. Sumilang | Water Level: 7 inches (17.78 cm)",flood_observed,7 inches (17.78 cm),17.78,17.78,,candidate,,,2025-07-25,docs/evaluations/flood-duration-pilot-20261004,NCR-2025-07-25,,,,,,,,,,,,
OBS-e2a01e7fef9548a9,PASIG-20250725-2330,70611da8f9e6,https://pasigcity.gov.ph/news-and-releases/flood-update-as-of-1130pm-july-25-2025-533,PASIG-2025-JUL21-25,Pasig,Sumilang,Sumilang,"Dos De Julio, Brgy. Sumilang",2025-07-25T18:30:00+08:00,"July 25, 2025 | as of 06:30PM",49,"2. Dos De Julio, Brgy. Sumilang | Water Level: 7 inches (17.78 cm)",flood_observed,7 inches (17.78 cm),17.78,17.78,,candidate,,,2025-07-25,docs/evaluations/flood-duration-pilot-20261004,NCR-2025-07-25,,,,,,,,,,,,
OBS-0f98b33dc3999445,PASIG-20250725-2330,70611da8f9e6,https://pasigcity.gov.ph/news-and-releases/flood-update-as-of-1130pm-july-25-2025-533,PASIG-2025-JUL21-25,Pasig,Sumilang,Sumilang,"Katwiran St., Brgy. Sumilang",2025-07-25T18:30:00+08:00,"July 25, 2025 | as of 06:30PM",51,"3. Katwiran St., Brgy. Sumilang | Water Level: 7 inches (17.78 cm)",flood_observed,7 inches (17.78 cm),17.78,17.78,,candidate,,,2025-07-25,docs/evaluations/flood-duration-pilot-20261004,NCR-2025-07-25,,,,,,,,,,,,
OBS-fd6bf967c25aef14,PASIG-20250725-2330,70611da8f9e6,https://pasigcity.gov.ph/news-and-releases/flood-update-as-of-1130pm-july-25-2025-533,PASIG-2025-JUL21-25,Pasig,Sumilang,Sumilang,"Kalayaan St., Brgy. Sumilang",2025-07-25T18:30:00+08:00,"July 25, 2025 | as of 06:30PM",53,"4. Kalayaan St., Brgy. Sumilang | Water Level: 7 inches (17.78 cm)",flood_observed,7 inches (17.78 cm),17.78,17.78,,candidate,,,2025-07-25,docs/evaluations/flood-duration-pilot-20261004,NCR-2025-07-25,,,,,,,,,,,,
OBS-34b07eca464a22d0,PASIG-20250725-2330,70611da8f9e6,https://pasigcity.gov.ph/news-and-releases/flood-update-as-of-1130pm-july-25-2025-533,PASIG-2025-JUL21-25,Pasig,Sumilang,Sumilang,"Magtanggol St., Brgy. Sumilang",2025-07-25T18:30:00+08:00,"July 25, 2025 | as of 06:30PM",55,"5. Magtanggol St., Brgy. Sumilang | Water Level: 7 inches (17.78 cm)",flood_observed,7 inches (17.78 cm),17.78,17.78,,candidate,,,2025-07-25,docs/evaluations/flood-duration-pilot-20261004,NCR-2025-07-25,,,,,,,,,,,,
OBS-e7867df23e58f800,PASIG-20260829-2030,83cb52829260,https://pasigcity.gov.ph/news-and-releases/southwest-monsoon-habagat-flood-update-as-of-830-pm-of-august-29-2026-903,PASIG-2026-AUG29-30,Pasig,Dela Paz,Dela Paz,Kabutihan St.,2026-08-29T20:30:00+08:00,"As of 08:30PM | August 29, 2026",6,1. Kabutihan St. | Water Level: 12.7 cm (6 inches) | Remarks: Passable to motorcycles and cars (sedan),flood_observed,12.7 cm (6 inches),,,Remarks: Passable to motorcycles and cars (sedan),candidate,,source_alternate_units_disagree,2026-08-29,docs/evaluations/flood-duration-pilot-20261004,NCR-2026-08-29,,,,,,,,,,,,
OBS-487c6f56317e33a0,PASIG-20260829-2030,83cb52829260,https://pasigcity.gov.ph/news-and-releases/southwest-monsoon-habagat-flood-update-as-of-830-pm-of-august-29-2026-903,PASIG-2026-AUG29-30,Pasig,Dela Paz,Dela Paz,Santiago Katipiran cor. Yap Compound,2026-08-29T20:30:00+08:00,"As of 08:30PM | August 29, 2026",9,2. Santiago Katipiran cor. Yap Compound | Water Level: 60.96 cm (24 inches) | Remarks: Not passable to motorcycles and cars (sedan),flood_observed,60.96 cm (24 inches),60.96,60.96,Remarks: Not passable to motorcycles and cars (sedan),candidate,,,2026-08-29,docs/evaluations/flood-duration-pilot-20261004,NCR-2026-08-29,,,,,,,,,,,,
OBS-a2c71aed901c649b,PASIG-20260829-2030,83cb52829260,https://pasigcity.gov.ph/news-and-releases/southwest-monsoon-habagat-flood-update-as-of-830-pm-of-august-29-2026-903,PASIG-2026-AUG29-30,Pasig,Dela Paz,Dela Paz,Katipiran cor. K118 Dela Paz,2026-08-29T20:30:00+08:00,"As of 08:30PM | August 29, 2026",12,3. Katipiran cor. K118 Dela Paz | Water Level: 10.16 cm (4 inches) | Remarks: Passable to motorcycles and cars (sedan),flood_observed,10.16 cm (4 inches),10.16,10.16,Remarks: Passable to motorcycles and cars (sedan),candidate,,,2026-08-29,docs/evaluations/flood-duration-pilot-20261004,NCR-2026-08-29,,,,,,,,,,,,
OBS-31cac35d3c82127e,PASIG-20260829-2030,83cb52829260,https://pasigcity.gov.ph/news-and-releases/southwest-monsoon-habagat-flood-update-as-of-830-pm-of-august-29-2026-903,PASIG-2026-AUG29-30,Pasig,Manggahan,Manggahan,Kabayanihan St.,2026-08-29T20:30:00+08:00,"As of 08:30PM | August 29, 2026",16,1. Kabayanihan St. | Water Level: 5.00cm (2 inches) | Remarks: Passable to motorcycles and cars (sedan),flood_observed,5.00cm (2 inches),5.0,5.0,Remarks: Passable to motorcycles and cars (sedan),candidate,,,2026-08-29,docs/evaluations/flood-duration-pilot-20261004,NCR-2026-08-29,,,,,,,,,,,,
OBS-6149773b4430e7b9,PASIG-20260829-2030,83cb52829260,https://pasigcity.gov.ph/news-and-releases/southwest-monsoon-habagat-flood-update-as-of-830-pm-of-august-29-2026-903,PASIG-2026-AUG29-30,Pasig,Manggahan,Manggahan,Magsaysay St. (near INC Church),2026-08-29T20:30:00+08:00,"As of 08:30PM | August 29, 2026",19,2. Magsaysay St. (near INC Church) | Water Level: 5.00cm (2 inches) | Remarks: Passable to motorcycles and cars (sedan),flood_observed,5.00cm (2 inches),5.0,5.0,Remarks: Passable to motorcycles and cars (sedan),candidate,,,2026-08-29,docs/evaluations/flood-duration-pilot-20261004,NCR-2026-08-29,,,,,,,,,,,,
OBS-7580c0b7733fff5e,PASIG-20260829-2030,83cb52829260,https://pasigcity.gov.ph/news-and-releases/southwest-monsoon-habagat-flood-update-as-of-830-pm-of-august-29-2026-903,PASIG-2026-AUG29-30,Pasig,Manggahan,Manggahan,"Metroville Subd., Karangalan",2026-08-29T20:30:00+08:00,"As of 08:30PM | August 29, 2026",22,"3. Metroville Subd., Karangalan | Water Level: 10.64cm (4 inches) | Remarks: Passable to motorcycles and cars (sedan)",flood_observed,10.64cm (4 inches),10.64,10.64,Remarks: Passable to motorcycles and cars (sedan),candidate,,,2026-08-29,docs/evaluations/flood-duration-pilot-20261004,NCR-2026-08-29,,,,,,,,,,,,
OBS-7ed929e634d83fdd,PASIG-20260829-2030,83cb52829260,https://pasigcity.gov.ph/news-and-releases/southwest-monsoon-habagat-flood-update-as-of-830-pm-of-august-29-2026-903,PASIG-2026-AUG29-30,Pasig,Manggahan,Manggahan,Metroville Pedro S. Pasco Ave.,2026-08-29T20:30:00+08:00,"As of 08:30PM | August 29, 2026",25,4. Metroville Pedro S. Pasco Ave. | Water Level: 12.7cm (5 inches) | Remarks: Passable to motorcycles and cars (sedan),flood_observed,12.7cm (5 inches),12.7,12.7,Remarks: Passable to motorcycles and cars (sedan),candidate,,,2026-08-29,docs/evaluations/flood-duration-pilot-20261004,NCR-2026-08-29,,,,,,,,,,,,
OBS-c758b35f15734624,PASIG-20260829-2030,83cb52829260,https://pasigcity.gov.ph/news-and-releases/southwest-monsoon-habagat-flood-update-as-of-830-pm-of-august-29-2026-903,PASIG-2026-AUG29-30,Pasig,Manggahan,Manggahan,Soliven cor. Prague,2026-08-29T20:30:00+08:00,"As of 08:30PM | August 29, 2026",28,5. Soliven cor. Prague | Water Level: 60.96 cm (24 inches) | Remarks: Not passable to motorcycles and cars (sedan),flood_observed,60.96 cm (24 inches),60.96,60.96,Remarks: Not passable to motorcycles and cars (sedan),candidate,,,2026-08-29,docs/evaluations/flood-duration-pilot-20261004,NCR-2026-08-29,,,,,,,,,,,,
OBS-87d5aee2b6f5c60e,PASIG-20260829-2030,83cb52829260,https://pasigcity.gov.ph/news-and-releases/southwest-monsoon-habagat-flood-update-as-of-830-pm-of-august-29-2026-903,PASIG-2026-AUG29-30,Pasig,Manggahan,Manggahan,Villa Luz St. cor. St. Paul St.,2026-08-29T20:30:00+08:00,"As of 08:30PM | August 29, 2026",31,6. Villa Luz St. cor. St. Paul St. | Water Level: 12.7cm (5 inches) | Remarks: Passable to motorcycles and cars (sedan),flood_observed,12.7cm (5 inches),12.7,12.7,Remarks: Passable to motorcycles and cars (sedan),candidate,,,2026-08-29,docs/evaluations/flood-duration-pilot-20261004,NCR-2026-08-29,,,,,,,,,,,,
OBS-7de7c79f35f64fc1,PASIG-20260829-2030,83cb52829260,https://pasigcity.gov.ph/news-and-releases/southwest-monsoon-habagat-flood-update-as-of-830-pm-of-august-29-2026-903,PASIG-2026-AUG29-30,Pasig,Manggahan,Manggahan,Capetown cor. San Salvador,2026-08-29T20:30:00+08:00,"As of 08:30PM | August 29, 2026",34,7. Capetown cor. San Salvador | Water Level: 12.7cm (5 inches) | Remarks: Passable to motorcycles and cars (sedan),flood_observed,12.7cm (5 inches),12.7,12.7,Remarks: Passable to motorcycles and cars (sedan),candidate,,,2026-08-29,docs/evaluations/flood-duration-pilot-20261004,NCR-2026-08-29,,,,,,,,,,,,
OBS-abaf5fcd91345e9a,PASIG-20260829-2030,83cb52829260,https://pasigcity.gov.ph/news-and-releases/southwest-monsoon-habagat-flood-update-as-of-830-pm-of-august-29-2026-903,PASIG-2026-AUG29-30,Pasig,Manggahan,Manggahan,Panama St. Cor Paris,2026-08-29T20:30:00+08:00,"As of 08:30PM | August 29, 2026",37,8. Panama St. Cor Paris | Water Level: 5.00cm (2 inches) | Remarks: Passable to motorcycles and cars (sedan),flood_observed,5.00cm (2 inches),5.0,5.0,Remarks: Passable to motorcycles and cars (sedan),candidate,,,2026-08-29,docs/evaluations/flood-duration-pilot-20261004,NCR-2026-08-29,,,,,,,,,,,,
OBS-9050084ebdb55850,PASIG-20260829-2030,83cb52829260,https://pasigcity.gov.ph/news-and-releases/southwest-monsoon-habagat-flood-update-as-of-830-pm-of-august-29-2026-903,PASIG-2026-AUG29-30,Pasig,Manggahan,Manggahan,"Soliven St. Cor Copenhagen, Greenpark",2026-08-29T20:30:00+08:00,"As of 08:30PM | August 29, 2026",40,"9. Soliven St. Cor Copenhagen, Greenpark | Water Level: 20 cm (8 inches) | Remarks: Passable to motorcycles and cars (sedan)",flood_observed,20 cm (8 inches),,,Remarks: Passable to motorcycles and cars (sedan),candidate,,source_alternate_units_disagree,2026-08-29,docs/evaluations/flood-duration-pilot-20261004,NCR-2026-08-29,,,,,,,,,,,,
OBS-f9c79020337403d9,PASIG-20260829-2030,83cb52829260,https://pasigcity.gov.ph/news-and-releases/southwest-monsoon-habagat-flood-update-as-of-830-pm-of-august-29-2026-903,PASIG-2026-AUG29-30,Pasig,Manggahan,Manggahan,"Kingstone St. cor Parish St., Greenpark",2026-08-29T20:30:00+08:00,"As of 08:30PM | August 29, 2026",43,"10. Kingstone St. cor Parish St., Greenpark | Water Level: 20 cm (8 inches) | Remarks: Passable to motorcycles and cars (sedan)",flood_observed,20 cm (8 inches),,,Remarks: Passable to motorcycles and cars (sedan),candidate,,source_alternate_units_disagree,2026-08-29,docs/evaluations/flood-duration-pilot-20261004,NCR-2026-08-29,,,,,,,,,,,,
OBS-3b7133df1d78e26b,PASIG-20260829-2030,83cb52829260,https://pasigcity.gov.ph/news-and-releases/southwest-monsoon-habagat-flood-update-as-of-830-pm-of-august-29-2026-903,PASIG-2026-AUG29-30,Pasig,Manggahan,Manggahan,Panama cor. Stockholm,2026-08-29T20:30:00+08:00,"As of 08:30PM | August 29, 2026",46,11. Panama cor. Stockholm | Water Level: 20 cm (8 inches) | Remarks: Passable to motorcycles and cars (sedan),flood_observed,20 cm (8 inches),,,Remarks: Passable to motorcycles and cars (sedan),candidate,,source_alternate_units_disagree,2026-08-29,docs/evaluations/flood-duration-pilot-20261004,NCR-2026-08-29,,,,,,,,,,,,
OBS-53c2955706defee1,PASIG-20260829-2030,83cb52829260,https://pasigcity.gov.ph/news-and-releases/southwest-monsoon-habagat-flood-update-as-of-830-pm-of-august-29-2026-903,PASIG-2026-AUG29-30,Pasig,Manggahan,Manggahan,"Moscow St. cor Brazil, Greenpark",2026-08-29T20:30:00+08:00,"As of 08:30PM | August 29, 2026",49,"12. Moscow St. cor Brazil, Greenpark | Water Level: 20 cm (8 inches) | Remarks: Passable to motorcycles and cars (sedan)",flood_observed,20 cm (8 inches),,,Remarks: Passable to motorcycles and cars (sedan),candidate,,source_alternate_units_disagree,2026-08-29,docs/evaluations/flood-duration-pilot-20261004,NCR-2026-08-29,,,,,,,,,,,,
OBS-8dd152706a6cdde9,PASIG-20260829-2030,83cb52829260,https://pasigcity.gov.ph/news-and-releases/southwest-monsoon-habagat-flood-update-as-of-830-pm-of-august-29-2026-903,PASIG-2026-AUG29-30,Pasig,Manggahan,Manggahan,Belfast St.,2026-08-29T20:30:00+08:00,"As of 08:30PM | August 29, 2026",52,13. Belfast St. | Water Level: 20 cm (8 inches) | Remarks: Passable to motorcycles and cars (sedan),flood_observed,20 cm (8 inches),,,Remarks: Passable to motorcycles and cars (sedan),candidate,,source_alternate_units_disagree,2026-08-29,docs/evaluations/flood-duration-pilot-20261004,NCR-2026-08-29,,,,,,,,,,,,
OBS-f47cddde43ac8cbc,PASIG-20260829-2030,83cb52829260,https://pasigcity.gov.ph/news-and-releases/southwest-monsoon-habagat-flood-update-as-of-830-pm-of-august-29-2026-903,PASIG-2026-AUG29-30,Pasig,Manggahan,Manggahan,Rome St.,2026-08-29T20:30:00+08:00,"As of 08:30PM | August 29, 2026",55,14. Rome St. | Water Level: 20 cm (8 inches) | Remarks: Passable to motorcycles and cars (sedan),flood_observed,20 cm (8 inches),,,Remarks: Passable to motorcycles and cars (sedan),candidate,,source_alternate_units_disagree,2026-08-29,docs/evaluations/flood-duration-pilot-20261004,NCR-2026-08-29,,,,,,,,,,,,
OBS-440c06f7ffae64b3,PASIG-20260829-2030,83cb52829260,https://pasigcity.gov.ph/news-and-releases/southwest-monsoon-habagat-flood-update-as-of-830-pm-of-august-29-2026-903,PASIG-2026-AUG29-30,Pasig,Manggahan,Manggahan,Moscow,2026-08-29T20:30:00+08:00,"As of 08:30PM | August 29, 2026",58,15. Moscow | Water Level: 20 cm (8 inches) | Remarks: Passable to motorcycles and cars (sedan),flood_observed,20 cm (8 inches),,,Remarks: Passable to motorcycles and cars (sedan),candidate,,source_alternate_units_disagree,2026-08-29,docs/evaluations/flood-duration-pilot-20261004,NCR-2026-08-29,,,,,,,,,,,,
OBS-02ddcc95c26f6e4a,PASIG-20260829-2030,83cb52829260,https://pasigcity.gov.ph/news-and-releases/southwest-monsoon-habagat-flood-update-as-of-830-pm-of-august-29-2026-903,PASIG-2026-AUG29-30,Pasig,Manggahan,Manggahan,Kaginhawaan St. going to Felix Ave.,2026-08-29T20:30:00+08:00,"As of 08:30PM | August 29, 2026",61,16. Kaginhawaan St. going to Felix Ave. | Water Level: 10.16 cm (4 inches) | Remarks: Passable to motorcycles and cars (sedan),flood_observed,10.16 cm (4 inches),10.16,10.16,Remarks: Passable to motorcycles and cars (sedan),candidate,,,2026-08-29,docs/evaluations/flood-duration-pilot-20261004,NCR-2026-08-29,,,,,,,,,,,,
OBS-5ef38a2f688ef4e5,PASIG-20260829-2030,83cb52829260,https://pasigcity.gov.ph/news-and-releases/southwest-monsoon-habagat-flood-update-as-of-830-pm-of-august-29-2026-903,PASIG-2026-AUG29-30,Pasig,Maybunga,Maybunga,F. Legaspi St.,2026-08-29T20:30:00+08:00,"As of 08:30PM | August 29, 2026",65,1. F. Legaspi St. | Water Level: 45.72 cm (18 inches) | Remarks: Not passable to motorcycles and cars (sedan),flood_observed,45.72 cm (18 inches),45.72,45.72,Remarks: Not passable to motorcycles and cars (sedan),candidate,,,2026-08-29,docs/evaluations/flood-duration-pilot-20261004,NCR-2026-08-29,,,,,,,,,,,,
OBS-a55c8f4051228428,PASIG-20260829-2030,83cb52829260,https://pasigcity.gov.ph/news-and-releases/southwest-monsoon-habagat-flood-update-as-of-830-pm-of-august-29-2026-903,PASIG-2026-AUG29-30,Pasig,Pinagbuhatan,Pinagbuhatan,Acacia Gahit,2026-08-29T20:30:00+08:00,"As of 08:30PM | August 29, 2026",69,1. Acacia Gahit | Water Level: 15.24cm (6 inches) | Remarks: Passable to motorcycles and cars (sedan),flood_observed,15.24cm (6 inches),15.24,15.24,Remarks: Passable to motorcycles and cars (sedan),candidate,,,2026-08-29,docs/evaluations/flood-duration-pilot-20261004,NCR-2026-08-29,,,,,,,,,,,,
OBS-2b6f010f613b1532,PASIG-20260829-2030,83cb52829260,https://pasigcity.gov.ph/news-and-releases/southwest-monsoon-habagat-flood-update-as-of-830-pm-of-august-29-2026-903,PASIG-2026-AUG29-30,Pasig,Pinagbuhatan,Pinagbuhatan,Molave St. (Sikat Araw),2026-08-29T20:30:00+08:00,"As of 08:30PM | August 29, 2026",72,2. Molave St. (Sikat Araw) | Water Level: 15.24cm (6 inches) | Remarks: Passable to motorcycles and cars (sedan),flood_observed,15.24cm (6 inches),15.24,15.24,Remarks: Passable to motorcycles and cars (sedan),candidate,,,2026-08-29,docs/evaluations/flood-duration-pilot-20261004,NCR-2026-08-29,,,,,,,,,,,,
OBS-b86b2fcab539335f,PASIG-20260829-2030,83cb52829260,https://pasigcity.gov.ph/news-and-releases/southwest-monsoon-habagat-flood-update-as-of-830-pm-of-august-29-2026-903,PASIG-2026-AUG29-30,Pasig,Pinagbuhatan,Pinagbuhatan,"Jupiter St., Nagpayong",2026-08-29T20:30:00+08:00,"As of 08:30PM | August 29, 2026",75,"3. Jupiter St., Nagpayong | Water Level: 60.96 cm (24 inches) | Remarks: Not passable to motorcycles and cars (sedan)",flood_observed,60.96 cm (24 inches),60.96,60.96,Remarks: Not passable to motorcycles and cars (sedan),candidate,,,2026-08-29,docs/evaluations/flood-duration-pilot-20261004,NCR-2026-08-29,,,,,,,,,,,,
OBS-e3a3e70608200c3f,PASIG-20260829-2030,83cb52829260,https://pasigcity.gov.ph/news-and-releases/southwest-monsoon-habagat-flood-update-as-of-830-pm-of-august-29-2026-903,PASIG-2026-AUG29-30,Pasig,Pinagbuhatan,Pinagbuhatan,"Molave Vila Maria, Nagpayong",2026-08-29T20:30:00+08:00,"As of 08:30PM | August 29, 2026",78,"4. Molave Vila Maria, Nagpayong | Water Level: 15.24cm (6 inches) | Remarks: Passable to motorcycles and cars (sedan)",flood_observed,15.24cm (6 inches),15.24,15.24,Remarks: Passable to motorcycles and cars (sedan),candidate,,,2026-08-29,docs/evaluations/flood-duration-pilot-20261004,NCR-2026-08-29,,,,,,,,,,,,
OBS-1f801b5fe3e3539d,PASIG-20260829-2030,83cb52829260,https://pasigcity.gov.ph/news-and-releases/southwest-monsoon-habagat-flood-update-as-of-830-pm-of-august-29-2026-903,PASIG-2026-AUG29-30,Pasig,Pinagbuhatan,Pinagbuhatan,Caliwag St.,2026-08-29T20:30:00+08:00,"As of 08:30PM | August 29, 2026",81,5 . Caliwag St. | Water Level: 15.24cm (6 inches) | Remarks: Passable to motorcycles and cars (sedan),flood_observed,15.24cm (6 inches),15.24,15.24,Remarks: Passable to motorcycles and cars (sedan),candidate,,,2026-08-29,docs/evaluations/flood-duration-pilot-20261004,NCR-2026-08-29,,,,,,,,,,,,
OBS-f2ecc1174ca56fa3,PASIG-20260829-2030,83cb52829260,https://pasigcity.gov.ph/news-and-releases/southwest-monsoon-habagat-flood-update-as-of-830-pm-of-august-29-2026-903,PASIG-2026-AUG29-30,Pasig,Pinagbuhatan,Pinagbuhatan,Esguerra cor Urbano Velasco,2026-08-29T20:30:00+08:00,"As of 08:30PM | August 29, 2026",84,6. Esguerra cor Urbano Velasco | Water Level: 15.24cm (6 inches) | Remarks: Passable to motorcycles and cars (sedan),flood_observed,15.24cm (6 inches),15.24,15.24,Remarks: Passable to motorcycles and cars (sedan),candidate,,,2026-08-29,docs/evaluations/flood-duration-pilot-20261004,NCR-2026-08-29,,,,,,,,,,,,
OBS-72a12ccbafa8fadc,PASIG-20260829-2030,83cb52829260,https://pasigcity.gov.ph/news-and-releases/southwest-monsoon-habagat-flood-update-as-of-830-pm-of-august-29-2026-903,PASIG-2026-AUG29-30,Pasig,San Miguel,San Miguel,Villa Eusebio,2026-08-29T20:30:00+08:00,"As of 08:30PM | August 29, 2026",88,1. Villa Eusebio | Water Level: 30.48 cm (12 inches) | Remarks: Not passable to motorcycles and cars (sedan),flood_observed,30.48 cm (12 inches),30.48,30.48,Remarks: Not passable to motorcycles and cars (sedan),candidate,,,2026-08-29,docs/evaluations/flood-duration-pilot-20261004,NCR-2026-08-29,,,,,,,,,,,,
OBS-9e1e51cddc16771b,PASIG-20260829-2030,83cb52829260,https://pasigcity.gov.ph/news-and-releases/southwest-monsoon-habagat-flood-update-as-of-830-pm-of-august-29-2026-903,PASIG-2026-AUG29-30,Pasig,San Miguel,San Miguel,Sandoval Ave. (UNITOP),2026-08-29T20:30:00+08:00,"As of 08:30PM | August 29, 2026",91,2. Sandoval Ave. (UNITOP) | Water Level: 5 cm (2 inches) | Remarks: Passable to motorcycles and cars (sedan),flood_observed,5 cm (2 inches),5.0,5.0,Remarks: Passable to motorcycles and cars (sedan),candidate,,,2026-08-29,docs/evaluations/flood-duration-pilot-20261004,NCR-2026-08-29,,,,,,,,,,,,
OBS-1afb2d10ebe909b4,PASIG-20260829-2030,83cb52829260,https://pasigcity.gov.ph/news-and-releases/southwest-monsoon-habagat-flood-update-as-of-830-pm-of-august-29-2026-903,PASIG-2026-AUG29-30,Pasig,Santolan,Santolan,Doroteo St.,2026-08-29T20:30:00+08:00,"As of 08:30PM | August 29, 2026",95,1. Doroteo St. | Water Level: 7.60 cm (3 inches) | Remarks: Passable to motorcycles and cars (sedan),flood_observed,7.60 cm (3 inches),7.6,7.6,Remarks: Passable to motorcycles and cars (sedan),candidate,,,2026-08-29,docs/evaluations/flood-duration-pilot-20261004,NCR-2026-08-29,,,,,,,,,,,,
OBS-b9c5bb37940c401b,PASIG-20260829-2030,83cb52829260,https://pasigcity.gov.ph/news-and-releases/southwest-monsoon-habagat-flood-update-as-of-830-pm-of-august-29-2026-903,PASIG-2026-AUG29-30,Pasig,Santolan,Santolan,Sgt.De Leon Mayana St.,2026-08-29T20:30:00+08:00,"As of 08:30PM | August 29, 2026",98,2. Sgt.De Leon Mayana St. | Water Level: 5.00 cm (2 inches) | Remarks: Passable to motorcycles and cars (sedan),flood_observed,5.00 cm (2 inches),5.0,5.0,Remarks: Passable to motorcycles and cars (sedan),candidate,,,2026-08-29,docs/evaluations/flood-duration-pilot-20261004,NCR-2026-08-29,,,,,,,,,,,,
OBS-b0807d99fa79ac61,PASIG-20260829-2030,83cb52829260,https://pasigcity.gov.ph/news-and-releases/southwest-monsoon-habagat-flood-update-as-of-830-pm-of-august-29-2026-903,PASIG-2026-AUG29-30,Pasig,Santolan,Santolan,Sgt. De Leon Natasha St.,2026-08-29T20:30:00+08:00,"As of 08:30PM | August 29, 2026",101,3. Sgt. De Leon Natasha St. | Water Level: 5.00 cm (2 inches) | Remarks: Passable to motorcycles and cars (sedan),flood_observed,5.00 cm (2 inches),5.0,5.0,Remarks: Passable to motorcycles and cars (sedan),candidate,,,2026-08-29,docs/evaluations/flood-duration-pilot-20261004,NCR-2026-08-29,,,,,,,,,,,,
OBS-7bee19ee2fd13e39,PASIG-20260829-2030,83cb52829260,https://pasigcity.gov.ph/news-and-releases/southwest-monsoon-habagat-flood-update-as-of-830-pm-of-august-29-2026-903,PASIG-2026-AUG29-30,Pasig,Santolan,Santolan,Sgt. De Leon Camia St.,2026-08-29T20:30:00+08:00,"As of 08:30PM | August 29, 2026",104,4. Sgt. De Leon Camia St. | Water Level: 5.00 cm (2 inches) | Remarks: Passable to motorcycles and cars (sedan),flood_observed,5.00 cm (2 inches),5.0,5.0,Remarks: Passable to motorcycles and cars (sedan),candidate,,,2026-08-29,docs/evaluations/flood-duration-pilot-20261004,NCR-2026-08-29,,,,,,,,,,,,
OBS-faf0f9e6b551e28f,PASIG-20260829-2030,83cb52829260,https://pasigcity.gov.ph/news-and-releases/southwest-monsoon-habagat-flood-update-as-of-830-pm-of-august-29-2026-903,PASIG-2026-AUG29-30,Pasig,Santolan,Santolan,Masikap St.,2026-08-29T20:30:00+08:00,"As of 08:30PM | August 29, 2026",107,5. Masikap St. | Water Level: 12.7 cm (5 inches) | Remarks: Passable to motorcycles and cars (sedan),flood_observed,12.7 cm (5 inches),12.7,12.7,Remarks: Passable to motorcycles and cars (sedan),candidate,,,2026-08-29,docs/evaluations/flood-duration-pilot-20261004,NCR-2026-08-29,,,,,,,,,,,,
OBS-c93a6383b8b89b21,PASIG-20260829-2030,83cb52829260,https://pasigcity.gov.ph/news-and-releases/southwest-monsoon-habagat-flood-update-as-of-830-pm-of-august-29-2026-903,PASIG-2026-AUG29-30,Pasig,Santolan,Santolan,Rafael Rd 3,2026-08-29T20:30:00+08:00,"As of 08:30PM | August 29, 2026",110,6. Rafael Rd 3 | Water Level: 12.7 cm (5 inches) | Remarks: Passable to motorcycles and cars (sedan),flood_observed,12.7 cm (5 inches),12.7,12.7,Remarks: Passable to motorcycles and cars (sedan),candidate,,,2026-08-29,docs/evaluations/flood-duration-pilot-20261004,NCR-2026-08-29,,,,,,,,,,,,
OBS-e51fce6360b9b3be,PASIG-20260829-2030,83cb52829260,https://pasigcity.gov.ph/news-and-releases/southwest-monsoon-habagat-flood-update-as-of-830-pm-of-august-29-2026-903,PASIG-2026-AUG29-30,Pasig,Santolan,Santolan,Marcelino St.,2026-08-29T20:30:00+08:00,"As of 08:30PM | August 29, 2026",113,7. Marcelino St. | Water Level: 7.60cm (3 inches) | Remarks: Passable to motorcycles and cars (sedan),flood_observed,7.60cm (3 inches),7.6,7.6,Remarks: Passable to motorcycles and cars (sedan),candidate,,,2026-08-29,docs/evaluations/flood-duration-pilot-20261004,NCR-2026-08-29,,,,,,,,,,,,
OBS-0b788fda06cf64fe,PASIG-20260829-2030,83cb52829260,https://pasigcity.gov.ph/news-and-releases/southwest-monsoon-habagat-flood-update-as-of-830-pm-of-august-29-2026-903,PASIG-2026-AUG29-30,Pasig,Santolan,Santolan,A. Victorino St.,2026-08-29T20:30:00+08:00,"As of 08:30PM | August 29, 2026",116,8. A. Victorino St. | Water Level: 60.96 cm (24 inches) | Remarks: Not passable to motorcycles and cars (sedan),flood_observed,60.96 cm (24 inches),60.96,60.96,Remarks: Not passable to motorcycles and cars (sedan),candidate,,,2026-08-29,docs/evaluations/flood-duration-pilot-20261004,NCR-2026-08-29,,,,,,,,,,,,
OBS-da48f9c4379cd7eb,PASIG-20260829-2030,83cb52829260,https://pasigcity.gov.ph/news-and-releases/southwest-monsoon-habagat-flood-update-as-of-830-pm-of-august-29-2026-903,PASIG-2026-AUG29-30,Pasig,Santolan,Santolan,Gabriel St.,2026-08-29T20:30:00+08:00,"As of 08:30PM | August 29, 2026",119,9. Gabriel St. | Water Level: 60.96 cm (24 inches) | Remarks: Not passable to motorcycles and cars (sedan),flood_observed,60.96 cm (24 inches),60.96,60.96,Remarks: Not passable to motorcycles and cars (sedan),candidate,,,2026-08-29,docs/evaluations/flood-duration-pilot-20261004,NCR-2026-08-29,,,,,,,,,,,,
OBS-cca8efbac8861172,PASIG-20260829-2030,83cb52829260,https://pasigcity.gov.ph/news-and-releases/southwest-monsoon-habagat-flood-update-as-of-830-pm-of-august-29-2026-903,PASIG-2026-AUG29-30,Pasig,Santolan,Santolan,E. Conception St.,2026-08-29T20:30:00+08:00,"As of 08:30PM | August 29, 2026",122,10. E. Conception St. | Water Level: 60.96 cm (24 inches) | Remarks: Not passable to motorcycles and cars (sedan),flood_observed,60.96 cm (24 inches),60.96,60.96,Remarks: Not passable to motorcycles and cars (sedan),candidate,,,2026-08-29,docs/evaluations/flood-duration-pilot-20261004,NCR-2026-08-29,,,,,,,,,,,,
OBS-45a2c9f4b09a1663,PASIG-20260829-2030,83cb52829260,https://pasigcity.gov.ph/news-and-releases/southwest-monsoon-habagat-flood-update-as-of-830-pm-of-august-29-2026-903,PASIG-2026-AUG29-30,Pasig,Sta Lucia,Sta. Lucia,9th Ave. Riverside Village,2026-08-29T20:30:00+08:00,"As of 08:30PM | August 29, 2026",126,1. 9th Ave. Riverside Village | Water Level: 7.60 cm (3inches) | Remarks: Passable to motorcycles and cars (sedan),flood_observed,7.60 cm (3inches),7.6,7.6,Remarks: Passable to motorcycles and cars (sedan),candidate,,,2026-08-29,docs/evaluations/flood-duration-pilot-20261004,NCR-2026-08-29,,,,,,,,,,,,
OBS-16f9c3b6f3386a07,PASIG-20260829-2030,83cb52829260,https://pasigcity.gov.ph/news-and-releases/southwest-monsoon-habagat-flood-update-as-of-830-pm-of-august-29-2026-903,PASIG-2026-AUG29-30,Pasig,Sta Lucia,Sta. Lucia,10th Ave. Riverside Village,2026-08-29T20:30:00+08:00,"As of 08:30PM | August 29, 2026",129,2. 10th Ave. Riverside Village | Water Level: 7.60 cm (3inches) | Remarks: Passable to motorcycles and cars (sedan),flood_observed,7.60 cm (3inches),7.6,7.6,Remarks: Passable to motorcycles and cars (sedan),candidate,,,2026-08-29,docs/evaluations/flood-duration-pilot-20261004,NCR-2026-08-29,,,,,,,,,,,,
OBS-617398ae5261b346,PASIG-20260829-2030,83cb52829260,https://pasigcity.gov.ph/news-and-releases/southwest-monsoon-habagat-flood-update-as-of-830-pm-of-august-29-2026-903,PASIG-2026-AUG29-30,Pasig,Sta Lucia,Sta. Lucia,Calios Comp.,2026-08-29T20:30:00+08:00,"As of 08:30PM | August 29, 2026",132,3. Calios Comp. | Water Level: 7.60 cm (3inches) | Remarks: Passable to motorcycles and cars (sedan),flood_observed,7.60 cm (3inches),7.6,7.6,Remarks: Passable to motorcycles and cars (sedan),candidate,,,2026-08-29,docs/evaluations/flood-duration-pilot-20261004,NCR-2026-08-29,,,,,,,,,,,,
OBS-38b5c5c0de3a6aac,PASIG-20260829-2030,83cb52829260,https://pasigcity.gov.ph/news-and-releases/southwest-monsoon-habagat-flood-update-as-of-830-pm-of-august-29-2026-903,PASIG-2026-AUG29-30,Pasig,Sta Lucia,Sta. Lucia,Bagong Anyo St.,2026-08-29T20:30:00+08:00,"As of 08:30PM | August 29, 2026",135,4. Bagong Anyo St. | Water Level: 12.7 cm (5 inches) | Remarks: Passable to motorcycles and cars (sedan),flood_observed,12.7 cm (5 inches),12.7,12.7,Remarks: Passable to motorcycles and cars (sedan),candidate,,,2026-08-29,docs/evaluations/flood-duration-pilot-20261004,NCR-2026-08-29,,,,,,,,,,,,
OBS-588c15ae51856611,PASIG-20260829-2030,83cb52829260,https://pasigcity.gov.ph/news-and-releases/southwest-monsoon-habagat-flood-update-as-of-830-pm-of-august-29-2026-903,PASIG-2026-AUG29-30,Pasig,Sta Lucia,Sta. Lucia,Kaunluran St.,2026-08-29T20:30:00+08:00,"As of 08:30PM | August 29, 2026",138,5. Kaunluran St. | Water Level: 12.7 cm (5 inches) | Remarks: Passable to motorcycles and cars (sedan),flood_observed,12.7 cm (5 inches),12.7,12.7,Remarks: Passable to motorcycles and cars (sedan),candidate,,,2026-08-29,docs/evaluations/flood-duration-pilot-20261004,NCR-2026-08-29,,,,,,,,,,,,
OBS-81fe55f5c0c26563,PASIG-20260829-2030,83cb52829260,https://pasigcity.gov.ph/news-and-releases/southwest-monsoon-habagat-flood-update-as-of-830-pm-of-august-29-2026-903,PASIG-2026-AUG29-30,Pasig,Sta Lucia,Sta. Lucia,Bautista Comp.,2026-08-29T20:30:00+08:00,"As of 08:30PM | August 29, 2026",141,6. Bautista Comp. | Water Level: 25.4 cm (10 inches) | Remarks: Not passable to motorcycles and cars (sedan),flood_observed,25.4 cm (10 inches),25.4,25.4,Remarks: Not passable to motorcycles and cars (sedan),candidate,,,2026-08-29,docs/evaluations/flood-duration-pilot-20261004,NCR-2026-08-29,,,,,,,,,,,,
OBS-db4c806da0405db1,PASIG-20260829-2030,83cb52829260,https://pasigcity.gov.ph/news-and-releases/southwest-monsoon-habagat-flood-update-as-of-830-pm-of-august-29-2026-903,PASIG-2026-AUG29-30,Pasig,Sta Lucia,Sta. Lucia,Tawi-tawi St.,2026-08-29T20:30:00+08:00,"As of 08:30PM | August 29, 2026",144,7. Tawi-tawi St. | Water Level: 60.96 cm (24 inches) | Remarks: Not passable to motorcycles and cars (sedan),flood_observed,60.96 cm (24 inches),60.96,60.96,Remarks: Not passable to motorcycles and cars (sedan),candidate,,,2026-08-29,docs/evaluations/flood-duration-pilot-20261004,NCR-2026-08-29,,,,,,,,,,,,
OBS-6184e265fea16fdb,PASIG-20260829-2030,83cb52829260,https://pasigcity.gov.ph/news-and-releases/southwest-monsoon-habagat-flood-update-as-of-830-pm-of-august-29-2026-903,PASIG-2026-AUG29-30,Pasig,Sta Lucia,Sta. Lucia,Morales Compound,2026-08-29T20:30:00+08:00,"As of 08:30PM | August 29, 2026",147,8. Morales Compound | Water Level: 25.4 cm (10 inches) | Remarks: Not passable to motorcycles and cars (sedan),flood_observed,25.4 cm (10 inches),25.4,25.4,Remarks: Not passable to motorcycles and cars (sedan),candidate,,,2026-08-29,docs/evaluations/flood-duration-pilot-20261004,NCR-2026-08-29,,,,,,,,,,,,
OBS-57ed94777a9c8537,PASIG-20260829-2030,83cb52829260,https://pasigcity.gov.ph/news-and-releases/southwest-monsoon-habagat-flood-update-as-of-830-pm-of-august-29-2026-903,PASIG-2026-AUG29-30,Pasig,Sta Lucia,Sta. Lucia,Liamzon Subd.,2026-08-29T20:30:00+08:00,"As of 08:30PM | August 29, 2026",150,9. Liamzon Subd. | Water Level: 60.96 cm (24 inches) | Remarks: Not passable to motorcycles and cars (sedan),flood_observed,60.96 cm (24 inches),60.96,60.96,Remarks: Not passable to motorcycles and cars (sedan),candidate,,,2026-08-29,docs/evaluations/flood-duration-pilot-20261004,NCR-2026-08-29,,,,,,,,,,,,
OBS-67a2b83b5151e7a8,PASIG-20260829-2030,83cb52829260,https://pasigcity.gov.ph/news-and-releases/southwest-monsoon-habagat-flood-update-as-of-830-pm-of-august-29-2026-903,PASIG-2026-AUG29-30,Pasig,Sta Lucia,Sta. Lucia,Asuzena St.,2026-08-29T20:30:00+08:00,"As of 08:30PM | August 29, 2026",153,10. Asuzena St. | Water Level: 12.7 cm (5 inches) | Remarks: Passable to motorcycles and cars (sedan),flood_observed,12.7 cm (5 inches),12.7,12.7,Remarks: Passable to motorcycles and cars (sedan),candidate,,,2026-08-29,docs/evaluations/flood-duration-pilot-20261004,NCR-2026-08-29,,,,,,,,,,,,
OBS-fa6659e81843e26f,PASIG-20260829-2030,83cb52829260,https://pasigcity.gov.ph/news-and-releases/southwest-monsoon-habagat-flood-update-as-of-830-pm-of-august-29-2026-903,PASIG-2026-AUG29-30,Pasig,Sta Lucia,Sta. Lucia,Rara St.,2026-08-29T20:30:00+08:00,"As of 08:30PM | August 29, 2026",156,11. Rara St. | Water Level: 12.7 cm (5 inches) | Remarks: Passable to motorcycles and cars (sedan),flood_observed,12.7 cm (5 inches),12.7,12.7,Remarks: Passable to motorcycles and cars (sedan),candidate,,,2026-08-29,docs/evaluations/flood-duration-pilot-20261004,NCR-2026-08-29,,,,,,,,,,,,
OBS-1ddfe265a7abcc0d,PASIG-20260829-2030,83cb52829260,https://pasigcity.gov.ph/news-and-releases/southwest-monsoon-habagat-flood-update-as-of-830-pm-of-august-29-2026-903,PASIG-2026-AUG29-30,Pasig,Sta Lucia,Sta. Lucia,"New Society St., De Castro",2026-08-29T20:30:00+08:00,"As of 08:30PM | August 29, 2026",159,"12. New Society St., De Castro | Water Level: 60.96 cm (24 inches) | Remarks: Not passable to motorcycles and cars (sedan)",flood_observed,60.96 cm (24 inches),60.96,60.96,Remarks: Not passable to motorcycles and cars (sedan),candidate,,,2026-08-29,docs/evaluations/flood-duration-pilot-20261004,NCR-2026-08-29,,,,,,,,,,,,
OBS-796b1c56217cdbc1,PASIG-20260829-2030,83cb52829260,https://pasigcity.gov.ph/news-and-releases/southwest-monsoon-habagat-flood-update-as-of-830-pm-of-august-29-2026-903,PASIG-2026-AUG29-30,Pasig,Sta Lucia,Sta. Lucia,Metropolis 1,2026-08-29T20:30:00+08:00,"As of 08:30PM | August 29, 2026",162,13. Metropolis 1 | Water Level: 10.16 cm (4 inches) | Remarks: Passable to motorcycles and cars (sedan),flood_observed,10.16 cm (4 inches),10.16,10.16,Remarks: Passable to motorcycles and cars (sedan),candidate,,,2026-08-29,docs/evaluations/flood-duration-pilot-20261004,NCR-2026-08-29,,,,,,,,,,,,
OBS-be9b1aa427654a5d,PASIG-20260829-2030,83cb52829260,https://pasigcity.gov.ph/news-and-releases/southwest-monsoon-habagat-flood-update-as-of-830-pm-of-august-29-2026-903,PASIG-2026-AUG29-30,Pasig,Sta Lucia,Sta. Lucia,Rosario 5 & 6 Masagana Ext.,2026-08-29T20:30:00+08:00,"As of 08:30PM | August 29, 2026",165,14. Rosario 5 & 6 Masagana Ext. | Water Level: 38.1 cm (15 inches) | Remarks: Not passable to motorcycles and cars (sedan),flood_observed,38.1 cm (15 inches),38.1,38.1,Remarks: Not passable to motorcycles and cars (sedan),candidate,,,2026-08-29,docs/evaluations/flood-duration-pilot-20261004,NCR-2026-08-29,,,,,,,,,,,,
OBS-c98cb99ba55d1b16,PASIG-20260829-2030,83cb52829260,https://pasigcity.gov.ph/news-and-releases/southwest-monsoon-habagat-flood-update-as-of-830-pm-of-august-29-2026-903,PASIG-2026-AUG29-30,Pasig,Sta Lucia,Sta. Lucia,Maharlikha St.,2026-08-29T20:30:00+08:00,"As of 08:30PM | August 29, 2026",168,15. Maharlikha St. | Water Level: 50.8 cm (20 inches) | Remarks: Not passable to motorcycles and cars (sedan),flood_observed,50.8 cm (20 inches),50.8,50.8,Remarks: Not passable to motorcycles and cars (sedan),candidate,,,2026-08-29,docs/evaluations/flood-duration-pilot-20261004,NCR-2026-08-29,,,,,,,,,,,,
OBS-8a0586bf0f128304,PASIG-20260829-2030,83cb52829260,https://pasigcity.gov.ph/news-and-releases/southwest-monsoon-habagat-flood-update-as-of-830-pm-of-august-29-2026-903,PASIG-2026-AUG29-30,Pasig,Sta Lucia,Sta. Lucia,Mayumi St.,2026-08-29T20:30:00+08:00,"As of 08:30PM | August 29, 2026",171,16. Mayumi St. | Water Level: 38.1 cm (15 inches) | Remarks: Not passable to motorcycles and cars (sedan),flood_observed,38.1 cm (15 inches),38.1,38.1,Remarks: Not passable to motorcycles and cars (sedan),candidate,,,2026-08-29,docs/evaluations/flood-duration-pilot-20261004,NCR-2026-08-29,,,,,,,,,,,,
OBS-8bd73bbf73a6f02b,PASIG-20260829-2030,83cb52829260,https://pasigcity.gov.ph/news-and-releases/southwest-monsoon-habagat-flood-update-as-of-830-pm-of-august-29-2026-903,PASIG-2026-AUG29-30,Pasig,Sumilang,Sumilang,Katwiran St.,2026-08-29T20:30:00+08:00,"As of 08:30PM | August 29, 2026",175,1. Katwiran St. | Water Level: 12.7 cm (5 inches) | Remarks: Passable to motorcycles and cars (sedan),flood_observed,12.7 cm (5 inches),12.7,12.7,Remarks: Passable to motorcycles and cars (sedan),candidate,,,2026-08-29,docs/evaluations/flood-duration-pilot-20261004,NCR-2026-08-29,,,,,,,,,,,,
OBS-832f91fb886095a1,PASIG-20260829-2030,83cb52829260,https://pasigcity.gov.ph/news-and-releases/southwest-monsoon-habagat-flood-update-as-of-830-pm-of-august-29-2026-903,PASIG-2026-AUG29-30,Pasig,Sumilang,Sumilang,Magtanggol St.,2026-08-29T20:30:00+08:00,"As of 08:30PM | August 29, 2026",178,2. Magtanggol St. | Water Level: 12.7 cm (5 inches) | Remarks: Passable to motorcycles and cars (sedan),flood_observed,12.7 cm (5 inches),12.7,12.7,Remarks: Passable to motorcycles and cars (sedan),candidate,,,2026-08-29,docs/evaluations/flood-duration-pilot-20261004,NCR-2026-08-29,,,,,,,,,,,,
OBS-85ef363f3cf4b975,PASIG-20260829-2030,83cb52829260,https://pasigcity.gov.ph/news-and-releases/southwest-monsoon-habagat-flood-update-as-of-830-pm-of-august-29-2026-903,PASIG-2026-AUG29-30,Pasig,Sumilang,Sumilang,Dos De Julio St.,2026-08-29T20:30:00+08:00,"As of 08:30PM | August 29, 2026",181,3. Dos De Julio St. | Water Level: 12.7 cm (5 inches) | Remarks: Passable to motorcycles and cars (sedan),flood_observed,12.7 cm (5 inches),12.7,12.7,Remarks: Passable to motorcycles and cars (sedan),candidate,,,2026-08-29,docs/evaluations/flood-duration-pilot-20261004,NCR-2026-08-29,,,,,,,,,,,,
OBS-dc075264c4bf61f8,GMA-20210725-796691,ac9d7a5f858b,https://www.gmanetwork.com/news/topstories/metro/796691/list-flooded-areas-in-metro-manila-on-sunday-july-25-2021/story/,NCR-2021-JUL-HABAGAT,Caloocan,,,Brgy 4 Sangandaan Bisig,2021-07-25T12:00:00+08:00,Explicit as-of clock with same-day dated publication/report context; publication clock is never onset or clearance.,5,"Caloocan City, as of 12 noon | Brgy 4 Sangandaan Bisig- Knee deep",flood_observed,Knee deep,,,,source_reviewed_candidate_not_training_admitted,,qualitative_or_missing_depth_no_numeric_conversion,2021-07-25,docs/evaluations/metro-manila-flood-duration-20261004,NCR-2021-07-25,explicit publisher city section,"""datePublished"":""2021-07-25T",5;6,GMA-20210725-796691-R0001,,,,,,,,
OBS-71839340032c9f29,GMA-20210725-796691,ac9d7a5f858b,https://www.gmanetwork.com/news/topstories/metro/796691/list-flooded-areas-in-metro-manila-on-sunday-july-25-2021/story/,NCR-2021-JUL-HABAGAT,Caloocan,,,Brgy Libis Baes,2021-07-25T12:00:00+08:00,Explicit as-of clock with same-day dated publication/report context; publication clock is never onset or clearance.,5,"Caloocan City, as of 12 noon | Brgy Libis Baes - Gutter deep",flood_observed,Gutter deep,,,,source_reviewed_candidate_not_training_admitted,,qualitative_or_missing_depth_no_numeric_conversion,2021-07-25,docs/evaluations/metro-manila-flood-duration-20261004,NCR-2021-07-25,explicit publisher city section,"""datePublished"":""2021-07-25T",5;7,GMA-20210725-796691-R0002,,,,,,,,
OBS-a8f305a6e6310e8c,GMA-20210725-796691,ac9d7a5f858b,https://www.gmanetwork.com/news/topstories/metro/796691/list-flooded-areas-in-metro-manila-on-sunday-july-25-2021/story/,NCR-2021-JUL-HABAGAT,Caloocan,,,Brgy 160,2021-07-25T12:00:00+08:00,Explicit as-of clock with same-day dated publication/report context; publication clock is never onset or clearance.,5,"Caloocan City, as of 12 noon | Brgy 160 - Gutter deep",flood_observed,Gutter deep,,,,source_reviewed_candidate_not_training_admitted,,qualitative_or_missing_depth_no_numeric_conversion,2021-07-25,docs/evaluations/metro-manila-flood-duration-20261004,NCR-2021-07-25,explicit publisher city section,"""datePublished"":""2021-07-25T",5;8,GMA-20210725-796691-R0003,,,,,,,,
OBS-0d48a774d1896a22,GMA-20210725-796691,ac9d7a5f858b,https://www.gmanetwork.com/news/topstories/metro/796691/list-flooded-areas-in-metro-manila-on-sunday-july-25-2021/story/,NCR-2021-JUL-HABAGAT,Malabon,,,C. Arellano Brgy ibaba,2021-07-25T12:00:00+08:00,Explicit as-of clock with same-day dated publication/report context; publication clock is never onset or clearance.,9,"Malabon City, as of 12 noon | C. Arellano Brgy ibaba - Above gutter deep",flood_observed,Above gutter deep,,,,source_reviewed_candidate_not_training_admitted,,qualitative_or_missing_depth_no_numeric_conversion,2021-07-25,docs/evaluations/metro-manila-flood-duration-20261004,NCR-2021-07-25,explicit publisher city section,"""datePublished"":""2021-07-25T",9;10,GMA-20210725-796691-R0004,,,,,,,,
OBS-44d9a7c61bd8ee6d,GMA-20210725-796691,ac9d7a5f858b,https://www.gmanetwork.com/news/topstories/metro/796691/list-flooded-areas-in-metro-manila-on-sunday-july-25-2021/story/,NCR-2021-JUL-HABAGAT,Malabon,,,P. Aquino Brgy Tonsuya,2021-07-25T12:00:00+08:00,Explicit as-of clock with same-day dated publication/report context; publication clock is never onset or clearance.,9,"Malabon City, as of 12 noon | P. Aquino Brgy Tonsuya - Gutter deep",flood_observed,Gutter deep,,,,source_reviewed_candidate_not_training_admitted,,qualitative_or_missing_depth_no_numeric_conversion,2021-07-25,docs/evaluations/metro-manila-flood-duration-20261004,NCR-2021-07-25,explicit publisher city section,"""datePublished"":""2021-07-25T",9;11,GMA-20210725-796691-R0005,,,,,,,,
OBS-b647f307ab8cce44,GMA-20210725-796691,ac9d7a5f858b,https://www.gmanetwork.com/news/topstories/metro/796691/list-flooded-areas-in-metro-manila-on-sunday-july-25-2021/story/,NCR-2021-JUL-HABAGAT,Malabon,,,Sitio 6 Brgy Catmon,2021-07-25T12:00:00+08:00,Explicit as-of clock with same-day dated publication/report context; publication clock is never onset or clearance.,9,"Malabon City, as of 12 noon | Sitio 6 Brgy Catmon - Half tire deep",flood_observed,Half tire deep,,,,source_reviewed_candidate_not_training_admitted,,qualitative_or_missing_depth_no_numeric_conversion,2021-07-25,docs/evaluations/metro-manila-flood-duration-20261004,NCR-2021-07-25,explicit publisher city section,"""datePublished"":""2021-07-25T",9;12,GMA-20210725-796691-R0006,,,,,,,,
OBS-d69f35e9d205a2f9,GMA-20210725-796691,ac9d7a5f858b,https://www.gmanetwork.com/news/topstories/metro/796691/list-flooded-areas-in-metro-manila-on-sunday-july-25-2021/story/,NCR-2021-JUL-HABAGAT,Malabon,,,Gov. Pascual Ma. Clara,2021-07-25T12:00:00+08:00,Explicit as-of clock with same-day dated publication/report context; publication clock is never onset or clearance.,9,"Malabon City, as of 12 noon | Gov. Pascual Ma. Clara - Half tire deep",flood_observed,Half tire deep,,,,source_reviewed_candidate_not_training_admitted,,qualitative_or_missing_depth_no_numeric_conversion,2021-07-25,docs/evaluations/metro-manila-flood-duration-20261004,NCR-2021-07-25,explicit publisher city section,"""datePublished"":""2021-07-25T",9;13,GMA-20210725-796691-R0007,,,,,,,,
OBS-378fe84edc18cf2c,GMA-20210725-796691,ac9d7a5f858b,https://www.gmanetwork.com/news/topstories/metro/796691/list-flooded-areas-in-metro-manila-on-sunday-july-25-2021/story/,NCR-2021-JUL-HABAGAT,Malabon,,,Panghulo road,2021-07-25T12:00:00+08:00,Explicit as-of clock with same-day dated publication/report context; publication clock is never onset or clearance.,9,"Malabon City, as of 12 noon | Panghulo road - Half tire deep",flood_observed,Half tire deep,,,,source_reviewed_candidate_not_training_admitted,,qualitative_or_missing_depth_no_numeric_conversion,2021-07-25,docs/evaluations/metro-manila-flood-duration-20261004,NCR-2021-07-25,explicit publisher city section,"""datePublished"":""2021-07-25T",9;14,GMA-20210725-796691-R0008,,,,,,,,
OBS-c95c5254297d7e8d,GMA-20210725-796691,ac9d7a5f858b,https://www.gmanetwork.com/news/topstories/metro/796691/list-flooded-areas-in-metro-manila-on-sunday-july-25-2021/story/,NCR-2021-JUL-HABAGAT,Muntinlupa,,,"Aplaya, Barangay Buli",2021-07-25T12:00:00+08:00,Explicit as-of clock with same-day dated publication/report context; publication clock is never onset or clearance.,15,"Muntinlupa City, as of 12 noon | Aplaya, Barangay Buli: knee deep",flood_observed,knee deep,,,,source_reviewed_candidate_not_training_admitted,,qualitative_or_missing_depth_no_numeric_conversion,2021-07-25,docs/evaluations/metro-manila-flood-duration-20261004,NCR-2021-07-25,explicit publisher city section,"""datePublished"":""2021-07-25T",15;16,GMA-20210725-796691-R0009,,,,,,,,
OBS-3d683a36793c1a1a,GMA-20210725-796691,ac9d7a5f858b,https://www.gmanetwork.com/news/topstories/metro/796691/list-flooded-areas-in-metro-manila-on-sunday-july-25-2021/story/,NCR-2021-JUL-HABAGAT,Muntinlupa,,,"Purok 1 dulo, Barangay Buli",2021-07-25T12:00:00+08:00,Explicit as-of clock with same-day dated publication/report context; publication clock is never onset or clearance.,15,"Muntinlupa City, as of 12 noon | Purok 1 dulo, Barangay Buli: chest deep",flood_observed,chest deep,,,,source_reviewed_candidate_not_training_admitted,,qualitative_or_missing_depth_no_numeric_conversion,2021-07-25,docs/evaluations/metro-manila-flood-duration-20261004,NCR-2021-07-25,explicit publisher city section,"""datePublished"":""2021-07-25T",15;17,GMA-20210725-796691-R0010,,,,,,,,
OBS-e158bd4eccbd8eb1,GMA-20210725-796691,ac9d7a5f858b,https://www.gmanetwork.com/news/topstories/metro/796691/list-flooded-areas-in-metro-manila-on-sunday-july-25-2021/story/,NCR-2021-JUL-HABAGAT,Muntinlupa,,,"Purok 1 entrance, Barangay Buli",2021-07-25T12:00:00+08:00,Explicit as-of clock with same-day dated publication/report context; publication clock is never onset or clearance.,15,"Muntinlupa City, as of 12 noon | Purok 1 entrance, Barangay Buli: knee deep",flood_observed,knee deep,,,,source_reviewed_candidate_not_training_admitted,,qualitative_or_missing_depth_no_numeric_conversion,2021-07-25,docs/evaluations/metro-manila-flood-duration-20261004,NCR-2021-07-25,explicit publisher city section,"""datePublished"":""2021-07-25T",15;18,GMA-20210725-796691-R0011,,,,,,,,
OBS-1df2fb2c1642e949,GMA-20210725-796691,ac9d7a5f858b,https://www.gmanetwork.com/news/topstories/metro/796691/list-flooded-areas-in-metro-manila-on-sunday-july-25-2021/story/,NCR-2021-JUL-HABAGAT,Muntinlupa,,,"Hills view, Barangay Putatan",2021-07-25T12:00:00+08:00,Explicit as-of clock with same-day dated publication/report context; publication clock is never onset or clearance.,15,"Muntinlupa City, as of 12 noon | Hills view, Barangay Putatan: waist deep",flood_observed,waist deep,,,,source_reviewed_candidate_not_training_admitted,,qualitative_or_missing_depth_no_numeric_conversion,2021-07-25,docs/evaluations/metro-manila-flood-duration-20261004,NCR-2021-07-25,explicit publisher city section,"""datePublished"":""2021-07-25T",15;19,GMA-20210725-796691-R0012,,,,,,,,
OBS-dcb8e8c008e9c0eb,GMA-20210725-796691,ac9d7a5f858b,https://www.gmanetwork.com/news/topstories/metro/796691/list-flooded-areas-in-metro-manila-on-sunday-july-25-2021/story/,NCR-2021-JUL-HABAGAT,Navotas,,,Sipac Santiago,2021-07-25T12:00:00+08:00,Explicit as-of clock with same-day dated publication/report context; publication clock is never onset or clearance.,20,"Navotas City, as of 12 noon | Sipac Santiago - Above gutter deep",flood_observed,Above gutter deep,,,,source_reviewed_candidate_not_training_admitted,,qualitative_or_missing_depth_no_numeric_conversion,2021-07-25,docs/evaluations/metro-manila-flood-duration-20261004,NCR-2021-07-25,explicit publisher city section,"""datePublished"":""2021-07-25T",20;21,GMA-20210725-796691-R0013,,,,,,,,
OBS-3947f4abacf60d07,GMA-20210725-796691,ac9d7a5f858b,https://www.gmanetwork.com/news/topstories/metro/796691/list-flooded-areas-in-metro-manila-on-sunday-july-25-2021/story/,NCR-2021-JUL-HABAGAT,Navotas,,,Daang Hari M. Naval,2021-07-25T12:00:00+08:00,Explicit as-of clock with same-day dated publication/report context; publication clock is never onset or clearance.,20,"Navotas City, as of 12 noon | Daang Hari M. Naval - Above gutter deep",flood_observed,Above gutter deep,,,,source_reviewed_candidate_not_training_admitted,,qualitative_or_missing_depth_no_numeric_conversion,2021-07-25,docs/evaluations/metro-manila-flood-duration-20261004,NCR-2021-07-25,explicit publisher city section,"""datePublished"":""2021-07-25T",20;22,GMA-20210725-796691-R0014,,,,,,,,
OBS-c23ad5bf7b74ff6b,GMA-20210725-796691,ac9d7a5f858b,https://www.gmanetwork.com/news/topstories/metro/796691/list-flooded-areas-in-metro-manila-on-sunday-july-25-2021/story/,NCR-2021-JUL-HABAGAT,Navotas,,,M. Naval Gov. Pascual,2021-07-25T12:00:00+08:00,Explicit as-of clock with same-day dated publication/report context; publication clock is never onset or clearance.,20,"Navotas City, as of 12 noon | M. Naval Gov. Pascual - Gutter deep",flood_observed,Gutter deep,,,,source_reviewed_candidate_not_training_admitted,,qualitative_or_missing_depth_no_numeric_conversion,2021-07-25,docs/evaluations/metro-manila-flood-duration-20261004,NCR-2021-07-25,explicit publisher city section,"""datePublished"":""2021-07-25T",20;23,GMA-20210725-796691-R0015,,,,,,,,
OBS-8dce85ed0ae538fd,GMA-20210725-796691,ac9d7a5f858b,https://www.gmanetwork.com/news/topstories/metro/796691/list-flooded-areas-in-metro-manila-on-sunday-july-25-2021/story/,NCR-2021-JUL-HABAGAT,Pasig,,,Kalusugan de la paz,2021-07-25T12:00:00+08:00,Explicit as-of clock with same-day dated publication/report context; publication clock is never onset or clearance.,24,"Pasig City, as of 12 noon | Kalusugan de la paz - Knee deep",flood_observed,Knee deep,,,,source_reviewed_candidate_not_training_admitted,,qualitative_or_missing_depth_no_numeric_conversion,2021-07-25,docs/evaluations/metro-manila-flood-duration-20261004,NCR-2021-07-25,explicit publisher city section,"""datePublished"":""2021-07-25T",24;25,GMA-20210725-796691-R0016,,,,,,,,
OBS-fc057989a33b8563,GMA-20210725-796691,ac9d7a5f858b,https://www.gmanetwork.com/news/topstories/metro/796691/list-flooded-areas-in-metro-manila-on-sunday-july-25-2021/story/,NCR-2021-JUL-HABAGAT,Pasig,,,St. Mary Manggahan,2021-07-25T12:00:00+08:00,Explicit as-of clock with same-day dated publication/report context; publication clock is never onset or clearance.,24,"Pasig City, as of 12 noon | St. Mary Manggahan - Gutter deep",flood_observed,Gutter deep,,,,source_reviewed_candidate_not_training_admitted,,qualitative_or_missing_depth_no_numeric_conversion,2021-07-25,docs/evaluations/metro-manila-flood-duration-20261004,NCR-2021-07-25,explicit publisher city section,"""datePublished"":""2021-07-25T",24;26,GMA-20210725-796691-R0017,,,,,,,,
OBS-11601dab4c460ad6,GMA-20210725-796691,ac9d7a5f858b,https://www.gmanetwork.com/news/topstories/metro/796691/list-flooded-areas-in-metro-manila-on-sunday-july-25-2021/story/,NCR-2021-JUL-HABAGAT,Quezon City,,,Maria Clara to NS Amoranto,2021-07-25T08:00:00+08:00,Explicit as-of clock with same-day dated publication/report context; publication clock is never onset or clearance.,27,"Quezon City, as of 8 a.m: | Maria Clara to NS Amoranto: waist deep. Not passable to all types of vehicles",flood_observed,waist deep. Not passable to all types of vehicles,,,Maria Clara to NS Amoranto: waist deep. Not passable to all types of vehicles,source_reviewed_candidate_not_training_admitted,,qualitative_or_missing_depth_no_numeric_conversion,2021-07-25,docs/evaluations/metro-manila-flood-duration-20261004,NCR-2021-07-25,explicit publisher city section,"""datePublished"":""2021-07-25T",27;28,GMA-20210725-796691-R0018,,,,,,,,
OBS-97bd5d7aa923ebb0,GMA-20210725-796691,ac9d7a5f858b,https://www.gmanetwork.com/news/topstories/metro/796691/list-flooded-areas-in-metro-manila-on-sunday-july-25-2021/story/,NCR-2021-JUL-HABAGAT,Quezon City,,,Araneta-P. Florentino to Del Monte,2021-07-25T08:00:00+08:00,Explicit as-of clock with same-day dated publication/report context; publication clock is never onset or clearance.,27,"Quezon City, as of 8 a.m: | Araneta-P. Florentino to Del Monte: waist deep. Not passable to all types of vehicles",flood_observed,waist deep. Not passable to all types of vehicles,,,Araneta-P. Florentino to Del Monte: waist deep. Not passable to all types of vehicles,source_reviewed_candidate_not_training_admitted,,qualitative_or_missing_depth_no_numeric_conversion,2021-07-25,docs/evaluations/metro-manila-flood-duration-20261004,NCR-2021-07-25,explicit publisher city section,"""datePublished"":""2021-07-25T",27;29,GMA-20210725-796691-R0019,,,,,,,,
OBS-643861936cbd30a5,GMA-20210725-796691,ac9d7a5f858b,https://www.gmanetwork.com/news/topstories/metro/796691/list-flooded-areas-in-metro-manila-on-sunday-july-25-2021/story/,NCR-2021-JUL-HABAGAT,Quezon City,,,"Gumamela St., Barangay Roxas",2021-07-25T08:00:00+08:00,Explicit as-of clock with same-day dated publication/report context; publication clock is never onset or clearance.,27,"Quezon City, as of 8 a.m: | Gumamela St., Barangay Roxas: Man deep. Not passable to all types of vehicles",flood_observed,Man deep. Not passable to all types of vehicles,,,"Gumamela St., Barangay Roxas: Man deep. Not passable to all types of vehicles",source_reviewed_candidate_not_training_admitted,,qualitative_or_missing_depth_no_numeric_conversion,2021-07-25,docs/evaluations/metro-manila-flood-duration-20261004,NCR-2021-07-25,explicit publisher city section,"""datePublished"":""2021-07-25T",27;30,GMA-20210725-796691-R0020,,,,,,,,
OBS-213883f6d97b83c8,GMA-20210725-796691,ac9d7a5f858b,https://www.gmanetwork.com/news/topstories/metro/796691/list-flooded-areas-in-metro-manila-on-sunday-july-25-2021/story/,NCR-2021-JUL-HABAGAT,Quezon City,,,"West Riverside, Brgy. Del Monte",2021-07-25T08:00:00+08:00,Explicit as-of clock with same-day dated publication/report context; publication clock is never onset or clearance.,27,"Quezon City, as of 8 a.m: | West Riverside, Brgy. Del Monte: waist to chest deep. Not passable to all types of vehicles",flood_observed,waist to chest deep. Not passable to all types of vehicles,,,"West Riverside, Brgy. Del Monte: waist to chest deep. Not passable to all types of vehicles",source_reviewed_candidate_not_training_admitted,,qualitative_or_missing_depth_no_numeric_conversion,2021-07-25,docs/evaluations/metro-manila-flood-duration-20261004,NCR-2021-07-25,explicit publisher city section,"""datePublished"":""2021-07-25T",27;31,GMA-20210725-796691-R0021,,,,,,,,
OBS-489acd521d5e3c11,GMA-20210725-796691,ac9d7a5f858b,https://www.gmanetwork.com/news/topstories/metro/796691/list-flooded-areas-in-metro-manila-on-sunday-july-25-2021/story/,NCR-2021-JUL-HABAGAT,Quezon City,,,ERB Araneta,2021-07-25T08:00:00+08:00,Explicit as-of clock with same-day dated publication/report context; publication clock is never onset or clearance.,27,"Quezon City, as of 8 a.m: | ERB Araneta: knee to waist deep. Not passable to all types of vehicles",flood_observed,knee to waist deep. Not passable to all types of vehicles,,,ERB Araneta: knee to waist deep. Not passable to all types of vehicles,source_reviewed_candidate_not_training_admitted,,qualitative_or_missing_depth_no_numeric_conversion,2021-07-25,docs/evaluations/metro-manila-flood-duration-20261004,NCR-2021-07-25,explicit publisher city section,"""datePublished"":""2021-07-25T",27;32,GMA-20210725-796691-R0022,,,,,,,,
OBS-342017aa967ebf8d,GMA-20210725-796691,ac9d7a5f858b,https://www.gmanetwork.com/news/topstories/metro/796691/list-flooded-areas-in-metro-manila-on-sunday-july-25-2021/story/,NCR-2021-JUL-HABAGAT,Quezon City,,,Araneta-Victory Ave.,2021-07-25T08:00:00+08:00,Explicit as-of clock with same-day dated publication/report context; publication clock is never onset or clearance.,27,"Quezon City, as of 8 a.m: | Araneta-Victory Ave.: knee deep. Not passable to light vehicles",flood_observed,knee deep. Not passable to light vehicles,,,Araneta-Victory Ave.: knee deep. Not passable to light vehicles,source_reviewed_candidate_not_training_admitted,,qualitative_or_missing_depth_no_numeric_conversion,2021-07-25,docs/evaluations/metro-manila-flood-duration-20261004,NCR-2021-07-25,explicit publisher city section,"""datePublished"":""2021-07-25T",27;33,GMA-20210725-796691-R0023,,,,,,,,
OBS-eddcdf3b1567973a,GMA-20210725-796691,ac9d7a5f858b,https://www.gmanetwork.com/news/topstories/metro/796691/list-flooded-areas-in-metro-manila-on-sunday-july-25-2021/story/,NCR-2021-JUL-HABAGAT,Quezon City,,,Araneta-Caliraya to Kitanlad,2021-07-25T08:00:00+08:00,Explicit as-of clock with same-day dated publication/report context; publication clock is never onset or clearance.,27,"Quezon City, as of 8 a.m: | Araneta-Caliraya to Kitanlad: knee deep. Not passable to light vehicles",flood_observed,knee deep. Not passable to light vehicles,,,Araneta-Caliraya to Kitanlad: knee deep. Not passable to light vehicles,source_reviewed_candidate_not_training_admitted,,qualitative_or_missing_depth_no_numeric_conversion,2021-07-25,docs/evaluations/metro-manila-flood-duration-20261004,NCR-2021-07-25,explicit publisher city section,"""datePublished"":""2021-07-25T",27;34,GMA-20210725-796691-R0024,,,,,,,,
OBS-2100815ffc4b4615,GMA-20210725-796691,ac9d7a5f858b,https://www.gmanetwork.com/news/topstories/metro/796691/list-flooded-areas-in-metro-manila-on-sunday-july-25-2021/story/,NCR-2021-JUL-HABAGAT,Quezon City,,,"Agno Street, Tatalon",2021-07-25T08:00:00+08:00,Explicit as-of clock with same-day dated publication/report context; publication clock is never onset or clearance.,27,"Quezon City, as of 8 a.m: | Agno Street, Tatalon: knee deep. Not passable to light vehicles",flood_observed,knee deep. Not passable to light vehicles,,,"Agno Street, Tatalon: knee deep. Not passable to light vehicles",source_reviewed_candidate_not_training_admitted,,qualitative_or_missing_depth_no_numeric_conversion,2021-07-25,docs/evaluations/metro-manila-flood-duration-20261004,NCR-2021-07-25,explicit publisher city section,"""datePublished"":""2021-07-25T",27;35,GMA-20210725-796691-R0025,,,,,,,,
OBS-e55f2ffd8015ac95,GMA-20210725-796691,ac9d7a5f858b,https://www.gmanetwork.com/news/topstories/metro/796691/list-flooded-areas-in-metro-manila-on-sunday-july-25-2021/story/,NCR-2021-JUL-HABAGAT,Quezon City,,,"Victo Street, Tatalon",2021-07-25T08:00:00+08:00,Explicit as-of clock with same-day dated publication/report context; publication clock is never onset or clearance.,27,"Quezon City, as of 8 a.m: | Victo Street, Tatalon: knee deep. Not passable to light vehicles",flood_observed,knee deep. Not passable to light vehicles,,,"Victo Street, Tatalon: knee deep. Not passable to light vehicles",source_reviewed_candidate_not_training_admitted,,qualitative_or_missing_depth_no_numeric_conversion,2021-07-25,docs/evaluations/metro-manila-flood-duration-20261004,NCR-2021-07-25,explicit publisher city section,"""datePublished"":""2021-07-25T",27;36,GMA-20210725-796691-R0026,,,,,,,,
OBS-486e8707f52fd8b5,GMA-20210725-796691,ac9d7a5f858b,https://www.gmanetwork.com/news/topstories/metro/796691/list-flooded-areas-in-metro-manila-on-sunday-july-25-2021/story/,NCR-2021-JUL-HABAGAT,Taguig,,,Kawayanan Brgy Tuktukan,2021-07-25T12:00:00+08:00,Explicit as-of clock with same-day dated publication/report context; publication clock is never onset or clearance.,37,"Taguig City, as of 12 noon | Kawayanan Brgy Tuktukan - Knee deep",flood_observed,Knee deep,,,,source_reviewed_candidate_not_training_admitted,,qualitative_or_missing_depth_no_numeric_conversion,2021-07-25,docs/evaluations/metro-manila-flood-duration-20261004,NCR-2021-07-25,explicit publisher city section,"""datePublished"":""2021-07-25T",37;38,GMA-20210725-796691-R0027,,,,,,,,
OBS-5dbc7dfe7fe97c2e,GMA-20210725-796691,ac9d7a5f858b,https://www.gmanetwork.com/news/topstories/metro/796691/list-flooded-areas-in-metro-manila-on-sunday-july-25-2021/story/,NCR-2021-JUL-HABAGAT,Taguig,,,Bagong Sicat Sta. Ana,2021-07-25T12:00:00+08:00,Explicit as-of clock with same-day dated publication/report context; publication clock is never onset or clearance.,37,"Taguig City, as of 12 noon | Bagong Sicat Sta. Ana - Knee deep",flood_observed,Knee deep,,,,source_reviewed_candidate_not_training_admitted,,qualitative_or_missing_depth_no_numeric_conversion,2021-07-25,docs/evaluations/metro-manila-flood-duration-20261004,NCR-2021-07-25,explicit publisher city section,"""datePublished"":""2021-07-25T",37;39,GMA-20210725-796691-R0028,,,,,,,,
OBS-9573751dc84051d7,GMA-20210725-796691,ac9d7a5f858b,https://www.gmanetwork.com/news/topstories/metro/796691/list-flooded-areas-in-metro-manila-on-sunday-july-25-2021/story/,NCR-2021-JUL-HABAGAT,Taguig,,,Mercado Brgy Hagonoy,2021-07-25T12:00:00+08:00,Explicit as-of clock with same-day dated publication/report context; publication clock is never onset or clearance.,37,"Taguig City, as of 12 noon | Mercado Brgy Hagonoy - Knee deep",flood_observed,Knee deep,,,,source_reviewed_candidate_not_training_admitted,,qualitative_or_missing_depth_no_numeric_conversion,2021-07-25,docs/evaluations/metro-manila-flood-duration-20261004,NCR-2021-07-25,explicit publisher city section,"""datePublished"":""2021-07-25T",37;40,GMA-20210725-796691-R0029,,,,,,,,
OBS-f32c62c85ae3220a,GMA-20210725-796691,ac9d7a5f858b,https://www.gmanetwork.com/news/topstories/metro/796691/list-flooded-areas-in-metro-manila-on-sunday-july-25-2021/story/,NCR-2021-JUL-HABAGAT,Taguig,,,Moon light Brgy Hagonoy,2021-07-25T12:00:00+08:00,Explicit as-of clock with same-day dated publication/report context; publication clock is never onset or clearance.,37,"Taguig City, as of 12 noon | Moon light Brgy Hagonoy - Above Knee deep",flood_observed,Above Knee deep,,,,source_reviewed_candidate_not_training_admitted,,qualitative_or_missing_depth_no_numeric_conversion,2021-07-25,docs/evaluations/metro-manila-flood-duration-20261004,NCR-2021-07-25,explicit publisher city section,"""datePublished"":""2021-07-25T",37;41,GMA-20210725-796691-R0030,,,,,,,,
OBS-00283256f6c4a15f,GMA-20210725-796691,ac9d7a5f858b,https://www.gmanetwork.com/news/topstories/metro/796691/list-flooded-areas-in-metro-manila-on-sunday-july-25-2021/story/,NCR-2021-JUL-HABAGAT,Taguig,,,Bagong silang Brgy Hagonoy,2021-07-25T12:00:00+08:00,Explicit as-of clock with same-day dated publication/report context; publication clock is never onset or clearance.,37,"Taguig City, as of 12 noon | Bagong silang Brgy Hagonoy - Knee deep",flood_observed,Knee deep,,,,source_reviewed_candidate_not_training_admitted,,qualitative_or_missing_depth_no_numeric_conversion,2021-07-25,docs/evaluations/metro-manila-flood-duration-20261004,NCR-2021-07-25,explicit publisher city section,"""datePublished"":""2021-07-25T",37;42,GMA-20210725-796691-R0031,,,,,,,,
OBS-bfad7b02e642f6b3,GMA-20210725-796691,ac9d7a5f858b,https://www.gmanetwork.com/news/topstories/metro/796691/list-flooded-areas-in-metro-manila-on-sunday-july-25-2021/story/,NCR-2021-JUL-HABAGAT,Valenzuela,,,MacArthur BBB,2021-07-25T12:00:00+08:00,Explicit as-of clock with same-day dated publication/report context; publication clock is never onset or clearance.,43,"Valenzuela City, as of 12 noon | MacArthur BBB - Half tire deep",flood_observed,Half tire deep,,,,source_reviewed_candidate_not_training_admitted,,qualitative_or_missing_depth_no_numeric_conversion,2021-07-25,docs/evaluations/metro-manila-flood-duration-20261004,NCR-2021-07-25,explicit publisher city section,"""datePublished"":""2021-07-25T",43;44,GMA-20210725-796691-R0032,,,,,,,,
OBS-b054b28bc918cc39,GMA-20210725-796691,ac9d7a5f858b,https://www.gmanetwork.com/news/topstories/metro/796691/list-flooded-areas-in-metro-manila-on-sunday-july-25-2021/story/,NCR-2021-JUL-HABAGAT,Valenzuela,,,G. Lazaro Dalandanan,2021-07-25T12:00:00+08:00,Explicit as-of clock with same-day dated publication/report context; publication clock is never onset or clearance.,43,"Valenzuela City, as of 12 noon | G. Lazaro Dalandanan - Half tire deep",flood_observed,Half tire deep,,,,source_reviewed_candidate_not_training_admitted,,qualitative_or_missing_depth_no_numeric_conversion,2021-07-25,docs/evaluations/metro-manila-flood-duration-20261004,NCR-2021-07-25,explicit publisher city section,"""datePublished"":""2021-07-25T",43;45,GMA-20210725-796691-R0033,,,,,,,,
OBS-3604dc886b69bce8,GMA-20210725-796691,ac9d7a5f858b,https://www.gmanetwork.com/news/topstories/metro/796691/list-flooded-areas-in-metro-manila-on-sunday-july-25-2021/story/,NCR-2021-JUL-HABAGAT,Valenzuela,,,Viente Reales Canumay west bypass road,2021-07-25T12:00:00+08:00,Explicit as-of clock with same-day dated publication/report context; publication clock is never onset or clearance.,43,"Valenzuela City, as of 12 noon | Viente Reales Canumay west bypass road - Man deep",flood_observed,Man deep,,,,source_reviewed_candidate_not_training_admitted,,qualitative_or_missing_depth_no_numeric_conversion,2021-07-25,docs/evaluations/metro-manila-flood-duration-20261004,NCR-2021-07-25,explicit publisher city section,"""datePublished"":""2021-07-25T",43;46,GMA-20210725-796691-R0034,,,,,,,,
OBS-ba2f92eb04212dbc,GMA-20210725-796691,ac9d7a5f858b,https://www.gmanetwork.com/news/topstories/metro/796691/list-flooded-areas-in-metro-manila-on-sunday-july-25-2021/story/,NCR-2021-JUL-HABAGAT,Valenzuela,,,P. Santiago Mc Arthur,2021-07-25T12:00:00+08:00,Explicit as-of clock with same-day dated publication/report context; publication clock is never onset or clearance.,43,"Valenzuela City, as of 12 noon | P. Santiago Mc Arthur - Knee deep",flood_observed,Knee deep,,,,source_reviewed_candidate_not_training_admitted,,qualitative_or_missing_depth_no_numeric_conversion,2021-07-25,docs/evaluations/metro-manila-flood-duration-20261004,NCR-2021-07-25,explicit publisher city section,"""datePublished"":""2021-07-25T",43;47,GMA-20210725-796691-R0035,,,,,,,,
OBS-d6025027368cacb1,GMA-20210725-796691,ac9d7a5f858b,https://www.gmanetwork.com/news/topstories/metro/796691/list-flooded-areas-in-metro-manila-on-sunday-july-25-2021/story/,NCR-2021-JUL-HABAGAT,Manila,,,Remegio Street corner Rizal Avenue,2021-07-25T08:00:00+08:00,Explicit as-of clock with same-day dated publication/report context; publication clock is never onset or clearance.,49,"Meanwhile, in Manila, Remegio Street corner Rizal Avenue had gutter-deep flood as of 8 a.m., according to a report by Rod Vega on Super Radyo dzBB.",flood_observed,gutter-deep,,,,source_reviewed_candidate_not_training_admitted,,qualitative_or_missing_depth_no_numeric_conversion,2021-07-25,docs/evaluations/metro-manila-flood-duration-20261004,NCR-2021-07-25,explicit publisher city section,"""datePublished"":""2021-07-25T",49,GMA-20210725-796691-R0036,,,,,,,,
OBS-02e3f65a67acf4e4,GMA-20210723-796470,cbab2b72a552,https://www.gmanetwork.com/news/topstories/nation/796470/floods-landslides-hit-luzon-areas-amid-habagat-rains/story/,NCR-2021-JUL-HABAGAT,Pasig,,,Metroville,2021-07-23T06:00:00+08:00,Explicit as-of clock with same-day dated publication/report context; publication clock is never onset or clearance.,9,"In Pasig City, up to three inches of floodwater was reported on Metroville, PSP Avenue, St. Joseph as of 6 a.m.",flood_observed,up to 3 inches,,7.62,,source_reviewed_candidate_not_training_admitted,,shared_area_depth_upper_bound,2021-07-23,docs/evaluations/metro-manila-flood-duration-20261004,NCR-2021-07-23,explicit publisher city section,"""datePublished"":""2021-07-23T",9,GMA-20210723-796470-R0037,,,,,,,,
OBS-6a1981b90025e587,GMA-20210723-796470,cbab2b72a552,https://www.gmanetwork.com/news/topstories/nation/796470/floods-landslides-hit-luzon-areas-amid-habagat-rains/story/,NCR-2021-JUL-HABAGAT,Pasig,,,PSP Avenue,2021-07-23T06:00:00+08:00,Explicit as-of clock with same-day dated publication/report context; publication clock is never onset or clearance.,9,"In Pasig City, up to three inches of floodwater was reported on Metroville, PSP Avenue, St. Joseph as of 6 a.m.",flood_observed,up to 3 inches,,7.62,,source_reviewed_candidate_not_training_admitted,,shared_area_depth_upper_bound,2021-07-23,docs/evaluations/metro-manila-flood-duration-20261004,NCR-2021-07-23,explicit publisher city section,"""datePublished"":""2021-07-23T",9,GMA-20210723-796470-R0038,,,,,,,,
OBS-0c395afcfd5d0b83,GMA-20210723-796470,cbab2b72a552,https://www.gmanetwork.com/news/topstories/nation/796470/floods-landslides-hit-luzon-areas-amid-habagat-rains/story/,NCR-2021-JUL-HABAGAT,Pasig,,,St. Joseph,2021-07-23T06:00:00+08:00,Explicit as-of clock with same-day dated publication/report context; publication clock is never onset or clearance.,9,"In Pasig City, up to three inches of floodwater was reported on Metroville, PSP Avenue, St. Joseph as of 6 a.m.",flood_observed,up to 3 inches,,7.62,,source_reviewed_candidate_not_training_admitted,,shared_area_depth_upper_bound,2021-07-23,docs/evaluations/metro-manila-flood-duration-20261004,NCR-2021-07-23,explicit publisher city section,"""datePublished"":""2021-07-23T",9,GMA-20210723-796470-R0039,,,,,,,,
OBS-3f8df137826e8d9f,GMA-20210723-796470,cbab2b72a552,https://www.gmanetwork.com/news/topstories/nation/796470/floods-landslides-hit-luzon-areas-amid-habagat-rains/story/,NCR-2021-JUL-HABAGAT,Parañaque,,,Governor Ave. BF homes,2021-07-23T06:00:00+08:00,Explicit as-of clock with same-day dated publication/report context; publication clock is never onset or clearance.,6,"In Parañaque City, waist-deep floods were reported on Governor Ave. BF homes and Salagun St. BF homes, as well as knee-deep flood on Kaingin Road as of 6 a.m.",flood_observed,waist-deep,,,,source_reviewed_candidate_not_training_admitted,,qualitative_or_missing_depth_no_numeric_conversion,2021-07-23,docs/evaluations/metro-manila-flood-duration-20261004,NCR-2021-07-23,explicit publisher city section,"""datePublished"":""2021-07-23T",6,GMA-20210723-796470-R0040,,,,,,,,
OBS-18a5ae0cae9ac491,GMA-20210723-796470,cbab2b72a552,https://www.gmanetwork.com/news/topstories/nation/796470/floods-landslides-hit-luzon-areas-amid-habagat-rains/story/,NCR-2021-JUL-HABAGAT,Parañaque,,,Salagun St. BF homes,2021-07-23T06:00:00+08:00,Explicit as-of clock with same-day dated publication/report context; publication clock is never onset or clearance.,6,"In Parañaque City, waist-deep floods were reported on Governor Ave. BF homes and Salagun St. BF homes, as well as knee-deep flood on Kaingin Road as of 6 a.m.",flood_observed,waist-deep,,,,source_reviewed_candidate_not_training_admitted,,qualitative_or_missing_depth_no_numeric_conversion,2021-07-23,docs/evaluations/metro-manila-flood-duration-20261004,NCR-2021-07-23,explicit publisher city section,"""datePublished"":""2021-07-23T",6,GMA-20210723-796470-R0041,,,,,,,,
OBS-0e5ce6ebe2b06628,GMA-20210723-796470,cbab2b72a552,https://www.gmanetwork.com/news/topstories/nation/796470/floods-landslides-hit-luzon-areas-amid-habagat-rains/story/,NCR-2021-JUL-HABAGAT,Parañaque,,,Kaingin Road,2021-07-23T06:00:00+08:00,Explicit as-of clock with same-day dated publication/report context; publication clock is never onset or clearance.,6,"In Parañaque City, waist-deep floods were reported on Governor Ave. BF homes and Salagun St. BF homes, as well as knee-deep flood on Kaingin Road as of 6 a.m.",flood_observed,knee-deep,,,,source_reviewed_candidate_not_training_admitted,,qualitative_or_missing_depth_no_numeric_conversion,2021-07-23,docs/evaluations/metro-manila-flood-duration-20261004,NCR-2021-07-23,explicit publisher city section,"""datePublished"":""2021-07-23T",6,GMA-20210723-796470-R0042,,,,,,,,
OBS-38c311159ee0e7b3,GMA-20210723-796470,cbab2b72a552,https://www.gmanetwork.com/news/topstories/nation/796470/floods-landslides-hit-luzon-areas-amid-habagat-rains/story/,NCR-2021-JUL-HABAGAT,Malabon,,,Camos Extension,2021-07-23T06:00:00+08:00,Explicit as-of clock with same-day dated publication/report context; publication clock is never onset or clearance.,8,"In Malabon City, half gutter-deep flood was reported in Camos Extension and FC Villa Boulevard as of 6 a.m. Gutter-deep flood also hit Arellano Camus St., Sevilla in front of the market, and Avha Court in Barangay Tenejeros",flood_observed,half gutter-deep,,,,source_reviewed_candidate_not_training_admitted,,qualitative_or_missing_depth_no_numeric_conversion,2021-07-23,docs/evaluations/metro-manila-flood-duration-20261004,NCR-2021-07-23,explicit publisher city section,"""datePublished"":""2021-07-23T",8,GMA-20210723-796470-R0043,,,,,,,,
OBS-f26c9a13ae63667b,GMA-20210723-796470,cbab2b72a552,https://www.gmanetwork.com/news/topstories/nation/796470/floods-landslides-hit-luzon-areas-amid-habagat-rains/story/,NCR-2021-JUL-HABAGAT,Malabon,,,FC Villa Boulevard,2021-07-23T06:00:00+08:00,Explicit as-of clock with same-day dated publication/report context; publication clock is never onset or clearance.,8,"In Malabon City, half gutter-deep flood was reported in Camos Extension and FC Villa Boulevard as of 6 a.m. Gutter-deep flood also hit Arellano Camus St., Sevilla in front of the market, and Avha Court in Barangay Tenejeros",flood_observed,half gutter-deep,,,,source_reviewed_candidate_not_training_admitted,,qualitative_or_missing_depth_no_numeric_conversion,2021-07-23,docs/evaluations/metro-manila-flood-duration-20261004,NCR-2021-07-23,explicit publisher city section,"""datePublished"":""2021-07-23T",8,GMA-20210723-796470-R0044,,,,,,,,
OBS-ec5fcf563c793430,GMA-20220730-839934,298401874cd4,https://www.gmanetwork.com/news/topstories/world/839934/ester-enhanced-habagat-rain-floods-several-metro-manila-areas/story/,NCR-2022-JUL30-ESTER,Pasig,,,C5 Ortigas Service Road (both bounds),2022-07-30T12:44:00+08:00,Explicit as-of clock with same-day dated publication/report context; publication clock is never onset or clearance.,6,"— Official MMDA (@MMDA) July 30, 2022 | Both directions of the C5 Ortigas Service Road also had gutter-deep floods as of 12:44 p.m. But the section was also still passable to light vehicles.",flood_observed,gutter-deep,,,Both directions of the C5 Ortigas Service Road also had gutter-deep floods as of 12:44 p.m. But the section was also still passable to light vehicles.,source_reviewed_candidate_not_training_admitted,,city_from_corroborating_road_geography;street_alias_requires_review;qualitative_or_missing_depth_no_numeric_conversion,2022-07-30,docs/evaluations/metro-manila-flood-duration-20261004,NCR-2022-07-30,"City geography corroboration, not source city wording: https://pasigcity.gov.ph/news-and-releases/flood-update-as-of-0400am-july-25-2024-601 (Eagle St Cor C5 Rd Brgy Ugong); https://www.pna.gov.ph/articles/1248174 (C5/Ortigas service road in Pasig). Preserve raw road name; no training admission.","""datePublished"":""2022-07-30T",6;7,GMA-20220730-839934-R0045,,,,,,,,
OBS-6c745cd6bb2fd191,GMA-20220730-839934,298401874cd4,https://www.gmanetwork.com/news/topstories/world/839934/ester-enhanced-habagat-rain-floods-several-metro-manila-areas/story/,NCR-2022-JUL30-ESTER,Pasig,,,C5 Eagle Ave (northbound),2022-07-30T13:18:00+08:00,Explicit as-of clock with same-day dated publication/report context; publication clock is never onset or clearance.,6,"— Official MMDA (@MMDA) July 30, 2022 | As of 1:18 p.m., the northbound lanes of C5 Eagle Ave had knee-deep floods and were not passable to light vehicles.",flood_observed,knee-deep,,,"As of 1:18 p.m., the northbound lanes of C5 Eagle Ave had knee-deep floods and were not passable to light vehicles.",source_reviewed_candidate_not_training_admitted,,city_from_corroborating_road_geography;street_alias_requires_review;qualitative_or_missing_depth_no_numeric_conversion,2022-07-30,docs/evaluations/metro-manila-flood-duration-20261004,NCR-2022-07-30,"City geography corroboration, not source city wording: https://pasigcity.gov.ph/news-and-releases/flood-update-as-of-0400am-july-25-2024-601 (Eagle St Cor C5 Rd Brgy Ugong); https://www.pna.gov.ph/articles/1248174 (C5/Ortigas service road in Pasig). Preserve raw road name; no training admission.","""datePublished"":""2022-07-30T",6;13,GMA-20220730-839934-R0046,,,,,,,,
OBS-1a2d35a7ed4097c9,GMA-20230923-883038,0404d4160aa0,https://www.gmanetwork.com/news/topstories/metro/883038/flooded-areas-saturday-sept-23-2023/story/,NCR-2023-SEP23,Manila,,,Yuseco Street,2023-09-23T12:55:00+08:00,Explicit as-of clock with same-day dated publication/report context; publication clock is never onset or clearance.,10,"Yuseco Street, Manila (12:55 p.m.)",flood_observed,,,,,source_reviewed_candidate_not_training_admitted,,qualitative_or_missing_depth_no_numeric_conversion,2023-09-23,docs/evaluations/metro-manila-flood-duration-20261004,NCR-2023-09-23,explicit publisher city section,"""datePublished"":""2023-09-23T",10,GMA-20230923-883038-R0047,,,,,,,,
OBS-de3badc30cce2d1e,GMA-20230923-883038,0404d4160aa0,https://www.gmanetwork.com/news/topstories/metro/883038/flooded-areas-saturday-sept-23-2023/story/,NCR-2023-SEP23,Manila,,,Abad Santos Avenue,2023-09-23T12:50:00+08:00,Explicit as-of clock with same-day dated publication/report context; publication clock is never onset or clearance.,13,"Abad Santos Avenue, Manila (12:50 p.m.)",flood_observed,,,,,source_reviewed_candidate_not_training_admitted,,qualitative_or_missing_depth_no_numeric_conversion,2023-09-23,docs/evaluations/metro-manila-flood-duration-20261004,NCR-2023-09-23,explicit publisher city section,"""datePublished"":""2023-09-23T",13,GMA-20230923-883038-R0048,,,,,,,,
OBS-d26f3fc3a3dc0dc1,GMA-20230923-883038,0404d4160aa0,https://www.gmanetwork.com/news/topstories/metro/883038/flooded-areas-saturday-sept-23-2023/story/,NCR-2023-SEP23,Quezon City,,,EDSA-Centris,2023-09-23T12:40:00+08:00,Explicit as-of clock with same-day dated publication/report context; publication clock is never onset or clearance.,16,"EDSA-Centris, Quezon City (12:40 p.m.)",flood_observed,,,,,source_reviewed_candidate_not_training_admitted,,qualitative_or_missing_depth_no_numeric_conversion,2023-09-23,docs/evaluations/metro-manila-flood-duration-20261004,NCR-2023-09-23,explicit publisher city section,"""datePublished"":""2023-09-23T",16,GMA-20230923-883038-R0049,,,,,,,,
OBS-20cfe4303000fd0a,GMA-20230923-883038,0404d4160aa0,https://www.gmanetwork.com/news/topstories/metro/883038/flooded-areas-saturday-sept-23-2023/story/,NCR-2023-SEP23,Quezon City,,,Main Avenue,2023-09-23T12:35:00+08:00,Explicit as-of clock with same-day dated publication/report context; publication clock is never onset or clearance.,19,"Main Avenue, Quezon City (12:35 p.m.)",flood_observed,,,,,source_reviewed_candidate_not_training_admitted,,qualitative_or_missing_depth_no_numeric_conversion,2023-09-23,docs/evaluations/metro-manila-flood-duration-20261004,NCR-2023-09-23,explicit publisher city section,"""datePublished"":""2023-09-23T",19,GMA-20230923-883038-R0050,,,,,,,,
OBS-1ddbfcce9838f3a3,GMA-20230923-883038,0404d4160aa0,https://www.gmanetwork.com/news/topstories/metro/883038/flooded-areas-saturday-sept-23-2023/story/,NCR-2023-SEP23,Quezon City,,,"Liberty Avenue, Cubao",2023-09-23T12:30:00+08:00,Explicit as-of clock with same-day dated publication/report context; publication clock is never onset or clearance.,23,"#BantayBaha: (As of 12:30 pm) Baha na rin sa bahagi ng Liberty Avenue sa Cubao, Quezon City dahil sa nararanasang malakas na pag-ulan. | via @luisitosantos03 pic.twitter.com/yEzz4Pe5xS",flood_observed,,,,,source_reviewed_candidate_not_training_admitted,,qualitative_or_missing_depth_no_numeric_conversion,2023-09-23,docs/evaluations/metro-manila-flood-duration-20261004,NCR-2023-09-23,explicit publisher city section,"""datePublished"":""2023-09-23T",23,GMA-20230923-883038-R0051,,,,,,,,
OBS-cacab3f26df07060,GMA-20250722-953360,8d34d8e0dbfc,https://www.gmanetwork.com/news/topstories/metro/953360/heavy-rains-from-habagat-trigger-floods-in-parts-of-metro-manila/story/,NCR-2025-JUL21-25,Manila,,,Recto Mendiola Intersection,2025-07-22T13:15:00+08:00,Explicit as-of clock with same-day dated publication/report context; publication clock is never onset or clearance.,4,"According to the Metropolitan Manila Development Authority (MMDA), the following areas were affected by the flooding as of 1:15 p.m.: | Manila | Recto Mendiola Intersection: gutter deep, passable to all types of vehicles",flood_observed,"gutter deep, passable to all types of vehicles",,,"Recto Mendiola Intersection: gutter deep, passable to all types of vehicles",source_reviewed_candidate_not_training_admitted,,qualitative_or_missing_depth_no_numeric_conversion,2025-07-22,docs/evaluations/metro-manila-flood-duration-20261004,NCR-2025-07-22,explicit publisher city section,"""datePublished"":""2025-07-22T",4;5;6,GMA-20250722-953360-R0052,,,,,,,,
OBS-9a8ccc2d39c06375,GMA-20250722-953360,8d34d8e0dbfc,https://www.gmanetwork.com/news/topstories/metro/953360/heavy-rains-from-habagat-trigger-floods-in-parts-of-metro-manila/story/,NCR-2025-JUL21-25,Manila,,,Recto Rizal Ave,2025-07-22T13:15:00+08:00,Explicit as-of clock with same-day dated publication/report context; publication clock is never onset or clearance.,4,"According to the Metropolitan Manila Development Authority (MMDA), the following areas were affected by the flooding as of 1:15 p.m.: | Manila | Recto Rizal Ave: Gutter deep, passable to all types of vehicles",flood_observed,"Gutter deep, passable to all types of vehicles",,,"Recto Rizal Ave: Gutter deep, passable to all types of vehicles",source_reviewed_candidate_not_training_admitted,,qualitative_or_missing_depth_no_numeric_conversion,2025-07-22,docs/evaluations/metro-manila-flood-duration-20261004,NCR-2025-07-22,explicit publisher city section,"""datePublished"":""2025-07-22T",4;5;7,GMA-20250722-953360-R0053,,,,,,,,
OBS-b8d67b776626ec5f,GMA-20250722-953360,8d34d8e0dbfc,https://www.gmanetwork.com/news/topstories/metro/953360/heavy-rains-from-habagat-trigger-floods-in-parts-of-metro-manila/story/,NCR-2025-JUL21-25,Manila,,,Recto Loyola WB,2025-07-22T13:15:00+08:00,Explicit as-of clock with same-day dated publication/report context; publication clock is never onset or clearance.,4,"According to the Metropolitan Manila Development Authority (MMDA), the following areas were affected by the flooding as of 1:15 p.m.: | Manila | Recto Loyola WB: Gutter deep, passable to all types of vehicles",flood_observed,"Gutter deep, passable to all types of vehicles",,,"Recto Loyola WB: Gutter deep, passable to all types of vehicles",source_reviewed_candidate_not_training_admitted,,qualitative_or_missing_depth_no_numeric_conversion;temporal_source_conflict_requires_review,2025-07-22,docs/evaluations/metro-manila-flood-duration-20261004,NCR-2025-07-22,explicit publisher city section,"""datePublished"":""2025-07-22T",4;5;8,GMA-20250722-953360-R0054,,,,,,,,
OBS-f102f23c3c5d3f5f,GMA-20250722-953360,8d34d8e0dbfc,https://www.gmanetwork.com/news/topstories/metro/953360/heavy-rains-from-habagat-trigger-floods-in-parts-of-metro-manila/story/,NCR-2025-JUL21-25,Manila,,,Recto Alonzo,2025-07-22T13:15:00+08:00,Explicit as-of clock with same-day dated publication/report context; publication clock is never onset or clearance.,4,"According to the Metropolitan Manila Development Authority (MMDA), the following areas were affected by the flooding as of 1:15 p.m.: | Manila | Recto Alonzo: Gutter deep, passable to all types of vehicles",flood_observed,"Gutter deep, passable to all types of vehicles",,,"Recto Alonzo: Gutter deep, passable to all types of vehicles",source_reviewed_candidate_not_training_admitted,,qualitative_or_missing_depth_no_numeric_conversion,2025-07-22,docs/evaluations/metro-manila-flood-duration-20261004,NCR-2025-07-22,explicit publisher city section,"""datePublished"":""2025-07-22T",4;5;10,GMA-20250722-953360-R0055,,,,,,,,
OBS-21dfd7d559d57fc7,GMA-20250722-953360,8d34d8e0dbfc,https://www.gmanetwork.com/news/topstories/metro/953360/heavy-rains-from-habagat-trigger-floods-in-parts-of-metro-manila/story/,NCR-2025-JUL21-25,Manila,,,España Dela Fuente,2025-07-22T13:15:00+08:00,Explicit as-of clock with same-day dated publication/report context; publication clock is never onset or clearance.,4,"According to the Metropolitan Manila Development Authority (MMDA), the following areas were affected by the flooding as of 1:15 p.m.: | Manila | España Dela Fuente: Knee deep, not passable to light vehicles",flood_observed,"Knee deep, not passable to light vehicles",,,"España Dela Fuente: Knee deep, not passable to light vehicles",source_reviewed_candidate_not_training_admitted,,qualitative_or_missing_depth_no_numeric_conversion,2025-07-22,docs/evaluations/metro-manila-flood-duration-20261004,NCR-2025-07-22,explicit publisher city section,"""datePublished"":""2025-07-22T",4;5;11,GMA-20250722-953360-R0056,,,,,,,,
OBS-8eda739ba402a49b,GMA-20250722-953360,8d34d8e0dbfc,https://www.gmanetwork.com/news/topstories/metro/953360/heavy-rains-from-habagat-trigger-floods-in-parts-of-metro-manila/story/,NCR-2025-JUL21-25,Manila,,,España Blvd Antipolo,2025-07-22T13:15:00+08:00,Explicit as-of clock with same-day dated publication/report context; publication clock is never onset or clearance.,4,"According to the Metropolitan Manila Development Authority (MMDA), the following areas were affected by the flooding as of 1:15 p.m.: | Manila | España Blvd Antipolo: Knee deep, not passable to light vehicles",flood_observed,"Knee deep, not passable to light vehicles",,,"España Blvd Antipolo: Knee deep, not passable to light vehicles",source_reviewed_candidate_not_training_admitted,,qualitative_or_missing_depth_no_numeric_conversion,2025-07-22,docs/evaluations/metro-manila-flood-duration-20261004,NCR-2025-07-22,explicit publisher city section,"""datePublished"":""2025-07-22T",4;5;12,GMA-20250722-953360-R0057,,,,,,,,
OBS-9eedea4c30f52d0a,GMA-20250722-953360,8d34d8e0dbfc,https://www.gmanetwork.com/news/topstories/metro/953360/heavy-rains-from-habagat-trigger-floods-in-parts-of-metro-manila/story/,NCR-2025-JUL21-25,Manila,,,España Lacson WB,2025-07-22T13:15:00+08:00,Explicit as-of clock with same-day dated publication/report context; publication clock is never onset or clearance.,4,"According to the Metropolitan Manila Development Authority (MMDA), the following areas were affected by the flooding as of 1:15 p.m.: | Manila | España Lacson WB: Above Gutter deep, not passable to light vehicles",flood_observed,"Above Gutter deep, not passable to light vehicles",,,"España Lacson WB: Above Gutter deep, not passable to light vehicles",source_reviewed_candidate_not_training_admitted,,qualitative_or_missing_depth_no_numeric_conversion,2025-07-22,docs/evaluations/metro-manila-flood-duration-20261004,NCR-2025-07-22,explicit publisher city section,"""datePublished"":""2025-07-22T",4;5;13,GMA-20250722-953360-R0058,,,,,,,,
OBS-812ae4487ce1270e,GMA-20250722-953360,8d34d8e0dbfc,https://www.gmanetwork.com/news/topstories/metro/953360/heavy-rains-from-habagat-trigger-floods-in-parts-of-metro-manila/story/,NCR-2025-JUL21-25,Manila,,,España Lacson EB,2025-07-22T13:15:00+08:00,Explicit as-of clock with same-day dated publication/report context; publication clock is never onset or clearance.,4,"According to the Metropolitan Manila Development Authority (MMDA), the following areas were affected by the flooding as of 1:15 p.m.: | Manila | España Lacson EB: Above Gutter deep, not passable to light vehicles",flood_observed,"Above Gutter deep, not passable to light vehicles",,,"España Lacson EB: Above Gutter deep, not passable to light vehicles",source_reviewed_candidate_not_training_admitted,,qualitative_or_missing_depth_no_numeric_conversion,2025-07-22,docs/evaluations/metro-manila-flood-duration-20261004,NCR-2025-07-22,explicit publisher city section,"""datePublished"":""2025-07-22T",4;5;14,GMA-20250722-953360-R0059,,,,,,,,
OBS-2a4c22aada4f7472,GMA-20250722-953360,8d34d8e0dbfc,https://www.gmanetwork.com/news/topstories/metro/953360/heavy-rains-from-habagat-trigger-floods-in-parts-of-metro-manila/story/,NCR-2025-JUL21-25,Manila,,,España Blvd cor Antipolo St.,2025-07-22T13:15:00+08:00,Explicit as-of clock with same-day dated publication/report context; publication clock is never onset or clearance.,4,"According to the Metropolitan Manila Development Authority (MMDA), the following areas were affected by the flooding as of 1:15 p.m.: | Manila | España Blvd cor Antipolo St.: Knee deep, not passable to light vehicles",flood_observed,"Knee deep, not passable to light vehicles",,,"España Blvd cor Antipolo St.: Knee deep, not passable to light vehicles",source_reviewed_candidate_not_training_admitted,,qualitative_or_missing_depth_no_numeric_conversion,2025-07-22,docs/evaluations/metro-manila-flood-duration-20261004,NCR-2025-07-22,explicit publisher city section,"""datePublished"":""2025-07-22T",4;5;15,GMA-20250722-953360-R0060,,,,,,,,
OBS-b5d5f5f405a3145b,GMA-20250722-953360,8d34d8e0dbfc,https://www.gmanetwork.com/news/topstories/metro/953360/heavy-rains-from-habagat-trigger-floods-in-parts-of-metro-manila/story/,NCR-2025-JUL21-25,Manila,,,Palanca Quinta Market,2025-07-22T13:15:00+08:00,Explicit as-of clock with same-day dated publication/report context; publication clock is never onset or clearance.,4,"According to the Metropolitan Manila Development Authority (MMDA), the following areas were affected by the flooding as of 1:15 p.m.: | Manila | Palanca Quinta Market: Gutter deep, passable to all types of vehiclesV)",flood_observed,"Gutter deep, passable to all types of vehiclesV)",,,"Palanca Quinta Market: Gutter deep, passable to all types of vehiclesV)",source_reviewed_candidate_not_training_admitted,,qualitative_or_missing_depth_no_numeric_conversion,2025-07-22,docs/evaluations/metro-manila-flood-duration-20261004,NCR-2025-07-22,explicit publisher city section,"""datePublished"":""2025-07-22T",4;5;16,GMA-20250722-953360-R0061,,,,,,,,
OBS-0ad1aaf8783fddac,GMA-20250722-953360,8d34d8e0dbfc,https://www.gmanetwork.com/news/topstories/metro/953360/heavy-rains-from-habagat-trigger-floods-in-parts-of-metro-manila/story/,NCR-2025-JUL21-25,Manila,,,Rizal Ave Pampanga St.,2025-07-22T13:15:00+08:00,Explicit as-of clock with same-day dated publication/report context; publication clock is never onset or clearance.,4,"According to the Metropolitan Manila Development Authority (MMDA), the following areas were affected by the flooding as of 1:15 p.m.: | Manila | Rizal Ave Pampanga St.: Gutter deep, passable to all types of vehicles",flood_observed,"Gutter deep, passable to all types of vehicles",,,"Rizal Ave Pampanga St.: Gutter deep, passable to all types of vehicles",source_reviewed_candidate_not_training_admitted,,qualitative_or_missing_depth_no_numeric_conversion,2025-07-22,docs/evaluations/metro-manila-flood-duration-20261004,NCR-2025-07-22,explicit publisher city section,"""datePublished"":""2025-07-22T",4;5;17,GMA-20250722-953360-R0062,,,,,,,,
OBS-5c2af1e0b3dfe145,GMA-20250722-953360,8d34d8e0dbfc,https://www.gmanetwork.com/news/topstories/metro/953360/heavy-rains-from-habagat-trigger-floods-in-parts-of-metro-manila/story/,NCR-2025-JUL21-25,Manila,,,Rizal Ave Aurora,2025-07-22T13:15:00+08:00,Explicit as-of clock with same-day dated publication/report context; publication clock is never onset or clearance.,4,"According to the Metropolitan Manila Development Authority (MMDA), the following areas were affected by the flooding as of 1:15 p.m.: | Manila | Rizal Ave Aurora: Gutter deep, passable to all types of vehicles",flood_observed,"Gutter deep, passable to all types of vehicles",,,"Rizal Ave Aurora: Gutter deep, passable to all types of vehicles",source_reviewed_candidate_not_training_admitted,,qualitative_or_missing_depth_no_numeric_conversion,2025-07-22,docs/evaluations/metro-manila-flood-duration-20261004,NCR-2025-07-22,explicit publisher city section,"""datePublished"":""2025-07-22T",4;5;18,GMA-20250722-953360-R0063,,,,,,,,
OBS-56c7c0ec905a1f5a,GMA-20250722-953360,8d34d8e0dbfc,https://www.gmanetwork.com/news/topstories/metro/953360/heavy-rains-from-habagat-trigger-floods-in-parts-of-metro-manila/story/,NCR-2025-JUL21-25,Manila,,,Taft Avenue cor. UN Ave.,2025-07-22T13:15:00+08:00,Explicit as-of clock with same-day dated publication/report context; publication clock is never onset or clearance.,4,"According to the Metropolitan Manila Development Authority (MMDA), the following areas were affected by the flooding as of 1:15 p.m.: | Manila | Taft Avenue cor. UN Ave.: Gutter deep, passable to all types of vehicles",flood_observed,"Gutter deep, passable to all types of vehicles",,,"Taft Avenue cor. UN Ave.: Gutter deep, passable to all types of vehicles",source_reviewed_candidate_not_training_admitted,,qualitative_or_missing_depth_no_numeric_conversion,2025-07-22,docs/evaluations/metro-manila-flood-duration-20261004,NCR-2025-07-22,explicit publisher city section,"""datePublished"":""2025-07-22T",4;5;19,GMA-20250722-953360-R0064,,,,,,,,
OBS-cd418c53c590ce08,GMA-20250722-953360,8d34d8e0dbfc,https://www.gmanetwork.com/news/topstories/metro/953360/heavy-rains-from-habagat-trigger-floods-in-parts-of-metro-manila/story/,NCR-2025-JUL21-25,Manila,,,Taft Avenue corner Padre Faura,2025-07-22T13:15:00+08:00,Explicit as-of clock with same-day dated publication/report context; publication clock is never onset or clearance.,4,"According to the Metropolitan Manila Development Authority (MMDA), the following areas were affected by the flooding as of 1:15 p.m.: | Manila | Taft Avenue corner Padre Faura: Gutter deep, passable to all types of vehicles",flood_observed,"Gutter deep, passable to all types of vehicles",,,"Taft Avenue corner Padre Faura: Gutter deep, passable to all types of vehicles",source_reviewed_candidate_not_training_admitted,,qualitative_or_missing_depth_no_numeric_conversion,2025-07-22,docs/evaluations/metro-manila-flood-duration-20261004,NCR-2025-07-22,explicit publisher city section,"""datePublished"":""2025-07-22T",4;5;20,GMA-20250722-953360-R0065,,,,,,,,
OBS-461e286f217e15bd,GMA-20250722-953360,8d34d8e0dbfc,https://www.gmanetwork.com/news/topstories/metro/953360/heavy-rains-from-habagat-trigger-floods-in-parts-of-metro-manila/story/,NCR-2025-JUL21-25,Manila,,,Taft Avenue from Apacible to Escoda,2025-07-22T13:15:00+08:00,Explicit as-of clock with same-day dated publication/report context; publication clock is never onset or clearance.,4,"According to the Metropolitan Manila Development Authority (MMDA), the following areas were affected by the flooding as of 1:15 p.m.: | Manila | Taft Avenue from Apacible to Escoda: Gutter deep, passable to all types of vehicles",flood_observed,"Gutter deep, passable to all types of vehicles",,,"Taft Avenue from Apacible to Escoda: Gutter deep, passable to all types of vehicles",source_reviewed_candidate_not_training_admitted,,qualitative_or_missing_depth_no_numeric_conversion,2025-07-22,docs/evaluations/metro-manila-flood-duration-20261004,NCR-2025-07-22,explicit publisher city section,"""datePublished"":""2025-07-22T",4;5;21,GMA-20250722-953360-R0066,,,,,,,,
OBS-4a0498944e4892c7,GMA-20250722-953360,8d34d8e0dbfc,https://www.gmanetwork.com/news/topstories/metro/953360/heavy-rains-from-habagat-trigger-floods-in-parts-of-metro-manila/story/,NCR-2025-JUL21-25,Manila,,,Taft PGH NB/SB,2025-07-22T13:15:00+08:00,Explicit as-of clock with same-day dated publication/report context; publication clock is never onset or clearance.,4,"According to the Metropolitan Manila Development Authority (MMDA), the following areas were affected by the flooding as of 1:15 p.m.: | Manila | Taft PGH NB/SB: Gutter deep, passable to all types of vehicles",flood_observed,"Gutter deep, passable to all types of vehicles",,,"Taft PGH NB/SB: Gutter deep, passable to all types of vehicles",source_reviewed_candidate_not_training_admitted,,qualitative_or_missing_depth_no_numeric_conversion,2025-07-22,docs/evaluations/metro-manila-flood-duration-20261004,NCR-2025-07-22,explicit publisher city section,"""datePublished"":""2025-07-22T",4;5;22,GMA-20250722-953360-R0067,,,,,,,,
OBS-66a04556e7211a87,GMA-20250722-953360,8d34d8e0dbfc,https://www.gmanetwork.com/news/topstories/metro/953360/heavy-rains-from-habagat-trigger-floods-in-parts-of-metro-manila/story/,NCR-2025-JUL21-25,Manila,,,Taft Remedios NB/SB,2025-07-22T13:15:00+08:00,Explicit as-of clock with same-day dated publication/report context; publication clock is never onset or clearance.,4,"According to the Metropolitan Manila Development Authority (MMDA), the following areas were affected by the flooding as of 1:15 p.m.: | Manila | Taft Remedios NB/SB: Gutter deep, passable to all types of vehicles",flood_observed,"Gutter deep, passable to all types of vehicles",,,"Taft Remedios NB/SB: Gutter deep, passable to all types of vehicles",source_reviewed_candidate_not_training_admitted,,qualitative_or_missing_depth_no_numeric_conversion,2025-07-22,docs/evaluations/metro-manila-flood-duration-20261004,NCR-2025-07-22,explicit publisher city section,"""datePublished"":""2025-07-22T",4;5;23,GMA-20250722-953360-R0068,,,,,,,,
OBS-0460bc400c15c2a6,GMA-20250722-953360,8d34d8e0dbfc,https://www.gmanetwork.com/news/topstories/metro/953360/heavy-rains-from-habagat-trigger-floods-in-parts-of-metro-manila/story/,NCR-2025-JUL21-25,Manila,,,Finance Taft,2025-07-22T13:15:00+08:00,Explicit as-of clock with same-day dated publication/report context; publication clock is never onset or clearance.,4,"According to the Metropolitan Manila Development Authority (MMDA), the following areas were affected by the flooding as of 1:15 p.m.: | Manila | Finance Taft: Gutter deep, passable to all types of vehicles",flood_observed,"Gutter deep, passable to all types of vehicles",,,"Finance Taft: Gutter deep, passable to all types of vehicles",source_reviewed_candidate_not_training_admitted,,qualitative_or_missing_depth_no_numeric_conversion,2025-07-22,docs/evaluations/metro-manila-flood-duration-20261004,NCR-2025-07-22,explicit publisher city section,"""datePublished"":""2025-07-22T",4;5;24,GMA-20250722-953360-R0069,,,,,,,,
OBS-1d00ed8a18ba75a2,GMA-20250722-953360,8d34d8e0dbfc,https://www.gmanetwork.com/news/topstories/metro/953360/heavy-rains-from-habagat-trigger-floods-in-parts-of-metro-manila/story/,NCR-2025-JUL21-25,Manila,,,Roxas Blvd. P. Ocampo,2025-07-22T13:15:00+08:00,Explicit as-of clock with same-day dated publication/report context; publication clock is never onset or clearance.,4,"According to the Metropolitan Manila Development Authority (MMDA), the following areas were affected by the flooding as of 1:15 p.m.: | Manila | Roxas Blvd. P. Ocampo: Tire deep, not passable to all types of vehicles",flood_observed,"Tire deep, not passable to all types of vehicles",,,"Roxas Blvd. P. Ocampo: Tire deep, not passable to all types of vehicles",source_reviewed_candidate_not_training_admitted,,qualitative_or_missing_depth_no_numeric_conversion;temporal_source_conflict_requires_review,2025-07-22,docs/evaluations/metro-manila-flood-duration-20261004,NCR-2025-07-22,explicit publisher city section,"""datePublished"":""2025-07-22T",4;5;25,GMA-20250722-953360-R0070,,,,,,,,
OBS-f2fd169458b14b28,GMA-20250722-953360,8d34d8e0dbfc,https://www.gmanetwork.com/news/topstories/metro/953360/heavy-rains-from-habagat-trigger-floods-in-parts-of-metro-manila/story/,NCR-2025-JUL21-25,Manila,,,Roxas Blvd Pedro Gil northbound,2025-07-22T13:15:00+08:00,Explicit as-of clock with same-day dated publication/report context; publication clock is never onset or clearance.,4,"According to the Metropolitan Manila Development Authority (MMDA), the following areas were affected by the flooding as of 1:15 p.m.: | Manila | Roxas Blvd Pedro Gil northbound: Gutter deep, passable to all types of vehicles",flood_observed,"Gutter deep, passable to all types of vehicles",,,"Roxas Blvd Pedro Gil northbound: Gutter deep, passable to all types of vehicles",source_reviewed_candidate_not_training_admitted,,qualitative_or_missing_depth_no_numeric_conversion,2025-07-22,docs/evaluations/metro-manila-flood-duration-20261004,NCR-2025-07-22,explicit publisher city section,"""datePublished"":""2025-07-22T",4;5;26,GMA-20250722-953360-R0071,,,,,,,,
OBS-e2cbbac36fd53de0,GMA-20250722-953360,8d34d8e0dbfc,https://www.gmanetwork.com/news/topstories/metro/953360/heavy-rains-from-habagat-trigger-floods-in-parts-of-metro-manila/story/,NCR-2025-JUL21-25,Manila,,,Roxas Blvd Kalaw NB,2025-07-22T13:15:00+08:00,Explicit as-of clock with same-day dated publication/report context; publication clock is never onset or clearance.,4,"According to the Metropolitan Manila Development Authority (MMDA), the following areas were affected by the flooding as of 1:15 p.m.: | Manila | Roxas Blvd Kalaw NB: Above Gutter deep, passable to all types of vehicles",flood_observed,"Above Gutter deep, passable to all types of vehicles",,,"Roxas Blvd Kalaw NB: Above Gutter deep, passable to all types of vehicles",source_reviewed_candidate_not_training_admitted,,qualitative_or_missing_depth_no_numeric_conversion,2025-07-22,docs/evaluations/metro-manila-flood-duration-20261004,NCR-2025-07-22,explicit publisher city section,"""datePublished"":""2025-07-22T",4;5;27,GMA-20250722-953360-R0072,,,,,,,,
OBS-cf6a47d5be8e1aa9,GMA-20250722-953360,8d34d8e0dbfc,https://www.gmanetwork.com/news/topstories/metro/953360/heavy-rains-from-habagat-trigger-floods-in-parts-of-metro-manila/story/,NCR-2025-JUL21-25,Manila,,,Roxas Kalaw SB,2025-07-22T13:15:00+08:00,Explicit as-of clock with same-day dated publication/report context; publication clock is never onset or clearance.,4,"According to the Metropolitan Manila Development Authority (MMDA), the following areas were affected by the flooding as of 1:15 p.m.: | Manila | Roxas Kalaw SB: Tire deep, not passable to all types of vehicles",flood_observed,"Tire deep, not passable to all types of vehicles",,,"Roxas Kalaw SB: Tire deep, not passable to all types of vehicles",source_reviewed_candidate_not_training_admitted,,qualitative_or_missing_depth_no_numeric_conversion;temporal_source_conflict_requires_review,2025-07-22,docs/evaluations/metro-manila-flood-duration-20261004,NCR-2025-07-22,explicit publisher city section,"""datePublished"":""2025-07-22T",4;5;28,GMA-20250722-953360-R0073,,,,,,,,
OBS-4848be5ab65e2bf4,GMA-20250722-953360,8d34d8e0dbfc,https://www.gmanetwork.com/news/topstories/metro/953360/heavy-rains-from-habagat-trigger-floods-in-parts-of-metro-manila/story/,NCR-2025-JUL21-25,Manila,,,Quirino Avenue Guazon,2025-07-22T13:15:00+08:00,Explicit as-of clock with same-day dated publication/report context; publication clock is never onset or clearance.,4,"According to the Metropolitan Manila Development Authority (MMDA), the following areas were affected by the flooding as of 1:15 p.m.: | Manila | Quirino Avenue Guazon: Gutter deep, passable to all types of vehicles",flood_observed,"Gutter deep, passable to all types of vehicles",,,"Quirino Avenue Guazon: Gutter deep, passable to all types of vehicles",source_reviewed_candidate_not_training_admitted,,qualitative_or_missing_depth_no_numeric_conversion,2025-07-22,docs/evaluations/metro-manila-flood-duration-20261004,NCR-2025-07-22,explicit publisher city section,"""datePublished"":""2025-07-22T",4;5;29,GMA-20250722-953360-R0074,,,,,,,,
OBS-dadc7903281175b4,GMA-20250722-953360,8d34d8e0dbfc,https://www.gmanetwork.com/news/topstories/metro/953360/heavy-rains-from-habagat-trigger-floods-in-parts-of-metro-manila/story/,NCR-2025-JUL21-25,Manila,,,Quirino Avenue corner Pedro Gil,2025-07-22T13:15:00+08:00,Explicit as-of clock with same-day dated publication/report context; publication clock is never onset or clearance.,4,"According to the Metropolitan Manila Development Authority (MMDA), the following areas were affected by the flooding as of 1:15 p.m.: | Manila | Quirino Avenue corner Pedro Gil: Gutter deep, passable to all types of vehicles",flood_observed,"Gutter deep, passable to all types of vehicles",,,"Quirino Avenue corner Pedro Gil: Gutter deep, passable to all types of vehicles",source_reviewed_candidate_not_training_admitted,,qualitative_or_missing_depth_no_numeric_conversion,2025-07-22,docs/evaluations/metro-manila-flood-duration-20261004,NCR-2025-07-22,explicit publisher city section,"""datePublished"":""2025-07-22T",4;5;30,GMA-20250722-953360-R0075,,,,,,,,
OBS-88ef03a5a98816ec,GMA-20250722-953360,8d34d8e0dbfc,https://www.gmanetwork.com/news/topstories/metro/953360/heavy-rains-from-habagat-trigger-floods-in-parts-of-metro-manila/story/,NCR-2025-JUL21-25,Manila,,,Roxas Blvd. U.N.,2025-07-22T13:15:00+08:00,Explicit as-of clock with same-day dated publication/report context; publication clock is never onset or clearance.,4,"According to the Metropolitan Manila Development Authority (MMDA), the following areas were affected by the flooding as of 1:15 p.m.: | Manila | Roxas Blvd. U.N.: Above Gutter deep, passable to all types of vehicles",flood_observed,"Above Gutter deep, passable to all types of vehicles",,,"Roxas Blvd. U.N.: Above Gutter deep, passable to all types of vehicles",source_reviewed_candidate_not_training_admitted,,qualitative_or_missing_depth_no_numeric_conversion,2025-07-22,docs/evaluations/metro-manila-flood-duration-20261004,NCR-2025-07-22,explicit publisher city section,"""datePublished"":""2025-07-22T",4;5;31,GMA-20250722-953360-R0076,,,,,,,,
OBS-f23a36a46197fe35,GMA-20250722-953360,8d34d8e0dbfc,https://www.gmanetwork.com/news/topstories/metro/953360/heavy-rains-from-habagat-trigger-floods-in-parts-of-metro-manila/story/,NCR-2025-JUL21-25,Manila,,,Roxas Blvd Bonifacio Drive,2025-07-22T13:15:00+08:00,Explicit as-of clock with same-day dated publication/report context; publication clock is never onset or clearance.,4,"According to the Metropolitan Manila Development Authority (MMDA), the following areas were affected by the flooding as of 1:15 p.m.: | Manila | Roxas Blvd Bonifacio Drive: Gutter deep, passable to all types of vehicles",flood_observed,"Gutter deep, passable to all types of vehicles",,,"Roxas Blvd Bonifacio Drive: Gutter deep, passable to all types of vehicles",source_reviewed_candidate_not_training_admitted,,qualitative_or_missing_depth_no_numeric_conversion;temporal_source_conflict_requires_review,2025-07-22,docs/evaluations/metro-manila-flood-duration-20261004,NCR-2025-07-22,explicit publisher city section,"""datePublished"":""2025-07-22T",4;5;32,GMA-20250722-953360-R0077,,,,,,,,
OBS-5c041628c21f08da,GMA-20250722-953360,8d34d8e0dbfc,https://www.gmanetwork.com/news/topstories/metro/953360/heavy-rains-from-habagat-trigger-floods-in-parts-of-metro-manila/story/,NCR-2025-JUL21-25,Manila,,,Jose Abad Santos Tayuman,2025-07-22T13:15:00+08:00,Explicit as-of clock with same-day dated publication/report context; publication clock is never onset or clearance.,4,"According to the Metropolitan Manila Development Authority (MMDA), the following areas were affected by the flooding as of 1:15 p.m.: | Manila | Jose Abad Santos Tayuman: Gutter deep, passable to all types of vehicles",flood_observed,"Gutter deep, passable to all types of vehicles",,,"Jose Abad Santos Tayuman: Gutter deep, passable to all types of vehicles",source_reviewed_candidate_not_training_admitted,,qualitative_or_missing_depth_no_numeric_conversion,2025-07-22,docs/evaluations/metro-manila-flood-duration-20261004,NCR-2025-07-22,explicit publisher city section,"""datePublished"":""2025-07-22T",4;5;33,GMA-20250722-953360-R0078,,,,,,,,
OBS-f4694b5d79db9626,GMA-20250722-953360,8d34d8e0dbfc,https://www.gmanetwork.com/news/topstories/metro/953360/heavy-rains-from-habagat-trigger-floods-in-parts-of-metro-manila/story/,NCR-2025-JUL21-25,Manila,,,Jose Abad Santos Recto,2025-07-22T13:15:00+08:00,Explicit as-of clock with same-day dated publication/report context; publication clock is never onset or clearance.,4,"According to the Metropolitan Manila Development Authority (MMDA), the following areas were affected by the flooding as of 1:15 p.m.: | Manila | Jose Abad Santos Recto: Above Gutter deep, passable to all types of vehicles",flood_observed,"Above Gutter deep, passable to all types of vehicles",,,"Jose Abad Santos Recto: Above Gutter deep, passable to all types of vehicles",source_reviewed_candidate_not_training_admitted,,qualitative_or_missing_depth_no_numeric_conversion,2025-07-22,docs/evaluations/metro-manila-flood-duration-20261004,NCR-2025-07-22,explicit publisher city section,"""datePublished"":""2025-07-22T",4;5;34,GMA-20250722-953360-R0079,,,,,,,,
OBS-b48792db3e15f51b,GMA-20250722-953360,8d34d8e0dbfc,https://www.gmanetwork.com/news/topstories/metro/953360/heavy-rains-from-habagat-trigger-floods-in-parts-of-metro-manila/story/,NCR-2025-JUL21-25,Manila,,,Rizal Ave Fugoso,2025-07-22T13:15:00+08:00,Explicit as-of clock with same-day dated publication/report context; publication clock is never onset or clearance.,4,"According to the Metropolitan Manila Development Authority (MMDA), the following areas were affected by the flooding as of 1:15 p.m.: | Manila | Rizal Ave Fugoso: Half Gutter deep, passable to all types of vehicles",flood_observed,"Half Gutter deep, passable to all types of vehicles",,,"Rizal Ave Fugoso: Half Gutter deep, passable to all types of vehicles",source_reviewed_candidate_not_training_admitted,,qualitative_or_missing_depth_no_numeric_conversion,2025-07-22,docs/evaluations/metro-manila-flood-duration-20261004,NCR-2025-07-22,explicit publisher city section,"""datePublished"":""2025-07-22T",4;5;35,GMA-20250722-953360-R0080,,,,,,,,
OBS-f0fbdce99f0a6915,GMA-20250722-953360,8d34d8e0dbfc,https://www.gmanetwork.com/news/topstories/metro/953360/heavy-rains-from-habagat-trigger-floods-in-parts-of-metro-manila/story/,NCR-2025-JUL21-25,Manila,,,Kalaw Taft,2025-07-22T13:15:00+08:00,Explicit as-of clock with same-day dated publication/report context; publication clock is never onset or clearance.,4,"According to the Metropolitan Manila Development Authority (MMDA), the following areas were affected by the flooding as of 1:15 p.m.: | Manila | Kalaw Taft: Gutter deep, passable to all types of vehiclesV)",flood_observed,"Gutter deep, passable to all types of vehiclesV)",,,"Kalaw Taft: Gutter deep, passable to all types of vehiclesV)",source_reviewed_candidate_not_training_admitted,,qualitative_or_missing_depth_no_numeric_conversion,2025-07-22,docs/evaluations/metro-manila-flood-duration-20261004,NCR-2025-07-22,explicit publisher city section,"""datePublished"":""2025-07-22T",4;5;36,GMA-20250722-953360-R0081,,,,,,,,
OBS-340895014414b8af,GMA-20250722-953360,8d34d8e0dbfc,https://www.gmanetwork.com/news/topstories/metro/953360/heavy-rains-from-habagat-trigger-floods-in-parts-of-metro-manila/story/,NCR-2025-JUL21-25,Manila,,,P. Ocampo Mabini Intersection,2025-07-22T13:15:00+08:00,Explicit as-of clock with same-day dated publication/report context; publication clock is never onset or clearance.,4,"According to the Metropolitan Manila Development Authority (MMDA), the following areas were affected by the flooding as of 1:15 p.m.: | Manila | P. Ocampo Mabini Intersection: Above Gutter deep, passable to all types of vehicles",flood_observed,"Above Gutter deep, passable to all types of vehicles",,,"P. Ocampo Mabini Intersection: Above Gutter deep, passable to all types of vehicles",source_reviewed_candidate_not_training_admitted,,qualitative_or_missing_depth_no_numeric_conversion;temporal_source_conflict_requires_review,2025-07-22,docs/evaluations/metro-manila-flood-duration-20261004,NCR-2025-07-22,explicit publisher city section,"""datePublished"":""2025-07-22T",4;5;37,GMA-20250722-953360-R0082,,,,,,,,
OBS-e258fd8a363ddf45,GMA-20250722-953360,8d34d8e0dbfc,https://www.gmanetwork.com/news/topstories/metro/953360/heavy-rains-from-habagat-trigger-floods-in-parts-of-metro-manila/story/,NCR-2025-JUL21-25,Manila,,,RMB V. Mapa Intersection,2025-07-22T13:15:00+08:00,Explicit as-of clock with same-day dated publication/report context; publication clock is never onset or clearance.,4,"According to the Metropolitan Manila Development Authority (MMDA), the following areas were affected by the flooding as of 1:15 p.m.: | Manila | RMB V. Mapa Intersection: Above Gutter deep, passable to all types of vehicles",flood_observed,"Above Gutter deep, passable to all types of vehicles",,,"RMB V. Mapa Intersection: Above Gutter deep, passable to all types of vehicles",source_reviewed_candidate_not_training_admitted,,qualitative_or_missing_depth_no_numeric_conversion;temporal_source_conflict_requires_review,2025-07-22,docs/evaluations/metro-manila-flood-duration-20261004,NCR-2025-07-22,explicit publisher city section,"""datePublished"":""2025-07-22T",4;5;38,GMA-20250722-953360-R0083,,,,,,,,
OBS-8e64fd9dde00e47b,GMA-20250722-953360,8d34d8e0dbfc,https://www.gmanetwork.com/news/topstories/metro/953360/heavy-rains-from-habagat-trigger-floods-in-parts-of-metro-manila/story/,NCR-2025-JUL21-25,Manila,,,Ayala Blvd Taft EB/WB,2025-07-22T13:15:00+08:00,Explicit as-of clock with same-day dated publication/report context; publication clock is never onset or clearance.,4,"According to the Metropolitan Manila Development Authority (MMDA), the following areas were affected by the flooding as of 1:15 p.m.: | Manila | Ayala Blvd Taft EB/WB: Knee deep, not passable to all types of vehicles",flood_observed,"Knee deep, not passable to all types of vehicles",,,"Ayala Blvd Taft EB/WB: Knee deep, not passable to all types of vehicles",source_reviewed_candidate_not_training_admitted,,qualitative_or_missing_depth_no_numeric_conversion,2025-07-22,docs/evaluations/metro-manila-flood-duration-20261004,NCR-2025-07-22,explicit publisher city section,"""datePublished"":""2025-07-22T",4;5;39,GMA-20250722-953360-R0084,,,,,,,,
OBS-aff3ea8166ed884c,GMA-20250722-953360,8d34d8e0dbfc,https://www.gmanetwork.com/news/topstories/metro/953360/heavy-rains-from-habagat-trigger-floods-in-parts-of-metro-manila/story/,NCR-2025-JUL21-25,Manila,,,Liwasang Bonifacio City Hall,2025-07-22T13:15:00+08:00,Explicit as-of clock with same-day dated publication/report context; publication clock is never onset or clearance.,4,"According to the Metropolitan Manila Development Authority (MMDA), the following areas were affected by the flooding as of 1:15 p.m.: | Manila | Liwasang Bonifacio City Hall: Knee deep, not passable to light vehicles",flood_observed,"Knee deep, not passable to light vehicles",,,"Liwasang Bonifacio City Hall: Knee deep, not passable to light vehicles",source_reviewed_candidate_not_training_admitted,,qualitative_or_missing_depth_no_numeric_conversion,2025-07-22,docs/evaluations/metro-manila-flood-duration-20261004,NCR-2025-07-22,explicit publisher city section,"""datePublished"":""2025-07-22T",4;5;40,GMA-20250722-953360-R0085,,,,,,,,
OBS-4f688d12131172e1,GMA-20250722-953360,8d34d8e0dbfc,https://www.gmanetwork.com/news/topstories/metro/953360/heavy-rains-from-habagat-trigger-floods-in-parts-of-metro-manila/story/,NCR-2025-JUL21-25,Manila,,,Esplanade tunnel going to Intramuros,2025-07-22T13:15:00+08:00,Explicit as-of clock with same-day dated publication/report context; publication clock is never onset or clearance.,4,"According to the Metropolitan Manila Development Authority (MMDA), the following areas were affected by the flooding as of 1:15 p.m.: | Manila | Esplanade tunnel going to Intramuros: Knee deep, not passable to light vehicles",flood_observed,"Knee deep, not passable to light vehicles",,,"Esplanade tunnel going to Intramuros: Knee deep, not passable to light vehicles",source_reviewed_candidate_not_training_admitted,,qualitative_or_missing_depth_no_numeric_conversion,2025-07-22,docs/evaluations/metro-manila-flood-duration-20261004,NCR-2025-07-22,explicit publisher city section,"""datePublished"":""2025-07-22T",4;5;41,GMA-20250722-953360-R0086,,,,,,,,
OBS-24a29a4fab5bdfd0,GMA-20250722-953360,8d34d8e0dbfc,https://www.gmanetwork.com/news/topstories/metro/953360/heavy-rains-from-habagat-trigger-floods-in-parts-of-metro-manila/story/,NCR-2025-JUL21-25,Manila,,,Ayala Blvd Natividad,2025-07-22T13:15:00+08:00,Explicit as-of clock with same-day dated publication/report context; publication clock is never onset or clearance.,4,"According to the Metropolitan Manila Development Authority (MMDA), the following areas were affected by the flooding as of 1:15 p.m.: | Manila | Ayala Blvd Natividad: Gutter deep, passable to all types of vehicles",flood_observed,"Gutter deep, passable to all types of vehicles",,,"Ayala Blvd Natividad: Gutter deep, passable to all types of vehicles",source_reviewed_candidate_not_training_admitted,,qualitative_or_missing_depth_no_numeric_conversion,2025-07-22,docs/evaluations/metro-manila-flood-duration-20261004,NCR-2025-07-22,explicit publisher city section,"""datePublished"":""2025-07-22T",4;5;42,GMA-20250722-953360-R0087,,,,,,,,
OBS-3f87c155de547ba6,GMA-20250722-953360,8d34d8e0dbfc,https://www.gmanetwork.com/news/topstories/metro/953360/heavy-rains-from-habagat-trigger-floods-in-parts-of-metro-manila/story/,NCR-2025-JUL21-25,Manila,,,Quirino L. Guinto,2025-07-22T13:15:00+08:00,Explicit as-of clock with same-day dated publication/report context; publication clock is never onset or clearance.,4,"According to the Metropolitan Manila Development Authority (MMDA), the following areas were affected by the flooding as of 1:15 p.m.: | Manila | Quirino L. Guinto: Gutter deep, passable to all types of vehicles",flood_observed,"Gutter deep, passable to all types of vehicles",,,"Quirino L. Guinto: Gutter deep, passable to all types of vehicles",source_reviewed_candidate_not_training_admitted,,qualitative_or_missing_depth_no_numeric_conversion,2025-07-22,docs/evaluations/metro-manila-flood-duration-20261004,NCR-2025-07-22,explicit publisher city section,"""datePublished"":""2025-07-22T",4;5;43,GMA-20250722-953360-R0088,,,,,,,,
OBS-d4c829919017de46,GMA-20250722-953360,8d34d8e0dbfc,https://www.gmanetwork.com/news/topstories/metro/953360/heavy-rains-from-habagat-trigger-floods-in-parts-of-metro-manila/story/,NCR-2025-JUL21-25,Navotas,,,Road 10 corner C3 Intersection,2025-07-22T13:15:00+08:00,Explicit as-of clock with same-day dated publication/report context; publication clock is never onset or clearance.,4,"According to the Metropolitan Manila Development Authority (MMDA), the following areas were affected by the flooding as of 1:15 p.m.: | Navotas City | Road 10 corner C3 Intersection: Half Knee deep, passable to all types of vehicles",flood_observed,"Half Knee deep, passable to all types of vehicles",,,"Road 10 corner C3 Intersection: Half Knee deep, passable to all types of vehicles",source_reviewed_candidate_not_training_admitted,,qualitative_or_missing_depth_no_numeric_conversion,2025-07-22,docs/evaluations/metro-manila-flood-duration-20261004,NCR-2025-07-22,explicit publisher city section,"""datePublished"":""2025-07-22T",4;44;45,GMA-20250722-953360-R0089,,,,,,,,
OBS-94f826b07b9e8ca0,GMA-20250722-953360,8d34d8e0dbfc,https://www.gmanetwork.com/news/topstories/metro/953360/heavy-rains-from-habagat-trigger-floods-in-parts-of-metro-manila/story/,NCR-2025-JUL21-25,Quezon City,,,G. Araneta NS Amoranto,2025-07-22T13:15:00+08:00,Explicit as-of clock with same-day dated publication/report context; publication clock is never onset or clearance.,4,"According to the Metropolitan Manila Development Authority (MMDA), the following areas were affected by the flooding as of 1:15 p.m.: | Quezon City | G. Araneta NS Amoranto: Waist deep, not passable to all types of vehicles",flood_observed,"Waist deep, not passable to all types of vehicles",,,"G. Araneta NS Amoranto: Waist deep, not passable to all types of vehicles",source_reviewed_candidate_not_training_admitted,,qualitative_or_missing_depth_no_numeric_conversion,2025-07-22,docs/evaluations/metro-manila-flood-duration-20261004,NCR-2025-07-22,explicit publisher city section,"""datePublished"":""2025-07-22T",4;46;47,GMA-20250722-953360-R0090,,,,,,,,
OBS-91bcba4cb36be9d1,GMA-20250722-953360,8d34d8e0dbfc,https://www.gmanetwork.com/news/topstories/metro/953360/heavy-rains-from-habagat-trigger-floods-in-parts-of-metro-manila/story/,NCR-2025-JUL21-25,Quezon City,,,Biak na Bato corner Atok street,2025-07-22T13:15:00+08:00,Explicit as-of clock with same-day dated publication/report context; publication clock is never onset or clearance.,4,"According to the Metropolitan Manila Development Authority (MMDA), the following areas were affected by the flooding as of 1:15 p.m.: | Quezon City | Biak na Bato corner Atok street: Knee deep, not passable to all types of vehicles",flood_observed,"Knee deep, not passable to all types of vehicles",,,"Biak na Bato corner Atok street: Knee deep, not passable to all types of vehicles",source_reviewed_candidate_not_training_admitted,,qualitative_or_missing_depth_no_numeric_conversion,2025-07-22,docs/evaluations/metro-manila-flood-duration-20261004,NCR-2025-07-22,explicit publisher city section,"""datePublished"":""2025-07-22T",4;46;48,GMA-20250722-953360-R0091,,,,,,,,
OBS-ebecf0386dd50465,GMA-20250722-953360,8d34d8e0dbfc,https://www.gmanetwork.com/news/topstories/metro/953360/heavy-rains-from-habagat-trigger-floods-in-parts-of-metro-manila/story/,NCR-2025-JUL21-25,Quezon City,,,EDSA North Avenue northbound,2025-07-22T13:15:00+08:00,Explicit as-of clock with same-day dated publication/report context; publication clock is never onset or clearance.,4,"According to the Metropolitan Manila Development Authority (MMDA), the following areas were affected by the flooding as of 1:15 p.m.: | Quezon City | EDSA North Avenue northbound: Gutter deep, passable to all types of vehicles",flood_observed,"Gutter deep, passable to all types of vehicles",,,"EDSA North Avenue northbound: Gutter deep, passable to all types of vehicles",source_reviewed_candidate_not_training_admitted,,qualitative_or_missing_depth_no_numeric_conversion,2025-07-22,docs/evaluations/metro-manila-flood-duration-20261004,NCR-2025-07-22,explicit publisher city section,"""datePublished"":""2025-07-22T",4;46;49,GMA-20250722-953360-R0092,,,,,,,,
OBS-ca9c501e9c842232,GMA-20250722-953360,8d34d8e0dbfc,https://www.gmanetwork.com/news/topstories/metro/953360/heavy-rains-from-habagat-trigger-floods-in-parts-of-metro-manila/story/,NCR-2025-JUL21-25,Las Piñas,,,Marcos Alvarez near Wonderland Subd Talon Singko,2025-07-22T13:15:00+08:00,Explicit as-of clock with same-day dated publication/report context; publication clock is never onset or clearance.,4,"According to the Metropolitan Manila Development Authority (MMDA), the following areas were affected by the flooding as of 1:15 p.m.: | Las Piñas | Marcos Alvarez near Wonderland Subd Talon Singko: Gutter deep (8 inches), passable to all types of vehicles",flood_observed,"Gutter deep (8 inches), passable to all types of vehicles",20.32,20.32,"Marcos Alvarez near Wonderland Subd Talon Singko: Gutter deep (8 inches), passable to all types of vehicles",source_reviewed_candidate_not_training_admitted,,,2025-07-22,docs/evaluations/metro-manila-flood-duration-20261004,NCR-2025-07-22,explicit publisher city section,"""datePublished"":""2025-07-22T",4;50;51,GMA-20250722-953360-R0093,,,,,,,,
OBS-65f9a8c3fac56918,GMA-20250722-953360,8d34d8e0dbfc,https://www.gmanetwork.com/news/topstories/metro/953360/heavy-rains-from-habagat-trigger-floods-in-parts-of-metro-manila/story/,NCR-2025-JUL21-25,Las Piñas,,,Alabang Zapote Road,2025-07-22T13:15:00+08:00,Explicit as-of clock with same-day dated publication/report context; publication clock is never onset or clearance.,4,"According to the Metropolitan Manila Development Authority (MMDA), the following areas were affected by the flooding as of 1:15 p.m.: | Las Piñas | Alabang Zapote Road: Knee deep (19 inches), not passable to all types of vehicles",flood_observed,"Knee deep (19 inches), not passable to all types of vehicles",48.26,48.26,"Alabang Zapote Road: Knee deep (19 inches), not passable to all types of vehicles",source_reviewed_candidate_not_training_admitted,,,2025-07-22,docs/evaluations/metro-manila-flood-duration-20261004,NCR-2025-07-22,explicit publisher city section,"""datePublished"":""2025-07-22T",4;50;52,GMA-20250722-953360-R0094,,,,,,,,
OBS-7aecd706405d27db,GMA-20250722-953360,8d34d8e0dbfc,https://www.gmanetwork.com/news/topstories/metro/953360/heavy-rains-from-habagat-trigger-floods-in-parts-of-metro-manila/story/,NCR-2025-JUL21-25,Las Piñas,,,Zapote Junction,2025-07-22T13:15:00+08:00,Explicit as-of clock with same-day dated publication/report context; publication clock is never onset or clearance.,4,"According to the Metropolitan Manila Development Authority (MMDA), the following areas were affected by the flooding as of 1:15 p.m.: | Las Piñas | Zapote Junction knee deep (19 inches), not passable to light vehicles",flood_observed,knee deep (19 inches),48.26,48.26,"Zapote Junction knee deep (19 inches), not passable to light vehicles",source_reviewed_candidate_not_training_admitted,,,2025-07-22,docs/evaluations/metro-manila-flood-duration-20261004,NCR-2025-07-22,explicit publisher city section,"""datePublished"":""2025-07-22T",4;50;53,GMA-20250722-953360-R0095,,,,,,,,
OBS-99fcc50c4be17cd2,GMA-20250722-953360,8d34d8e0dbfc,https://www.gmanetwork.com/news/topstories/metro/953360/heavy-rains-from-habagat-trigger-floods-in-parts-of-metro-manila/story/,NCR-2025-JUL21-25,Malabon,,,M.H. Del Pilar Brgy. Maysilo Malabon,2025-07-22T13:15:00+08:00,Explicit as-of clock with same-day dated publication/report context; publication clock is never onset or clearance.,4,"According to the Metropolitan Manila Development Authority (MMDA), the following areas were affected by the flooding as of 1:15 p.m.: | Malabon City | M.H. Del Pilar Brgy. Maysilo Malabon: Waist deep, not passable to all types of vehicles",flood_observed,"Waist deep, not passable to all types of vehicles",,,"M.H. Del Pilar Brgy. Maysilo Malabon: Waist deep, not passable to all types of vehicles",source_reviewed_candidate_not_training_admitted,,qualitative_or_missing_depth_no_numeric_conversion,2025-07-22,docs/evaluations/metro-manila-flood-duration-20261004,NCR-2025-07-22,explicit publisher city section,"""datePublished"":""2025-07-22T",4;54;55,GMA-20250722-953360-R0096,,,,,,,,
OBS-677511b65f7e0292,GMA-20250722-953360,8d34d8e0dbfc,https://www.gmanetwork.com/news/topstories/metro/953360/heavy-rains-from-habagat-trigger-floods-in-parts-of-metro-manila/story/,NCR-2025-JUL21-25,Malabon,,,M. H. Del Pilar Gov Pascual,2025-07-22T13:15:00+08:00,Explicit as-of clock with same-day dated publication/report context; publication clock is never onset or clearance.,4,"According to the Metropolitan Manila Development Authority (MMDA), the following areas were affected by the flooding as of 1:15 p.m.: | Malabon City | M. H. Del Pilar Gov Pascual: Knee deep, not passable to all types of vehicles",flood_observed,"Knee deep, not passable to all types of vehicles",,,"M. H. Del Pilar Gov Pascual: Knee deep, not passable to all types of vehicles",source_reviewed_candidate_not_training_admitted,,qualitative_or_missing_depth_no_numeric_conversion,2025-07-22,docs/evaluations/metro-manila-flood-duration-20261004,NCR-2025-07-22,explicit publisher city section,"""datePublished"":""2025-07-22T",4;54;56,GMA-20250722-953360-R0097,,,,,,,,
OBS-81cea379775d626d,GMA-20250722-953360,8d34d8e0dbfc,https://www.gmanetwork.com/news/topstories/metro/953360/heavy-rains-from-habagat-trigger-floods-in-parts-of-metro-manila/story/,NCR-2025-JUL21-25,Malabon,,,P. Aquino Letre,2025-07-22T13:15:00+08:00,Explicit as-of clock with same-day dated publication/report context; publication clock is never onset or clearance.,4,"According to the Metropolitan Manila Development Authority (MMDA), the following areas were affected by the flooding as of 1:15 p.m.: | Malabon City | P. Aquino Letre: Gutter deep, passable to all types of vehicles",flood_observed,"Gutter deep, passable to all types of vehicles",,,"P. Aquino Letre: Gutter deep, passable to all types of vehicles",source_reviewed_candidate_not_training_admitted,,qualitative_or_missing_depth_no_numeric_conversion,2025-07-22,docs/evaluations/metro-manila-flood-duration-20261004,NCR-2025-07-22,explicit publisher city section,"""datePublished"":""2025-07-22T",4;54;57,GMA-20250722-953360-R0098,,,,,,,,
OBS-6b5f924f803cdd29,GMA-20250722-953360,8d34d8e0dbfc,https://www.gmanetwork.com/news/topstories/metro/953360/heavy-rains-from-habagat-trigger-floods-in-parts-of-metro-manila/story/,NCR-2025-JUL21-25,Malabon,,,Rizal Ave. Extension near Malabon City Hall,2025-07-22T13:15:00+08:00,Explicit as-of clock with same-day dated publication/report context; publication clock is never onset or clearance.,4,"According to the Metropolitan Manila Development Authority (MMDA), the following areas were affected by the flooding as of 1:15 p.m.: | Malabon City | Rizal Ave. Extension near Malabon City Hall: Above Knee deep, not passable to all types of vehicles",flood_observed,"Above Knee deep, not passable to all types of vehicles",,,"Rizal Ave. Extension near Malabon City Hall: Above Knee deep, not passable to all types of vehicles",source_reviewed_candidate_not_training_admitted,,qualitative_or_missing_depth_no_numeric_conversion,2025-07-22,docs/evaluations/metro-manila-flood-duration-20261004,NCR-2025-07-22,explicit publisher city section,"""datePublished"":""2025-07-22T",4;54;58,GMA-20250722-953360-R0099,,,,,,,,
OBS-4d475f01a9dd2d5a,GMA-20250722-953360,8d34d8e0dbfc,https://www.gmanetwork.com/news/topstories/metro/953360/heavy-rains-from-habagat-trigger-floods-in-parts-of-metro-manila/story/,NCR-2025-JUL21-25,Valenzuela,,,Barangay Marulas,2025-07-22T13:15:00+08:00,Explicit as-of clock with same-day dated publication/report context; publication clock is never onset or clearance.,4,"According to the Metropolitan Manila Development Authority (MMDA), the following areas were affected by the flooding as of 1:15 p.m.: | Valenzuela City | Barangay Marulas: Chest deep, not passable to all types of vehicles",flood_observed,"Chest deep, not passable to all types of vehicles",,,"Barangay Marulas: Chest deep, not passable to all types of vehicles",source_reviewed_candidate_not_training_admitted,,qualitative_or_missing_depth_no_numeric_conversion;temporal_source_conflict_requires_review,2025-07-22,docs/evaluations/metro-manila-flood-duration-20261004,NCR-2025-07-22,explicit publisher city section,"""datePublished"":""2025-07-22T",4;59;60,GMA-20250722-953360-R0100,,,,,,,,
OBS-5cf5b77a91ef64da,GMA-20250722-953360,8d34d8e0dbfc,https://www.gmanetwork.com/news/topstories/metro/953360/heavy-rains-from-habagat-trigger-floods-in-parts-of-metro-manila/story/,NCR-2025-JUL21-25,Valenzuela,,,Barangay Dalandanan,2025-07-22T13:15:00+08:00,Explicit as-of clock with same-day dated publication/report context; publication clock is never onset or clearance.,4,"According to the Metropolitan Manila Development Authority (MMDA), the following areas were affected by the flooding as of 1:15 p.m.: | Valenzuela City | Barangay Dalandanan: Waist deep, not passable to all types of vehicles",flood_observed,"Waist deep, not passable to all types of vehicles",,,"Barangay Dalandanan: Waist deep, not passable to all types of vehicles",source_reviewed_candidate_not_training_admitted,,qualitative_or_missing_depth_no_numeric_conversion,2025-07-22,docs/evaluations/metro-manila-flood-duration-20261004,NCR-2025-07-22,explicit publisher city section,"""datePublished"":""2025-07-22T",4;59;61,GMA-20250722-953360-R0101,,,,,,,,
OBS-f726e51210474500,GMA-20250722-953360,8d34d8e0dbfc,https://www.gmanetwork.com/news/topstories/metro/953360/heavy-rains-from-habagat-trigger-floods-in-parts-of-metro-manila/story/,NCR-2025-JUL21-25,Valenzuela,,,Barangay Malanday,2025-07-22T13:15:00+08:00,Explicit as-of clock with same-day dated publication/report context; publication clock is never onset or clearance.,4,"According to the Metropolitan Manila Development Authority (MMDA), the following areas were affected by the flooding as of 1:15 p.m.: | Valenzuela City | Barangay Malanday : Waist deep, not passable to all types of vehicles",flood_observed,"Waist deep, not passable to all types of vehicles",,,"Barangay Malanday : Waist deep, not passable to all types of vehicles",source_reviewed_candidate_not_training_admitted,,qualitative_or_missing_depth_no_numeric_conversion,2025-07-22,docs/evaluations/metro-manila-flood-duration-20261004,NCR-2025-07-22,explicit publisher city section,"""datePublished"":""2025-07-22T",4;59;62,GMA-20250722-953360-R0102,,,,,,,,
OBS-24c9ad17f6e5145a,GMA-20250722-953360,8d34d8e0dbfc,https://www.gmanetwork.com/news/topstories/metro/953360/heavy-rains-from-habagat-trigger-floods-in-parts-of-metro-manila/story/,NCR-2025-JUL21-25,Parañaque,,,Dr. A. Santos Green Heights,2025-07-22T13:15:00+08:00,Explicit as-of clock with same-day dated publication/report context; publication clock is never onset or clearance.,4,"According to the Metropolitan Manila Development Authority (MMDA), the following areas were affected by the flooding as of 1:15 p.m.: | Parañaque City | Dr. A Santos, Green heights waist deep (37 inches), not passable to all types of vehicles",flood_observed,waist deep (37 inches),93.98,93.98,"Dr. A Santos, Green heights waist deep (37 inches), not passable to all types of vehicles",source_reviewed_candidate_not_training_admitted,,,2025-07-22,docs/evaluations/metro-manila-flood-duration-20261004,NCR-2025-07-22,explicit publisher city section,"""datePublished"":""2025-07-22T",4;63;64,GMA-20250722-953360-R0103,,,,,,,,
OBS-e13c53f70c752de0,GMA-20250722-953360,8d34d8e0dbfc,https://www.gmanetwork.com/news/topstories/metro/953360/heavy-rains-from-habagat-trigger-floods-in-parts-of-metro-manila/story/,NCR-2025-JUL21-25,Parañaque,,,Dr. A. Santos SM Sucat,2025-07-22T13:15:00+08:00,Explicit as-of clock with same-day dated publication/report context; publication clock is never onset or clearance.,4,"According to the Metropolitan Manila Development Authority (MMDA), the following areas were affected by the flooding as of 1:15 p.m.: | Parañaque City | Dr. A. Santos SM Sucat. 4 ft., not passable to all types of vehicles",flood_observed,4 ft.,121.92,121.92,"Dr. A. Santos SM Sucat. 4 ft., not passable to all types of vehicles",source_reviewed_candidate_not_training_admitted,,,2025-07-22,docs/evaluations/metro-manila-flood-duration-20261004,NCR-2025-07-22,explicit publisher city section,"""datePublished"":""2025-07-22T",4;63;65,GMA-20250722-953360-R0104,,,,,,,,
OBS-eb324937f6062110,GMA-20250722-953360,8d34d8e0dbfc,https://www.gmanetwork.com/news/topstories/metro/953360/heavy-rains-from-habagat-trigger-floods-in-parts-of-metro-manila/story/,NCR-2025-JUL21-25,Parañaque,,,Dr A. Santos Ave Victor Medina,2025-07-22T13:15:00+08:00,Explicit as-of clock with same-day dated publication/report context; publication clock is never onset or clearance.,4,"According to the Metropolitan Manila Development Authority (MMDA), the following areas were affected by the flooding as of 1:15 p.m.: | Parañaque City | Dr A. Santos Ave Victor Medina: Gutter deep, passable to all types of vehicles",flood_observed,"Gutter deep, passable to all types of vehicles",,,"Dr A. Santos Ave Victor Medina: Gutter deep, passable to all types of vehicles",source_reviewed_candidate_not_training_admitted,,qualitative_or_missing_depth_no_numeric_conversion,2025-07-22,docs/evaluations/metro-manila-flood-duration-20261004,NCR-2025-07-22,explicit publisher city section,"""datePublished"":""2025-07-22T",4;63;66,GMA-20250722-953360-R0105,,,,,,,,
OBS-c055d98fb7591d5c,GMA-20250722-953360,8d34d8e0dbfc,https://www.gmanetwork.com/news/topstories/metro/953360/heavy-rains-from-habagat-trigger-floods-in-parts-of-metro-manila/story/,NCR-2025-JUL21-25,Parañaque,,,Dr A. Santos Ave St Peter to Olivares College,2025-07-22T13:15:00+08:00,Explicit as-of clock with same-day dated publication/report context; publication clock is never onset or clearance.,4,"According to the Metropolitan Manila Development Authority (MMDA), the following areas were affected by the flooding as of 1:15 p.m.: | Parañaque City | Dr A. Santos Ave St Peter to Olivares College: 6 ft., not passable to all types of vehicles",flood_observed,"6 ft., not passable to all types of vehicles",182.88,182.88,"Dr A. Santos Ave St Peter to Olivares College: 6 ft., not passable to all types of vehicles",source_reviewed_candidate_not_training_admitted,,,2025-07-22,docs/evaluations/metro-manila-flood-duration-20261004,NCR-2025-07-22,explicit publisher city section,"""datePublished"":""2025-07-22T",4;63;67,GMA-20250722-953360-R0106,,,,,,,,
OBS-2d4f187fedacaca6,GMA-20250722-953360,8d34d8e0dbfc,https://www.gmanetwork.com/news/topstories/metro/953360/heavy-rains-from-habagat-trigger-floods-in-parts-of-metro-manila/story/,NCR-2025-JUL21-25,Parañaque,,,MIA Domestic,2025-07-22T13:15:00+08:00,Explicit as-of clock with same-day dated publication/report context; publication clock is never onset or clearance.,4,"According to the Metropolitan Manila Development Authority (MMDA), the following areas were affected by the flooding as of 1:15 p.m.: | Parañaque City | MIA Domestic: Gutter deep, passable to all types of vehicles",flood_observed,"Gutter deep, passable to all types of vehicles",,,"MIA Domestic: Gutter deep, passable to all types of vehicles",source_reviewed_candidate_not_training_admitted,,qualitative_or_missing_depth_no_numeric_conversion;temporal_source_conflict_requires_review,2025-07-22,docs/evaluations/metro-manila-flood-duration-20261004,NCR-2025-07-22,explicit publisher city section,"""datePublished"":""2025-07-22T",4;63;68,GMA-20250722-953360-R0107,,,,,,,,
OBS-b75017bb1dc7918f,GMA-20250722-953360,8d34d8e0dbfc,https://www.gmanetwork.com/news/topstories/metro/953360/heavy-rains-from-habagat-trigger-floods-in-parts-of-metro-manila/story/,NCR-2025-JUL21-25,Parañaque,,,Gatchalian Evacom,2025-07-22T13:15:00+08:00,Explicit as-of clock with same-day dated publication/report context; publication clock is never onset or clearance.,4,"According to the Metropolitan Manila Development Authority (MMDA), the following areas were affected by the flooding as of 1:15 p.m.: | Parañaque City | Gatchalian Evacom: 5 ft., not passable to all types of vehicles",flood_observed,"5 ft., not passable to all types of vehicles",152.4,152.4,"Gatchalian Evacom: 5 ft., not passable to all types of vehicles",source_reviewed_candidate_not_training_admitted,,,2025-07-22,docs/evaluations/metro-manila-flood-duration-20261004,NCR-2025-07-22,explicit publisher city section,"""datePublished"":""2025-07-22T",4;63;69,GMA-20250722-953360-R0108,,,,,,,,
OBS-c1358a3416848a25,GMA-20250722-953360,8d34d8e0dbfc,https://www.gmanetwork.com/news/topstories/metro/953360/heavy-rains-from-habagat-trigger-floods-in-parts-of-metro-manila/story/,NCR-2025-JUL21-25,Parañaque,,,Canaynay Road,2025-07-22T13:15:00+08:00,Explicit as-of clock with same-day dated publication/report context; publication clock is never onset or clearance.,4,"According to the Metropolitan Manila Development Authority (MMDA), the following areas were affected by the flooding as of 1:15 p.m.: | Parañaque City | Canaynay Road: Knee deep, not passable to all types of vehicles",flood_observed,"Knee deep, not passable to all types of vehicles",,,"Canaynay Road: Knee deep, not passable to all types of vehicles",source_reviewed_candidate_not_training_admitted,,qualitative_or_missing_depth_no_numeric_conversion,2025-07-22,docs/evaluations/metro-manila-flood-duration-20261004,NCR-2025-07-22,explicit publisher city section,"""datePublished"":""2025-07-22T",4;63;70,GMA-20250722-953360-R0109,,,,,,,,
OBS-c828d20360fe11f5,GMA-20250722-953360,8d34d8e0dbfc,https://www.gmanetwork.com/news/topstories/metro/953360/heavy-rains-from-habagat-trigger-floods-in-parts-of-metro-manila/story/,NCR-2025-JUL21-25,Makati,,,Osmeña Emilio,2025-07-22T13:15:00+08:00,Explicit as-of clock with same-day dated publication/report context; publication clock is never onset or clearance.,4,"According to the Metropolitan Manila Development Authority (MMDA), the following areas were affected by the flooding as of 1:15 p.m.: | Makati City | Osmeña Emilio: Half knee deep (10 inches), passable to all types of vehicles",flood_observed,"Half knee deep (10 inches), passable to all types of vehicles",25.4,25.4,"Osmeña Emilio: Half knee deep (10 inches), passable to all types of vehicles",source_reviewed_candidate_not_training_admitted,,,2025-07-22,docs/evaluations/metro-manila-flood-duration-20261004,NCR-2025-07-22,explicit publisher city section,"""datePublished"":""2025-07-22T",4;71;72,GMA-20250722-953360-R0110,,,,,,,,
OBS-e5662eb95d3ba84e,GMA-20250722-953360,8d34d8e0dbfc,https://www.gmanetwork.com/news/topstories/metro/953360/heavy-rains-from-habagat-trigger-floods-in-parts-of-metro-manila/story/,NCR-2025-JUL21-25,Caloocan,,,C3 NLEX Connector,2025-07-22T13:15:00+08:00,Explicit as-of clock with same-day dated publication/report context; publication clock is never onset or clearance.,4,"According to the Metropolitan Manila Development Authority (MMDA), the following areas were affected by the flooding as of 1:15 p.m.: | Caloocan City | C3 NLEX Connector: Knee deep, not passable to all types of vehicles",flood_observed,"Knee deep, not passable to all types of vehicles",,,"C3 NLEX Connector: Knee deep, not passable to all types of vehicles",source_reviewed_candidate_not_training_admitted,,qualitative_or_missing_depth_no_numeric_conversion,2025-07-22,docs/evaluations/metro-manila-flood-duration-20261004,NCR-2025-07-22,explicit publisher city section,"""datePublished"":""2025-07-22T",4;73;74,GMA-20250722-953360-R0111,,,,,,,,
OBS-1b949d70d086ed7b,GMA-20250722-953360,8d34d8e0dbfc,https://www.gmanetwork.com/news/topstories/metro/953360/heavy-rains-from-habagat-trigger-floods-in-parts-of-metro-manila/story/,NCR-2025-JUL21-25,Marikina,,,SM Marikina underpass going FVR road,2025-07-22T13:15:00+08:00,Explicit as-of clock with same-day dated publication/report context; publication clock is never onset or clearance.,4,"According to the Metropolitan Manila Development Authority (MMDA), the following areas were affected by the flooding as of 1:15 p.m.: | Marikina City | SM Marikina underpass going FVR road: Gutter deep, passable to all types of vehicles",flood_observed,"Gutter deep, passable to all types of vehicles",,,"SM Marikina underpass going FVR road: Gutter deep, passable to all types of vehicles",source_reviewed_candidate_not_training_admitted,,qualitative_or_missing_depth_no_numeric_conversion,2025-07-22,docs/evaluations/metro-manila-flood-duration-20261004,NCR-2025-07-22,explicit publisher city section,"""datePublished"":""2025-07-22T",4;75;76,GMA-20250722-953360-R0112,,,,,,,,
OBS-935714eb4844f2a3,GMA-20250722-953360,8d34d8e0dbfc,https://www.gmanetwork.com/news/topstories/metro/953360/heavy-rains-from-habagat-trigger-floods-in-parts-of-metro-manila/story/,NCR-2025-JUL21-25,Marikina,,,"Major Dizon Marikina, Marikina River overflow, not passable to all types of vehicles",2025-07-22T13:15:00+08:00,Explicit as-of clock with same-day dated publication/report context; publication clock is never onset or clearance.,4,"According to the Metropolitan Manila Development Authority (MMDA), the following areas were affected by the flooding as of 1:15 p.m.: | Marikina City | Major Dizon Marikina, Marikina River overflow, not passable to all types of vehicles",flood_observed,,,,"Major Dizon Marikina, Marikina River overflow, not passable to all types of vehicles",source_reviewed_candidate_not_training_admitted,,qualitative_or_missing_depth_no_numeric_conversion,2025-07-22,docs/evaluations/metro-manila-flood-duration-20261004,NCR-2025-07-22,explicit publisher city section,"""datePublished"":""2025-07-22T",4;75;77,GMA-20250722-953360-R0113,,,,,,,,
OBS-4cd2494ab140a2c1,GMA-20250722-953360,8d34d8e0dbfc,https://www.gmanetwork.com/news/topstories/metro/953360/heavy-rains-from-habagat-trigger-floods-in-parts-of-metro-manila/story/,NCR-2025-JUL21-25,Mandaluyong,,,EDSA Shaw tunnel NB/SB,2025-07-22T13:15:00+08:00,Explicit as-of clock with same-day dated publication/report context; publication clock is never onset or clearance.,4,"According to the Metropolitan Manila Development Authority (MMDA), the following areas were affected by the flooding as of 1:15 p.m.: | Mandaluyong City | EDSA Shaw tunnel NB/SB: Above Gutter deep, passable to all types of vehicles",flood_observed,"Above Gutter deep, passable to all types of vehicles",,,"EDSA Shaw tunnel NB/SB: Above Gutter deep, passable to all types of vehicles",source_reviewed_candidate_not_training_admitted,,qualitative_or_missing_depth_no_numeric_conversion,2025-07-22,docs/evaluations/metro-manila-flood-duration-20261004,NCR-2025-07-22,explicit publisher city section,"""datePublished"":""2025-07-22T",4;78;79,GMA-20250722-953360-R0114,,,,,,,,
OBS-af36b31d9288a4fa,GMA-20250722-953360,8d34d8e0dbfc,https://www.gmanetwork.com/news/topstories/metro/953360/heavy-rains-from-habagat-trigger-floods-in-parts-of-metro-manila/story/,NCR-2025-JUL21-25,Muntinlupa,,,National Road in front of Muntinlupa City Hall Brgy. Putatan,2025-07-22T13:15:00+08:00,Explicit as-of clock with same-day dated publication/report context; publication clock is never onset or clearance.,4,"According to the Metropolitan Manila Development Authority (MMDA), the following areas were affected by the flooding as of 1:15 p.m.: | Muntinlupa City | National Road in front of Muntinlupa City Hall Brgy. Putatan: Half tire, not passable to light vehicles",flood_observed,"Half tire, not passable to light vehicles",,,"National Road in front of Muntinlupa City Hall Brgy. Putatan: Half tire, not passable to light vehicles",source_reviewed_candidate_not_training_admitted,,qualitative_or_missing_depth_no_numeric_conversion,2025-07-22,docs/evaluations/metro-manila-flood-duration-20261004,NCR-2025-07-22,explicit publisher city section,"""datePublished"":""2025-07-22T",4;80;81,GMA-20250722-953360-R0115,,,,,,,,
OBS-23ca69bff0f3623f,GMA-20250722-953360,8d34d8e0dbfc,https://www.gmanetwork.com/news/topstories/metro/953360/heavy-rains-from-habagat-trigger-floods-in-parts-of-metro-manila/story/,NCR-2025-JUL21-25,Pasay,,,EDSA Heritage SB,,Date-supported report; exact observation/clearance clock unavailable.,82,"Meanwhile, floodwaters have subsided in the following areas: | Pasay City | EDSA Heritage SB. Gutter deep, passable to all types of vehicles",clearance_candidate,Gutter deep,,,"EDSA Heritage SB. Gutter deep, passable to all types of vehicles",source_reviewed_candidate_not_training_admitted,,historical_depth_and_passability_retained_beside_clearance;observation_date_only_clock_unknown,2025-07-22,docs/evaluations/metro-manila-flood-duration-20261004,NCR-2025-07-22,explicit publisher city section,"""datePublished"":""2025-07-22T",82;83;84,GMA-20250722-953360-R0116,,,,,,,,
OBS-38ea8f7d70a49586,GMA-20250722-953360,8d34d8e0dbfc,https://www.gmanetwork.com/news/topstories/metro/953360/heavy-rains-from-habagat-trigger-floods-in-parts-of-metro-manila/story/,NCR-2025-JUL21-25,Pasay,,,EDSA Roxas Blvd NB/SB,,Date-supported report; exact observation/clearance clock unavailable.,82,"Meanwhile, floodwaters have subsided in the following areas: | Pasay City | EDSA Roxas Blvd NB/SB: Gutter deep, passable to all types of vehicles",clearance_candidate,"Gutter deep, passable to all types of vehicles",,,"EDSA Roxas Blvd NB/SB: Gutter deep, passable to all types of vehicles",source_reviewed_candidate_not_training_admitted,,historical_depth_and_passability_retained_beside_clearance;observation_date_only_clock_unknown,2025-07-22,docs/evaluations/metro-manila-flood-duration-20261004,NCR-2025-07-22,explicit publisher city section,"""datePublished"":""2025-07-22T",82;83;85,GMA-20250722-953360-R0117,,,,,,,,
OBS-446f0593b095fd27,GMA-20250722-953360,8d34d8e0dbfc,https://www.gmanetwork.com/news/topstories/metro/953360/heavy-rains-from-habagat-trigger-floods-in-parts-of-metro-manila/story/,NCR-2025-JUL21-25,Pasay,,,EDSA Taft MRT NB,,Date-supported report; exact observation/clearance clock unavailable.,82,"Meanwhile, floodwaters have subsided in the following areas: | Pasay City | EDSA Taft MRT NB: Gutter deep, passable to all types of vehicles",clearance_candidate,"Gutter deep, passable to all types of vehicles",,,"EDSA Taft MRT NB: Gutter deep, passable to all types of vehicles",source_reviewed_candidate_not_training_admitted,,historical_depth_and_passability_retained_beside_clearance;observation_date_only_clock_unknown,2025-07-22,docs/evaluations/metro-manila-flood-duration-20261004,NCR-2025-07-22,explicit publisher city section,"""datePublished"":""2025-07-22T",82;83;86,GMA-20250722-953360-R0118,,,,,,,,
OBS-cfe589c463cbfca3,GMA-20250722-953419,9edc0aec2b84,https://www.gmanetwork.com/news/topstories/metro/953419/mmda-list-of-flooded-areas-as-of-tuesday-4-40-p-m/story/,NCR-2025-JUL21-25,Manila,,,Recto Mendiola Intersection,2025-07-22T16:40:00+08:00,Explicit as-of clock with same-day dated publication/report context; publication clock is never onset or clearance.,3,"The Metro Manila Development Authority (MMDA) has posted an updated list of flooded areas and areas where floodwaters have subsided in Metro Manila, as of 4:40 p.m. | MANILA CITY | SUBSIDED - Recto Mendiola Intersection: gutter deep. PASSABLE TO ALL TYPES OF VEHICLES (PATV)",clearance_candidate,ntersection: gutter deep. PASSABLE TO ALL TYPES OF VEHICLES (PATV),,,SUBSIDED - Recto Mendiola Intersection: gutter deep. PASSABLE TO ALL TYPES OF VEHICLES (PATV),source_reviewed_candidate_not_training_admitted,,historical_depth_and_passability_retained_beside_clearance,2025-07-22,docs/evaluations/metro-manila-flood-duration-20261004,NCR-2025-07-22,explicit publisher city section,"""datePublished"":""2025-07-22T",3;4;5,GMA-20250722-953419-R0119,,,,,,,,
OBS-7e8033e235c11e1f,GMA-20250722-953419,9edc0aec2b84,https://www.gmanetwork.com/news/topstories/metro/953419/mmda-list-of-flooded-areas-as-of-tuesday-4-40-p-m/story/,NCR-2025-JUL21-25,Manila,,,Recto Rizal Ave,2025-07-22T16:40:00+08:00,Explicit as-of clock with same-day dated publication/report context; publication clock is never onset or clearance.,3,"The Metro Manila Development Authority (MMDA) has posted an updated list of flooded areas and areas where floodwaters have subsided in Metro Manila, as of 4:40 p.m. | MANILA CITY | SUBSIDED- Recto Rizal Ave: Gutter deep. PASSABLE TO ALL TYPES OF VEHICLES (PATV)",clearance_candidate,Rizal Ave: Gutter deep. PASSABLE TO ALL TYPES OF VEHICLES (PATV),,,SUBSIDED- Recto Rizal Ave: Gutter deep. PASSABLE TO ALL TYPES OF VEHICLES (PATV),source_reviewed_candidate_not_training_admitted,,historical_depth_and_passability_retained_beside_clearance,2025-07-22,docs/evaluations/metro-manila-flood-duration-20261004,NCR-2025-07-22,explicit publisher city section,"""datePublished"":""2025-07-22T",3;4;6,GMA-20250722-953419-R0120,,,,,,,,
OBS-23ee5ffc2cbc120f,GMA-20250722-953419,9edc0aec2b84,https://www.gmanetwork.com/news/topstories/metro/953419/mmda-list-of-flooded-areas-as-of-tuesday-4-40-p-m/story/,NCR-2025-JUL21-25,Manila,,,Recto Loyola WB,2025-07-22T12:31:00+08:00,Explicit as-of clock with same-day dated publication/report context; publication clock is never onset or clearance.,3,"The Metro Manila Development Authority (MMDA) has posted an updated list of flooded areas and areas where floodwaters have subsided in Metro Manila, as of 4:40 p.m. | MANILA CITY | SUBSIDED as of 12:31 PM- Recto Loyola WB: Gutter deep. PASSABLE TO ALL TYPES OF VEHICLES (PATV)",clearance_candidate,12:31 PM- Recto Loyola WB: Gutter deep. PASSABLE TO ALL TYPES OF VEHICLES (PATV),,,SUBSIDED as of 12:31 PM- Recto Loyola WB: Gutter deep. PASSABLE TO ALL TYPES OF VEHICLES (PATV),source_reviewed_candidate_not_training_admitted,,historical_depth_and_passability_retained_beside_clearance;temporal_source_conflict_requires_review,2025-07-22,docs/evaluations/metro-manila-flood-duration-20261004,NCR-2025-07-22,explicit publisher city section,"""datePublished"":""2025-07-22T",3;4;7,GMA-20250722-953419-R0121,,,,,,,,
OBS-95345273a760623a,GMA-20250722-953419,9edc0aec2b84,https://www.gmanetwork.com/news/topstories/metro/953419/mmda-list-of-flooded-areas-as-of-tuesday-4-40-p-m/story/,NCR-2025-JUL21-25,Manila,,,Recto Benavidez,2025-07-22T16:40:00+08:00,Explicit as-of clock with same-day dated publication/report context; publication clock is never onset or clearance.,3,"The Metro Manila Development Authority (MMDA) has posted an updated list of flooded areas and areas where floodwaters have subsided in Metro Manila, as of 4:40 p.m. | MANILA CITY | SUBSIDED - Recto Benavidez: Above Gutter. PASSABLE TO ALL TYPES OF VEHICLES (PATV)",clearance_candidate,o Benavidez: Above Gutter. PASSABLE TO ALL TYPES OF VEHICLES (PATV),,,SUBSIDED - Recto Benavidez: Above Gutter. PASSABLE TO ALL TYPES OF VEHICLES (PATV),source_reviewed_candidate_not_training_admitted,,historical_depth_and_passability_retained_beside_clearance,2025-07-22,docs/evaluations/metro-manila-flood-duration-20261004,NCR-2025-07-22,explicit publisher city section,"""datePublished"":""2025-07-22T",3;4;8,GMA-20250722-953419-R0122,,,,,,,,
OBS-7312e9230630e078,GMA-20250722-953419,9edc0aec2b84,https://www.gmanetwork.com/news/topstories/metro/953419/mmda-list-of-flooded-areas-as-of-tuesday-4-40-p-m/story/,NCR-2025-JUL21-25,Manila,,,Recto Alonzo,2025-07-22T16:40:00+08:00,Explicit as-of clock with same-day dated publication/report context; publication clock is never onset or clearance.,3,"The Metro Manila Development Authority (MMDA) has posted an updated list of flooded areas and areas where floodwaters have subsided in Metro Manila, as of 4:40 p.m. | MANILA CITY | SUBSIDED - Recto Alonzo: Gutter deep. PASSABLE TO ALL TYPES OF VEHICLES (PATV)",clearance_candidate,ecto Alonzo: Gutter deep. PASSABLE TO ALL TYPES OF VEHICLES (PATV),,,SUBSIDED - Recto Alonzo: Gutter deep. PASSABLE TO ALL TYPES OF VEHICLES (PATV),source_reviewed_candidate_not_training_admitted,,historical_depth_and_passability_retained_beside_clearance,2025-07-22,docs/evaluations/metro-manila-flood-duration-20261004,NCR-2025-07-22,explicit publisher city section,"""datePublished"":""2025-07-22T",3;4;9,GMA-20250722-953419-R0123,,,,,,,,
OBS-bc02bf8c50da69de,GMA-20250722-953419,9edc0aec2b84,https://www.gmanetwork.com/news/topstories/metro/953419/mmda-list-of-flooded-areas-as-of-tuesday-4-40-p-m/story/,NCR-2025-JUL21-25,Manila,,,España Dela Fuente,2025-07-22T16:40:00+08:00,Explicit as-of clock with same-day dated publication/report context; publication clock is never onset or clearance.,3,"The Metro Manila Development Authority (MMDA) has posted an updated list of flooded areas and areas where floodwaters have subsided in Metro Manila, as of 4:40 p.m. | MANILA CITY | España Dela Fuente: Knee deep. NOT PASSABLE TO LIGHT VEHICLES (NPLV)",flood_observed,Knee deep. NOT PASSABLE TO LIGHT VEHICLES (NPLV),,,España Dela Fuente: Knee deep. NOT PASSABLE TO LIGHT VEHICLES (NPLV),source_reviewed_candidate_not_training_admitted,,qualitative_or_missing_depth_no_numeric_conversion,2025-07-22,docs/evaluations/metro-manila-flood-duration-20261004,NCR-2025-07-22,explicit publisher city section,"""datePublished"":""2025-07-22T",3;4;10,GMA-20250722-953419-R0124,,,,,,,,
OBS-1016ec02a12651ba,GMA-20250722-953419,9edc0aec2b84,https://www.gmanetwork.com/news/topstories/metro/953419/mmda-list-of-flooded-areas-as-of-tuesday-4-40-p-m/story/,NCR-2025-JUL21-25,Manila,,,España Blvd Antipolo,2025-07-22T16:40:00+08:00,Explicit as-of clock with same-day dated publication/report context; publication clock is never onset or clearance.,3,"The Metro Manila Development Authority (MMDA) has posted an updated list of flooded areas and areas where floodwaters have subsided in Metro Manila, as of 4:40 p.m. | MANILA CITY | España Blvd Antipolo: Knee deep. NOT PASSABLE TO LIGHT VEHICLES (NPLV)",flood_observed,Knee deep. NOT PASSABLE TO LIGHT VEHICLES (NPLV),,,España Blvd Antipolo: Knee deep. NOT PASSABLE TO LIGHT VEHICLES (NPLV),source_reviewed_candidate_not_training_admitted,,qualitative_or_missing_depth_no_numeric_conversion,2025-07-22,docs/evaluations/metro-manila-flood-duration-20261004,NCR-2025-07-22,explicit publisher city section,"""datePublished"":""2025-07-22T",3;4;11,GMA-20250722-953419-R0125,,,,,,,,
OBS-b7f85b8197a8a314,GMA-20250722-953419,9edc0aec2b84,https://www.gmanetwork.com/news/topstories/metro/953419/mmda-list-of-flooded-areas-as-of-tuesday-4-40-p-m/story/,NCR-2025-JUL21-25,Manila,,,España Lacson WB,2025-07-22T16:40:00+08:00,Explicit as-of clock with same-day dated publication/report context; publication clock is never onset or clearance.,3,"The Metro Manila Development Authority (MMDA) has posted an updated list of flooded areas and areas where floodwaters have subsided in Metro Manila, as of 4:40 p.m. | MANILA CITY | España Lacson WB: Gutter deep. PASSABLE TO ALL TYPES OF VEHICLES (PATV)",flood_observed,Gutter deep. PASSABLE TO ALL TYPES OF VEHICLES (PATV),,,España Lacson WB: Gutter deep. PASSABLE TO ALL TYPES OF VEHICLES (PATV),source_reviewed_candidate_not_training_admitted,,qualitative_or_missing_depth_no_numeric_conversion,2025-07-22,docs/evaluations/metro-manila-flood-duration-20261004,NCR-2025-07-22,explicit publisher city section,"""datePublished"":""2025-07-22T",3;4;12,GMA-20250722-953419-R0126,,,,,,,,
OBS-a42b0bb79fbd73bb,GMA-20250722-953419,9edc0aec2b84,https://www.gmanetwork.com/news/topstories/metro/953419/mmda-list-of-flooded-areas-as-of-tuesday-4-40-p-m/story/,NCR-2025-JUL21-25,Manila,,,España Lacson EB,2025-07-22T16:40:00+08:00,Explicit as-of clock with same-day dated publication/report context; publication clock is never onset or clearance.,3,"The Metro Manila Development Authority (MMDA) has posted an updated list of flooded areas and areas where floodwaters have subsided in Metro Manila, as of 4:40 p.m. | MANILA CITY | España Lacson EB: Gutter deep. PASSABLE TO ALL TYPES OF VEHICLES (PATV)",flood_observed,Gutter deep. PASSABLE TO ALL TYPES OF VEHICLES (PATV),,,España Lacson EB: Gutter deep. PASSABLE TO ALL TYPES OF VEHICLES (PATV),source_reviewed_candidate_not_training_admitted,,qualitative_or_missing_depth_no_numeric_conversion,2025-07-22,docs/evaluations/metro-manila-flood-duration-20261004,NCR-2025-07-22,explicit publisher city section,"""datePublished"":""2025-07-22T",3;4;13,GMA-20250722-953419-R0127,,,,,,,,
OBS-bbc7cd66c1159a70,GMA-20250722-953419,9edc0aec2b84,https://www.gmanetwork.com/news/topstories/metro/953419/mmda-list-of-flooded-areas-as-of-tuesday-4-40-p-m/story/,NCR-2025-JUL21-25,Manila,,,España Blvd cor Antipolo St.,2025-07-22T16:40:00+08:00,Explicit as-of clock with same-day dated publication/report context; publication clock is never onset or clearance.,3,"The Metro Manila Development Authority (MMDA) has posted an updated list of flooded areas and areas where floodwaters have subsided in Metro Manila, as of 4:40 p.m. | MANILA CITY | España Blvd cor Antipolo St.: Knee deep. NOT PASSABLE TO LIGHT VEHICLES (NPLV)",flood_observed,Knee deep. NOT PASSABLE TO LIGHT VEHICLES (NPLV),,,España Blvd cor Antipolo St.: Knee deep. NOT PASSABLE TO LIGHT VEHICLES (NPLV),source_reviewed_candidate_not_training_admitted,,qualitative_or_missing_depth_no_numeric_conversion,2025-07-22,docs/evaluations/metro-manila-flood-duration-20261004,NCR-2025-07-22,explicit publisher city section,"""datePublished"":""2025-07-22T",3;4;14,GMA-20250722-953419-R0128,,,,,,,,
OBS-9c07e08c63e30170,GMA-20250722-953419,9edc0aec2b84,https://www.gmanetwork.com/news/topstories/metro/953419/mmda-list-of-flooded-areas-as-of-tuesday-4-40-p-m/story/,NCR-2025-JUL21-25,Manila,,,Palanca Quinta Market,2025-07-22T16:40:00+08:00,Explicit as-of clock with same-day dated publication/report context; publication clock is never onset or clearance.,3,"The Metro Manila Development Authority (MMDA) has posted an updated list of flooded areas and areas where floodwaters have subsided in Metro Manila, as of 4:40 p.m. | MANILA CITY | Palanca Quinta Market: Gutter deep. PASSABLE TO ALL TYPES OF VEHICLES (PATV)",flood_observed,Gutter deep. PASSABLE TO ALL TYPES OF VEHICLES (PATV),,,Palanca Quinta Market: Gutter deep. PASSABLE TO ALL TYPES OF VEHICLES (PATV),source_reviewed_candidate_not_training_admitted,,qualitative_or_missing_depth_no_numeric_conversion,2025-07-22,docs/evaluations/metro-manila-flood-duration-20261004,NCR-2025-07-22,explicit publisher city section,"""datePublished"":""2025-07-22T",3;4;15,GMA-20250722-953419-R0129,,,,,,,,
OBS-5e2f9be997994463,GMA-20250722-953419,9edc0aec2b84,https://www.gmanetwork.com/news/topstories/metro/953419/mmda-list-of-flooded-areas-as-of-tuesday-4-40-p-m/story/,NCR-2025-JUL21-25,Manila,,,Rizal Ave Pampanga St.,2025-07-22T16:40:00+08:00,Explicit as-of clock with same-day dated publication/report context; publication clock is never onset or clearance.,3,"The Metro Manila Development Authority (MMDA) has posted an updated list of flooded areas and areas where floodwaters have subsided in Metro Manila, as of 4:40 p.m. | MANILA CITY | Rizal Ave Pampanga St.: Gutter deep. PASSABLE TO ALL TYPES OF VEHICLES (PATV)",flood_observed,Gutter deep. PASSABLE TO ALL TYPES OF VEHICLES (PATV),,,Rizal Ave Pampanga St.: Gutter deep. PASSABLE TO ALL TYPES OF VEHICLES (PATV),source_reviewed_candidate_not_training_admitted,,qualitative_or_missing_depth_no_numeric_conversion,2025-07-22,docs/evaluations/metro-manila-flood-duration-20261004,NCR-2025-07-22,explicit publisher city section,"""datePublished"":""2025-07-22T",3;4;16,GMA-20250722-953419-R0130,,,,,,,,
OBS-39e36353e08d8992,GMA-20250722-953419,9edc0aec2b84,https://www.gmanetwork.com/news/topstories/metro/953419/mmda-list-of-flooded-areas-as-of-tuesday-4-40-p-m/story/,NCR-2025-JUL21-25,Manila,,,Rizal Ave Aurora,2025-07-22T16:40:00+08:00,Explicit as-of clock with same-day dated publication/report context; publication clock is never onset or clearance.,3,"The Metro Manila Development Authority (MMDA) has posted an updated list of flooded areas and areas where floodwaters have subsided in Metro Manila, as of 4:40 p.m. | MANILA CITY | Rizal Ave Aurora: Gutter deep. PASSABLE TO ALL TYPES OF VEHICLES (PATV)",flood_observed,Gutter deep. PASSABLE TO ALL TYPES OF VEHICLES (PATV),,,Rizal Ave Aurora: Gutter deep. PASSABLE TO ALL TYPES OF VEHICLES (PATV),source_reviewed_candidate_not_training_admitted,,qualitative_or_missing_depth_no_numeric_conversion,2025-07-22,docs/evaluations/metro-manila-flood-duration-20261004,NCR-2025-07-22,explicit publisher city section,"""datePublished"":""2025-07-22T",3;4;17,GMA-20250722-953419-R0131,,,,,,,,
OBS-5644b8feeb5a9bb0,GMA-20250722-953419,9edc0aec2b84,https://www.gmanetwork.com/news/topstories/metro/953419/mmda-list-of-flooded-areas-as-of-tuesday-4-40-p-m/story/,NCR-2025-JUL21-25,Manila,,,Taft Avenue cor. UN Ave.,2025-07-22T16:40:00+08:00,Explicit as-of clock with same-day dated publication/report context; publication clock is never onset or clearance.,3,"The Metro Manila Development Authority (MMDA) has posted an updated list of flooded areas and areas where floodwaters have subsided in Metro Manila, as of 4:40 p.m. | MANILA CITY | Taft Avenue cor. UN Ave.: Gutter deep. PASSABLE TO ALL TYPES OF VEHICLES (PATV)",flood_observed,Gutter deep. PASSABLE TO ALL TYPES OF VEHICLES (PATV),,,Taft Avenue cor. UN Ave.: Gutter deep. PASSABLE TO ALL TYPES OF VEHICLES (PATV),source_reviewed_candidate_not_training_admitted,,qualitative_or_missing_depth_no_numeric_conversion,2025-07-22,docs/evaluations/metro-manila-flood-duration-20261004,NCR-2025-07-22,explicit publisher city section,"""datePublished"":""2025-07-22T",3;4;18,GMA-20250722-953419-R0132,,,,,,,,
OBS-3a2670dab36af94a,GMA-20250722-953419,9edc0aec2b84,https://www.gmanetwork.com/news/topstories/metro/953419/mmda-list-of-flooded-areas-as-of-tuesday-4-40-p-m/story/,NCR-2025-JUL21-25,Manila,,,Taft Avenue corner Padre Faura,2025-07-22T16:40:00+08:00,Explicit as-of clock with same-day dated publication/report context; publication clock is never onset or clearance.,3,"The Metro Manila Development Authority (MMDA) has posted an updated list of flooded areas and areas where floodwaters have subsided in Metro Manila, as of 4:40 p.m. | MANILA CITY | Taft Avenue corner Padre Faura: Gutter deep. PASSABLE TO ALL TYPES OF VEHICLES (PATV)",flood_observed,Gutter deep. PASSABLE TO ALL TYPES OF VEHICLES (PATV),,,Taft Avenue corner Padre Faura: Gutter deep. PASSABLE TO ALL TYPES OF VEHICLES (PATV),source_reviewed_candidate_not_training_admitted,,qualitative_or_missing_depth_no_numeric_conversion,2025-07-22,docs/evaluations/metro-manila-flood-duration-20261004,NCR-2025-07-22,explicit publisher city section,"""datePublished"":""2025-07-22T",3;4;19,GMA-20250722-953419-R0133,,,,,,,,
OBS-a6dddc013a710a72,GMA-20250722-953419,9edc0aec2b84,https://www.gmanetwork.com/news/topstories/metro/953419/mmda-list-of-flooded-areas-as-of-tuesday-4-40-p-m/story/,NCR-2025-JUL21-25,Manila,,,Taft Avenue from Apacible to Escoda,2025-07-22T16:40:00+08:00,Explicit as-of clock with same-day dated publication/report context; publication clock is never onset or clearance.,3,"The Metro Manila Development Authority (MMDA) has posted an updated list of flooded areas and areas where floodwaters have subsided in Metro Manila, as of 4:40 p.m. | MANILA CITY | Taft Avenue from Apacible to Escoda: Gutter deep. PASSABLE TO ALL TYPES OF VEHICLES (PATV)",flood_observed,Gutter deep. PASSABLE TO ALL TYPES OF VEHICLES (PATV),,,Taft Avenue from Apacible to Escoda: Gutter deep. PASSABLE TO ALL TYPES OF VEHICLES (PATV),source_reviewed_candidate_not_training_admitted,,qualitative_or_missing_depth_no_numeric_conversion,2025-07-22,docs/evaluations/metro-manila-flood-duration-20261004,NCR-2025-07-22,explicit publisher city section,"""datePublished"":""2025-07-22T",3;4;20,GMA-20250722-953419-R0134,,,,,,,,
OBS-eb9528f524ec11bb,GMA-20250722-953419,9edc0aec2b84,https://www.gmanetwork.com/news/topstories/metro/953419/mmda-list-of-flooded-areas-as-of-tuesday-4-40-p-m/story/,NCR-2025-JUL21-25,Manila,,,Taft PGH NB/SB,2025-07-22T16:40:00+08:00,Explicit as-of clock with same-day dated publication/report context; publication clock is never onset or clearance.,3,"The Metro Manila Development Authority (MMDA) has posted an updated list of flooded areas and areas where floodwaters have subsided in Metro Manila, as of 4:40 p.m. | MANILA CITY | Taft PGH NB/SB: Knee deep. NOT PASSABLE TO LIGHT VEHICLES (NPLV)",flood_observed,Knee deep. NOT PASSABLE TO LIGHT VEHICLES (NPLV),,,Taft PGH NB/SB: Knee deep. NOT PASSABLE TO LIGHT VEHICLES (NPLV),source_reviewed_candidate_not_training_admitted,,qualitative_or_missing_depth_no_numeric_conversion,2025-07-22,docs/evaluations/metro-manila-flood-duration-20261004,NCR-2025-07-22,explicit publisher city section,"""datePublished"":""2025-07-22T",3;4;21,GMA-20250722-953419-R0135,,,,,,,,
OBS-e3309af61b187472,GMA-20250722-953419,9edc0aec2b84,https://www.gmanetwork.com/news/topstories/metro/953419/mmda-list-of-flooded-areas-as-of-tuesday-4-40-p-m/story/,NCR-2025-JUL21-25,Manila,,,Taft Remedios NB/SB,2025-07-22T16:40:00+08:00,Explicit as-of clock with same-day dated publication/report context; publication clock is never onset or clearance.,3,"The Metro Manila Development Authority (MMDA) has posted an updated list of flooded areas and areas where floodwaters have subsided in Metro Manila, as of 4:40 p.m. | MANILA CITY | Taft Remedios NB/SB: Gutter deep. PASSABLE TO ALL TYPES OF VEHICLES (PATV)",flood_observed,Gutter deep. PASSABLE TO ALL TYPES OF VEHICLES (PATV),,,Taft Remedios NB/SB: Gutter deep. PASSABLE TO ALL TYPES OF VEHICLES (PATV),source_reviewed_candidate_not_training_admitted,,qualitative_or_missing_depth_no_numeric_conversion,2025-07-22,docs/evaluations/metro-manila-flood-duration-20261004,NCR-2025-07-22,explicit publisher city section,"""datePublished"":""2025-07-22T",3;4;22,GMA-20250722-953419-R0136,,,,,,,,
OBS-4c20cda5c8d17eb7,GMA-20250722-953419,9edc0aec2b84,https://www.gmanetwork.com/news/topstories/metro/953419/mmda-list-of-flooded-areas-as-of-tuesday-4-40-p-m/story/,NCR-2025-JUL21-25,Manila,,,Finance Taft,2025-07-22T13:35:00+08:00,Explicit as-of clock with same-day dated publication/report context; publication clock is never onset or clearance.,3,"The Metro Manila Development Authority (MMDA) has posted an updated list of flooded areas and areas where floodwaters have subsided in Metro Manila, as of 4:40 p.m. | MANILA CITY | SUBSIDED as of 1:35 PM- Finance Taft: Gutter deep. PASSABLE TO ALL TYPES OF VEHICLES (PATV)",clearance_candidate,of 1:35 PM- Finance Taft: Gutter deep. PASSABLE TO ALL TYPES OF VEHICLES (PATV),,,SUBSIDED as of 1:35 PM- Finance Taft: Gutter deep. PASSABLE TO ALL TYPES OF VEHICLES (PATV),source_reviewed_candidate_not_training_admitted,,historical_depth_and_passability_retained_beside_clearance,2025-07-22,docs/evaluations/metro-manila-flood-duration-20261004,NCR-2025-07-22,explicit publisher city section,"""datePublished"":""2025-07-22T",3;4;23,GMA-20250722-953419-R0137,,,,,,,,
OBS-b202cd41957c0eab,GMA-20250722-953419,9edc0aec2b84,https://www.gmanetwork.com/news/topstories/metro/953419/mmda-list-of-flooded-areas-as-of-tuesday-4-40-p-m/story/,NCR-2025-JUL21-25,Manila,,,Roxas Blvd. P. Ocampo,2025-07-22T11:00:00+08:00,Explicit as-of clock with same-day dated publication/report context; publication clock is never onset or clearance.,3,"The Metro Manila Development Authority (MMDA) has posted an updated list of flooded areas and areas where floodwaters have subsided in Metro Manila, as of 4:40 p.m. | MANILA CITY | SUBSIDED as of 11:00 AM- Roxas Blvd. P. Ocampo: Tire deep. NOT PASSABLE TO ALL TYPES OF VEHICLES (NPATV)",clearance_candidate,AM- Roxas Blvd. P. Ocampo: Tire deep. NOT PASSABLE TO ALL TYPES OF VEHICLES (NPATV),,,SUBSIDED as of 11:00 AM- Roxas Blvd. P. Ocampo: Tire deep. NOT PASSABLE TO ALL TYPES OF VEHICLES (NPATV),source_reviewed_candidate_not_training_admitted,,historical_depth_and_passability_retained_beside_clearance;temporal_source_conflict_requires_review,2025-07-22,docs/evaluations/metro-manila-flood-duration-20261004,NCR-2025-07-22,explicit publisher city section,"""datePublished"":""2025-07-22T",3;4;24,GMA-20250722-953419-R0138,,,,,,,,
OBS-9953849c9e69a3aa,GMA-20250722-953419,9edc0aec2b84,https://www.gmanetwork.com/news/topstories/metro/953419/mmda-list-of-flooded-areas-as-of-tuesday-4-40-p-m/story/,NCR-2025-JUL21-25,Manila,,,Roxas Blvd Pedro Gil northbound,2025-07-22T16:40:00+08:00,Explicit as-of clock with same-day dated publication/report context; publication clock is never onset or clearance.,3,"The Metro Manila Development Authority (MMDA) has posted an updated list of flooded areas and areas where floodwaters have subsided in Metro Manila, as of 4:40 p.m. | MANILA CITY | Roxas Blvd Pedro Gil northbound: Gutter deep. PASSABLE TO ALL TYPES OF VEHICLES (PATV)",flood_observed,Gutter deep. PASSABLE TO ALL TYPES OF VEHICLES (PATV),,,Roxas Blvd Pedro Gil northbound: Gutter deep. PASSABLE TO ALL TYPES OF VEHICLES (PATV),source_reviewed_candidate_not_training_admitted,,qualitative_or_missing_depth_no_numeric_conversion,2025-07-22,docs/evaluations/metro-manila-flood-duration-20261004,NCR-2025-07-22,explicit publisher city section,"""datePublished"":""2025-07-22T",3;4;25,GMA-20250722-953419-R0139,,,,,,,,
OBS-b89744601ceb8b14,GMA-20250722-953419,9edc0aec2b84,https://www.gmanetwork.com/news/topstories/metro/953419/mmda-list-of-flooded-areas-as-of-tuesday-4-40-p-m/story/,NCR-2025-JUL21-25,Manila,,,Roxas Blvd Kalaw NB,2025-07-22T16:40:00+08:00,Explicit as-of clock with same-day dated publication/report context; publication clock is never onset or clearance.,3,"The Metro Manila Development Authority (MMDA) has posted an updated list of flooded areas and areas where floodwaters have subsided in Metro Manila, as of 4:40 p.m. | MANILA CITY | Roxas Blvd Kalaw NB: Half Gutter deep. PASSABLE TO ALL TYPES OF VEHICLES (PATV)",flood_observed,Half Gutter deep. PASSABLE TO ALL TYPES OF VEHICLES (PATV),,,Roxas Blvd Kalaw NB: Half Gutter deep. PASSABLE TO ALL TYPES OF VEHICLES (PATV),source_reviewed_candidate_not_training_admitted,,qualitative_or_missing_depth_no_numeric_conversion,2025-07-22,docs/evaluations/metro-manila-flood-duration-20261004,NCR-2025-07-22,explicit publisher city section,"""datePublished"":""2025-07-22T",3;4;26,GMA-20250722-953419-R0140,,,,,,,,
OBS-448efe4b6ef94b60,GMA-20250722-953419,9edc0aec2b84,https://www.gmanetwork.com/news/topstories/metro/953419/mmda-list-of-flooded-areas-as-of-tuesday-4-40-p-m/story/,NCR-2025-JUL21-25,Manila,,,Roxas Kalaw SB,2025-07-22T13:00:00+08:00,Explicit as-of clock with same-day dated publication/report context; publication clock is never onset or clearance.,3,"The Metro Manila Development Authority (MMDA) has posted an updated list of flooded areas and areas where floodwaters have subsided in Metro Manila, as of 4:40 p.m. | MANILA CITY | SUBSIDED as of 1:00 PM- Roxas Kalaw SB: Tire deep. NOT PASSABLE TO ALL TYPES OF VEHICLES (NPATV)",clearance_candidate,1:00 PM- Roxas Kalaw SB: Tire deep. NOT PASSABLE TO ALL TYPES OF VEHICLES (NPATV),,,SUBSIDED as of 1:00 PM- Roxas Kalaw SB: Tire deep. NOT PASSABLE TO ALL TYPES OF VEHICLES (NPATV),source_reviewed_candidate_not_training_admitted,,historical_depth_and_passability_retained_beside_clearance;temporal_source_conflict_requires_review,2025-07-22,docs/evaluations/metro-manila-flood-duration-20261004,NCR-2025-07-22,explicit publisher city section,"""datePublished"":""2025-07-22T",3;4;27,GMA-20250722-953419-R0141,,,,,,,,
OBS-878ae48c2e89847c,GMA-20250722-953419,9edc0aec2b84,https://www.gmanetwork.com/news/topstories/metro/953419/mmda-list-of-flooded-areas-as-of-tuesday-4-40-p-m/story/,NCR-2025-JUL21-25,Manila,,,Quirino Avenue Guazon,2025-07-22T16:40:00+08:00,Explicit as-of clock with same-day dated publication/report context; publication clock is never onset or clearance.,3,"The Metro Manila Development Authority (MMDA) has posted an updated list of flooded areas and areas where floodwaters have subsided in Metro Manila, as of 4:40 p.m. | MANILA CITY | Quirino Avenue Guazon: Gutter deep. PASSABLE TO ALL TYPES OF VEHICLES (PATV)",flood_observed,Gutter deep. PASSABLE TO ALL TYPES OF VEHICLES (PATV),,,Quirino Avenue Guazon: Gutter deep. PASSABLE TO ALL TYPES OF VEHICLES (PATV),source_reviewed_candidate_not_training_admitted,,qualitative_or_missing_depth_no_numeric_conversion,2025-07-22,docs/evaluations/metro-manila-flood-duration-20261004,NCR-2025-07-22,explicit publisher city section,"""datePublished"":""2025-07-22T",3;4;28,GMA-20250722-953419-R0142,,,,,,,,
OBS-168842cc3eb217d7,GMA-20250722-953419,9edc0aec2b84,https://www.gmanetwork.com/news/topstories/metro/953419/mmda-list-of-flooded-areas-as-of-tuesday-4-40-p-m/story/,NCR-2025-JUL21-25,Manila,,,Quirino Avenue corner Pedro Gil,2025-07-22T16:40:00+08:00,Explicit as-of clock with same-day dated publication/report context; publication clock is never onset or clearance.,3,"The Metro Manila Development Authority (MMDA) has posted an updated list of flooded areas and areas where floodwaters have subsided in Metro Manila, as of 4:40 p.m. | MANILA CITY | Quirino Avenue corner Pedro Gil: Gutter deep. PASSABLE TO ALL TYPES OF VEHICLES (PATV)",flood_observed,Gutter deep. PASSABLE TO ALL TYPES OF VEHICLES (PATV),,,Quirino Avenue corner Pedro Gil: Gutter deep. PASSABLE TO ALL TYPES OF VEHICLES (PATV),source_reviewed_candidate_not_training_admitted,,qualitative_or_missing_depth_no_numeric_conversion,2025-07-22,docs/evaluations/metro-manila-flood-duration-20261004,NCR-2025-07-22,explicit publisher city section,"""datePublished"":""2025-07-22T",3;4;29,GMA-20250722-953419-R0143,,,,,,,,
OBS-350c98fb0367cfa2,GMA-20250722-953419,9edc0aec2b84,https://www.gmanetwork.com/news/topstories/metro/953419/mmda-list-of-flooded-areas-as-of-tuesday-4-40-p-m/story/,NCR-2025-JUL21-25,Manila,,,Roxas Blvd. U.N.,2025-07-22T16:40:00+08:00,Explicit as-of clock with same-day dated publication/report context; publication clock is never onset or clearance.,3,"The Metro Manila Development Authority (MMDA) has posted an updated list of flooded areas and areas where floodwaters have subsided in Metro Manila, as of 4:40 p.m. | MANILA CITY | Roxas Blvd. U.N.: Half Gutter deep. PASSABLE TO ALL TYPES OF VEHICLES (PATV)",flood_observed,Half Gutter deep. PASSABLE TO ALL TYPES OF VEHICLES (PATV),,,Roxas Blvd. U.N.: Half Gutter deep. PASSABLE TO ALL TYPES OF VEHICLES (PATV),source_reviewed_candidate_not_training_admitted,,qualitative_or_missing_depth_no_numeric_conversion,2025-07-22,docs/evaluations/metro-manila-flood-duration-20261004,NCR-2025-07-22,explicit publisher city section,"""datePublished"":""2025-07-22T",3;4;30,GMA-20250722-953419-R0144,,,,,,,,
OBS-d71dd5bf154565fc,GMA-20250722-953419,9edc0aec2b84,https://www.gmanetwork.com/news/topstories/metro/953419/mmda-list-of-flooded-areas-as-of-tuesday-4-40-p-m/story/,NCR-2025-JUL21-25,Manila,,,Roxas Blvd Bonifacio Drive,2025-07-22T13:10:00+08:00,Explicit as-of clock with same-day dated publication/report context; publication clock is never onset or clearance.,3,"The Metro Manila Development Authority (MMDA) has posted an updated list of flooded areas and areas where floodwaters have subsided in Metro Manila, as of 4:40 p.m. | MANILA CITY | SUBSIDED as of 1:10 PM- Roxas Blvd Bonifacio Drive: Gutter deep. PASSABLE TO ALL TYPES OF VEHICLES (PATV)",clearance_candidate,xas Blvd Bonifacio Drive: Gutter deep. PASSABLE TO ALL TYPES OF VEHICLES (PATV),,,SUBSIDED as of 1:10 PM- Roxas Blvd Bonifacio Drive: Gutter deep. PASSABLE TO ALL TYPES OF VEHICLES (PATV),source_reviewed_candidate_not_training_admitted,,historical_depth_and_passability_retained_beside_clearance;temporal_source_conflict_requires_review,2025-07-22,docs/evaluations/metro-manila-flood-duration-20261004,NCR-2025-07-22,explicit publisher city section,"""datePublished"":""2025-07-22T",3;4;31,GMA-20250722-953419-R0145,,,,,,,,
OBS-d644a236db0a5c32,GMA-20250722-953419,9edc0aec2b84,https://www.gmanetwork.com/news/topstories/metro/953419/mmda-list-of-flooded-areas-as-of-tuesday-4-40-p-m/story/,NCR-2025-JUL21-25,Manila,,,Jose Abad Santos Tayuman,2025-07-22T16:40:00+08:00,Explicit as-of clock with same-day dated publication/report context; publication clock is never onset or clearance.,3,"The Metro Manila Development Authority (MMDA) has posted an updated list of flooded areas and areas where floodwaters have subsided in Metro Manila, as of 4:40 p.m. | MANILA CITY | Jose Abad Santos Tayuman: Gutter deep. PASSABLE TO ALL TYPES OF VEHICLES (PATV)",flood_observed,Gutter deep. PASSABLE TO ALL TYPES OF VEHICLES (PATV),,,Jose Abad Santos Tayuman: Gutter deep. PASSABLE TO ALL TYPES OF VEHICLES (PATV),source_reviewed_candidate_not_training_admitted,,qualitative_or_missing_depth_no_numeric_conversion,2025-07-22,docs/evaluations/metro-manila-flood-duration-20261004,NCR-2025-07-22,explicit publisher city section,"""datePublished"":""2025-07-22T",3;4;32,GMA-20250722-953419-R0146,,,,,,,,
OBS-6e633984245c29b5,GMA-20250722-953419,9edc0aec2b84,https://www.gmanetwork.com/news/topstories/metro/953419/mmda-list-of-flooded-areas-as-of-tuesday-4-40-p-m/story/,NCR-2025-JUL21-25,Manila,,,Jose Abad Santos Recto,2025-07-22T14:40:00+08:00,Explicit as-of clock with same-day dated publication/report context; publication clock is never onset or clearance.,3,"The Metro Manila Development Authority (MMDA) has posted an updated list of flooded areas and areas where floodwaters have subsided in Metro Manila, as of 4:40 p.m. | MANILA CITY | SUBSIDED as of 2:40 PM- Jose Abad Santos Recto: Above Gutter deep. PASSABLE TO ALL TYPES OF VEHICLES (PATV)",clearance_candidate,Jose Abad Santos Recto: Above Gutter deep. PASSABLE TO ALL TYPES OF VEHICLES (PATV),,,SUBSIDED as of 2:40 PM- Jose Abad Santos Recto: Above Gutter deep. PASSABLE TO ALL TYPES OF VEHICLES (PATV),source_reviewed_candidate_not_training_admitted,,historical_depth_and_passability_retained_beside_clearance,2025-07-22,docs/evaluations/metro-manila-flood-duration-20261004,NCR-2025-07-22,explicit publisher city section,"""datePublished"":""2025-07-22T",3;4;33,GMA-20250722-953419-R0147,,,,,,,,
OBS-0388635ae5ceba0c,GMA-20250722-953419,9edc0aec2b84,https://www.gmanetwork.com/news/topstories/metro/953419/mmda-list-of-flooded-areas-as-of-tuesday-4-40-p-m/story/,NCR-2025-JUL21-25,Manila,,,Rizal Ave Fugoso,2025-07-22T16:40:00+08:00,Explicit as-of clock with same-day dated publication/report context; publication clock is never onset or clearance.,3,"The Metro Manila Development Authority (MMDA) has posted an updated list of flooded areas and areas where floodwaters have subsided in Metro Manila, as of 4:40 p.m. | MANILA CITY | Rizal Ave Fugoso: Half Gutter deep. PASSABLE TO ALL TYPES OF VEHICLES (PATV)",flood_observed,Half Gutter deep. PASSABLE TO ALL TYPES OF VEHICLES (PATV),,,Rizal Ave Fugoso: Half Gutter deep. PASSABLE TO ALL TYPES OF VEHICLES (PATV),source_reviewed_candidate_not_training_admitted,,qualitative_or_missing_depth_no_numeric_conversion,2025-07-22,docs/evaluations/metro-manila-flood-duration-20261004,NCR-2025-07-22,explicit publisher city section,"""datePublished"":""2025-07-22T",3;4;34,GMA-20250722-953419-R0148,,,,,,,,
OBS-fa34ca2aba27ba61,GMA-20250722-953419,9edc0aec2b84,https://www.gmanetwork.com/news/topstories/metro/953419/mmda-list-of-flooded-areas-as-of-tuesday-4-40-p-m/story/,NCR-2025-JUL21-25,Manila,,,Kalaw Taft,2025-07-22T16:40:00+08:00,Explicit as-of clock with same-day dated publication/report context; publication clock is never onset or clearance.,3,"The Metro Manila Development Authority (MMDA) has posted an updated list of flooded areas and areas where floodwaters have subsided in Metro Manila, as of 4:40 p.m. | MANILA CITY | Kalaw Taft: Gutter deep. PASSABLE TO ALL TYPES OF VEHICLES (PATV)",flood_observed,Gutter deep. PASSABLE TO ALL TYPES OF VEHICLES (PATV),,,Kalaw Taft: Gutter deep. PASSABLE TO ALL TYPES OF VEHICLES (PATV),source_reviewed_candidate_not_training_admitted,,qualitative_or_missing_depth_no_numeric_conversion,2025-07-22,docs/evaluations/metro-manila-flood-duration-20261004,NCR-2025-07-22,explicit publisher city section,"""datePublished"":""2025-07-22T",3;4;35,GMA-20250722-953419-R0149,,,,,,,,
OBS-ae5c4b12e868b5a4,GMA-20250722-953419,9edc0aec2b84,https://www.gmanetwork.com/news/topstories/metro/953419/mmda-list-of-flooded-areas-as-of-tuesday-4-40-p-m/story/,NCR-2025-JUL21-25,Manila,,,P. Ocampo Mabini Intersection,2025-07-22T11:00:00+08:00,Explicit as-of clock with same-day dated publication/report context; publication clock is never onset or clearance.,3,"The Metro Manila Development Authority (MMDA) has posted an updated list of flooded areas and areas where floodwaters have subsided in Metro Manila, as of 4:40 p.m. | MANILA CITY | SUBSIDED as of 11:00 AM- P. Ocampo Mabini Intersection: Above Gutter deep. PASSABLE TO ALL TYPES OF VEHICLES (PATV)",clearance_candidate,campo Mabini Intersection: Above Gutter deep. PASSABLE TO ALL TYPES OF VEHICLES (PATV),,,SUBSIDED as of 11:00 AM- P. Ocampo Mabini Intersection: Above Gutter deep. PASSABLE TO ALL TYPES OF VEHICLES (PATV),source_reviewed_candidate_not_training_admitted,,historical_depth_and_passability_retained_beside_clearance;temporal_source_conflict_requires_review,2025-07-22,docs/evaluations/metro-manila-flood-duration-20261004,NCR-2025-07-22,explicit publisher city section,"""datePublished"":""2025-07-22T",3;4;36,GMA-20250722-953419-R0150,,,,,,,,
OBS-75d6fe67e6ed3bb6,GMA-20250722-953419,9edc0aec2b84,https://www.gmanetwork.com/news/topstories/metro/953419/mmda-list-of-flooded-areas-as-of-tuesday-4-40-p-m/story/,NCR-2025-JUL21-25,Manila,,,RMB V. Mapa Intersection,2025-07-22T12:50:00+08:00,Explicit as-of clock with same-day dated publication/report context; publication clock is never onset or clearance.,3,"The Metro Manila Development Authority (MMDA) has posted an updated list of flooded areas and areas where floodwaters have subsided in Metro Manila, as of 4:40 p.m. | MANILA CITY | SUBSIDED as of 12:50 PM- RMB V. Mapa Intersection: Gutter deep. PASSABLE TO ALL TYPES OF VEHICLES (PATV)",clearance_candidate,RMB V. Mapa Intersection: Gutter deep. PASSABLE TO ALL TYPES OF VEHICLES (PATV),,,SUBSIDED as of 12:50 PM- RMB V. Mapa Intersection: Gutter deep. PASSABLE TO ALL TYPES OF VEHICLES (PATV),source_reviewed_candidate_not_training_admitted,,historical_depth_and_passability_retained_beside_clearance;temporal_source_conflict_requires_review,2025-07-22,docs/evaluations/metro-manila-flood-duration-20261004,NCR-2025-07-22,explicit publisher city section,"""datePublished"":""2025-07-22T",3;4;37,GMA-20250722-953419-R0151,,,,,,,,
OBS-36c77e67a08d7be9,GMA-20250722-953419,9edc0aec2b84,https://www.gmanetwork.com/news/topstories/metro/953419/mmda-list-of-flooded-areas-as-of-tuesday-4-40-p-m/story/,NCR-2025-JUL21-25,Manila,,,Ayala Blvd Taft EB/WB,2025-07-22T13:40:00+08:00,Explicit as-of clock with same-day dated publication/report context; publication clock is never onset or clearance.,3,"The Metro Manila Development Authority (MMDA) has posted an updated list of flooded areas and areas where floodwaters have subsided in Metro Manila, as of 4:40 p.m. | MANILA CITY | SUBSIDED as of 1:40 PM- Ayala Blvd Taft EB/WB: Knee deep. NOT PASSABLE TO LIGHT VEHICLES (NPLV)",clearance_candidate,M- Ayala Blvd Taft EB/WB: Knee deep. NOT PASSABLE TO LIGHT VEHICLES (NPLV),,,SUBSIDED as of 1:40 PM- Ayala Blvd Taft EB/WB: Knee deep. NOT PASSABLE TO LIGHT VEHICLES (NPLV),source_reviewed_candidate_not_training_admitted,,historical_depth_and_passability_retained_beside_clearance,2025-07-22,docs/evaluations/metro-manila-flood-duration-20261004,NCR-2025-07-22,explicit publisher city section,"""datePublished"":""2025-07-22T",3;4;38,GMA-20250722-953419-R0152,,,,,,,,
OBS-ff9707c4642873a5,GMA-20250722-953419,9edc0aec2b84,https://www.gmanetwork.com/news/topstories/metro/953419/mmda-list-of-flooded-areas-as-of-tuesday-4-40-p-m/story/,NCR-2025-JUL21-25,Manila,,,Liwasang Bonifacio City Hall,,Date-supported report; exact observation/clearance clock unavailable.,3,"The Metro Manila Development Authority (MMDA) has posted an updated list of flooded areas and areas where floodwaters have subsided in Metro Manila, as of 4:40 p.m. | MANILA CITY | SUBSIDED as of 2:15- Liwasang Bonifacio City Hall: Knee deep. NOT PASSABLE TO LIGHT VEHICLES (NPLV)",clearance_candidate,g Bonifacio City Hall: Knee deep. NOT PASSABLE TO LIGHT VEHICLES (NPLV),,,SUBSIDED as of 2:15- Liwasang Bonifacio City Hall: Knee deep. NOT PASSABLE TO LIGHT VEHICLES (NPLV),source_reviewed_candidate_not_training_admitted,,historical_depth_and_passability_retained_beside_clearance;ambiguous_meridiem;observation_date_only_clock_unknown,2025-07-22,docs/evaluations/metro-manila-flood-duration-20261004,NCR-2025-07-22,explicit publisher city section,"""datePublished"":""2025-07-22T",3;4;39,GMA-20250722-953419-R0153,,,,,,,,
OBS-89d5414c004fcea2,GMA-20250722-953419,9edc0aec2b84,https://www.gmanetwork.com/news/topstories/metro/953419/mmda-list-of-flooded-areas-as-of-tuesday-4-40-p-m/story/,NCR-2025-JUL21-25,Manila,,,Esplanade tunnel going to Intramuros,2025-07-22T16:40:00+08:00,Explicit as-of clock with same-day dated publication/report context; publication clock is never onset or clearance.,3,"The Metro Manila Development Authority (MMDA) has posted an updated list of flooded areas and areas where floodwaters have subsided in Metro Manila, as of 4:40 p.m. | MANILA CITY | Esplanade tunnel going to Intramuros: Knee deep. NOT PASSABLE TO LIGHT VEHICLES (NPLV)",flood_observed,Knee deep. NOT PASSABLE TO LIGHT VEHICLES (NPLV),,,Esplanade tunnel going to Intramuros: Knee deep. NOT PASSABLE TO LIGHT VEHICLES (NPLV),source_reviewed_candidate_not_training_admitted,,qualitative_or_missing_depth_no_numeric_conversion,2025-07-22,docs/evaluations/metro-manila-flood-duration-20261004,NCR-2025-07-22,explicit publisher city section,"""datePublished"":""2025-07-22T",3;4;40,GMA-20250722-953419-R0154,,,,,,,,
OBS-b2945c658f6addf9,GMA-20250722-953419,9edc0aec2b84,https://www.gmanetwork.com/news/topstories/metro/953419/mmda-list-of-flooded-areas-as-of-tuesday-4-40-p-m/story/,NCR-2025-JUL21-25,Manila,,,Ayala Blvd Natividad,2025-07-22T16:40:00+08:00,Explicit as-of clock with same-day dated publication/report context; publication clock is never onset or clearance.,3,"The Metro Manila Development Authority (MMDA) has posted an updated list of flooded areas and areas where floodwaters have subsided in Metro Manila, as of 4:40 p.m. | MANILA CITY | Ayala Blvd Natividad: Gutter deep. PASSABLE TO ALL TYPES OF VEHICLES (PATV)",flood_observed,Gutter deep. PASSABLE TO ALL TYPES OF VEHICLES (PATV),,,Ayala Blvd Natividad: Gutter deep. PASSABLE TO ALL TYPES OF VEHICLES (PATV),source_reviewed_candidate_not_training_admitted,,qualitative_or_missing_depth_no_numeric_conversion,2025-07-22,docs/evaluations/metro-manila-flood-duration-20261004,NCR-2025-07-22,explicit publisher city section,"""datePublished"":""2025-07-22T",3;4;41,GMA-20250722-953419-R0155,,,,,,,,
OBS-10521d9cb5b9ff20,GMA-20250722-953419,9edc0aec2b84,https://www.gmanetwork.com/news/topstories/metro/953419/mmda-list-of-flooded-areas-as-of-tuesday-4-40-p-m/story/,NCR-2025-JUL21-25,Manila,,,Quirino L. Guinto,2025-07-22T16:40:00+08:00,Explicit as-of clock with same-day dated publication/report context; publication clock is never onset or clearance.,3,"The Metro Manila Development Authority (MMDA) has posted an updated list of flooded areas and areas where floodwaters have subsided in Metro Manila, as of 4:40 p.m. | MANILA CITY | Quirino L. Guinto: Gutter deep. PASSABLE TO ALL TYPES OF VEHICLES (PATV)",flood_observed,Gutter deep. PASSABLE TO ALL TYPES OF VEHICLES (PATV),,,Quirino L. Guinto: Gutter deep. PASSABLE TO ALL TYPES OF VEHICLES (PATV),source_reviewed_candidate_not_training_admitted,,qualitative_or_missing_depth_no_numeric_conversion,2025-07-22,docs/evaluations/metro-manila-flood-duration-20261004,NCR-2025-07-22,explicit publisher city section,"""datePublished"":""2025-07-22T",3;4;42,GMA-20250722-953419-R0156,,,,,,,,
OBS-fb7300195cf73075,GMA-20250722-953419,9edc0aec2b84,https://www.gmanetwork.com/news/topstories/metro/953419/mmda-list-of-flooded-areas-as-of-tuesday-4-40-p-m/story/,NCR-2025-JUL21-25,Navotas,,,Road 10 corner C3 Intersection,2025-07-22T16:40:00+08:00,Explicit as-of clock with same-day dated publication/report context; publication clock is never onset or clearance.,3,"The Metro Manila Development Authority (MMDA) has posted an updated list of flooded areas and areas where floodwaters have subsided in Metro Manila, as of 4:40 p.m. | NAVOTAS CITY | Road 10 corner C3 Intersection: Half Knee deep. PASSABLE TO ALL TYPES OF VEHICLES (PATV)",flood_observed,Half Knee deep. PASSABLE TO ALL TYPES OF VEHICLES (PATV),,,Road 10 corner C3 Intersection: Half Knee deep. PASSABLE TO ALL TYPES OF VEHICLES (PATV),source_reviewed_candidate_not_training_admitted,,qualitative_or_missing_depth_no_numeric_conversion,2025-07-22,docs/evaluations/metro-manila-flood-duration-20261004,NCR-2025-07-22,explicit publisher city section,"""datePublished"":""2025-07-22T",3;43;44,GMA-20250722-953419-R0157,,,,,,,,
OBS-e18684db972a0a6f,GMA-20250722-953419,9edc0aec2b84,https://www.gmanetwork.com/news/topstories/metro/953419/mmda-list-of-flooded-areas-as-of-tuesday-4-40-p-m/story/,NCR-2025-JUL21-25,Quezon City,,,G. Araneta NS Amoranto,2025-07-22T16:40:00+08:00,Explicit as-of clock with same-day dated publication/report context; publication clock is never onset or clearance.,3,"The Metro Manila Development Authority (MMDA) has posted an updated list of flooded areas and areas where floodwaters have subsided in Metro Manila, as of 4:40 p.m. | QUEZON CITY | SUBSIDED - G. Araneta NS Amoranto: Waist deep. NOT PASSABLE TO ALL TYPES OF VEHICLES (NPATV)",clearance_candidate,NS Amoranto: Waist deep. NOT PASSABLE TO ALL TYPES OF VEHICLES (NPATV),,,SUBSIDED - G. Araneta NS Amoranto: Waist deep. NOT PASSABLE TO ALL TYPES OF VEHICLES (NPATV),source_reviewed_candidate_not_training_admitted,,historical_depth_and_passability_retained_beside_clearance,2025-07-22,docs/evaluations/metro-manila-flood-duration-20261004,NCR-2025-07-22,explicit publisher city section,"""datePublished"":""2025-07-22T",3;45;46,GMA-20250722-953419-R0158,,,,,,,,
OBS-8e3dfb81ade68be8,GMA-20250722-953419,9edc0aec2b84,https://www.gmanetwork.com/news/topstories/metro/953419/mmda-list-of-flooded-areas-as-of-tuesday-4-40-p-m/story/,NCR-2025-JUL21-25,Quezon City,,,Biak na Bato corner Atok street,2025-07-22T16:40:00+08:00,Explicit as-of clock with same-day dated publication/report context; publication clock is never onset or clearance.,3,"The Metro Manila Development Authority (MMDA) has posted an updated list of flooded areas and areas where floodwaters have subsided in Metro Manila, as of 4:40 p.m. | QUEZON CITY | SUBSIDED - Biak na Bato corner Atok street: Knee deep. NOT PASSABLE TO LIGHT VEHICLES (NPLV)",clearance_candidate,Atok street: Knee deep. NOT PASSABLE TO LIGHT VEHICLES (NPLV),,,SUBSIDED - Biak na Bato corner Atok street: Knee deep. NOT PASSABLE TO LIGHT VEHICLES (NPLV),source_reviewed_candidate_not_training_admitted,,historical_depth_and_passability_retained_beside_clearance,2025-07-22,docs/evaluations/metro-manila-flood-duration-20261004,NCR-2025-07-22,explicit publisher city section,"""datePublished"":""2025-07-22T",3;45;47,GMA-20250722-953419-R0159,,,,,,,,
OBS-83cd43ea150e8ad1,GMA-20250722-953419,9edc0aec2b84,https://www.gmanetwork.com/news/topstories/metro/953419/mmda-list-of-flooded-areas-as-of-tuesday-4-40-p-m/story/,NCR-2025-JUL21-25,Las Piñas,,,Marcos Alvarez near Wonderland Subd Talon Singko,2025-07-22T16:40:00+08:00,Explicit as-of clock with same-day dated publication/report context; publication clock is never onset or clearance.,3,"The Metro Manila Development Authority (MMDA) has posted an updated list of flooded areas and areas where floodwaters have subsided in Metro Manila, as of 4:40 p.m. | LAS PINAS CITY | Marcos Alvarez near Wonderland Subd Talon Singko: Gutter deep (8 inches). PASSABLE TO ALL TYPES OF VEHICLES (PATV)",flood_observed,Gutter deep (8 inches). PASSABLE TO ALL TYPES OF VEHICLES (PATV),20.32,20.32,Marcos Alvarez near Wonderland Subd Talon Singko: Gutter deep (8 inches). PASSABLE TO ALL TYPES OF VEHICLES (PATV),source_reviewed_candidate_not_training_admitted,,,2025-07-22,docs/evaluations/metro-manila-flood-duration-20261004,NCR-2025-07-22,explicit publisher city section,"""datePublished"":""2025-07-22T",3;48;49,GMA-20250722-953419-R0160,,,,,,,,
OBS-301e3bee02c57e13,GMA-20250722-953419,9edc0aec2b84,https://www.gmanetwork.com/news/topstories/metro/953419/mmda-list-of-flooded-areas-as-of-tuesday-4-40-p-m/story/,NCR-2025-JUL21-25,Las Piñas,,,Alabang Zapote Road Pamplona,2025-07-22T16:40:00+08:00,Explicit as-of clock with same-day dated publication/report context; publication clock is never onset or clearance.,3,"The Metro Manila Development Authority (MMDA) has posted an updated list of flooded areas and areas where floodwaters have subsided in Metro Manila, as of 4:40 p.m. | LAS PINAS CITY | Alabang Zapote Road Pamplona: Knee deep (19 inches). NOT PASSABLE TO LIGHT VEHICLES (NPLV)",flood_observed,Knee deep (19 inches). NOT PASSABLE TO LIGHT VEHICLES (NPLV),48.26,48.26,Alabang Zapote Road Pamplona: Knee deep (19 inches). NOT PASSABLE TO LIGHT VEHICLES (NPLV),source_reviewed_candidate_not_training_admitted,,,2025-07-22,docs/evaluations/metro-manila-flood-duration-20261004,NCR-2025-07-22,explicit publisher city section,"""datePublished"":""2025-07-22T",3;48;50,GMA-20250722-953419-R0161,,,,,,,,
OBS-729c872e116afad9,GMA-20250722-953419,9edc0aec2b84,https://www.gmanetwork.com/news/topstories/metro/953419/mmda-list-of-flooded-areas-as-of-tuesday-4-40-p-m/story/,NCR-2025-JUL21-25,Las Piñas,,,Alabang Zapote Junction,2025-07-22T15:22:00+08:00,Explicit as-of clock with same-day dated publication/report context; publication clock is never onset or clearance.,3,"The Metro Manila Development Authority (MMDA) has posted an updated list of flooded areas and areas where floodwaters have subsided in Metro Manila, as of 4:40 p.m. | LAS PINAS CITY | SUBSIDED as of 3:22 PM- Alabang Zapote Junction: Knee deep (19 inches). NOT PASSABLE TO LIGHT VEHICLES (NPLV)",clearance_candidate,Alabang Zapote Junction: Knee deep (19 inches). NOT PASSABLE TO LIGHT VEHICLES (NPLV),,,SUBSIDED as of 3:22 PM- Alabang Zapote Junction: Knee deep (19 inches). NOT PASSABLE TO LIGHT VEHICLES (NPLV),source_reviewed_candidate_not_training_admitted,,historical_depth_and_passability_retained_beside_clearance,2025-07-22,docs/evaluations/metro-manila-flood-duration-20261004,NCR-2025-07-22,explicit publisher city section,"""datePublished"":""2025-07-22T",3;48;51,GMA-20250722-953419-R0162,,,,,,,,
OBS-11423893a2b8f395,GMA-20250722-953419,9edc0aec2b84,https://www.gmanetwork.com/news/topstories/metro/953419/mmda-list-of-flooded-areas-as-of-tuesday-4-40-p-m/story/,NCR-2025-JUL21-25,Malabon,,,M.H. Del Pilar Brgy. Maysilo Malabon,2025-07-22T16:40:00+08:00,Explicit as-of clock with same-day dated publication/report context; publication clock is never onset or clearance.,3,"The Metro Manila Development Authority (MMDA) has posted an updated list of flooded areas and areas where floodwaters have subsided in Metro Manila, as of 4:40 p.m. | MALABON CITY | M.H. Del Pilar Brgy. Maysilo Malabon: Waist deep. NOT PASSABLE TO ALL TYPES OF VEHICLES (NPATV)",flood_observed,Waist deep. NOT PASSABLE TO ALL TYPES OF VEHICLES (NPATV),,,M.H. Del Pilar Brgy. Maysilo Malabon: Waist deep. NOT PASSABLE TO ALL TYPES OF VEHICLES (NPATV),source_reviewed_candidate_not_training_admitted,,qualitative_or_missing_depth_no_numeric_conversion,2025-07-22,docs/evaluations/metro-manila-flood-duration-20261004,NCR-2025-07-22,explicit publisher city section,"""datePublished"":""2025-07-22T",3;52;53,GMA-20250722-953419-R0163,,,,,,,,
OBS-47bb2decaafbd478,GMA-20250722-953419,9edc0aec2b84,https://www.gmanetwork.com/news/topstories/metro/953419/mmda-list-of-flooded-areas-as-of-tuesday-4-40-p-m/story/,NCR-2025-JUL21-25,Malabon,,,M. H. Del Pilar Gov Pascual,2025-07-22T16:40:00+08:00,Explicit as-of clock with same-day dated publication/report context; publication clock is never onset or clearance.,3,"The Metro Manila Development Authority (MMDA) has posted an updated list of flooded areas and areas where floodwaters have subsided in Metro Manila, as of 4:40 p.m. | MALABON CITY | M. H. Del Pilar Gov Pascual: Gutter deep. PASSABLE TO ALL TYPES OF VEHICLES (PATV)",flood_observed,Gutter deep. PASSABLE TO ALL TYPES OF VEHICLES (PATV),,,M. H. Del Pilar Gov Pascual: Gutter deep. PASSABLE TO ALL TYPES OF VEHICLES (PATV),source_reviewed_candidate_not_training_admitted,,qualitative_or_missing_depth_no_numeric_conversion,2025-07-22,docs/evaluations/metro-manila-flood-duration-20261004,NCR-2025-07-22,explicit publisher city section,"""datePublished"":""2025-07-22T",3;52;54,GMA-20250722-953419-R0164,,,,,,,,
OBS-f415f5c2754997d4,GMA-20250722-953419,9edc0aec2b84,https://www.gmanetwork.com/news/topstories/metro/953419/mmda-list-of-flooded-areas-as-of-tuesday-4-40-p-m/story/,NCR-2025-JUL21-25,Malabon,,,P. Aquino Letre,2025-07-22T16:40:00+08:00,Explicit as-of clock with same-day dated publication/report context; publication clock is never onset or clearance.,3,"The Metro Manila Development Authority (MMDA) has posted an updated list of flooded areas and areas where floodwaters have subsided in Metro Manila, as of 4:40 p.m. | MALABON CITY | P. Aquino Letre: Gutter deep. PASSABLE TO ALL TYPES OF VEHICLES (PATV)",flood_observed,Gutter deep. PASSABLE TO ALL TYPES OF VEHICLES (PATV),,,P. Aquino Letre: Gutter deep. PASSABLE TO ALL TYPES OF VEHICLES (PATV),source_reviewed_candidate_not_training_admitted,,qualitative_or_missing_depth_no_numeric_conversion,2025-07-22,docs/evaluations/metro-manila-flood-duration-20261004,NCR-2025-07-22,explicit publisher city section,"""datePublished"":""2025-07-22T",3;52;55,GMA-20250722-953419-R0165,,,,,,,,
OBS-4827c432cb780089,GMA-20250722-953419,9edc0aec2b84,https://www.gmanetwork.com/news/topstories/metro/953419/mmda-list-of-flooded-areas-as-of-tuesday-4-40-p-m/story/,NCR-2025-JUL21-25,Malabon,,,Rizal Ave. Extension near Malabon City Hall,2025-07-22T16:40:00+08:00,Explicit as-of clock with same-day dated publication/report context; publication clock is never onset or clearance.,3,"The Metro Manila Development Authority (MMDA) has posted an updated list of flooded areas and areas where floodwaters have subsided in Metro Manila, as of 4:40 p.m. | MALABON CITY | Rizal Ave. Extension near Malabon City Hall: Above Knee deep. NOT PASSABLE TO ALL TYPES OF VEHICLES (NPATV)",flood_observed,Above Knee deep. NOT PASSABLE TO ALL TYPES OF VEHICLES (NPATV),,,Rizal Ave. Extension near Malabon City Hall: Above Knee deep. NOT PASSABLE TO ALL TYPES OF VEHICLES (NPATV),source_reviewed_candidate_not_training_admitted,,qualitative_or_missing_depth_no_numeric_conversion,2025-07-22,docs/evaluations/metro-manila-flood-duration-20261004,NCR-2025-07-22,explicit publisher city section,"""datePublished"":""2025-07-22T",3;52;56,GMA-20250722-953419-R0166,,,,,,,,
OBS-e824c552e2a643be,GMA-20250722-953419,9edc0aec2b84,https://www.gmanetwork.com/news/topstories/metro/953419/mmda-list-of-flooded-areas-as-of-tuesday-4-40-p-m/story/,NCR-2025-JUL21-25,Valenzuela,,,Brgy. Marulas,2025-07-22T10:47:00+08:00,Explicit as-of clock with same-day dated publication/report context; publication clock is never onset or clearance.,3,"The Metro Manila Development Authority (MMDA) has posted an updated list of flooded areas and areas where floodwaters have subsided in Metro Manila, as of 4:40 p.m. | VALENZUELA CITY | SUBSIDED as of 10:47 AM- Brgy. Marulas: Chest deep. NOT PASSABLE TO ALL TYPES OF VEHICLES (NPATV)",clearance_candidate,f 10:47 AM- Brgy. Marulas: Chest deep. NOT PASSABLE TO ALL TYPES OF VEHICLES (NPATV),,,SUBSIDED as of 10:47 AM- Brgy. Marulas: Chest deep. NOT PASSABLE TO ALL TYPES OF VEHICLES (NPATV),source_reviewed_candidate_not_training_admitted,,historical_depth_and_passability_retained_beside_clearance;temporal_source_conflict_requires_review,2025-07-22,docs/evaluations/metro-manila-flood-duration-20261004,NCR-2025-07-22,explicit publisher city section,"""datePublished"":""2025-07-22T",3;57;58,GMA-20250722-953419-R0167,,,,,,,,
OBS-94658963cde00153,GMA-20250722-953419,9edc0aec2b84,https://www.gmanetwork.com/news/topstories/metro/953419/mmda-list-of-flooded-areas-as-of-tuesday-4-40-p-m/story/,NCR-2025-JUL21-25,Valenzuela,,,Brgy. Dalandanan,2025-07-22T16:40:00+08:00,Explicit as-of clock with same-day dated publication/report context; publication clock is never onset or clearance.,3,"The Metro Manila Development Authority (MMDA) has posted an updated list of flooded areas and areas where floodwaters have subsided in Metro Manila, as of 4:40 p.m. | VALENZUELA CITY | Brgy. Dalandanan : Waist deep. NOT PASSABLE TO ALL TYPES OF VEHICLES (NPATV)",flood_observed,Waist deep. NOT PASSABLE TO ALL TYPES OF VEHICLES (NPATV),,,Brgy. Dalandanan : Waist deep. NOT PASSABLE TO ALL TYPES OF VEHICLES (NPATV),source_reviewed_candidate_not_training_admitted,,qualitative_or_missing_depth_no_numeric_conversion,2025-07-22,docs/evaluations/metro-manila-flood-duration-20261004,NCR-2025-07-22,explicit publisher city section,"""datePublished"":""2025-07-22T",3;57;59,GMA-20250722-953419-R0168,,,,,,,,
OBS-dcf7b1558e506287,GMA-20250722-953419,9edc0aec2b84,https://www.gmanetwork.com/news/topstories/metro/953419/mmda-list-of-flooded-areas-as-of-tuesday-4-40-p-m/story/,NCR-2025-JUL21-25,Valenzuela,,,Brgy. Malanday,2025-07-22T16:40:00+08:00,Explicit as-of clock with same-day dated publication/report context; publication clock is never onset or clearance.,3,"The Metro Manila Development Authority (MMDA) has posted an updated list of flooded areas and areas where floodwaters have subsided in Metro Manila, as of 4:40 p.m. | VALENZUELA CITY | Brgy. Malanday : Waist deep. NOT PASSABLE TO ALL TYPES OF VEHICLES (NPATV)",flood_observed,Waist deep. NOT PASSABLE TO ALL TYPES OF VEHICLES (NPATV),,,Brgy. Malanday : Waist deep. NOT PASSABLE TO ALL TYPES OF VEHICLES (NPATV),source_reviewed_candidate_not_training_admitted,,qualitative_or_missing_depth_no_numeric_conversion,2025-07-22,docs/evaluations/metro-manila-flood-duration-20261004,NCR-2025-07-22,explicit publisher city section,"""datePublished"":""2025-07-22T",3;57;60,GMA-20250722-953419-R0169,,,,,,,,
OBS-79f0a892955b2a77,GMA-20250722-953419,9edc0aec2b84,https://www.gmanetwork.com/news/topstories/metro/953419/mmda-list-of-flooded-areas-as-of-tuesday-4-40-p-m/story/,NCR-2025-JUL21-25,Parañaque,,,Dr. A. Santos Green Heights,2025-07-22T16:40:00+08:00,Explicit as-of clock with same-day dated publication/report context; publication clock is never onset or clearance.,3,"The Metro Manila Development Authority (MMDA) has posted an updated list of flooded areas and areas where floodwaters have subsided in Metro Manila, as of 4:40 p.m. | PARANAQUE CITY | Dr. A Santos, Green heights waist deep (37 inches). NOT PASSABLE TO ALL TYPES OF VEHICLES (NPATV)",flood_observed,waist deep (37 inches),93.98,93.98,"Dr. A Santos, Green heights waist deep (37 inches). NOT PASSABLE TO ALL TYPES OF VEHICLES (NPATV)",source_reviewed_candidate_not_training_admitted,,,2025-07-22,docs/evaluations/metro-manila-flood-duration-20261004,NCR-2025-07-22,explicit publisher city section,"""datePublished"":""2025-07-22T",3;61;62,GMA-20250722-953419-R0170,,,,,,,,
OBS-6e3f7513bf5093fa,GMA-20250722-953419,9edc0aec2b84,https://www.gmanetwork.com/news/topstories/metro/953419/mmda-list-of-flooded-areas-as-of-tuesday-4-40-p-m/story/,NCR-2025-JUL21-25,Parañaque,,,Dr. A. Santos SM Sucat,2025-07-22T16:40:00+08:00,Explicit as-of clock with same-day dated publication/report context; publication clock is never onset or clearance.,3,"The Metro Manila Development Authority (MMDA) has posted an updated list of flooded areas and areas where floodwaters have subsided in Metro Manila, as of 4:40 p.m. | PARANAQUE CITY | Dr. A. Santos SM Sucat. 4 ft. NOT PASSABLE TO ALL TYPES OF VEHICLES (NPATV)",flood_observed,4 ft.,121.92,121.92,Dr. A. Santos SM Sucat. 4 ft. NOT PASSABLE TO ALL TYPES OF VEHICLES (NPATV),source_reviewed_candidate_not_training_admitted,,,2025-07-22,docs/evaluations/metro-manila-flood-duration-20261004,NCR-2025-07-22,explicit publisher city section,"""datePublished"":""2025-07-22T",3;61;63,GMA-20250722-953419-R0171,,,,,,,,
OBS-db4de021e480eac8,GMA-20250722-953419,9edc0aec2b84,https://www.gmanetwork.com/news/topstories/metro/953419/mmda-list-of-flooded-areas-as-of-tuesday-4-40-p-m/story/,NCR-2025-JUL21-25,Parañaque,,,Dr A. Santos Ave Victor Medina,2025-07-22T16:40:00+08:00,Explicit as-of clock with same-day dated publication/report context; publication clock is never onset or clearance.,3,"The Metro Manila Development Authority (MMDA) has posted an updated list of flooded areas and areas where floodwaters have subsided in Metro Manila, as of 4:40 p.m. | PARANAQUE CITY | Dr A. Santos Ave Victor Medina: Gutter deep. PASSABLE TO ALL TYPES OF VEHICLES (PATV)",flood_observed,Gutter deep. PASSABLE TO ALL TYPES OF VEHICLES (PATV),,,Dr A. Santos Ave Victor Medina: Gutter deep. PASSABLE TO ALL TYPES OF VEHICLES (PATV),source_reviewed_candidate_not_training_admitted,,qualitative_or_missing_depth_no_numeric_conversion,2025-07-22,docs/evaluations/metro-manila-flood-duration-20261004,NCR-2025-07-22,explicit publisher city section,"""datePublished"":""2025-07-22T",3;61;64,GMA-20250722-953419-R0172,,,,,,,,
OBS-b21e0ace5e448fd0,GMA-20250722-953419,9edc0aec2b84,https://www.gmanetwork.com/news/topstories/metro/953419/mmda-list-of-flooded-areas-as-of-tuesday-4-40-p-m/story/,NCR-2025-JUL21-25,Parañaque,,,Dr A. Santos Ave St Peter to Olivares College,2025-07-22T16:40:00+08:00,Explicit as-of clock with same-day dated publication/report context; publication clock is never onset or clearance.,3,"The Metro Manila Development Authority (MMDA) has posted an updated list of flooded areas and areas where floodwaters have subsided in Metro Manila, as of 4:40 p.m. | PARANAQUE CITY | Dr A. Santos Ave St Peter to Olivares College: 6 ft. NOT PASSABLE TO ALL TYPES OF VEHICLES (NPATV)",flood_observed,6 ft. NOT PASSABLE TO ALL TYPES OF VEHICLES (NPATV),182.88,182.88,Dr A. Santos Ave St Peter to Olivares College: 6 ft. NOT PASSABLE TO ALL TYPES OF VEHICLES (NPATV),source_reviewed_candidate_not_training_admitted,,,2025-07-22,docs/evaluations/metro-manila-flood-duration-20261004,NCR-2025-07-22,explicit publisher city section,"""datePublished"":""2025-07-22T",3;61;65,GMA-20250722-953419-R0173,,,,,,,,
OBS-11268c9e67ffa241,GMA-20250722-953419,9edc0aec2b84,https://www.gmanetwork.com/news/topstories/metro/953419/mmda-list-of-flooded-areas-as-of-tuesday-4-40-p-m/story/,NCR-2025-JUL21-25,Parañaque,,,MIA Domestic,2025-07-22T10:00:00+08:00,Explicit as-of clock with same-day dated publication/report context; publication clock is never onset or clearance.,3,"The Metro Manila Development Authority (MMDA) has posted an updated list of flooded areas and areas where floodwaters have subsided in Metro Manila, as of 4:40 p.m. | PARANAQUE CITY | SUBSIDED as of 10:00 AM- MIA Domestic: Gutter deep. PASSABLE TO ALL TYPES OF VEHICLES (PATV)",clearance_candidate,of 10:00 AM- MIA Domestic: Gutter deep. PASSABLE TO ALL TYPES OF VEHICLES (PATV),,,SUBSIDED as of 10:00 AM- MIA Domestic: Gutter deep. PASSABLE TO ALL TYPES OF VEHICLES (PATV),source_reviewed_candidate_not_training_admitted,,historical_depth_and_passability_retained_beside_clearance;temporal_source_conflict_requires_review,2025-07-22,docs/evaluations/metro-manila-flood-duration-20261004,NCR-2025-07-22,explicit publisher city section,"""datePublished"":""2025-07-22T",3;61;66,GMA-20250722-953419-R0174,,,,,,,,
OBS-023d07b34c397a83,GMA-20250722-953419,9edc0aec2b84,https://www.gmanetwork.com/news/topstories/metro/953419/mmda-list-of-flooded-areas-as-of-tuesday-4-40-p-m/story/,NCR-2025-JUL21-25,Parañaque,,,Gatchalian Evacom,2025-07-22T16:40:00+08:00,Explicit as-of clock with same-day dated publication/report context; publication clock is never onset or clearance.,3,"The Metro Manila Development Authority (MMDA) has posted an updated list of flooded areas and areas where floodwaters have subsided in Metro Manila, as of 4:40 p.m. | PARANAQUE CITY | Gatchalian Evacom: 5 ft. NOT PASSABLE TO ALL TYPES OF VEHICLES (NPATV)",flood_observed,5 ft. NOT PASSABLE TO ALL TYPES OF VEHICLES (NPATV),152.4,152.4,Gatchalian Evacom: 5 ft. NOT PASSABLE TO ALL TYPES OF VEHICLES (NPATV),source_reviewed_candidate_not_training_admitted,,,2025-07-22,docs/evaluations/metro-manila-flood-duration-20261004,NCR-2025-07-22,explicit publisher city section,"""datePublished"":""2025-07-22T",3;61;67,GMA-20250722-953419-R0175,,,,,,,,
OBS-5c8649beb3f54520,GMA-20250722-953419,9edc0aec2b84,https://www.gmanetwork.com/news/topstories/metro/953419/mmda-list-of-flooded-areas-as-of-tuesday-4-40-p-m/story/,NCR-2025-JUL21-25,Parañaque,,,Canaynay Road,2025-07-22T14:00:00+08:00,Explicit as-of clock with same-day dated publication/report context; publication clock is never onset or clearance.,3,"The Metro Manila Development Authority (MMDA) has posted an updated list of flooded areas and areas where floodwaters have subsided in Metro Manila, as of 4:40 p.m. | PARANAQUE CITY | SUBSIDED as of 2:00 PM- Canaynay Road: Knee deep. NOT PASSABLE TO LIGHT VEHICLES (NPLV)",clearance_candidate,f 2:00 PM- Canaynay Road: Knee deep. NOT PASSABLE TO LIGHT VEHICLES (NPLV),,,SUBSIDED as of 2:00 PM- Canaynay Road: Knee deep. NOT PASSABLE TO LIGHT VEHICLES (NPLV),source_reviewed_candidate_not_training_admitted,,historical_depth_and_passability_retained_beside_clearance,2025-07-22,docs/evaluations/metro-manila-flood-duration-20261004,NCR-2025-07-22,explicit publisher city section,"""datePublished"":""2025-07-22T",3;61;68,GMA-20250722-953419-R0176,,,,,,,,
OBS-c64f830cbb42dee5,GMA-20250722-953419,9edc0aec2b84,https://www.gmanetwork.com/news/topstories/metro/953419/mmda-list-of-flooded-areas-as-of-tuesday-4-40-p-m/story/,NCR-2025-JUL21-25,Makati,,,Osmeña Emilia,2025-07-22T13:50:00+08:00,Explicit as-of clock with same-day dated publication/report context; publication clock is never onset or clearance.,3,"The Metro Manila Development Authority (MMDA) has posted an updated list of flooded areas and areas where floodwaters have subsided in Metro Manila, as of 4:40 p.m. | MAKATI CITY | SUBSIDED as of 1:50 PM- Osmeña Emilia: Half knee deep (10 inches). PASSABLE TO ALL TYPES OF VEHICLES (PATV)",clearance_candidate,f 1:50 PM- Osmeña Emilia: Half knee deep (10 inches). PASSABLE TO ALL TYPES OF VEHICLES (PATV),,,SUBSIDED as of 1:50 PM- Osmeña Emilia: Half knee deep (10 inches). PASSABLE TO ALL TYPES OF VEHICLES (PATV),source_reviewed_candidate_not_training_admitted,,historical_depth_and_passability_retained_beside_clearance,2025-07-22,docs/evaluations/metro-manila-flood-duration-20261004,NCR-2025-07-22,explicit publisher city section,"""datePublished"":""2025-07-22T",3;69;70,GMA-20250722-953419-R0177,,,,,,,,
OBS-0e80d585e932c872,GMA-20250722-953419,9edc0aec2b84,https://www.gmanetwork.com/news/topstories/metro/953419/mmda-list-of-flooded-areas-as-of-tuesday-4-40-p-m/story/,NCR-2025-JUL21-25,Caloocan,,,C3 NLEX Connector,2025-07-22T16:40:00+08:00,Explicit as-of clock with same-day dated publication/report context; publication clock is never onset or clearance.,3,"The Metro Manila Development Authority (MMDA) has posted an updated list of flooded areas and areas where floodwaters have subsided in Metro Manila, as of 4:40 p.m. | CALOOCAN CITY | C3 NLEX Connector: Knee deep. NOT PASSABLE TO LIGHT VEHICLES (NPLV)",flood_observed,Knee deep. NOT PASSABLE TO LIGHT VEHICLES (NPLV),,,C3 NLEX Connector: Knee deep. NOT PASSABLE TO LIGHT VEHICLES (NPLV),source_reviewed_candidate_not_training_admitted,,qualitative_or_missing_depth_no_numeric_conversion,2025-07-22,docs/evaluations/metro-manila-flood-duration-20261004,NCR-2025-07-22,explicit publisher city section,"""datePublished"":""2025-07-22T",3;71;72,GMA-20250722-953419-R0178,,,,,,,,
OBS-7d85e499d56395ae,GMA-20250722-953419,9edc0aec2b84,https://www.gmanetwork.com/news/topstories/metro/953419/mmda-list-of-flooded-areas-as-of-tuesday-4-40-p-m/story/,NCR-2025-JUL21-25,Marikina,,,SM Marikina underpass going FVR road,2025-07-22T16:40:00+08:00,Explicit as-of clock with same-day dated publication/report context; publication clock is never onset or clearance.,3,"The Metro Manila Development Authority (MMDA) has posted an updated list of flooded areas and areas where floodwaters have subsided in Metro Manila, as of 4:40 p.m. | MARIKINA CITY | SM Marikina underpass going FVR road: Gutter deep. PASSABLE TO ALL TYPES OF VEHICLES (PATV).",flood_observed,Gutter deep. PASSABLE TO ALL TYPES OF VEHICLES (PATV).,,,SM Marikina underpass going FVR road: Gutter deep. PASSABLE TO ALL TYPES OF VEHICLES (PATV).,source_reviewed_candidate_not_training_admitted,,qualitative_or_missing_depth_no_numeric_conversion,2025-07-22,docs/evaluations/metro-manila-flood-duration-20261004,NCR-2025-07-22,explicit publisher city section,"""datePublished"":""2025-07-22T",3;73;74,GMA-20250722-953419-R0179,,,,,,,,
OBS-be96ccbad3508b61,GMA-20250722-953419,9edc0aec2b84,https://www.gmanetwork.com/news/topstories/metro/953419/mmda-list-of-flooded-areas-as-of-tuesday-4-40-p-m/story/,NCR-2025-JUL21-25,Marikina,,,"Major Dizon Marikina, Marikina River overflow. NOT PASSABLE TO ALL TYPES OF VEHICLES",2025-07-22T16:40:00+08:00,Explicit as-of clock with same-day dated publication/report context; publication clock is never onset or clearance.,3,"The Metro Manila Development Authority (MMDA) has posted an updated list of flooded areas and areas where floodwaters have subsided in Metro Manila, as of 4:40 p.m. | MARIKINA CITY | Major Dizon Marikina, Marikina River overflow. NOT PASSABLE TO ALL TYPES OF VEHICLES (NPATV)",flood_observed,(NPATV),,,"Major Dizon Marikina, Marikina River overflow. NOT PASSABLE TO ALL TYPES OF VEHICLES (NPATV)",source_reviewed_candidate_not_training_admitted,,qualitative_or_missing_depth_no_numeric_conversion,2025-07-22,docs/evaluations/metro-manila-flood-duration-20261004,NCR-2025-07-22,explicit publisher city section,"""datePublished"":""2025-07-22T",3;73;75,GMA-20250722-953419-R0180,,,,,,,,
OBS-664d0212ba878e84,GMA-20250722-953419,9edc0aec2b84,https://www.gmanetwork.com/news/topstories/metro/953419/mmda-list-of-flooded-areas-as-of-tuesday-4-40-p-m/story/,NCR-2025-JUL21-25,Pasay,,,EDSA Roxas Blvd NB/SB,2025-07-22T16:40:00+08:00,Explicit as-of clock with same-day dated publication/report context; publication clock is never onset or clearance.,3,"The Metro Manila Development Authority (MMDA) has posted an updated list of flooded areas and areas where floodwaters have subsided in Metro Manila, as of 4:40 p.m. | PASAY CITY | EDSA Roxas Blvd NB/SB: Gutter deep. PASSABLE TO ALL TYPES OF VEHICLES (PATV).",flood_observed,Gutter deep. PASSABLE TO ALL TYPES OF VEHICLES (PATV).,,,EDSA Roxas Blvd NB/SB: Gutter deep. PASSABLE TO ALL TYPES OF VEHICLES (PATV).,source_reviewed_candidate_not_training_admitted,,qualitative_or_missing_depth_no_numeric_conversion,2025-07-22,docs/evaluations/metro-manila-flood-duration-20261004,NCR-2025-07-22,explicit publisher city section,"""datePublished"":""2025-07-22T",3;76;77,GMA-20250722-953419-R0181,,,,,,,,
OBS-10c642274c0879a8,GMA-20250722-953419,9edc0aec2b84,https://www.gmanetwork.com/news/topstories/metro/953419/mmda-list-of-flooded-areas-as-of-tuesday-4-40-p-m/story/,NCR-2025-JUL21-25,Mandaluyong,,,EDSA Shaw tunnel NB/SB,2025-07-22T16:40:00+08:00,Explicit as-of clock with same-day dated publication/report context; publication clock is never onset or clearance.,3,"The Metro Manila Development Authority (MMDA) has posted an updated list of flooded areas and areas where floodwaters have subsided in Metro Manila, as of 4:40 p.m. | MANDALUYONG CITY | EDSA Shaw tunnel NB/SB: Above Gutter deep. PASSABLE TO ALL TYPES OF VEHICLES (PATV)",flood_observed,Above Gutter deep. PASSABLE TO ALL TYPES OF VEHICLES (PATV),,,EDSA Shaw tunnel NB/SB: Above Gutter deep. PASSABLE TO ALL TYPES OF VEHICLES (PATV),source_reviewed_candidate_not_training_admitted,,qualitative_or_missing_depth_no_numeric_conversion,2025-07-22,docs/evaluations/metro-manila-flood-duration-20261004,NCR-2025-07-22,explicit publisher city section,"""datePublished"":""2025-07-22T",3;78;79,GMA-20250722-953419-R0182,,,,,,,,
OBS-f65fa6b4f9f0f8b6,GMA-20250722-953419,9edc0aec2b84,https://www.gmanetwork.com/news/topstories/metro/953419/mmda-list-of-flooded-areas-as-of-tuesday-4-40-p-m/story/,NCR-2025-JUL21-25,Muntinlupa,,,National Road in front of Muntinlupa City Hall Brgy. Putatan,2025-07-22T16:40:00+08:00,Explicit as-of clock with same-day dated publication/report context; publication clock is never onset or clearance.,3,"The Metro Manila Development Authority (MMDA) has posted an updated list of flooded areas and areas where floodwaters have subsided in Metro Manila, as of 4:40 p.m. | MUNTINLUPA CITY | National Road in front of Muntinlupa City Hall Brgy. Putatan: Half tire. NOT PASSABLE TO LIGHT VEHICLES (NPLV)",flood_observed,Half tire. NOT PASSABLE TO LIGHT VEHICLES (NPLV),,,National Road in front of Muntinlupa City Hall Brgy. Putatan: Half tire. NOT PASSABLE TO LIGHT VEHICLES (NPLV),source_reviewed_candidate_not_training_admitted,,qualitative_or_missing_depth_no_numeric_conversion,2025-07-22,docs/evaluations/metro-manila-flood-duration-20261004,NCR-2025-07-22,explicit publisher city section,"""datePublished"":""2025-07-22T",3;80;81,GMA-20250722-953419-R0183,,,,,,,,
OBS-0b2ec5fc02b2b7ab,GMA-20230831-880633,da9d033a6579,https://www.gmanetwork.com/news/topstories/nation/880633/flood-hits-metro-manila-other-areas-amid-heavy-rains/story/,NCR-2023-AUG31-GORING,Quezon City,,,N.S. Amoranto Street-Banawe Street northbound (NB) and southbound (SB),2023-08-31T06:56:00+08:00,Explicit as-of clock with same-day dated publication/report context; publication clock is never onset or clearance.,12,Quezon City | N.S. Amoranto Street-Banawe Street northbound (NB) and southbound (SB) - knee deep at 6:56 a.m.,flood_observed,knee deep at 6:56 a.m.,,,,source_reviewed_candidate_not_training_admitted,,qualitative_or_missing_depth_no_numeric_conversion,2023-08-31,docs/evaluations/metro-manila-flood-duration-20261004,NCR-2023-08-31,explicit publisher city section,"""datePublished"":""2023-08-31T",12;13,GMA-20230831-880633-R0184,,,,,,,,
OBS-474ab3d010f301b5,GMA-20230831-880633,da9d033a6579,https://www.gmanetwork.com/news/topstories/nation/880633/flood-hits-metro-manila-other-areas-amid-heavy-rains/story/,NCR-2023-AUG31-GORING,Quezon City,,,E. Rodriguez in front of Delos Santos Medical Center eastbound (EB) and westbound (WB),2023-08-31T06:56:00+08:00,Explicit as-of clock with same-day dated publication/report context; publication clock is never onset or clearance.,12,Quezon City | E. Rodriguez in front of Delos Santos Medical Center eastbound (EB) and westbound (WB) - knee deep at 6:56 a.m.,flood_observed,knee deep at 6:56 a.m.,,,,source_reviewed_candidate_not_training_admitted,,qualitative_or_missing_depth_no_numeric_conversion,2023-08-31,docs/evaluations/metro-manila-flood-duration-20261004,NCR-2023-08-31,explicit publisher city section,"""datePublished"":""2023-08-31T",12;14,GMA-20230831-880633-R0185,,,,,,,,
OBS-d1730b70ceb74ff4,GMA-20230831-880633,da9d033a6579,https://www.gmanetwork.com/news/topstories/nation/880633/flood-hits-metro-manila-other-areas-amid-heavy-rains/story/,NCR-2023-AUG31-GORING,Quezon City,,,Quezon Avenue-Biak na Bato Street WB,2023-08-31T06:47:00+08:00,Explicit as-of clock with same-day dated publication/report context; publication clock is never onset or clearance.,12,Quezon City | Quezon Avenue-Biak na Bato Street WB - gutter deep at 6:47 a.m.,flood_observed,gutter deep at 6:47 a.m.,,,,source_reviewed_candidate_not_training_admitted,,qualitative_or_missing_depth_no_numeric_conversion,2023-08-31,docs/evaluations/metro-manila-flood-duration-20261004,NCR-2023-08-31,explicit publisher city section,"""datePublished"":""2023-08-31T",12;15,GMA-20230831-880633-R0186,,,,,,,,
OBS-2f082c85e270e993,GMA-20230831-880633,da9d033a6579,https://www.gmanetwork.com/news/topstories/nation/880633/flood-hits-metro-manila-other-areas-amid-heavy-rains/story/,NCR-2023-AUG31-GORING,Quezon City,,,E.Rodriguez Avenue-Araneta Avenue,2023-08-31T05:23:00+08:00,Explicit as-of clock with same-day dated publication/report context; publication clock is never onset or clearance.,12,Quezon City | E.Rodriguez Avenue-Araneta Avenue - 19 inches at 5:23 a.m.,flood_observed,19 inches at 5:23 a.m.,48.26,48.26,,source_reviewed_candidate_not_training_admitted,,,2023-08-31,docs/evaluations/metro-manila-flood-duration-20261004,NCR-2023-08-31,explicit publisher city section,"""datePublished"":""2023-08-31T",12;16,GMA-20230831-880633-R0187,,,,,,,,
OBS-2284cb5336949a98,GMA-20230831-880633,da9d033a6579,https://www.gmanetwork.com/news/topstories/nation/880633/flood-hits-metro-manila-other-areas-amid-heavy-rains/story/,NCR-2023-AUG31-GORING,Quezon City,,,G. Araneta Avenue corner Baloy Street,2023-08-31T05:40:00+08:00,Explicit as-of clock with same-day dated publication/report context; publication clock is never onset or clearance.,12,Quezon City | G. Araneta Avenue corner Baloy Street - knee deep at 5:40 a.m.,flood_observed,knee deep at 5:40 a.m.,,,,source_reviewed_candidate_not_training_admitted,,qualitative_or_missing_depth_no_numeric_conversion,2023-08-31,docs/evaluations/metro-manila-flood-duration-20261004,NCR-2023-08-31,explicit publisher city section,"""datePublished"":""2023-08-31T",12;17,GMA-20230831-880633-R0188,,,,,,,,
OBS-5d6de4af46e21340,GMA-20230831-880633,da9d033a6579,https://www.gmanetwork.com/news/topstories/nation/880633/flood-hits-metro-manila-other-areas-amid-heavy-rains/story/,NCR-2023-AUG31-GORING,Quezon City,,,Commonwealth Avenue-Tandang Sora Avenue WB,2023-08-31T05:24:00+08:00,Explicit as-of clock with same-day dated publication/report context; publication clock is never onset or clearance.,12,Quezon City | Commonwealth Avenue-Tandang Sora Avenue WB - gutter deep at 5:24 a.m.,flood_observed,gutter deep at 5:24 a.m.,,,,source_reviewed_candidate_not_training_admitted,,qualitative_or_missing_depth_no_numeric_conversion,2023-08-31,docs/evaluations/metro-manila-flood-duration-20261004,NCR-2023-08-31,explicit publisher city section,"""datePublished"":""2023-08-31T",12;18,GMA-20230831-880633-R0189,,,,,,,,
OBS-d180e576e1cfe23a,GMA-20230831-880633,da9d033a6579,https://www.gmanetwork.com/news/topstories/nation/880633/flood-hits-metro-manila-other-areas-amid-heavy-rains/story/,NCR-2023-AUG31-GORING,Manila,,,Pedro Gil Street-Quirino Avenue NB,2023-08-31T05:07:00+08:00,Explicit as-of clock with same-day dated publication/report context; publication clock is never onset or clearance.,19,Manila | Pedro Gil Street-Quirino Avenue NB - 8 inches at 5:07 a.m.,flood_observed,8 inches at 5:07 a.m.,20.32,20.32,,source_reviewed_candidate_not_training_admitted,,,2023-08-31,docs/evaluations/metro-manila-flood-duration-20261004,NCR-2023-08-31,explicit publisher city section,"""datePublished"":""2023-08-31T",19;20,GMA-20230831-880633-R0190,,,,,,,,
OBS-a024d01591693004,GMA-20230831-880633,da9d033a6579,https://www.gmanetwork.com/news/topstories/nation/880633/flood-hits-metro-manila-other-areas-amid-heavy-rains/story/,NCR-2023-AUG31-GORING,Manila,,,España Boulevard-Lacson Avenue intersection,2023-08-31T05:20:00+08:00,Explicit as-of clock with same-day dated publication/report context; publication clock is never onset or clearance.,19,Manila | España Boulevard-Lacson Avenue intersection - 8 inches at 5:20 a.m.,flood_observed,8 inches at 5:20 a.m.,20.32,20.32,,source_reviewed_candidate_not_training_admitted,,,2023-08-31,docs/evaluations/metro-manila-flood-duration-20261004,NCR-2023-08-31,explicit publisher city section,"""datePublished"":""2023-08-31T",19;21,GMA-20230831-880633-R0191,,,,,,,,
OBS-04a7bd0123eb8e0a,GMA-20230831-880633,da9d033a6579,https://www.gmanetwork.com/news/topstories/nation/880633/flood-hits-metro-manila-other-areas-amid-heavy-rains/story/,NCR-2023-AUG31-GORING,Manila,,,España Boulevard corner M. Dela Fuente Street,2023-08-31T05:20:00+08:00,Explicit as-of clock with same-day dated publication/report context; publication clock is never onset or clearance.,19,Manila | España Boulevard corner M. Dela Fuente Street -12 inches at 5:20 a.m.,flood_observed,12 inches at 5:20 a.m.,30.48,30.48,,source_reviewed_candidate_not_training_admitted,,,2023-08-31,docs/evaluations/metro-manila-flood-duration-20261004,NCR-2023-08-31,explicit publisher city section,"""datePublished"":""2023-08-31T",19;22,GMA-20230831-880633-R0192,,,,,,,,
OBS-ac79e67415301601,GMA-20230831-880633,da9d033a6579,https://www.gmanetwork.com/news/topstories/nation/880633/flood-hits-metro-manila-other-areas-amid-heavy-rains/story/,NCR-2023-AUG31-GORING,Manila,,,Pureza RMB WB,2023-08-31T05:20:00+08:00,Explicit as-of clock with same-day dated publication/report context; publication clock is never onset or clearance.,19,Manila | Pureza RMB WB - 8 inches at 5:20 a.m.,flood_observed,8 inches at 5:20 a.m.,20.32,20.32,,source_reviewed_candidate_not_training_admitted,,,2023-08-31,docs/evaluations/metro-manila-flood-duration-20261004,NCR-2023-08-31,explicit publisher city section,"""datePublished"":""2023-08-31T",19;23,GMA-20230831-880633-R0193,,,,,,,,
OBS-d933610f24694dd1,GMA-20230831-880633,da9d033a6579,https://www.gmanetwork.com/news/topstories/nation/880633/flood-hits-metro-manila-other-areas-amid-heavy-rains/story/,NCR-2023-AUG31-GORING,Manila,,,V. Mapa- RMB WB,2023-08-31T05:20:00+08:00,Explicit as-of clock with same-day dated publication/report context; publication clock is never onset or clearance.,19,Manila | V. Mapa- RMB WB - 8 inches at 5:20 a.m.,flood_observed,8 inches at 5:20 a.m.,20.32,20.32,,source_reviewed_candidate_not_training_admitted,,,2023-08-31,docs/evaluations/metro-manila-flood-duration-20261004,NCR-2023-08-31,explicit publisher city section,"""datePublished"":""2023-08-31T",19;24,GMA-20230831-880633-R0194,,,,,,,,
OBS-f1643015ea043fe1,GMA-20230831-880633,da9d033a6579,https://www.gmanetwork.com/news/topstories/nation/880633/flood-hits-metro-manila-other-areas-amid-heavy-rains/story/,NCR-2023-AUG31-GORING,Manila,,,Kalaw Avenue-Roxas Boulevard NB,2023-08-31T05:21:00+08:00,Explicit as-of clock with same-day dated publication/report context; publication clock is never onset or clearance.,19,Manila | Kalaw Avenue-Roxas Boulevard NB - 8 inches at 5:21 a.m.,flood_observed,8 inches at 5:21 a.m.,20.32,20.32,,source_reviewed_candidate_not_training_admitted,,,2023-08-31,docs/evaluations/metro-manila-flood-duration-20261004,NCR-2023-08-31,explicit publisher city section,"""datePublished"":""2023-08-31T",19;25,GMA-20230831-880633-R0195,,,,,,,,
OBS-51aec27b4dd2010a,GMA-20230831-880633,da9d033a6579,https://www.gmanetwork.com/news/topstories/nation/880633/flood-hits-metro-manila-other-areas-amid-heavy-rains/story/,NCR-2023-AUG31-GORING,Pasay,,,Andrews Avenue-Tramo Street,2023-08-31T05:40:00+08:00,Explicit as-of clock with same-day dated publication/report context; publication clock is never onset or clearance.,26,Pasay | Andrews Avenue-Tramo Street - 8 inches 5:40 a.m.,flood_observed,8 inches 5:40 a.m.,20.32,20.32,,source_reviewed_candidate_not_training_admitted,,,2023-08-31,docs/evaluations/metro-manila-flood-duration-20261004,NCR-2023-08-31,explicit publisher city section,"""datePublished"":""2023-08-31T",26;27,GMA-20230831-880633-R0196,,,,,,,,
OBS-2ee1343388247d87,GMA-20250806-954964,063ffbab74f5,https://www.gmanetwork.com/news/topstories/metro/954964/heavy-rainfall-causes-flooding-in-parts-of-metro-manila/story/,NCR-2025-AUG06,Quezon City,,,EDSA Balintawak NB,2025-08-06T13:33:00+08:00,Explicit as-of clock with same-day dated publication/report context; publication clock is never onset or clearance.,5,"As of 1:33 p.m., the following areas are flooded: | Quezon City | EDSA Balintawak NB (Gutter deep, 8 inches, passable to all types of vehicles)",flood_observed,"(Gutter deep, 8 inches, passable to all types of vehicles)",20.32,20.32,"EDSA Balintawak NB (Gutter deep, 8 inches, passable to all types of vehicles)",source_reviewed_candidate_not_training_admitted,,,2025-08-06,docs/evaluations/metro-manila-flood-duration-20261004,NCR-2025-08-06,explicit publisher city section,"""datePublished"":""2025-08-06T",5;6;7,GMA-20250806-954964-R0197,,,,,,,,
OBS-e1e21c986f3d13f0,GMA-20250806-954964,063ffbab74f5,https://www.gmanetwork.com/news/topstories/metro/954964/heavy-rainfall-causes-flooding-in-parts-of-metro-manila/story/,NCR-2025-AUG06,Mandaluyong,,,EDSA-Ortigas Intersection,2025-08-06T13:18:00+08:00,Explicit as-of clock with same-day dated publication/report context; publication clock is never onset or clearance.,5,"As of 1:33 p.m., the following areas are flooded: | Mandaluyong City | EDSA-Ortigas Intersection (Subsided as of 1:18 p.m.)",clearance_candidate,(Subsided as of 1:18 p.m.),,,,source_reviewed_candidate_not_training_admitted,,historical_depth_and_passability_retained_beside_clearance,2025-08-06,docs/evaluations/metro-manila-flood-duration-20261004,NCR-2025-08-06,explicit publisher city section,"""datePublished"":""2025-08-06T",5;8;9,GMA-20250806-954964-R0198,,,,,,,,
OBS-968f01d340cd27fd,GMA-20250806-954964,063ffbab74f5,https://www.gmanetwork.com/news/topstories/metro/954964/heavy-rainfall-causes-flooding-in-parts-of-metro-manila/story/,NCR-2025-AUG06,Mandaluyong,,,EDSA Shaw Tunnel NB,2025-08-06T13:33:00+08:00,Explicit as-of clock with same-day dated publication/report context; publication clock is never onset or clearance.,5,"As of 1:33 p.m., the following areas are flooded: | Mandaluyong City | EDSA Shaw Tunnel NB (Gutter deep, 8 inches, passable to all types of vehicles)",flood_observed,"(Gutter deep, 8 inches, passable to all types of vehicles)",20.32,20.32,"EDSA Shaw Tunnel NB (Gutter deep, 8 inches, passable to all types of vehicles)",source_reviewed_candidate_not_training_admitted,,,2025-08-06,docs/evaluations/metro-manila-flood-duration-20261004,NCR-2025-08-06,explicit publisher city section,"""datePublished"":""2025-08-06T",5;8;10,GMA-20250806-954964-R0199,,,,,,,,
OBS-e5bf9a78235232c7,GMA-20250806-954964,063ffbab74f5,https://www.gmanetwork.com/news/topstories/metro/954964/heavy-rainfall-causes-flooding-in-parts-of-metro-manila/story/,NCR-2025-AUG06,Manila,,,UN/UNILEVER along Cristobal Street,2025-08-06T13:33:00+08:00,Explicit as-of clock with same-day dated publication/report context; publication clock is never onset or clearance.,5,"As of 1:33 p.m., the following areas are flooded: | Manila City | UN/UNILEVER along Cristobal Street (Gutter deep, 8 inches, passable to all types of vehicles)",flood_observed,"(Gutter deep, 8 inches, passable to all types of vehicles)",20.32,20.32,"UN/UNILEVER along Cristobal Street (Gutter deep, 8 inches, passable to all types of vehicles)",source_reviewed_candidate_not_training_admitted,,,2025-08-06,docs/evaluations/metro-manila-flood-duration-20261004,NCR-2025-08-06,explicit publisher city section,"""datePublished"":""2025-08-06T",5;11;12,GMA-20250806-954964-R0200,,,,,,,,
OBS-dc8d34f79e95a6f3,GMA-20250806-954964,063ffbab74f5,https://www.gmanetwork.com/news/topstories/metro/954964/heavy-rainfall-causes-flooding-in-parts-of-metro-manila/story/,NCR-2025-AUG06,Malabon,,,Governor Pascual Vernue,2025-08-06T13:33:00+08:00,Explicit as-of clock with same-day dated publication/report context; publication clock is never onset or clearance.,5,"As of 1:33 p.m., the following areas are flooded: | Malabon City | Governor Pascual Vernue (corner Maria Clara Street), Barangay Accacia/Tinajeros (Half-gutter deep, 4 inches, passable to all types of vehicles)",flood_observed,"(corner Maria Clara Street), Barangay Accacia/Tinajeros (Half-gutter deep, 4 inches, passable to all types of vehicles)",10.16,10.16,"Governor Pascual Vernue (corner Maria Clara Street), Barangay Accacia/Tinajeros (Half-gutter deep, 4 inches, passable to all types of vehicles)",source_reviewed_candidate_not_training_admitted,,,2025-08-06,docs/evaluations/metro-manila-flood-duration-20261004,NCR-2025-08-06,explicit publisher city section,"""datePublished"":""2025-08-06T",5;13;14,GMA-20250806-954964-R0201,,,,,,,,
OBS-7fe5341784033682,GMA-20250806-954964,063ffbab74f5,https://www.gmanetwork.com/news/topstories/metro/954964/heavy-rainfall-causes-flooding-in-parts-of-metro-manila/story/,NCR-2025-AUG06,Caloocan,,,McArthur Calle Uno EB,2025-08-06T13:33:00+08:00,Explicit as-of clock with same-day dated publication/report context; publication clock is never onset or clearance.,5,"As of 1:33 p.m., the following areas are flooded: | Caloocan City | McArthur Calle Uno EB (Gutter deep, 8 inches, passable to all types of vehicles)",flood_observed,"(Gutter deep, 8 inches, passable to all types of vehicles)",20.32,20.32,"McArthur Calle Uno EB (Gutter deep, 8 inches, passable to all types of vehicles)",source_reviewed_candidate_not_training_admitted,,,2025-08-06,docs/evaluations/metro-manila-flood-duration-20261004,NCR-2025-08-06,explicit publisher city section,"""datePublished"":""2025-08-06T",5;15;16,GMA-20250806-954964-R0202,,,,,,,,
OBS-610e83ace0d80eb0,GMA-20250806-954964,063ffbab74f5,https://www.gmanetwork.com/news/topstories/metro/954964/heavy-rainfall-causes-flooding-in-parts-of-metro-manila/story/,NCR-2025-AUG06,Caloocan,,,C3 NLEX Connector NB and SB,2025-08-06T13:33:00+08:00,Explicit as-of clock with same-day dated publication/report context; publication clock is never onset or clearance.,5,"As of 1:33 p.m., the following areas are flooded: | Caloocan City | C3 NLEX Connector NB and SB (Gutter deep, 8 inches, passable to all types of vehicles)",flood_observed,"(Gutter deep, 8 inches, passable to all types of vehicles)",20.32,20.32,"C3 NLEX Connector NB and SB (Gutter deep, 8 inches, passable to all types of vehicles)",source_reviewed_candidate_not_training_admitted,,,2025-08-06,docs/evaluations/metro-manila-flood-duration-20261004,NCR-2025-08-06,explicit publisher city section,"""datePublished"":""2025-08-06T",5;15;17,GMA-20250806-954964-R0203,,,,,,,,
OBS-81e395612fe42c57,GMA-20250806-954964,063ffbab74f5,https://www.gmanetwork.com/news/topstories/metro/954964/heavy-rainfall-causes-flooding-in-parts-of-metro-manila/story/,NCR-2025-AUG06,Caloocan,,,Samson corner Lapu-Lapu Street NB,2025-08-06T13:33:00+08:00,Explicit as-of clock with same-day dated publication/report context; publication clock is never onset or clearance.,5,"As of 1:33 p.m., the following areas are flooded: | Caloocan City | Samson corner Lapu-Lapu Street NB (Gutter deep, 8 inches, passable to all types of vehicles)",flood_observed,"(Gutter deep, 8 inches, passable to all types of vehicles)",20.32,20.32,"Samson corner Lapu-Lapu Street NB (Gutter deep, 8 inches, passable to all types of vehicles)",source_reviewed_candidate_not_training_admitted,,,2025-08-06,docs/evaluations/metro-manila-flood-duration-20261004,NCR-2025-08-06,explicit publisher city section,"""datePublished"":""2025-08-06T",5;15;18,GMA-20250806-954964-R0204,,,,,,,,
OBS-c918d902a95d5a19,GMA-20250806-954964,063ffbab74f5,https://www.gmanetwork.com/news/topstories/metro/954964/heavy-rainfall-causes-flooding-in-parts-of-metro-manila/story/,NCR-2025-AUG06,Valenzuela,,,"MacArthur Highway, Elysian Creek BBB",2025-08-06T13:33:00+08:00,Explicit as-of clock with same-day dated publication/report context; publication clock is never onset or clearance.,5,"As of 1:33 p.m., the following areas are flooded: | Valenzuela City | MacArthur Highway, Elysian Creek BBB (Gutter deep, 8 inches, passable to all types of vehicles)",flood_observed,"(Gutter deep, 8 inches, passable to all types of vehicles)",20.32,20.32,"MacArthur Highway, Elysian Creek BBB (Gutter deep, 8 inches, passable to all types of vehicles)",source_reviewed_candidate_not_training_admitted,,,2025-08-06,docs/evaluations/metro-manila-flood-duration-20261004,NCR-2025-08-06,explicit publisher city section,"""datePublished"":""2025-08-06T",5;19;20,GMA-20250806-954964-R0205,,,,,,,,
OBS-5c59120a15d0765f,GMA-20260710-994434,bfd9d195d38c,https://www.gmanetwork.com/news/topstories/metro/994434/list-flooded-areas-in-metro-manila-on-july-10-2026/story/,NCR-2026-JUL10,Mandaluyong,,,F. Ortigas St. cor. Boni Avenue,2026-07-10T16:35:00+08:00,Explicit as-of clock with same-day dated publication/report context; publication clock is never onset or clearance.,4,The Metropolitan Manila Development Authority (MMDA) released the following road status update as of 4:35 p.m.: | Mandaluyong City | F. Ortigas St. cor. Boni Avenue - gutter deep; passable to all types of vehicles,flood_observed,gutter deep; passable to all types of vehicles,,,F. Ortigas St. cor. Boni Avenue - gutter deep; passable to all types of vehicles,source_reviewed_candidate_not_training_admitted,,qualitative_or_missing_depth_no_numeric_conversion,2026-07-10,docs/evaluations/metro-manila-flood-duration-20261004,NCR-2026-07-10,explicit publisher city section,"""datePublished"":""2026-07-10T",4;5;6,GMA-20260710-994434-R0206,,,,,,,,
OBS-1849846316b360d2,GMA-20260710-994434,bfd9d195d38c,https://www.gmanetwork.com/news/topstories/metro/994434/list-flooded-areas-in-metro-manila-on-july-10-2026/story/,NCR-2026-JUL10,Manila,,,España Maceda,2026-07-10T15:24:00+08:00,Explicit as-of clock with same-day dated publication/report context; publication clock is never onset or clearance.,4,The Metropolitan Manila Development Authority (MMDA) released the following road status update as of 4:35 p.m.: | Manila City | España Maceda - subsided as of 3:24 p.m.,clearance_candidate,subsided as of 3:24 p.m.,,,,source_reviewed_candidate_not_training_admitted,,historical_depth_and_passability_retained_beside_clearance,2026-07-10,docs/evaluations/metro-manila-flood-duration-20261004,NCR-2026-07-10,explicit publisher city section,"""datePublished"":""2026-07-10T",4;7;12,GMA-20260710-994434-R0207,,,,,,,,
OBS-041a7dbe1db8ca6e,GMA-20260710-994434,bfd9d195d38c,https://www.gmanetwork.com/news/topstories/metro/994434/list-flooded-areas-in-metro-manila-on-july-10-2026/story/,NCR-2026-JUL10,Manila,,,Along Taft Avenue from Pedro Gil to in front of PGH,2026-07-10T16:00:00+08:00,Explicit as-of clock with same-day dated publication/report context; publication clock is never onset or clearance.,4,The Metropolitan Manila Development Authority (MMDA) released the following road status update as of 4:35 p.m.: | Manila City | Along Taft Avenue from Pedro Gil to in front of PGH (northbound) - subsided as of 4 p.m.,clearance_candidate,(northbound) - subsided as of 4 p.m.,,,,source_reviewed_candidate_not_training_admitted,,historical_depth_and_passability_retained_beside_clearance,2026-07-10,docs/evaluations/metro-manila-flood-duration-20261004,NCR-2026-07-10,explicit publisher city section,"""datePublished"":""2026-07-10T",4;7;13,GMA-20260710-994434-R0208,,,,,,,,
OBS-d327989139b55bbd,GMA-20260710-994434,bfd9d195d38c,https://www.gmanetwork.com/news/topstories/metro/994434/list-flooded-areas-in-metro-manila-on-july-10-2026/story/,NCR-2026-JUL10,Manila,,,España Antipolo to Quintos,2026-07-10T15:20:00+08:00,Explicit as-of clock with same-day dated publication/report context; publication clock is never onset or clearance.,4,The Metropolitan Manila Development Authority (MMDA) released the following road status update as of 4:35 p.m.: | Manila City | España Antipolo to Quintos (eastbound/westbound) - subsided as of 3:20 p.m.,clearance_candidate,(eastbound/westbound) - subsided as of 3:20 p.m.,,,,source_reviewed_candidate_not_training_admitted,,historical_depth_and_passability_retained_beside_clearance,2026-07-10,docs/evaluations/metro-manila-flood-duration-20261004,NCR-2026-07-10,explicit publisher city section,"""datePublished"":""2026-07-10T",4;7;14,GMA-20260710-994434-R0209,,,,,,,,
OBS-b4f937d1063f409d,GMA-20260710-994434,bfd9d195d38c,https://www.gmanetwork.com/news/topstories/metro/994434/list-flooded-areas-in-metro-manila-on-july-10-2026/story/,NCR-2026-JUL10,Mandaluyong,,,F. Ortigas St. cor. Boni Avenue,2026-07-10T14:50:00+08:00,Explicit as-of clock with same-day dated publication/report context; publication clock is never onset or clearance.,15,"Earlier at 2:50 p.m., the MMDA issued a flood alert in the following areas: | Mandaluyong City | F. Ortigas St. cor. Boni Avenue - half knee deep; passable to all types of vehicles",flood_observed,half knee deep; passable to all types of vehicles,,,F. Ortigas St. cor. Boni Avenue - half knee deep; passable to all types of vehicles,source_reviewed_candidate_not_training_admitted,,qualitative_or_missing_depth_no_numeric_conversion,2026-07-10,docs/evaluations/metro-manila-flood-duration-20261004,NCR-2026-07-10,explicit publisher city section,"""datePublished"":""2026-07-10T",15;16;17,GMA-20260710-994434-R0210,,,,,,,,
OBS-451720fabaea941b,GMA-20260710-994434,bfd9d195d38c,https://www.gmanetwork.com/news/topstories/metro/994434/list-flooded-areas-in-metro-manila-on-july-10-2026/story/,NCR-2026-JUL10,Quezon City,,,EDSA Aurora Tunnel,2026-07-10T14:50:00+08:00,Explicit as-of clock with same-day dated publication/report context; publication clock is never onset or clearance.,15,"Earlier at 2:50 p.m., the MMDA issued a flood alert in the following areas: | Quezon City | EDSA Aurora Tunnel (northbound/southbound) - Gutter deep; passable to all types of vehicles",flood_observed,(northbound/southbound) - Gutter deep; passable to all types of vehicles,,,EDSA Aurora Tunnel (northbound/southbound) - Gutter deep; passable to all types of vehicles,source_reviewed_candidate_not_training_admitted,,qualitative_or_missing_depth_no_numeric_conversion,2026-07-10,docs/evaluations/metro-manila-flood-duration-20261004,NCR-2026-07-10,explicit publisher city section,"""datePublished"":""2026-07-10T",15;18;19,GMA-20260710-994434-R0211,,,,,,,,
OBS-759620aac0568e28,GMA-20260710-994434,bfd9d195d38c,https://www.gmanetwork.com/news/topstories/metro/994434/list-flooded-areas-in-metro-manila-on-july-10-2026/story/,NCR-2026-JUL10,Quezon City,,,EDSA Aurora Service Road,2026-07-10T14:50:00+08:00,Explicit as-of clock with same-day dated publication/report context; publication clock is never onset or clearance.,15,"Earlier at 2:50 p.m., the MMDA issued a flood alert in the following areas: | Quezon City | EDSA Aurora Service Road (northbound) - Gutter deep; passable to all types of vehicles",flood_observed,(northbound) - Gutter deep; passable to all types of vehicles,,,EDSA Aurora Service Road (northbound) - Gutter deep; passable to all types of vehicles,source_reviewed_candidate_not_training_admitted,,qualitative_or_missing_depth_no_numeric_conversion,2026-07-10,docs/evaluations/metro-manila-flood-duration-20261004,NCR-2026-07-10,explicit publisher city section,"""datePublished"":""2026-07-10T",15;18;20,GMA-20260710-994434-R0212,,,,,,,,
OBS-f7a38e08effa27d8,GMA-20260710-994434,bfd9d195d38c,https://www.gmanetwork.com/news/topstories/metro/994434/list-flooded-areas-in-metro-manila-on-july-10-2026/story/,NCR-2026-JUL10,Quezon City,,,Kamuning Service Road,2026-07-10T14:50:00+08:00,Explicit as-of clock with same-day dated publication/report context; publication clock is never onset or clearance.,15,"Earlier at 2:50 p.m., the MMDA issued a flood alert in the following areas: | Quezon City | Kamuning Service Road (northbound) - Gutter deep; passable to all types of vehicles",flood_observed,(northbound) - Gutter deep; passable to all types of vehicles,,,Kamuning Service Road (northbound) - Gutter deep; passable to all types of vehicles,source_reviewed_candidate_not_training_admitted,,qualitative_or_missing_depth_no_numeric_conversion,2026-07-10,docs/evaluations/metro-manila-flood-duration-20261004,NCR-2026-07-10,explicit publisher city section,"""datePublished"":""2026-07-10T",15;18;21,GMA-20260710-994434-R0213,,,,,,,,
OBS-68fe117a92ffc3fc,GMA-20260710-994434,bfd9d195d38c,https://www.gmanetwork.com/news/topstories/metro/994434/list-flooded-areas-in-metro-manila-on-july-10-2026/story/,NCR-2026-JUL10,Quezon City,,,Along Araneta between Quezon Ave. and E. Rodriguez,2026-07-10T14:50:00+08:00,Explicit as-of clock with same-day dated publication/report context; publication clock is never onset or clearance.,15,"Earlier at 2:50 p.m., the MMDA issued a flood alert in the following areas: | Quezon City | Along Araneta between Quezon Ave. and E. Rodriguez - Gutter deep; passable to all types of vehicles",flood_observed,Gutter deep; passable to all types of vehicles,,,Along Araneta between Quezon Ave. and E. Rodriguez - Gutter deep; passable to all types of vehicles,source_reviewed_candidate_not_training_admitted,,qualitative_or_missing_depth_no_numeric_conversion,2026-07-10,docs/evaluations/metro-manila-flood-duration-20261004,NCR-2026-07-10,explicit publisher city section,"""datePublished"":""2026-07-10T",15;18;22,GMA-20260710-994434-R0214,,,,,,,,
OBS-27ff072eaa7d1a90,GMA-20260710-994434,bfd9d195d38c,https://www.gmanetwork.com/news/topstories/metro/994434/list-flooded-areas-in-metro-manila-on-july-10-2026/story/,NCR-2026-JUL10,Quezon City,,,EDSA Santolan Service Road,2026-07-10T14:50:00+08:00,Explicit as-of clock with same-day dated publication/report context; publication clock is never onset or clearance.,15,"Earlier at 2:50 p.m., the MMDA issued a flood alert in the following areas: | Quezon City | EDSA Santolan Service Road (northbound) - Gutter deep; passable to all types of vehicles",flood_observed,(northbound) - Gutter deep; passable to all types of vehicles,,,EDSA Santolan Service Road (northbound) - Gutter deep; passable to all types of vehicles,source_reviewed_candidate_not_training_admitted,,qualitative_or_missing_depth_no_numeric_conversion,2026-07-10,docs/evaluations/metro-manila-flood-duration-20261004,NCR-2026-07-10,explicit publisher city section,"""datePublished"":""2026-07-10T",15;18;23,GMA-20260710-994434-R0215,,,,,,,,
OBS-ea6334b65ff37361,GMA-20260710-994434,bfd9d195d38c,https://www.gmanetwork.com/news/topstories/metro/994434/list-flooded-areas-in-metro-manila-on-july-10-2026/story/,NCR-2026-JUL10,Quezon City,,,White Plains,2026-07-10T14:50:00+08:00,Explicit as-of clock with same-day dated publication/report context; publication clock is never onset or clearance.,15,"Earlier at 2:50 p.m., the MMDA issued a flood alert in the following areas: | Quezon City | White Plains (westbound, eastbound) - Gutter deep; passable to all types of vehicles",flood_observed,"(westbound, eastbound) - Gutter deep; passable to all types of vehicles",,,"White Plains (westbound, eastbound) - Gutter deep; passable to all types of vehicles",source_reviewed_candidate_not_training_admitted,,qualitative_or_missing_depth_no_numeric_conversion,2026-07-10,docs/evaluations/metro-manila-flood-duration-20261004,NCR-2026-07-10,explicit publisher city section,"""datePublished"":""2026-07-10T",15;18;24,GMA-20260710-994434-R0216,,,,,,,,
OBS-d40470b804fc2f4e,GMA-20260710-994434,bfd9d195d38c,https://www.gmanetwork.com/news/topstories/metro/994434/list-flooded-areas-in-metro-manila-on-july-10-2026/story/,NCR-2026-JUL10,Quezon City,,,EDSA North Avenue,2026-07-10T14:50:00+08:00,Explicit as-of clock with same-day dated publication/report context; publication clock is never onset or clearance.,15,"Earlier at 2:50 p.m., the MMDA issued a flood alert in the following areas: | Quezon City | EDSA North Avenue - Gutter deep; passable to all types of vehicles",flood_observed,Gutter deep; passable to all types of vehicles,,,EDSA North Avenue - Gutter deep; passable to all types of vehicles,source_reviewed_candidate_not_training_admitted,,qualitative_or_missing_depth_no_numeric_conversion,2026-07-10,docs/evaluations/metro-manila-flood-duration-20261004,NCR-2026-07-10,explicit publisher city section,"""datePublished"":""2026-07-10T",15;18;25,GMA-20260710-994434-R0217,,,,,,,,
OBS-6530e36f3f23b74f,GMA-20260710-994434,bfd9d195d38c,https://www.gmanetwork.com/news/topstories/metro/994434/list-flooded-areas-in-metro-manila-on-july-10-2026/story/,NCR-2026-JUL10,Quezon City,,,Quezon Avenue Bian na Bato,2026-07-10T14:50:00+08:00,Explicit as-of clock with same-day dated publication/report context; publication clock is never onset or clearance.,15,"Earlier at 2:50 p.m., the MMDA issued a flood alert in the following areas: | Quezon City | Quezon Avenue Bian na Bato - Gutter deep; passable to all types of vehicles",flood_observed,Gutter deep; passable to all types of vehicles,,,Quezon Avenue Bian na Bato - Gutter deep; passable to all types of vehicles,source_reviewed_candidate_not_training_admitted,,qualitative_or_missing_depth_no_numeric_conversion,2026-07-10,docs/evaluations/metro-manila-flood-duration-20261004,NCR-2026-07-10,explicit publisher city section,"""datePublished"":""2026-07-10T",15;18;26,GMA-20260710-994434-R0218,,,,,,,,
OBS-052f21ad851412b2,GMA-20260710-994434,bfd9d195d38c,https://www.gmanetwork.com/news/topstories/metro/994434/list-flooded-areas-in-metro-manila-on-july-10-2026/story/,NCR-2026-JUL10,Quezon City,,,Araneta E. Rodriguez,2026-07-10T14:50:00+08:00,Explicit as-of clock with same-day dated publication/report context; publication clock is never onset or clearance.,15,"Earlier at 2:50 p.m., the MMDA issued a flood alert in the following areas: | Quezon City | Araneta E. Rodriguez (southbound/northbound) - Gutter deep; passable to all types of vehicles",flood_observed,(southbound/northbound) - Gutter deep; passable to all types of vehicles,,,Araneta E. Rodriguez (southbound/northbound) - Gutter deep; passable to all types of vehicles,source_reviewed_candidate_not_training_admitted,,qualitative_or_missing_depth_no_numeric_conversion,2026-07-10,docs/evaluations/metro-manila-flood-duration-20261004,NCR-2026-07-10,explicit publisher city section,"""datePublished"":""2026-07-10T",15;18;27,GMA-20260710-994434-R0219,,,,,,,,
OBS-9b465753b7f3bcd7,GMA-20260710-994434,bfd9d195d38c,https://www.gmanetwork.com/news/topstories/metro/994434/list-flooded-areas-in-metro-manila-on-july-10-2026/story/,NCR-2026-JUL10,Quezon City,,,EDSA Main Ave. northbound,2026-07-10T14:50:00+08:00,Explicit as-of clock with same-day dated publication/report context; publication clock is never onset or clearance.,15,"Earlier at 2:50 p.m., the MMDA issued a flood alert in the following areas: | Quezon City | EDSA Main Ave. northbound - Gutter deep; passable to all types of vehicles",flood_observed,Gutter deep; passable to all types of vehicles,,,EDSA Main Ave. northbound - Gutter deep; passable to all types of vehicles,source_reviewed_candidate_not_training_admitted,,qualitative_or_missing_depth_no_numeric_conversion,2026-07-10,docs/evaluations/metro-manila-flood-duration-20261004,NCR-2026-07-10,explicit publisher city section,"""datePublished"":""2026-07-10T",15;18;28,GMA-20260710-994434-R0220,,,,,,,,
OBS-1cdac190d2b337e4,GMA-20260710-994434,bfd9d195d38c,https://www.gmanetwork.com/news/topstories/metro/994434/list-flooded-areas-in-metro-manila-on-july-10-2026/story/,NCR-2026-JUL10,Manila,,,Along Taft Avenue from Pedro Gil to in front of PGH,2026-07-10T14:50:00+08:00,Explicit as-of clock with same-day dated publication/report context; publication clock is never onset or clearance.,15,"Earlier at 2:50 p.m., the MMDA issued a flood alert in the following areas: | Manila City | Along Taft Avenue from Pedro Gil to in front of PGH (northbound) - half gutter deep; passable to all types of vehicles",flood_observed,(northbound) - half gutter deep; passable to all types of vehicles,,,Along Taft Avenue from Pedro Gil to in front of PGH (northbound) - half gutter deep; passable to all types of vehicles,source_reviewed_candidate_not_training_admitted,,qualitative_or_missing_depth_no_numeric_conversion,2026-07-10,docs/evaluations/metro-manila-flood-duration-20261004,NCR-2026-07-10,explicit publisher city section,"""datePublished"":""2026-07-10T",15;29;30,GMA-20260710-994434-R0221,,,,,,,,
OBS-d23cfaa1a80bdfb2,GMA-20260710-994434,bfd9d195d38c,https://www.gmanetwork.com/news/topstories/metro/994434/list-flooded-areas-in-metro-manila-on-july-10-2026/story/,NCR-2026-JUL10,Manila,,,Espana Maceda,2026-07-10T14:50:00+08:00,Explicit as-of clock with same-day dated publication/report context; publication clock is never onset or clearance.,15,"Earlier at 2:50 p.m., the MMDA issued a flood alert in the following areas: | Manila City | Espana Maceda - Gutter deep; passable to all types of vehicles",flood_observed,Gutter deep; passable to all types of vehicles,,,Espana Maceda - Gutter deep; passable to all types of vehicles,source_reviewed_candidate_not_training_admitted,,qualitative_or_missing_depth_no_numeric_conversion,2026-07-10,docs/evaluations/metro-manila-flood-duration-20261004,NCR-2026-07-10,explicit publisher city section,"""datePublished"":""2026-07-10T",15;29;31,GMA-20260710-994434-R0222,,,,,,,,
OBS-493d5828adea09ee,GMA-20260710-994434,bfd9d195d38c,https://www.gmanetwork.com/news/topstories/metro/994434/list-flooded-areas-in-metro-manila-on-july-10-2026/story/,NCR-2026-JUL10,Pasig,,,Valle Verde VI,2026-07-10T14:50:00+08:00,Explicit as-of clock with same-day dated publication/report context; publication clock is never onset or clearance.,15,"Earlier at 2:50 p.m., the MMDA issued a flood alert in the following areas: | Pasig City | Valle Verde VI (Outermost Lane) - Above knee level; not passable to all types of vehicles",flood_observed,(Outermost Lane) - Above knee level; not passable to all types of vehicles,,,Valle Verde VI (Outermost Lane) - Above knee level; not passable to all types of vehicles,source_reviewed_candidate_not_training_admitted,,qualitative_or_missing_depth_no_numeric_conversion,2026-07-10,docs/evaluations/metro-manila-flood-duration-20261004,NCR-2026-07-10,explicit publisher city section,"""datePublished"":""2026-07-10T",15;32;33,GMA-20260710-994434-R0223,,,,,,,,
OBS-dfa46984d7886e0a,GMA-20260710-994434,bfd9d195d38c,https://www.gmanetwork.com/news/topstories/metro/994434/list-flooded-areas-in-metro-manila-on-july-10-2026/story/,NCR-2026-JUL10,Pasig,,,C5 Ortigas Valle Verde 6,2026-07-10T14:50:00+08:00,Explicit as-of clock with same-day dated publication/report context; publication clock is never onset or clearance.,15,"Earlier at 2:50 p.m., the MMDA issued a flood alert in the following areas: | Pasig City | C5 Ortigas Valle Verde 6 (southbound, innermost lane) - Above gutter level; not passable to light vehicles",flood_observed,"(southbound, innermost lane) - Above gutter level; not passable to light vehicles",,,"C5 Ortigas Valle Verde 6 (southbound, innermost lane) - Above gutter level; not passable to light vehicles",source_reviewed_candidate_not_training_admitted,,qualitative_or_missing_depth_no_numeric_conversion,2026-07-10,docs/evaluations/metro-manila-flood-duration-20261004,NCR-2026-07-10,explicit publisher city section,"""datePublished"":""2026-07-10T",15;32;34,GMA-20260710-994434-R0224,,,,,,,,
OBS-7cb104a54ec7e687,GMA-20260710-994434,bfd9d195d38c,https://www.gmanetwork.com/news/topstories/metro/994434/list-flooded-areas-in-metro-manila-on-july-10-2026/story/,NCR-2026-JUL10,Marikina,,,"Marcos Highway, SM Marikina Bridge Service Road",2026-07-10T14:50:00+08:00,Explicit as-of clock with same-day dated publication/report context; publication clock is never onset or clearance.,15,"Earlier at 2:50 p.m., the MMDA issued a flood alert in the following areas: | Marikina City | Marcos Highway, SM Marikina Bridge Service Road (westbound) - gutter deep; passable to all types of vehicles",flood_observed,(westbound) - gutter deep; passable to all types of vehicles,,,"Marcos Highway, SM Marikina Bridge Service Road (westbound) - gutter deep; passable to all types of vehicles",source_reviewed_candidate_not_training_admitted,,qualitative_or_missing_depth_no_numeric_conversion,2026-07-10,docs/evaluations/metro-manila-flood-duration-20261004,NCR-2026-07-10,explicit publisher city section,"""datePublished"":""2026-07-10T",15;35;36,GMA-20260710-994434-R0225,,,,,,,,
OBS-8c1a04fe330fd00a,GMA-20260808-997803,62027caf5825,https://www.gmanetwork.com/news/topstories/metro/997803/list-flooded-areas-in-metro-manila-due-to-rains-from-habagat-aug-8-2026/story/,NCR-2026-AUG08,Las Piñas,,,Zapote Junction,2026-08-08T19:00:00+08:00,Explicit as-of clock with same-day dated publication/report context; publication clock is never onset or clearance.,5,Las Piñas City | 7:00 p.m. — Zapote Junction: Knee-deep flooding; not passable to light vehicles (NPLV),flood_observed,Knee-deep flooding; not passable to light vehicles (NPLV),,,7:00 p.m. — Zapote Junction: Knee-deep flooding; not passable to light vehicles (NPLV),source_reviewed_candidate_not_training_admitted,,qualitative_or_missing_depth_no_numeric_conversion,2026-08-08,docs/evaluations/metro-manila-flood-duration-20261004,NCR-2026-08-08,explicit publisher city section,"""datePublished"":""2026-08-08T",5;6,GMA-20260808-997803-R0226,,,,,,,,
OBS-6338ab74c4e5b1a8,GMA-20260808-997803,62027caf5825,https://www.gmanetwork.com/news/topstories/metro/997803/list-flooded-areas-in-metro-manila-due-to-rains-from-habagat-aug-8-2026/story/,NCR-2026-AUG08,Las Piñas,,,"Marcos Alvarez Road, Wonderland to Savemore",2026-08-08T19:00:00+08:00,Explicit as-of clock with same-day dated publication/report context; publication clock is never onset or clearance.,5,"Las Piñas City | 7:00 p.m. — Marcos Alvarez Road, Wonderland to Savemore: Knee-deep flooding; NPLV",flood_observed,Knee-deep flooding; NPLV,,,,source_reviewed_candidate_not_training_admitted,,qualitative_or_missing_depth_no_numeric_conversion,2026-08-08,docs/evaluations/metro-manila-flood-duration-20261004,NCR-2026-08-08,explicit publisher city section,"""datePublished"":""2026-08-08T",5;11,GMA-20260808-997803-R0227,,,,,,,,
OBS-ddfaca8e54aaf01b,GMA-20260808-997803,62027caf5825,https://www.gmanetwork.com/news/topstories/metro/997803/list-flooded-areas-in-metro-manila-due-to-rains-from-habagat-aug-8-2026/story/,NCR-2026-AUG08,Parañaque,,,Ninoy Aquino Oyster Plaza,2026-08-08T19:00:00+08:00,Explicit as-of clock with same-day dated publication/report context; publication clock is never onset or clearance.,12,Parañaque City | 7:00 p.m. — Ninoy Aquino Oyster Plaza: Half-tire-deep flooding; NPLV,flood_observed,Half-tire-deep flooding; NPLV,,,,source_reviewed_candidate_not_training_admitted,,qualitative_or_missing_depth_no_numeric_conversion,2026-08-08,docs/evaluations/metro-manila-flood-duration-20261004,NCR-2026-08-08,explicit publisher city section,"""datePublished"":""2026-08-08T",12;13,GMA-20260808-997803-R0228,,,,,,,,
OBS-5190af94691b4108,GMA-20260808-997803,62027caf5825,https://www.gmanetwork.com/news/topstories/metro/997803/list-flooded-areas-in-metro-manila-due-to-rains-from-habagat-aug-8-2026/story/,NCR-2026-AUG08,Parañaque,,,"Dr. A. Santos Avenue, Evacom to SM Sucat",2026-08-08T19:39:00+08:00,Explicit as-of clock with same-day dated publication/report context; publication clock is never onset or clearance.,12,"Parañaque City | 7:39 p.m. — Dr. A. Santos Avenue, Evacom to SM Sucat: Above-gutter-deep flooding; passable to all types of vehicles (PATV)",flood_observed,Above-gutter-deep flooding; passable to all types of vehicles (PATV),,,"7:39 p.m. — Dr. A. Santos Avenue, Evacom to SM Sucat: Above-gutter-deep flooding; passable to all types of vehicles (PATV)",source_reviewed_candidate_not_training_admitted,,qualitative_or_missing_depth_no_numeric_conversion,2026-08-08,docs/evaluations/metro-manila-flood-duration-20261004,NCR-2026-08-08,explicit publisher city section,"""datePublished"":""2026-08-08T",12;14,GMA-20260808-997803-R0229,,,,,,,,
OBS-cc6de81881d931cb,GMA-20260808-997803,62027caf5825,https://www.gmanetwork.com/news/topstories/metro/997803/list-flooded-areas-in-metro-manila-due-to-rains-from-habagat-aug-8-2026/story/,NCR-2026-AUG08,Pasay,,,Andrews Avenue corner Aurora Boulevard,2026-08-08T19:00:00+08:00,Explicit as-of clock with same-day dated publication/report context; publication clock is never onset or clearance.,15,Pasay City | 7:00 p.m. — Andrews Avenue corner Aurora Boulevard: Gutter-deep flooding; PATV,flood_observed,Gutter-deep flooding; PATV,,,,source_reviewed_candidate_not_training_admitted,,qualitative_or_missing_depth_no_numeric_conversion,2026-08-08,docs/evaluations/metro-manila-flood-duration-20261004,NCR-2026-08-08,explicit publisher city section,"""datePublished"":""2026-08-08T",15;16,GMA-20260808-997803-R0230,,,,,,,,
OBS-635a70eea201a6c9,GMA-20260808-997803,62027caf5825,https://www.gmanetwork.com/news/topstories/metro/997803/list-flooded-areas-in-metro-manila-due-to-rains-from-habagat-aug-8-2026/story/,NCR-2026-AUG08,Mandaluyong,,,F. Ortigas Avenue corner Boni Avenue,2026-08-08T19:56:00+08:00,Explicit as-of clock with same-day dated publication/report context; publication clock is never onset or clearance.,17,Mandaluyong City | 7:56 p.m. — F. Ortigas Avenue corner Boni Avenue: Gutter-deep flooding; PATV,flood_observed,Gutter-deep flooding; PATV,,,,source_reviewed_candidate_not_training_admitted,,qualitative_or_missing_depth_no_numeric_conversion,2026-08-08,docs/evaluations/metro-manila-flood-duration-20261004,NCR-2026-08-08,explicit publisher city section,"""datePublished"":""2026-08-08T",17;18,GMA-20260808-997803-R0231,,,,,,,,
OBS-1110dee460c8658d,GMA-20260808-997803,62027caf5825,https://www.gmanetwork.com/news/topstories/metro/997803/list-flooded-areas-in-metro-manila-due-to-rains-from-habagat-aug-8-2026/story/,NCR-2026-AUG08,Malabon,,,"M.H. Del Pilar Street, Maysilo",2026-08-08T20:00:00+08:00,Explicit as-of clock with same-day dated publication/report context; publication clock is never onset or clearance.,19,"Malabon City | 8:00 p.m. — M.H. Del Pilar Street, Maysilo: Half-gutter-deep flooding; PATV",flood_observed,Half-gutter-deep flooding; PATV,,,,source_reviewed_candidate_not_training_admitted,,qualitative_or_missing_depth_no_numeric_conversion,2026-08-08,docs/evaluations/metro-manila-flood-duration-20261004,NCR-2026-08-08,explicit publisher city section,"""datePublished"":""2026-08-08T",19;20,GMA-20260808-997803-R0232,,,,,,,,
OBS-4a940555dce6e4ba,GMA-20260808-997803,62027caf5825,https://www.gmanetwork.com/news/topstories/metro/997803/list-flooded-areas-in-metro-manila-due-to-rains-from-habagat-aug-8-2026/story/,NCR-2026-AUG08,Malabon,,,"M.H. Del Pilar Street, Tatawid, Santulan",2026-08-08T20:02:00+08:00,Explicit as-of clock with same-day dated publication/report context; publication clock is never onset or clearance.,19,"Malabon City | 8:02 p.m. — M.H. Del Pilar Street, Tatawid, Santulan: Half-gutter-deep flooding; PATV",flood_observed,Half-gutter-deep flooding; PATV,,,,source_reviewed_candidate_not_training_admitted,,qualitative_or_missing_depth_no_numeric_conversion,2026-08-08,docs/evaluations/metro-manila-flood-duration-20261004,NCR-2026-08-08,explicit publisher city section,"""datePublished"":""2026-08-08T",19;21,GMA-20260808-997803-R0233,,,,,,,,
OBS-3f2ecbeef8195e20,GMA-20260808-997803,62027caf5825,https://www.gmanetwork.com/news/topstories/metro/997803/list-flooded-areas-in-metro-manila-due-to-rains-from-habagat-aug-8-2026/story/,NCR-2026-AUG08,Malabon,,,"Don Basilio Bautista, Hulong Duhat",2026-08-08T20:04:00+08:00,Explicit as-of clock with same-day dated publication/report context; publication clock is never onset or clearance.,19,"Malabon City | 8:04 p.m. — Don Basilio Bautista, Hulong Duhat: Gutter-deep flooding; PATV",flood_observed,Gutter-deep flooding; PATV,,,,source_reviewed_candidate_not_training_admitted,,qualitative_or_missing_depth_no_numeric_conversion,2026-08-08,docs/evaluations/metro-manila-flood-duration-20261004,NCR-2026-08-08,explicit publisher city section,"""datePublished"":""2026-08-08T",19;22,GMA-20260808-997803-R0234,,,,,,,,
OBS-3031949dd2e15f75,GMA-20260808-997803,62027caf5825,https://www.gmanetwork.com/news/topstories/metro/997803/list-flooded-areas-in-metro-manila-due-to-rains-from-habagat-aug-8-2026/story/,NCR-2026-AUG08,Quezon City,,,"Barangay Apolonio Samson, EDSA fronting SM North",2026-08-08T20:00:00+08:00,Explicit as-of clock with same-day dated publication/report context; publication clock is never onset or clearance.,23,"Quezon City | 8:00 p.m. — Barangay Apolonio Samson, EDSA fronting SM North: Gutter-deep flooding; PATV",flood_observed,Gutter-deep flooding; PATV,,,,source_reviewed_candidate_not_training_admitted,,qualitative_or_missing_depth_no_numeric_conversion,2026-08-08,docs/evaluations/metro-manila-flood-duration-20261004,NCR-2026-08-08,explicit publisher city section,"""datePublished"":""2026-08-08T",23;24,GMA-20260808-997803-R0235,,,,,,,,
OBS-39839ffaf78470a9,GMA-20260808-997803,62027caf5825,https://www.gmanetwork.com/news/topstories/metro/997803/list-flooded-areas-in-metro-manila-due-to-rains-from-habagat-aug-8-2026/story/,NCR-2026-AUG08,Quezon City,,,"G. Araneta Avenue, Ma. Clara, northbound and southbound",2026-08-08T22:29:00+08:00,Explicit as-of clock with same-day dated publication/report context; publication clock is never onset or clearance.,23,"Quezon City | 10:29 p.m. — G. Araneta Avenue, Ma. Clara, northbound and southbound: Tire-deep flooding; not passable to all types of vehicles (NPATV)",flood_observed,Tire-deep flooding; not passable to all types of vehicles (NPATV),,,"10:29 p.m. — G. Araneta Avenue, Ma. Clara, northbound and southbound: Tire-deep flooding; not passable to all types of vehicles (NPATV)",source_reviewed_candidate_not_training_admitted,,qualitative_or_missing_depth_no_numeric_conversion,2026-08-08,docs/evaluations/metro-manila-flood-duration-20261004,NCR-2026-08-08,explicit publisher city section,"""datePublished"":""2026-08-08T",23;25,GMA-20260808-997803-R0236,,,,,,,,
OBS-523822bae21c415b,GMA-20260808-997803,62027caf5825,https://www.gmanetwork.com/news/topstories/metro/997803/list-flooded-areas-in-metro-manila-due-to-rains-from-habagat-aug-8-2026/story/,NCR-2026-AUG08,Quezon City,,,G. Araneta Avenue corner Biak-na-Bato and Calamba,2026-08-08T22:40:00+08:00,Explicit as-of clock with same-day dated publication/report context; publication clock is never onset or clearance.,23,Quezon City | 10:40 p.m. — G. Araneta Avenue corner Biak-na-Bato and Calamba: Tire-deep flooding; NPATV,flood_observed,Tire-deep flooding; NPATV,,,,source_reviewed_candidate_not_training_admitted,,qualitative_or_missing_depth_no_numeric_conversion,2026-08-08,docs/evaluations/metro-manila-flood-duration-20261004,NCR-2026-08-08,explicit publisher city section,"""datePublished"":""2026-08-08T",23;26,GMA-20260808-997803-R0237,,,,,,,,
OBS-76b48e1a619c9c3e,GMA-20260808-997803,62027caf5825,https://www.gmanetwork.com/news/topstories/metro/997803/list-flooded-areas-in-metro-manila-due-to-rains-from-habagat-aug-8-2026/story/,NCR-2026-AUG08,Manila,,,Roxas Boulevard–Pedro Gil service road,2026-08-08T20:21:00+08:00,Explicit as-of clock with same-day dated publication/report context; publication clock is never onset or clearance.,27,Manila | 8:21 p.m. — Roxas Boulevard–Pedro Gil service road: Gutter-deep flooding; PATV,flood_observed,Gutter-deep flooding; PATV,,,,source_reviewed_candidate_not_training_admitted,,qualitative_or_missing_depth_no_numeric_conversion,2026-08-08,docs/evaluations/metro-manila-flood-duration-20261004,NCR-2026-08-08,explicit publisher city section,"""datePublished"":""2026-08-08T",27;28,GMA-20260808-997803-R0238,,,,,,,,
OBS-4a38d7e2426f1011,GMA-20260808-997803,62027caf5825,https://www.gmanetwork.com/news/topstories/metro/997803/list-flooded-areas-in-metro-manila-due-to-rains-from-habagat-aug-8-2026/story/,NCR-2026-AUG08,Valenzuela,,,"Barangay Dalandanan, MacArthur Highway corner Hermoso Street to S. Bernardo Street",2026-08-08T21:07:00+08:00,Explicit as-of clock with same-day dated publication/report context; publication clock is never onset or clearance.,29,"Valenzuela City | 9:07 p.m. — Barangay Dalandanan, MacArthur Highway corner Hermoso Street to S. Bernardo Street: Half-tire-deep flooding; NPLV",flood_observed,Half-tire-deep flooding; NPLV,,,,source_reviewed_candidate_not_training_admitted,,qualitative_or_missing_depth_no_numeric_conversion,2026-08-08,docs/evaluations/metro-manila-flood-duration-20261004,NCR-2026-08-08,explicit publisher city section,"""datePublished"":""2026-08-08T",29;30,GMA-20260808-997803-R0239,,,,,,,,
OBS-b17303cc873095f3,GMA-20240902-918977,15153a2a97a3,https://www.gmanetwork.com/news/topstories/metro/918977/up-to-chest-deep-floods-hit-some-metro-manila-areas-due-to-enteng/story/,NCR-2024-SEP02-ENTENG,Pasig,,,"Kabutihan St, Brgy. Dela Paz",2024-09-02T17:00:00+08:00,Explicit as-of clock with same-day dated publication/report context; publication clock is never onset or clearance.,12,"Pasig City (as of 5 p.m.) | Kabutihan St, Brgy. Dela Paz",flood_observed,,,,,source_reviewed_candidate_not_training_admitted,,qualitative_or_missing_depth_no_numeric_conversion,2024-09-02,docs/evaluations/metro-manila-flood-duration-20261004,NCR-2024-09-02,explicit publisher city section,"""datePublished"":""2024-09-02T",12;13,GMA-20240902-918977-R0240,,,,,,,,
OBS-e14650e2e8196c0e,GMA-20240902-918977,15153a2a97a3,https://www.gmanetwork.com/news/topstories/metro/918977/up-to-chest-deep-floods-hit-some-metro-manila-areas-due-to-enteng/story/,NCR-2024-SEP02-ENTENG,Pasig,,,"Karangalan Gate 1 to Gate 5, Brgy. Manggahan",2024-09-02T17:00:00+08:00,Explicit as-of clock with same-day dated publication/report context; publication clock is never onset or clearance.,12,"Pasig City (as of 5 p.m.) | Karangalan Gate 1 to Gate 5, Brgy. Manggahan",flood_observed,,,,,source_reviewed_candidate_not_training_admitted,,qualitative_or_missing_depth_no_numeric_conversion,2024-09-02,docs/evaluations/metro-manila-flood-duration-20261004,NCR-2024-09-02,explicit publisher city section,"""datePublished"":""2024-09-02T",12;14,GMA-20240902-918977-R0241,,,,,,,,
OBS-fb23e7c13c450f13,GMA-20240902-918977,15153a2a97a3,https://www.gmanetwork.com/news/topstories/metro/918977/up-to-chest-deep-floods-hit-some-metro-manila-areas-due-to-enteng/story/,NCR-2024-SEP02-ENTENG,Pasig,,,"Infant Jesus St., Metroville, Brgy. Manggahan",2024-09-02T17:00:00+08:00,Explicit as-of clock with same-day dated publication/report context; publication clock is never onset or clearance.,12,"Pasig City (as of 5 p.m.) | Infant Jesus St., Metroville, Brgy. Manggahan",flood_observed,,,,,source_reviewed_candidate_not_training_admitted,,qualitative_or_missing_depth_no_numeric_conversion,2024-09-02,docs/evaluations/metro-manila-flood-duration-20261004,NCR-2024-09-02,explicit publisher city section,"""datePublished"":""2024-09-02T",12;15,GMA-20240902-918977-R0242,,,,,,,,
OBS-954ec2ddec653dd0,GMA-20240902-918977,15153a2a97a3,https://www.gmanetwork.com/news/topstories/metro/918977/up-to-chest-deep-floods-hit-some-metro-manila-areas-due-to-enteng/story/,NCR-2024-SEP02-ENTENG,Valenzuela,,,Footbridge Dalandanan on Macarthur Highway,2024-09-02T16:15:00+08:00,Explicit as-of clock with same-day dated publication/report context; publication clock is never onset or clearance.,33,"Valenzuela City (as of 4:15 p.m.) | Footbridge Dalandanan on Macarthur Highway - gutter-deep, three to four inches",flood_observed,"gutter-deep, three to four inches",,,,source_reviewed_candidate_not_training_admitted,,qualitative_or_missing_depth_no_numeric_conversion,2024-09-02,docs/evaluations/metro-manila-flood-duration-20261004,NCR-2024-09-02,explicit publisher city section,"""datePublished"":""2024-09-02T",33;35,GMA-20240902-918977-R0243,,,,,,,,
OBS-d1ea5646b3023d90,GMA-20240902-918977,15153a2a97a3,https://www.gmanetwork.com/news/topstories/metro/918977/up-to-chest-deep-floods-hit-some-metro-manila-areas-due-to-enteng/story/,NCR-2024-SEP02-ENTENG,Valenzuela,,,Bartolome St. Malanday,2024-09-02T16:15:00+08:00,Explicit as-of clock with same-day dated publication/report context; publication clock is never onset or clearance.,33,"Valenzuela City (as of 4:15 p.m.) | Bartolome St. Malanday - gutter-deep, five inches",flood_observed,"gutter-deep, five inches",,,,source_reviewed_candidate_not_training_admitted,,qualitative_or_missing_depth_no_numeric_conversion,2024-09-02,docs/evaluations/metro-manila-flood-duration-20261004,NCR-2024-09-02,explicit publisher city section,"""datePublished"":""2024-09-02T",33;37,GMA-20240902-918977-R0244,,,,,,,,
OBS-29813f9c6a66c3dc,GMA-20240902-918977,15153a2a97a3,https://www.gmanetwork.com/news/topstories/metro/918977/up-to-chest-deep-floods-hit-some-metro-manila-areas-due-to-enteng/story/,NCR-2024-SEP02-ENTENG,Valenzuela,,,Rincon cor. Pasolo,2024-09-02T16:15:00+08:00,Explicit as-of clock with same-day dated publication/report context; publication clock is never onset or clearance.,33,"Valenzuela City (as of 4:15 p.m.) | Rincon cor. Pasolo - gutter-deep, two inches",flood_observed,"gutter-deep, two inches",,,,source_reviewed_candidate_not_training_admitted,,qualitative_or_missing_depth_no_numeric_conversion,2024-09-02,docs/evaluations/metro-manila-flood-duration-20261004,NCR-2024-09-02,explicit publisher city section,"""datePublished"":""2024-09-02T",33;38,GMA-20240902-918977-R0245,,,,,,,,
OBS-4c89c6b95517e6b5,GMA-20240902-918977,15153a2a97a3,https://www.gmanetwork.com/news/topstories/metro/918977/up-to-chest-deep-floods-hit-some-metro-manila-areas-due-to-enteng/story/,NCR-2024-SEP02-ENTENG,Valenzuela,,,JP Rizal cor Fortaleza Arty 2 Subdivision Karuhatan,2024-09-02T16:15:00+08:00,Explicit as-of clock with same-day dated publication/report context; publication clock is never onset or clearance.,33,"Valenzuela City (as of 4:15 p.m.) | JP Rizal cor Fortaleza Arty 2 Subdivision Karuhatan - gutter-deep level, three to four inches",flood_observed,"gutter-deep level, three to four inches",,,,source_reviewed_candidate_not_training_admitted,,qualitative_or_missing_depth_no_numeric_conversion,2024-09-02,docs/evaluations/metro-manila-flood-duration-20261004,NCR-2024-09-02,explicit publisher city section,"""datePublished"":""2024-09-02T",33;39,GMA-20240902-918977-R0246,,,,,,,,
OBS-5c56bc4807b2201f,GMA-20240902-918977,15153a2a97a3,https://www.gmanetwork.com/news/topstories/metro/918977/up-to-chest-deep-floods-hit-some-metro-manila-areas-due-to-enteng/story/,NCR-2024-SEP02-ENTENG,Valenzuela,,,T. Santiago corner Bypass Veinte Reales,2024-09-02T16:15:00+08:00,Explicit as-of clock with same-day dated publication/report context; publication clock is never onset or clearance.,33,"Valenzuela City (as of 4:15 p.m.) | T. Santiago corner Bypass Veinte Reales - knee-deep, 19 inches",flood_observed,"knee-deep, 19 inches",48.26,48.26,,source_reviewed_candidate_not_training_admitted,,,2024-09-02,docs/evaluations/metro-manila-flood-duration-20261004,NCR-2024-09-02,explicit publisher city section,"""datePublished"":""2024-09-02T",33;41,GMA-20240902-918977-R0247,,,,,,,,
OBS-0554751b6f33336d,GMA-20260817-998778,f746dffb4918,https://www.gmanetwork.com/news/topstories/metro/998778/list-flooded-roads-in-metro-manila-on-monday-morning/story/,NCR-2026-AUG17-18,Pasig,Bagong Ilog,Bagong Ilog,E. Mejia,2026-08-17T20:30:00+08:00,Explicit as-of clock with same-day dated publication/report context; publication clock is never onset or clearance.,28,Pasig City | Barangay Bagong Ilog | E. Mejia | Water Level: 12 cm (4.72 inches) | Passable to motorcycles and cars (sedan) | As of 8:30 p.m. city government posted the status of the flooding in some areas:,flood_observed,12 cm (4.72 inches),12.0,12.0,Passable to motorcycles and cars (sedan),source_reviewed_candidate_not_training_admitted,,,2026-08-17,docs/evaluations/metro-manila-flood-duration-20261004,NCR-2026-08-17,explicit publisher city section,"""datePublished"":""2026-08-17T",28;29;30;31;32;33,GMA-20260817-998778-R0248,,,,,,,,
OBS-77365c8b5f4f7fed,GMA-20260817-998778,f746dffb4918,https://www.gmanetwork.com/news/topstories/metro/998778/list-flooded-roads-in-metro-manila-on-monday-morning/story/,NCR-2026-AUG17-18,Pasig,Bagong Ilog,Bagong Ilog,Felipe Pike St.,2026-08-17T20:30:00+08:00,Explicit as-of clock with same-day dated publication/report context; publication clock is never onset or clearance.,28,Pasig City | Barangay Bagong Ilog | Felipe Pike St. | Water Level: 12 cm (4.72 inches) | Passable to motorcycles and cars (sedan) | As of 8:30 p.m. city government posted the status of the flooding in some areas:,flood_observed,12 cm (4.72 inches),12.0,12.0,Passable to motorcycles and cars (sedan),source_reviewed_candidate_not_training_admitted,,,2026-08-17,docs/evaluations/metro-manila-flood-duration-20261004,NCR-2026-08-17,explicit publisher city section,"""datePublished"":""2026-08-17T",28;29;30;34;35;36,GMA-20260817-998778-R0249,,,,,,,,
OBS-509db871de008473,GMA-20260817-998778,f746dffb4918,https://www.gmanetwork.com/news/topstories/metro/998778/list-flooded-roads-in-metro-manila-on-monday-morning/story/,NCR-2026-AUG17-18,Pasig,Bagong Ilog,Bagong Ilog,Yakal St.,2026-08-17T20:30:00+08:00,Explicit as-of clock with same-day dated publication/report context; publication clock is never onset or clearance.,28,Pasig City | Barangay Bagong Ilog | Yakal St. | Water Level: 12 cm (4.72 inches) | Passable to motorcycles and cars (sedan) | As of 8:30 p.m. city government posted the status of the flooding in some areas:,flood_observed,12 cm (4.72 inches),12.0,12.0,Passable to motorcycles and cars (sedan),source_reviewed_candidate_not_training_admitted,,,2026-08-17,docs/evaluations/metro-manila-flood-duration-20261004,NCR-2026-08-17,explicit publisher city section,"""datePublished"":""2026-08-17T",28;29;30;37;38;39,GMA-20260817-998778-R0250,,,,,,,,
OBS-2c5d90329491e205,GMA-20260817-998778,f746dffb4918,https://www.gmanetwork.com/news/topstories/metro/998778/list-flooded-roads-in-metro-manila-on-monday-morning/story/,NCR-2026-AUG17-18,Pasig,Bagong Ilog,Bagong Ilog,Lanite St.,2026-08-17T20:30:00+08:00,Explicit as-of clock with same-day dated publication/report context; publication clock is never onset or clearance.,28,Pasig City | Barangay Bagong Ilog | Lanite St. | Water Level: 12 cm (4.72 inches) | Passable to motorcycles and cars (sedan) | As of 8:30 p.m. city government posted the status of the flooding in some areas:,flood_observed,12 cm (4.72 inches),12.0,12.0,Passable to motorcycles and cars (sedan),source_reviewed_candidate_not_training_admitted,,,2026-08-17,docs/evaluations/metro-manila-flood-duration-20261004,NCR-2026-08-17,explicit publisher city section,"""datePublished"":""2026-08-17T",28;29;30;40;41;42,GMA-20260817-998778-R0251,,,,,,,,
OBS-5ef6770e7aa76157,GMA-20260817-998778,f746dffb4918,https://www.gmanetwork.com/news/topstories/metro/998778/list-flooded-roads-in-metro-manila-on-monday-morning/story/,NCR-2026-AUG17-18,Pasig,Bagong Ilog,Bagong Ilog,Canley Road St.,2026-08-17T20:30:00+08:00,Explicit as-of clock with same-day dated publication/report context; publication clock is never onset or clearance.,28,Pasig City | Barangay Bagong Ilog | Canley Road St. | Water Level: 12 cm (4.72 inches) | Passable to motorcycles and cars (sedan) | As of 8:30 p.m. city government posted the status of the flooding in some areas:,flood_observed,12 cm (4.72 inches),12.0,12.0,Passable to motorcycles and cars (sedan),source_reviewed_candidate_not_training_admitted,,,2026-08-17,docs/evaluations/metro-manila-flood-duration-20261004,NCR-2026-08-17,explicit publisher city section,"""datePublished"":""2026-08-17T",28;29;30;43;44;45,GMA-20260817-998778-R0252,,,,,,,,
OBS-57b8b851b0e48ff2,GMA-20260817-998778,f746dffb4918,https://www.gmanetwork.com/news/topstories/metro/998778/list-flooded-roads-in-metro-manila-on-monday-morning/story/,NCR-2026-AUG17-18,Pasig,Bagong Katipunan,Bagong Katipunan,A. Bonifacio St.,2026-08-17T20:30:00+08:00,Explicit as-of clock with same-day dated publication/report context; publication clock is never onset or clearance.,28,Pasig City | Barangay Bagong Katipunan | A. Bonifacio St. | Water Level: 10.16 cm (4 inches) | Passable to motorcycles and cars (sedan) | As of 8:30 p.m. city government posted the status of the flooding in some areas:,flood_observed,10.16 cm (4 inches),10.16,10.16,Passable to motorcycles and cars (sedan),source_reviewed_candidate_not_training_admitted,,,2026-08-17,docs/evaluations/metro-manila-flood-duration-20261004,NCR-2026-08-17,explicit publisher city section,"""datePublished"":""2026-08-17T",28;29;46;47;48;49,GMA-20260817-998778-R0253,,,,,,,,
OBS-ca955cbf0a76b396,GMA-20260817-998778,f746dffb4918,https://www.gmanetwork.com/news/topstories/metro/998778/list-flooded-roads-in-metro-manila-on-monday-morning/story/,NCR-2026-AUG17-18,Pasig,dela Paz,dela Paz,Katipiran C Yap Compound,2026-08-17T20:30:00+08:00,Explicit as-of clock with same-day dated publication/report context; publication clock is never onset or clearance.,28,Pasig City | Barangay dela Paz | Katipiran C Yap Compound | Water Level: 91.44 cm (36 inches) | Not passable to motorcycles and cars (sedan) | As of 8:30 p.m. city government posted the status of the flooding in some areas:,flood_observed,91.44 cm (36 inches),91.44,91.44,Not passable to motorcycles and cars (sedan),source_reviewed_candidate_not_training_admitted,,,2026-08-17,docs/evaluations/metro-manila-flood-duration-20261004,NCR-2026-08-17,explicit publisher city section,"""datePublished"":""2026-08-17T",28;29;50;51;52;53,GMA-20260817-998778-R0254,,,,,,,,
OBS-c6523e52514cff43,GMA-20260817-998778,f746dffb4918,https://www.gmanetwork.com/news/topstories/metro/998778/list-flooded-roads-in-metro-manila-on-monday-morning/story/,NCR-2026-AUG17-18,Pasig,Palatiw,Palatiw,E. Santos (Verbum),2026-08-17T20:30:00+08:00,Explicit as-of clock with same-day dated publication/report context; publication clock is never onset or clearance.,28,Pasig City | Barangay Palatiw | E. Santos (Verbum) | Water Level: 12 cm (4.72 inches) | Passable to motorcycles and cars (sedan) | As of 8:30 p.m. city government posted the status of the flooding in some areas:,flood_observed,12 cm (4.72 inches),12.0,12.0,Passable to motorcycles and cars (sedan),source_reviewed_candidate_not_training_admitted,,,2026-08-17,docs/evaluations/metro-manila-flood-duration-20261004,NCR-2026-08-17,explicit publisher city section,"""datePublished"":""2026-08-17T",28;29;54;55;56;57,GMA-20260817-998778-R0255,,,,,,,,
OBS-d5ac98c7a0a442a5,GMA-20260817-998778,f746dffb4918,https://www.gmanetwork.com/news/topstories/metro/998778/list-flooded-roads-in-metro-manila-on-monday-morning/story/,NCR-2026-AUG17-18,Pasig,Palatiw,Palatiw,F. Soriano - Bolante,2026-08-17T20:30:00+08:00,Explicit as-of clock with same-day dated publication/report context; publication clock is never onset or clearance.,28,Pasig City | Barangay Palatiw | F. Soriano - Bolante | Water Level: 10.16 cm (4 inches) | Passable to motorcycles and cars (sedan) | As of 8:30 p.m. city government posted the status of the flooding in some areas:,flood_observed,10.16 cm (4 inches),10.16,10.16,Passable to motorcycles and cars (sedan),source_reviewed_candidate_not_training_admitted,,,2026-08-17,docs/evaluations/metro-manila-flood-duration-20261004,NCR-2026-08-17,explicit publisher city section,"""datePublished"":""2026-08-17T",28;29;54;58;59;60,GMA-20260817-998778-R0256,,,,,,,,
OBS-972d6972519e6c95,GMA-20260817-998778,f746dffb4918,https://www.gmanetwork.com/news/topstories/metro/998778/list-flooded-roads-in-metro-manila-on-monday-morning/story/,NCR-2026-AUG17-18,Pasig,Palatiw,Palatiw,F. Soriano (all the way to Bolante),2026-08-17T20:30:00+08:00,Explicit as-of clock with same-day dated publication/report context; publication clock is never onset or clearance.,28,Pasig City | Barangay Palatiw | F. Soriano (all the way to Bolante) | Water Level: 10 cm (4 inches) | Passable to motorcycles and cars (sedan) | As of 8:30 p.m. city government posted the status of the flooding in some areas:,flood_observed,10 cm (4 inches),10.0,10.0,Passable to motorcycles and cars (sedan),source_reviewed_candidate_not_training_admitted,,,2026-08-17,docs/evaluations/metro-manila-flood-duration-20261004,NCR-2026-08-17,explicit publisher city section,"""datePublished"":""2026-08-17T",28;29;54;61;62;63,GMA-20260817-998778-R0257,,,,,,,,
OBS-e8b2f125feb9cf58,GMA-20260817-998778,f746dffb4918,https://www.gmanetwork.com/news/topstories/metro/998778/list-flooded-roads-in-metro-manila-on-monday-morning/story/,NCR-2026-AUG17-18,Pasig,Manggahan,Manggahan,F. Pasco Ave Metroville,2026-08-17T20:30:00+08:00,Explicit as-of clock with same-day dated publication/report context; publication clock is never onset or clearance.,28,Pasig City | Barangay Manggahan | F. Pasco Ave Metroville | Water Level: 7.62 cm (3 inches) | Passable to motorcycles and cars (sedan) | As of 8:30 p.m. city government posted the status of the flooding in some areas:,flood_observed,7.62 cm (3 inches),7.62,7.62,Passable to motorcycles and cars (sedan),source_reviewed_candidate_not_training_admitted,,,2026-08-17,docs/evaluations/metro-manila-flood-duration-20261004,NCR-2026-08-17,explicit publisher city section,"""datePublished"":""2026-08-17T",28;29;64;65;66;67,GMA-20260817-998778-R0258,,,,,,,,
OBS-d54d7f627a526a4b,GMA-20260817-998778,f746dffb4918,https://www.gmanetwork.com/news/topstories/metro/998778/list-flooded-roads-in-metro-manila-on-monday-morning/story/,NCR-2026-AUG17-18,Pasig,Manggahan,Manggahan,Infant Jesus St,2026-08-17T20:30:00+08:00,Explicit as-of clock with same-day dated publication/report context; publication clock is never onset or clearance.,28,Pasig City | Barangay Manggahan | Infant Jesus St | Water Level: 7.62cm (3 inches) | Passable to motorcycles and cars (sedan) | As of 8:30 p.m. city government posted the status of the flooding in some areas:,flood_observed,7.62cm (3 inches),7.62,7.62,Passable to motorcycles and cars (sedan),source_reviewed_candidate_not_training_admitted,,,2026-08-17,docs/evaluations/metro-manila-flood-duration-20261004,NCR-2026-08-17,explicit publisher city section,"""datePublished"":""2026-08-17T",28;29;64;68;69;70,GMA-20260817-998778-R0259,,,,,,,,
OBS-8ac52dad97127474,GMA-20260817-998778,f746dffb4918,https://www.gmanetwork.com/news/topstories/metro/998778/list-flooded-roads-in-metro-manila-on-monday-morning/story/,NCR-2026-AUG17-18,Pasig,Manggahan,Manggahan,Kabayanihan St.,2026-08-17T20:30:00+08:00,Explicit as-of clock with same-day dated publication/report context; publication clock is never onset or clearance.,28,Pasig City | Barangay Manggahan | Kabayanihan St. | Water Level: 12.7cm (5 inches) | Passable to motorcycles and cars (sedan) | As of 8:30 p.m. city government posted the status of the flooding in some areas:,flood_observed,12.7cm (5 inches),12.7,12.7,Passable to motorcycles and cars (sedan),source_reviewed_candidate_not_training_admitted,,,2026-08-17,docs/evaluations/metro-manila-flood-duration-20261004,NCR-2026-08-17,explicit publisher city section,"""datePublished"":""2026-08-17T",28;29;64;71;72;73,GMA-20260817-998778-R0260,,,,,,,,
OBS-39c2550d7f3bc97b,GMA-20260817-998778,f746dffb4918,https://www.gmanetwork.com/news/topstories/metro/998778/list-flooded-roads-in-metro-manila-on-monday-morning/story/,NCR-2026-AUG17-18,Pasig,Manggahan,Manggahan,Karikitan St.,2026-08-17T20:30:00+08:00,Explicit as-of clock with same-day dated publication/report context; publication clock is never onset or clearance.,28,Pasig City | Barangay Manggahan | Karikitan St. | Water Level: 12.7cm (5 inches) | Passable to motorcycles and cars (sedan) | As of 8:30 p.m. city government posted the status of the flooding in some areas:,flood_observed,12.7cm (5 inches),12.7,12.7,Passable to motorcycles and cars (sedan),source_reviewed_candidate_not_training_admitted,,,2026-08-17,docs/evaluations/metro-manila-flood-duration-20261004,NCR-2026-08-17,explicit publisher city section,"""datePublished"":""2026-08-17T",28;29;64;74;75;76,GMA-20260817-998778-R0261,,,,,,,,
OBS-c98cec2d054985dc,GMA-20260817-998778,f746dffb4918,https://www.gmanetwork.com/news/topstories/metro/998778/list-flooded-roads-in-metro-manila-on-monday-morning/story/,NCR-2026-AUG17-18,Pasig,Manggahan,Manggahan,Katiyagaan St.,2026-08-17T20:30:00+08:00,Explicit as-of clock with same-day dated publication/report context; publication clock is never onset or clearance.,28,Pasig City | Barangay Manggahan | Katiyagaan St. | Water Level: 12.7cm (5 inches) | Passable to motorcycles and cars (sedan) | As of 8:30 p.m. city government posted the status of the flooding in some areas:,flood_observed,12.7cm (5 inches),12.7,12.7,Passable to motorcycles and cars (sedan),source_reviewed_candidate_not_training_admitted,,,2026-08-17,docs/evaluations/metro-manila-flood-duration-20261004,NCR-2026-08-17,explicit publisher city section,"""datePublished"":""2026-08-17T",28;29;64;77;78;79,GMA-20260817-998778-R0262,,,,,,,,
OBS-5a58036dc6db9745,GMA-20260817-998778,f746dffb4918,https://www.gmanetwork.com/news/topstories/metro/998778/list-flooded-roads-in-metro-manila-on-monday-morning/story/,NCR-2026-AUG17-18,Pasig,Manggahan,Manggahan,Iglesia going to Greenpark St.,2026-08-17T20:30:00+08:00,Explicit as-of clock with same-day dated publication/report context; publication clock is never onset or clearance.,28,Pasig City | Barangay Manggahan | Iglesia going to Greenpark St. | Water Level: 7.62cm (3 inches) | Passable to motorcycles and cars (sedan) | As of 8:30 p.m. city government posted the status of the flooding in some areas:,flood_observed,7.62cm (3 inches),7.62,7.62,Passable to motorcycles and cars (sedan),source_reviewed_candidate_not_training_admitted,,,2026-08-17,docs/evaluations/metro-manila-flood-duration-20261004,NCR-2026-08-17,explicit publisher city section,"""datePublished"":""2026-08-17T",28;29;64;80;81;82,GMA-20260817-998778-R0263,,,,,,,,
OBS-0b81aecc0d12865a,GMA-20260817-998778,f746dffb4918,https://www.gmanetwork.com/news/topstories/metro/998778/list-flooded-roads-in-metro-manila-on-monday-morning/story/,NCR-2026-AUG17-18,Pasig,Manggahan,Manggahan,Soliven Ave.,2026-08-17T20:30:00+08:00,Explicit as-of clock with same-day dated publication/report context; publication clock is never onset or clearance.,28,Pasig City | Barangay Manggahan | Soliven Ave. | Water Level: 12.7cm (5 inches) | Passable to motorcycles and cars (sedan) | As of 8:30 p.m. city government posted the status of the flooding in some areas:,flood_observed,12.7cm (5 inches),12.7,12.7,Passable to motorcycles and cars (sedan),source_reviewed_candidate_not_training_admitted,,,2026-08-17,docs/evaluations/metro-manila-flood-duration-20261004,NCR-2026-08-17,explicit publisher city section,"""datePublished"":""2026-08-17T",28;29;64;83;84;85,GMA-20260817-998778-R0264,,,,,,,,
OBS-6f5c8df48d2e9447,GMA-20260817-998778,f746dffb4918,https://www.gmanetwork.com/news/topstories/metro/998778/list-flooded-roads-in-metro-manila-on-monday-morning/story/,NCR-2026-AUG17-18,Pasig,Manggahan,Manggahan,Prague St,2026-08-17T20:30:00+08:00,Explicit as-of clock with same-day dated publication/report context; publication clock is never onset or clearance.,28,Pasig City | Barangay Manggahan | Prague St | Water Level: 12.7cm (5 inches) | Passable to motorcycles and cars (sedan) | As of 8:30 p.m. city government posted the status of the flooding in some areas:,flood_observed,12.7cm (5 inches),12.7,12.7,Passable to motorcycles and cars (sedan),source_reviewed_candidate_not_training_admitted,,,2026-08-17,docs/evaluations/metro-manila-flood-duration-20261004,NCR-2026-08-17,explicit publisher city section,"""datePublished"":""2026-08-17T",28;29;64;86;87;88,GMA-20260817-998778-R0265,,,,,,,,
OBS-fb1d64ed0115db62,GMA-20260817-998778,f746dffb4918,https://www.gmanetwork.com/news/topstories/metro/998778/list-flooded-roads-in-metro-manila-on-monday-morning/story/,NCR-2026-AUG17-18,Pasig,Manggahan,Manggahan,Rome St,2026-08-17T20:30:00+08:00,Explicit as-of clock with same-day dated publication/report context; publication clock is never onset or clearance.,28,Pasig City | Barangay Manggahan | Rome St | Water Level: 12.7cm (5 inches) | Passable to motorcycles and cars (sedan) | As of 8:30 p.m. city government posted the status of the flooding in some areas:,flood_observed,12.7cm (5 inches),12.7,12.7,Passable to motorcycles and cars (sedan),source_reviewed_candidate_not_training_admitted,,,2026-08-17,docs/evaluations/metro-manila-flood-duration-20261004,NCR-2026-08-17,explicit publisher city section,"""datePublished"":""2026-08-17T",28;29;64;89;90;91,GMA-20260817-998778-R0266,,,,,,,,
OBS-bddcb5e7f93f4144,GMA-20260817-998778,f746dffb4918,https://www.gmanetwork.com/news/topstories/metro/998778/list-flooded-roads-in-metro-manila-on-monday-morning/story/,NCR-2026-AUG17-18,Pasig,Manggahan,Manggahan,Melbourne St,2026-08-17T20:30:00+08:00,Explicit as-of clock with same-day dated publication/report context; publication clock is never onset or clearance.,28,Pasig City | Barangay Manggahan | Melbourne St | Water Level: 15.24cm (6 inches) | Passable to motorcycles and cars (sedan) | As of 8:30 p.m. city government posted the status of the flooding in some areas:,flood_observed,15.24cm (6 inches),15.24,15.24,Passable to motorcycles and cars (sedan),source_reviewed_candidate_not_training_admitted,,,2026-08-17,docs/evaluations/metro-manila-flood-duration-20261004,NCR-2026-08-17,explicit publisher city section,"""datePublished"":""2026-08-17T",28;29;64;92;93;94,GMA-20260817-998778-R0267,,,,,,,,
OBS-c2afbe51cb247c9f,GMA-20260817-998778,f746dffb4918,https://www.gmanetwork.com/news/topstories/metro/998778/list-flooded-roads-in-metro-manila-on-monday-morning/story/,NCR-2026-AUG17-18,Pasig,Manggahan,Manggahan,Brisbane St,2026-08-17T20:30:00+08:00,Explicit as-of clock with same-day dated publication/report context; publication clock is never onset or clearance.,28,Pasig City | Barangay Manggahan | Brisbane St | Water Level: 7.62cm (3 inches) | Passable to motorcycles and cars (sedan) | As of 8:30 p.m. city government posted the status of the flooding in some areas:,flood_observed,7.62cm (3 inches),7.62,7.62,Passable to motorcycles and cars (sedan),source_reviewed_candidate_not_training_admitted,,,2026-08-17,docs/evaluations/metro-manila-flood-duration-20261004,NCR-2026-08-17,explicit publisher city section,"""datePublished"":""2026-08-17T",28;29;64;95;96;97,GMA-20260817-998778-R0268,,,,,,,,
OBS-4e3abad4b0739e67,GMA-20260817-998778,f746dffb4918,https://www.gmanetwork.com/news/topstories/metro/998778/list-flooded-roads-in-metro-manila-on-monday-morning/story/,NCR-2026-AUG17-18,Pasig,Manggahan,Manggahan,Cape Town St,2026-08-17T20:30:00+08:00,Explicit as-of clock with same-day dated publication/report context; publication clock is never onset or clearance.,28,Pasig City | Barangay Manggahan | Cape Town St | Water Level: 10.16 cm (4 inches) | Passable to motorcycles and cars (sedan) | As of 8:30 p.m. city government posted the status of the flooding in some areas:,flood_observed,10.16 cm (4 inches),10.16,10.16,Passable to motorcycles and cars (sedan),source_reviewed_candidate_not_training_admitted,,,2026-08-17,docs/evaluations/metro-manila-flood-duration-20261004,NCR-2026-08-17,explicit publisher city section,"""datePublished"":""2026-08-17T",28;29;64;98;99;100,GMA-20260817-998778-R0269,,,,,,,,
OBS-f421a7dbfb5e17bd,GMA-20260817-998778,f746dffb4918,https://www.gmanetwork.com/news/topstories/metro/998778/list-flooded-roads-in-metro-manila-on-monday-morning/story/,NCR-2026-AUG17-18,Pasig,Manggahan,Manggahan,San Salvador St,2026-08-17T20:30:00+08:00,Explicit as-of clock with same-day dated publication/report context; publication clock is never onset or clearance.,28,Pasig City | Barangay Manggahan | San Salvador St | Water Level: 20.23 cm (8 inches) | Passable to motorcycles and cars (sedan) | As of 8:30 p.m. city government posted the status of the flooding in some areas:,flood_observed,20.23 cm (8 inches),20.23,20.23,Passable to motorcycles and cars (sedan),source_reviewed_candidate_not_training_admitted,,,2026-08-17,docs/evaluations/metro-manila-flood-duration-20261004,NCR-2026-08-17,explicit publisher city section,"""datePublished"":""2026-08-17T",28;29;64;101;102;103,GMA-20260817-998778-R0270,,,,,,,,
OBS-b79ac055f994c225,GMA-20260817-998778,f746dffb4918,https://www.gmanetwork.com/news/topstories/metro/998778/list-flooded-roads-in-metro-manila-on-monday-morning/story/,NCR-2026-AUG17-18,Pasig,Maybunga,Maybunga,San Antonio Abad,2026-08-17T20:30:00+08:00,Explicit as-of clock with same-day dated publication/report context; publication clock is never onset or clearance.,28,Pasig City | Barangay Maybunga | San Antonio Abad | Water Level: 45.72 cm (18 inches) | Not passable to motorcycles and cars (sedan) | As of 8:30 p.m. city government posted the status of the flooding in some areas:,flood_observed,45.72 cm (18 inches),45.72,45.72,Not passable to motorcycles and cars (sedan),source_reviewed_candidate_not_training_admitted,,,2026-08-17,docs/evaluations/metro-manila-flood-duration-20261004,NCR-2026-08-17,explicit publisher city section,"""datePublished"":""2026-08-17T",28;29;104;105;106;107,GMA-20260817-998778-R0271,,,,,,,,
OBS-e4a509079ba1c733,GMA-20260817-998778,f746dffb4918,https://www.gmanetwork.com/news/topstories/metro/998778/list-flooded-roads-in-metro-manila-on-monday-morning/story/,NCR-2026-AUG17-18,Pasig,Maybunga,Maybunga,Damayan Homes,2026-08-17T20:30:00+08:00,Explicit as-of clock with same-day dated publication/report context; publication clock is never onset or clearance.,28,Pasig City | Barangay Maybunga | Damayan Homes | Water Level: 30.48 cm (12 inches) | Not passable to motorcycles and cars (sedan) | As of 8:30 p.m. city government posted the status of the flooding in some areas:,flood_observed,30.48 cm (12 inches),30.48,30.48,Not passable to motorcycles and cars (sedan),source_reviewed_candidate_not_training_admitted,,,2026-08-17,docs/evaluations/metro-manila-flood-duration-20261004,NCR-2026-08-17,explicit publisher city section,"""datePublished"":""2026-08-17T",28;29;104;108;109;110,GMA-20260817-998778-R0272,,,,,,,,
OBS-77a2fce36b3660c5,GMA-20260817-998778,f746dffb4918,https://www.gmanetwork.com/news/topstories/metro/998778/list-flooded-roads-in-metro-manila-on-monday-morning/story/,NCR-2026-AUG17-18,Pasig,Maybunga,Maybunga,Jenny's Ave (in front of RESPSCI),2026-08-17T20:30:00+08:00,Explicit as-of clock with same-day dated publication/report context; publication clock is never onset or clearance.,28,Pasig City | Barangay Maybunga | Jenny's Ave (in front of RESPSCI) | Water Level: 7.62 cm (3 inches) | Passable to motorcycles and cars (sedan) | As of 8:30 p.m. city government posted the status of the flooding in some areas:,flood_observed,7.62 cm (3 inches),7.62,7.62,Passable to motorcycles and cars (sedan),source_reviewed_candidate_not_training_admitted,,,2026-08-17,docs/evaluations/metro-manila-flood-duration-20261004,NCR-2026-08-17,explicit publisher city section,"""datePublished"":""2026-08-17T",28;29;104;111;112;113,GMA-20260817-998778-R0273,,,,,,,,
OBS-a9353c61bb8ef986,GMA-20260817-998778,f746dffb4918,https://www.gmanetwork.com/news/topstories/metro/998778/list-flooded-roads-in-metro-manila-on-monday-morning/story/,NCR-2026-AUG17-18,Pasig,Oranbo,Oranbo,Saint Francis St.,2026-08-17T20:30:00+08:00,Explicit as-of clock with same-day dated publication/report context; publication clock is never onset or clearance.,28,Pasig City | Barangay Oranbo | Saint Francis St. | Water Level: 10.16 cm (4 inches) | Passable to motorcycles and cars (sedan) | As of 8:30 p.m. city government posted the status of the flooding in some areas:,flood_observed,10.16 cm (4 inches),10.16,10.16,Passable to motorcycles and cars (sedan),source_reviewed_candidate_not_training_admitted,,,2026-08-17,docs/evaluations/metro-manila-flood-duration-20261004,NCR-2026-08-17,explicit publisher city section,"""datePublished"":""2026-08-17T",28;29;114;115;116;117,GMA-20260817-998778-R0274,,,,,,,,
OBS-95176c78913b64dd,GMA-20260817-998778,f746dffb4918,https://www.gmanetwork.com/news/topstories/metro/998778/list-flooded-roads-in-metro-manila-on-monday-morning/story/,NCR-2026-AUG17-18,Pasig,Pinagbuhatan,Pinagbuhatan,Urbano Velasco cor. Esguerra,2026-08-17T20:30:00+08:00,Explicit as-of clock with same-day dated publication/report context; publication clock is never onset or clearance.,28,Pasig City | Barangay Pinagbuhatan | Urbano Velasco cor. Esguerra | Water Level: 7.62 cm (3 inches) | Passable to motorcycles and cars (sedan) | As of 8:30 p.m. city government posted the status of the flooding in some areas:,flood_observed,7.62 cm (3 inches),7.62,7.62,Passable to motorcycles and cars (sedan),source_reviewed_candidate_not_training_admitted,,,2026-08-17,docs/evaluations/metro-manila-flood-duration-20261004,NCR-2026-08-17,explicit publisher city section,"""datePublished"":""2026-08-17T",28;29;118;119;120;121,GMA-20260817-998778-R0275,,,,,,,,
OBS-987f69c9a0bf5dd7,GMA-20260817-998778,f746dffb4918,https://www.gmanetwork.com/news/topstories/metro/998778/list-flooded-roads-in-metro-manila-on-monday-morning/story/,NCR-2026-AUG17-18,Pasig,Pinagbuhatan,Pinagbuhatan,"Gladiola St., Garden Royalle Villas",2026-08-17T20:30:00+08:00,Explicit as-of clock with same-day dated publication/report context; publication clock is never onset or clearance.,28,"Pasig City | Barangay Pinagbuhatan | Gladiola St., Garden Royalle Villas | Water Level: 12.7cm (5 inches) | Passable to motorcycles and cars (sedan) | As of 8:30 p.m. city government posted the status of the flooding in some areas:",flood_observed,12.7cm (5 inches),12.7,12.7,Passable to motorcycles and cars (sedan),source_reviewed_candidate_not_training_admitted,,,2026-08-17,docs/evaluations/metro-manila-flood-duration-20261004,NCR-2026-08-17,explicit publisher city section,"""datePublished"":""2026-08-17T",28;29;118;122;123;124,GMA-20260817-998778-R0276,,,,,,,,
OBS-41531714711ee124,GMA-20260817-998778,f746dffb4918,https://www.gmanetwork.com/news/topstories/metro/998778/list-flooded-roads-in-metro-manila-on-monday-morning/story/,NCR-2026-AUG17-18,Pasig,Rosario,Rosario,Rosario Blvd.,2026-08-17T20:30:00+08:00,Explicit as-of clock with same-day dated publication/report context; publication clock is never onset or clearance.,28,Pasig City | Barangay Rosario | Rosario Blvd. | Water Level: 30.48 cm (12 inches) | Not passable to motorcycles and cars (sedan) | As of 8:30 p.m. city government posted the status of the flooding in some areas:,flood_observed,30.48 cm (12 inches),30.48,30.48,Not passable to motorcycles and cars (sedan),source_reviewed_candidate_not_training_admitted,,,2026-08-17,docs/evaluations/metro-manila-flood-duration-20261004,NCR-2026-08-17,explicit publisher city section,"""datePublished"":""2026-08-17T",28;29;125;126;127;128,GMA-20260817-998778-R0277,,,,,,,,
OBS-f21f1b7581e54b71,GMA-20260817-998778,f746dffb4918,https://www.gmanetwork.com/news/topstories/metro/998778/list-flooded-roads-in-metro-manila-on-monday-morning/story/,NCR-2026-AUG17-18,Pasig,San Miguel,San Miguel,Parian Creek,2026-08-17T20:30:00+08:00,Explicit as-of clock with same-day dated publication/report context; publication clock is never onset or clearance.,28,Pasig City | Barangay San Miguel | Parian Creek | Water Level: 7.62 cm (3 inches) | Passable to motorcycles and cars (sedan) | As of 8:30 p.m. city government posted the status of the flooding in some areas:,flood_observed,7.62 cm (3 inches),7.62,7.62,Passable to motorcycles and cars (sedan),source_reviewed_candidate_not_training_admitted,,,2026-08-17,docs/evaluations/metro-manila-flood-duration-20261004,NCR-2026-08-17,explicit publisher city section,"""datePublished"":""2026-08-17T",28;29;129;130;131;132,GMA-20260817-998778-R0278,,,,,,,,
OBS-a9fd99a73ecee909,GMA-20260817-998778,f746dffb4918,https://www.gmanetwork.com/news/topstories/metro/998778/list-flooded-roads-in-metro-manila-on-monday-morning/story/,NCR-2026-AUG17-18,Pasig,San Miguel,San Miguel,Villa Eusebio,2026-08-17T20:30:00+08:00,Explicit as-of clock with same-day dated publication/report context; publication clock is never onset or clearance.,28,Pasig City | Barangay San Miguel | Villa Eusebio | Water Level: 60.96 cm (24 inches) | Not passable to motorcycles and cars (sedan) | As of 8:30 p.m. city government posted the status of the flooding in some areas:,flood_observed,60.96 cm (24 inches),60.96,60.96,Not passable to motorcycles and cars (sedan),source_reviewed_candidate_not_training_admitted,,,2026-08-17,docs/evaluations/metro-manila-flood-duration-20261004,NCR-2026-08-17,explicit publisher city section,"""datePublished"":""2026-08-17T",28;29;129;133;134;135,GMA-20260817-998778-R0279,,,,,,,,
OBS-c36ef54b272fbc2e,GMA-20260817-998778,f746dffb4918,https://www.gmanetwork.com/news/topstories/metro/998778/list-flooded-roads-in-metro-manila-on-monday-morning/story/,NCR-2026-AUG17-18,Pasig,San Miguel,San Miguel,Eusebio Ave.,2026-08-17T20:30:00+08:00,Explicit as-of clock with same-day dated publication/report context; publication clock is never onset or clearance.,28,Pasig City | Barangay San Miguel | Eusebio Ave. | Water Level: 5cm (2 inches) | Passable to motorcycles and cars (sedan) | As of 8:30 p.m. city government posted the status of the flooding in some areas:,flood_observed,5cm (2 inches),5.0,5.0,Passable to motorcycles and cars (sedan),source_reviewed_candidate_not_training_admitted,,,2026-08-17,docs/evaluations/metro-manila-flood-duration-20261004,NCR-2026-08-17,explicit publisher city section,"""datePublished"":""2026-08-17T",28;29;129;136;137;138,GMA-20260817-998778-R0280,,,,,,,,
OBS-1281e7e138cca877,GMA-20260817-998778,f746dffb4918,https://www.gmanetwork.com/news/topstories/metro/998778/list-flooded-roads-in-metro-manila-on-monday-morning/story/,NCR-2026-AUG17-18,Pasig,San Miguel,San Miguel,Luis St,2026-08-17T20:30:00+08:00,Explicit as-of clock with same-day dated publication/report context; publication clock is never onset or clearance.,28,Pasig City | Barangay San Miguel | Luis St | Water Level: 5cm (2 inches) | Passable to motorcycles and cars (sedan) | As of 8:30 p.m. city government posted the status of the flooding in some areas:,flood_observed,5cm (2 inches),5.0,5.0,Passable to motorcycles and cars (sedan),source_reviewed_candidate_not_training_admitted,,,2026-08-17,docs/evaluations/metro-manila-flood-duration-20261004,NCR-2026-08-17,explicit publisher city section,"""datePublished"":""2026-08-17T",28;29;129;139;140;141,GMA-20260817-998778-R0281,,,,,,,,
OBS-0cd7ea7a253d73df,GMA-20260817-998778,f746dffb4918,https://www.gmanetwork.com/news/topstories/metro/998778/list-flooded-roads-in-metro-manila-on-monday-morning/story/,NCR-2026-AUG17-18,Pasig,San Miguel,San Miguel,Market Ave to Chinese School,2026-08-17T20:30:00+08:00,Explicit as-of clock with same-day dated publication/report context; publication clock is never onset or clearance.,28,Pasig City | Barangay San Miguel | Market Ave to Chinese School | Water Level: 12.7cm (5 inches) | Passable to motorcycles and cars (sedan) | As of 8:30 p.m. city government posted the status of the flooding in some areas:,flood_observed,12.7cm (5 inches),12.7,12.7,Passable to motorcycles and cars (sedan),source_reviewed_candidate_not_training_admitted,,,2026-08-17,docs/evaluations/metro-manila-flood-duration-20261004,NCR-2026-08-17,explicit publisher city section,"""datePublished"":""2026-08-17T",28;29;129;142;143;144,GMA-20260817-998778-R0282,,,,,,,,
OBS-7d636223aa758b4b,GMA-20260817-998778,f746dffb4918,https://www.gmanetwork.com/news/topstories/metro/998778/list-flooded-roads-in-metro-manila-on-monday-morning/story/,NCR-2026-AUG17-18,Pasig,San Miguel,San Miguel,Avocado St.,2026-08-17T20:30:00+08:00,Explicit as-of clock with same-day dated publication/report context; publication clock is never onset or clearance.,28,Pasig City | Barangay San Miguel | Avocado St. | Water Level: 12.7cm (5 inches) | Passable to motorcycles and cars (sedan) | As of 8:30 p.m. city government posted the status of the flooding in some areas:,flood_observed,12.7cm (5 inches),12.7,12.7,Passable to motorcycles and cars (sedan),source_reviewed_candidate_not_training_admitted,,,2026-08-17,docs/evaluations/metro-manila-flood-duration-20261004,NCR-2026-08-17,explicit publisher city section,"""datePublished"":""2026-08-17T",28;29;129;145;146;147,GMA-20260817-998778-R0283,,,,,,,,
OBS-5c29bd008fcbdd4a,GMA-20260817-998778,f746dffb4918,https://www.gmanetwork.com/news/topstories/metro/998778/list-flooded-roads-in-metro-manila-on-monday-morning/story/,NCR-2026-AUG17-18,Pasig,San Miguel,San Miguel,Lupang Pari,2026-08-17T20:30:00+08:00,Explicit as-of clock with same-day dated publication/report context; publication clock is never onset or clearance.,28,Pasig City | Barangay San Miguel | Lupang Pari | Water Level: 12.7cm (5 inches) | Passable to motorcycles and cars (sedan) | As of 8:30 p.m. city government posted the status of the flooding in some areas:,flood_observed,12.7cm (5 inches),12.7,12.7,Passable to motorcycles and cars (sedan),source_reviewed_candidate_not_training_admitted,,,2026-08-17,docs/evaluations/metro-manila-flood-duration-20261004,NCR-2026-08-17,explicit publisher city section,"""datePublished"":""2026-08-17T",28;29;129;148;149;150,GMA-20260817-998778-R0284,,,,,,,,
OBS-3e76fdc39a960683,GMA-20260817-998778,f746dffb4918,https://www.gmanetwork.com/news/topstories/metro/998778/list-flooded-roads-in-metro-manila-on-monday-morning/story/,NCR-2026-AUG17-18,Pasig,San Miguel,San Miguel,Bliss LP,2026-08-17T20:30:00+08:00,Explicit as-of clock with same-day dated publication/report context; publication clock is never onset or clearance.,28,Pasig City | Barangay San Miguel | Bliss LP | Water Level: 10.16 cm (4 inches) | Passable to motorcycles and cars (sedan) | As of 8:30 p.m. city government posted the status of the flooding in some areas:,flood_observed,10.16 cm (4 inches),10.16,10.16,Passable to motorcycles and cars (sedan),source_reviewed_candidate_not_training_admitted,,,2026-08-17,docs/evaluations/metro-manila-flood-duration-20261004,NCR-2026-08-17,explicit publisher city section,"""datePublished"":""2026-08-17T",28;29;129;151;152;153,GMA-20260817-998778-R0285,,,,,,,,
OBS-b6d2b6c32af00dc4,GMA-20260817-998778,f746dffb4918,https://www.gmanetwork.com/news/topstories/metro/998778/list-flooded-roads-in-metro-manila-on-monday-morning/story/,NCR-2026-AUG17-18,Pasig,San Miguel,San Miguel,JV Angles St.,2026-08-17T20:30:00+08:00,Explicit as-of clock with same-day dated publication/report context; publication clock is never onset or clearance.,28,Pasig City | Barangay San Miguel | JV Angles St. | Water Level: 10.16 cm (4 inches) | Passable to motorcycles and cars (sedan) | As of 8:30 p.m. city government posted the status of the flooding in some areas:,flood_observed,10.16 cm (4 inches),10.16,10.16,Passable to motorcycles and cars (sedan),source_reviewed_candidate_not_training_admitted,,,2026-08-17,docs/evaluations/metro-manila-flood-duration-20261004,NCR-2026-08-17,explicit publisher city section,"""datePublished"":""2026-08-17T",28;29;129;154;155;156,GMA-20260817-998778-R0286,,,,,,,,
OBS-154534ca8550bcda,GMA-20260817-998778,f746dffb4918,https://www.gmanetwork.com/news/topstories/metro/998778/list-flooded-roads-in-metro-manila-on-monday-morning/story/,NCR-2026-AUG17-18,Pasig,San Miguel,San Miguel,Dr. Pilapil Purok 1 to 2,2026-08-17T20:30:00+08:00,Explicit as-of clock with same-day dated publication/report context; publication clock is never onset or clearance.,28,Pasig City | Barangay San Miguel | Dr. Pilapil Purok 1 to 2 | Water Level: 10.16 cm (4 inches) | Passable to motorcycles and cars (sedan) | As of 8:30 p.m. city government posted the status of the flooding in some areas:,flood_observed,10.16 cm (4 inches),10.16,10.16,Passable to motorcycles and cars (sedan),source_reviewed_candidate_not_training_admitted,,,2026-08-17,docs/evaluations/metro-manila-flood-duration-20261004,NCR-2026-08-17,explicit publisher city section,"""datePublished"":""2026-08-17T",28;29;129;157;158;159,GMA-20260817-998778-R0287,,,,,,,,
OBS-71191bbef4b308bc,GMA-20260817-998778,f746dffb4918,https://www.gmanetwork.com/news/topstories/metro/998778/list-flooded-roads-in-metro-manila-on-monday-morning/story/,NCR-2026-AUG17-18,Pasig,Sta. Cruz,Sta. Cruz,Purok 6 Capt. Ato,2026-08-17T20:30:00+08:00,Explicit as-of clock with same-day dated publication/report context; publication clock is never onset or clearance.,28,Pasig City | Barangay Sta. Cruz | Purok 6 Capt. Ato | Water Level: 2.54cm (1 inch) | Passable to motorcycles and cars (sedan) | As of 8:30 p.m. city government posted the status of the flooding in some areas:,flood_observed,2.54cm (1 inch),2.54,2.54,Passable to motorcycles and cars (sedan),source_reviewed_candidate_not_training_admitted,,,2026-08-17,docs/evaluations/metro-manila-flood-duration-20261004,NCR-2026-08-17,explicit publisher city section,"""datePublished"":""2026-08-17T",28;29;160;161;162;163,GMA-20260817-998778-R0288,,,,,,,,
OBS-ba44618d9e1d0b09,GMA-20260817-998778,f746dffb4918,https://www.gmanetwork.com/news/topstories/metro/998778/list-flooded-roads-in-metro-manila-on-monday-morning/story/,NCR-2026-AUG17-18,Pasig,Sta. Lucia,Sta. Lucia,Liamzon,2026-08-17T20:30:00+08:00,Explicit as-of clock with same-day dated publication/report context; publication clock is never onset or clearance.,28,Pasig City | Barangay Sta. Lucia | Liamzon | Water Level: 10.16cm (4 inches) | Passable to motorcycles and cars (sedan) | As of 8:30 p.m. city government posted the status of the flooding in some areas:,flood_observed,10.16cm (4 inches),10.16,10.16,Passable to motorcycles and cars (sedan),source_reviewed_candidate_not_training_admitted,,,2026-08-17,docs/evaluations/metro-manila-flood-duration-20261004,NCR-2026-08-17,explicit publisher city section,"""datePublished"":""2026-08-17T",28;29;164;165;166;167,GMA-20260817-998778-R0289,,,,,,,,
OBS-56591304e08245f7,GMA-20260817-998778,f746dffb4918,https://www.gmanetwork.com/news/topstories/metro/998778/list-flooded-roads-in-metro-manila-on-monday-morning/story/,NCR-2026-AUG17-18,Pasig,Sta. Lucia,Sta. Lucia,Riverside,2026-08-17T20:30:00+08:00,Explicit as-of clock with same-day dated publication/report context; publication clock is never onset or clearance.,28,Pasig City | Barangay Sta. Lucia | Riverside | Water Level: 10.16cm (4 inches) | Passable to motorcycles and cars (sedan) | As of 8:30 p.m. city government posted the status of the flooding in some areas:,flood_observed,10.16cm (4 inches),10.16,10.16,Passable to motorcycles and cars (sedan),source_reviewed_candidate_not_training_admitted,,,2026-08-17,docs/evaluations/metro-manila-flood-duration-20261004,NCR-2026-08-17,explicit publisher city section,"""datePublished"":""2026-08-17T",28;29;164;168;169;170,GMA-20260817-998778-R0290,,,,,,,,
OBS-c7c886446a7d9670,GMA-20260817-998778,f746dffb4918,https://www.gmanetwork.com/news/topstories/metro/998778/list-flooded-roads-in-metro-manila-on-monday-morning/story/,NCR-2026-AUG17-18,Pasig,Sta. Lucia,Sta. Lucia,Bautista St,2026-08-17T20:30:00+08:00,Explicit as-of clock with same-day dated publication/report context; publication clock is never onset or clearance.,28,Pasig City | Barangay Sta. Lucia | Bautista St | Water Level: 10.16cm (4 inches) | Passable to motorcycles and cars (sedan) | As of 8:30 p.m. city government posted the status of the flooding in some areas:,flood_observed,10.16cm (4 inches),10.16,10.16,Passable to motorcycles and cars (sedan),source_reviewed_candidate_not_training_admitted,,,2026-08-17,docs/evaluations/metro-manila-flood-duration-20261004,NCR-2026-08-17,explicit publisher city section,"""datePublished"":""2026-08-17T",28;29;164;171;172;173,GMA-20260817-998778-R0291,,,,,,,,
OBS-ad84576838f2aeb6,GMA-20260817-998778,f746dffb4918,https://www.gmanetwork.com/news/topstories/metro/998778/list-flooded-roads-in-metro-manila-on-monday-morning/story/,NCR-2026-AUG17-18,Pasig,Sta. Lucia,Sta. Lucia,Rosorio 5,2026-08-17T20:30:00+08:00,Explicit as-of clock with same-day dated publication/report context; publication clock is never onset or clearance.,28,Pasig City | Barangay Sta. Lucia | Rosorio 5 | Water Level: 10.16cm (4 inches) | Passable to motorcycles and cars (sedan) | As of 8:30 p.m. city government posted the status of the flooding in some areas:,flood_observed,10.16cm (4 inches),10.16,10.16,Passable to motorcycles and cars (sedan),source_reviewed_candidate_not_training_admitted,,,2026-08-17,docs/evaluations/metro-manila-flood-duration-20261004,NCR-2026-08-17,explicit publisher city section,"""datePublished"":""2026-08-17T",28;29;164;174;175;176,GMA-20260817-998778-R0292,,,,,,,,
OBS-c5345e9d968868ad,GMA-20260817-998778,f746dffb4918,https://www.gmanetwork.com/news/topstories/metro/998778/list-flooded-roads-in-metro-manila-on-monday-morning/story/,NCR-2026-AUG17-18,Pasig,Sta. Lucia,Sta. Lucia,Rosorio 6,2026-08-17T20:30:00+08:00,Explicit as-of clock with same-day dated publication/report context; publication clock is never onset or clearance.,28,Pasig City | Barangay Sta. Lucia | Rosorio 6 | Water Level: 10.16cm (4 inches) | Passable to motorcycles and cars (sedan) | As of 8:30 p.m. city government posted the status of the flooding in some areas:,flood_observed,10.16cm (4 inches),10.16,10.16,Passable to motorcycles and cars (sedan),source_reviewed_candidate_not_training_admitted,,,2026-08-17,docs/evaluations/metro-manila-flood-duration-20261004,NCR-2026-08-17,explicit publisher city section,"""datePublished"":""2026-08-17T",28;29;164;177;178;179,GMA-20260817-998778-R0293,,,,,,,,
OBS-abef89143afa5c3a,GMA-20260817-998778,f746dffb4918,https://www.gmanetwork.com/news/topstories/metro/998778/list-flooded-roads-in-metro-manila-on-monday-morning/story/,NCR-2026-AUG17-18,Pasig,Sta. Lucia,Sta. Lucia,Tawi-Tawi,2026-08-17T20:30:00+08:00,Explicit as-of clock with same-day dated publication/report context; publication clock is never onset or clearance.,28,Pasig City | Barangay Sta. Lucia | Tawi-Tawi | Water Level: 10.16cm (4 inches) | Passable to motorcycles and cars (sedan) | As of 8:30 p.m. city government posted the status of the flooding in some areas:,flood_observed,10.16cm (4 inches),10.16,10.16,Passable to motorcycles and cars (sedan),source_reviewed_candidate_not_training_admitted,,,2026-08-17,docs/evaluations/metro-manila-flood-duration-20261004,NCR-2026-08-17,explicit publisher city section,"""datePublished"":""2026-08-17T",28;29;164;180;181;182,GMA-20260817-998778-R0294,,,,,,,,
OBS-beadd0267ba7bdde,GMA-20260817-998778,f746dffb4918,https://www.gmanetwork.com/news/topstories/metro/998778/list-flooded-roads-in-metro-manila-on-monday-morning/story/,NCR-2026-AUG17-18,Pasig,Sta. Lucia,Sta. Lucia,Azucena St.,2026-08-17T20:30:00+08:00,Explicit as-of clock with same-day dated publication/report context; publication clock is never onset or clearance.,28,Pasig City | Barangay Sta. Lucia | Azucena St. | Water Level: 10.16cm (4 inches) | Passable to motorcycles and cars (sedan) | As of 8:30 p.m. city government posted the status of the flooding in some areas:,flood_observed,10.16cm (4 inches),10.16,10.16,Passable to motorcycles and cars (sedan),source_reviewed_candidate_not_training_admitted,,,2026-08-17,docs/evaluations/metro-manila-flood-duration-20261004,NCR-2026-08-17,explicit publisher city section,"""datePublished"":""2026-08-17T",28;29;164;183;184;185,GMA-20260817-998778-R0295,,,,,,,,
OBS-bfa454718dc1ef01,GMA-20260817-998778,f746dffb4918,https://www.gmanetwork.com/news/topstories/metro/998778/list-flooded-roads-in-metro-manila-on-monday-morning/story/,NCR-2026-AUG17-18,Pasig,Sta. Lucia,Sta. Lucia,DMA Morales New Society,2026-08-17T20:30:00+08:00,Explicit as-of clock with same-day dated publication/report context; publication clock is never onset or clearance.,28,Pasig City | Barangay Sta. Lucia | DMA Morales New Society | Water Level: 10.16cm (4 inches) | Passable to motorcycles and cars (sedan) | As of 8:30 p.m. city government posted the status of the flooding in some areas:,flood_observed,10.16cm (4 inches),10.16,10.16,Passable to motorcycles and cars (sedan),source_reviewed_candidate_not_training_admitted,,,2026-08-17,docs/evaluations/metro-manila-flood-duration-20261004,NCR-2026-08-17,explicit publisher city section,"""datePublished"":""2026-08-17T",28;29;164;186;187;188,GMA-20260817-998778-R0296,,,,,,,,
OBS-1c80ed2539e55a46,GMA-20260817-998778,f746dffb4918,https://www.gmanetwork.com/news/topstories/metro/998778/list-flooded-roads-in-metro-manila-on-monday-morning/story/,NCR-2026-AUG17-18,Pasig,Sta. Lucia,Sta. Lucia,Bagong Anyo St.,2026-08-17T20:30:00+08:00,Explicit as-of clock with same-day dated publication/report context; publication clock is never onset or clearance.,28,Pasig City | Barangay Sta. Lucia | Bagong Anyo St. | Water Level: 10.16cm (4 inches) | Passable to motorcycles and cars (sedan) | As of 8:30 p.m. city government posted the status of the flooding in some areas:,flood_observed,10.16cm (4 inches),10.16,10.16,Passable to motorcycles and cars (sedan),source_reviewed_candidate_not_training_admitted,,,2026-08-17,docs/evaluations/metro-manila-flood-duration-20261004,NCR-2026-08-17,explicit publisher city section,"""datePublished"":""2026-08-17T",28;29;164;189;190;191,GMA-20260817-998778-R0297,,,,,,,,
OBS-1fb967ecab28a189,GMA-20260817-998778,f746dffb4918,https://www.gmanetwork.com/news/topstories/metro/998778/list-flooded-roads-in-metro-manila-on-monday-morning/story/,NCR-2026-AUG17-18,Pasig,Sta. Lucia,Sta. Lucia,Metropolis Callos Compound,2026-08-17T20:30:00+08:00,Explicit as-of clock with same-day dated publication/report context; publication clock is never onset or clearance.,28,Pasig City | Barangay Sta. Lucia | Metropolis Callos Compound | Water Level: 10.16cm (4 inches) | Passable to motorcycles and cars (sedan) | As of 8:30 p.m. city government posted the status of the flooding in some areas:,flood_observed,10.16cm (4 inches),10.16,10.16,Passable to motorcycles and cars (sedan),source_reviewed_candidate_not_training_admitted,,,2026-08-17,docs/evaluations/metro-manila-flood-duration-20261004,NCR-2026-08-17,explicit publisher city section,"""datePublished"":""2026-08-17T",28;29;164;192;193;194,GMA-20260817-998778-R0298,,,,,,,,
OBS-88b6853912ac6c8e,GMA-20260817-998778,f746dffb4918,https://www.gmanetwork.com/news/topstories/metro/998778/list-flooded-roads-in-metro-manila-on-monday-morning/story/,NCR-2026-AUG17-18,Pasig,Sta. Lucia,Sta. Lucia,Hugo Compound (Dulo ng Tawi-Tawi),2026-08-17T20:30:00+08:00,Explicit as-of clock with same-day dated publication/report context; publication clock is never onset or clearance.,28,Pasig City | Barangay Sta. Lucia | Hugo Compound (Dulo ng Tawi-Tawi) | Water Level: 10.16cm (4 inches) | Passable to motorcycles and cars (sedan) | As of 8:30 p.m. city government posted the status of the flooding in some areas:,flood_observed,10.16cm (4 inches),10.16,10.16,Passable to motorcycles and cars (sedan),source_reviewed_candidate_not_training_admitted,,,2026-08-17,docs/evaluations/metro-manila-flood-duration-20261004,NCR-2026-08-17,explicit publisher city section,"""datePublished"":""2026-08-17T",28;29;164;195;196;197,GMA-20260817-998778-R0299,,,,,,,,
OBS-d41d19c6accac16d,GMA-20260817-998778,f746dffb4918,https://www.gmanetwork.com/news/topstories/metro/998778/list-flooded-roads-in-metro-manila-on-monday-morning/story/,NCR-2026-AUG17-18,Pasig,Santolan,Santolan,Doroteo Court,2026-08-17T20:30:00+08:00,Explicit as-of clock with same-day dated publication/report context; publication clock is never onset or clearance.,28,Pasig City | Barangay Santolan | Doroteo Court | Water Level: 40 cm (15.75 inches) | Not passable to motorcycles and cars (sedan) | As of 8:30 p.m. city government posted the status of the flooding in some areas:,flood_observed,40 cm (15.75 inches),40.0,40.0,Not passable to motorcycles and cars (sedan),source_reviewed_candidate_not_training_admitted,,,2026-08-17,docs/evaluations/metro-manila-flood-duration-20261004,NCR-2026-08-17,explicit publisher city section,"""datePublished"":""2026-08-17T",28;29;198;199;200;201,GMA-20260817-998778-R0300,,,,,,,,
OBS-b8b7945ec173f21e,GMA-20260817-998778,f746dffb4918,https://www.gmanetwork.com/news/topstories/metro/998778/list-flooded-roads-in-metro-manila-on-monday-morning/story/,NCR-2026-AUG17-18,Pasig,Santolan,Santolan,Doroteo Ext. cor Villa Doroteo,2026-08-17T20:30:00+08:00,Explicit as-of clock with same-day dated publication/report context; publication clock is never onset or clearance.,28,Pasig City | Barangay Santolan | Doroteo Ext. cor Villa Doroteo | Water Level: 40 cm (15.75 inches) | Not passable to motorcycle and cars (sedan) | As of 8:30 p.m. city government posted the status of the flooding in some areas:,flood_observed,40 cm (15.75 inches),40.0,40.0,Not passable to motorcycle and cars (sedan),source_reviewed_candidate_not_training_admitted,,,2026-08-17,docs/evaluations/metro-manila-flood-duration-20261004,NCR-2026-08-17,explicit publisher city section,"""datePublished"":""2026-08-17T",28;29;198;202;203;204,GMA-20260817-998778-R0301,,,,,,,,
OBS-037f3a0081fa52fb,GMA-20260817-998778,f746dffb4918,https://www.gmanetwork.com/news/topstories/metro/998778/list-flooded-roads-in-metro-manila-on-monday-morning/story/,NCR-2026-AUG17-18,Pasig,Santolan,Santolan,Camia St. (Sgt. De Leon),2026-08-17T20:30:00+08:00,Explicit as-of clock with same-day dated publication/report context; publication clock is never onset or clearance.,28,Pasig City | Barangay Santolan | Camia St. (Sgt. De Leon) | Water Level: 40 cm (15.75 inches) | Not passable to motorcycle and cars (sedan) | As of 8:30 p.m. city government posted the status of the flooding in some areas:,flood_observed,40 cm (15.75 inches),40.0,40.0,Not passable to motorcycle and cars (sedan),source_reviewed_candidate_not_training_admitted,,,2026-08-17,docs/evaluations/metro-manila-flood-duration-20261004,NCR-2026-08-17,explicit publisher city section,"""datePublished"":""2026-08-17T",28;29;198;205;206;207,GMA-20260817-998778-R0302,,,,,,,,
OBS-e633f9fe640238e0,GMA-20260817-998778,f746dffb4918,https://www.gmanetwork.com/news/topstories/metro/998778/list-flooded-roads-in-metro-manila-on-monday-morning/story/,NCR-2026-AUG17-18,Pasig,Santolan,Santolan,Rafael 3rd Street,2026-08-17T20:30:00+08:00,Explicit as-of clock with same-day dated publication/report context; publication clock is never onset or clearance.,28,Pasig City | Barangay Santolan | Rafael 3rd Street | Water Level: 40 cm (15.75 inches) | Not passable to motorcycle and cars (sedan) | As of 8:30 p.m. city government posted the status of the flooding in some areas:,flood_observed,40 cm (15.75 inches),40.0,40.0,Not passable to motorcycle and cars (sedan),source_reviewed_candidate_not_training_admitted,,,2026-08-17,docs/evaluations/metro-manila-flood-duration-20261004,NCR-2026-08-17,explicit publisher city section,"""datePublished"":""2026-08-17T",28;29;198;208;209;210,GMA-20260817-998778-R0303,,,,,,,,
OBS-18450a0b3641e5ab,GMA-20220903-843663,8c6d8a2a57bd,https://www.gmanetwork.com/news/topstories/metro/843663/metro-manila-areas-flooded-due-to-henry-southwest-monsoon/story/,NCR-2022-SEP03-HENRY,Marikina,Concepcion 2,Concepcion 2,Lilac Street corner Olive Street,,Date-level contemporary article; observation clock absent,4,"Lilac Street corner Olive Street in Brgy. Concepcion 2 in Marikina City became impassable to light vehicles due to flooding, according to a Super Radyo dzBB report by Sam Nielsen.",flood_observed,,,,impassable to light vehicles,source_reviewed_candidate_not_training_admitted,,no_duration_target;qualitative_or_missing_depth_no_numeric_conversion;observation_date_only_clock_unknown,2022-09-03,docs/evaluations/metro-manila-flood-duration-20261004,NCR-2022-09-03,explicit publisher city section,"""datePublished"":""2022-09-03T",4,GMA-20220903-843663-DATE-ONLY,,,,,,,,
OBS-db955ce5967f3859,GMA-20210725-796750,b5eeef4c01eb,https://www.gmanetwork.com/news/topstories/metro/796750/metro-manila-battles-floods-amid-stricter-quarantine-restrictions/story/,NCR-2021-JUL-HABAGAT,Quezon City,,,G. Araneta avenue,,Date-level contemporary article; observation clock absent,13,"The same was recorded G. Araneta avenue in Quezon City, where the waters have already subsided but streets were left muddy due to a number of potholes in the area.",clearance_candidate,,,,,source_reviewed_candidate_not_training_admitted,Broad avenue; exact flooded section unknown,no_duration_target;section_scope_review_required;observation_date_only_clock_unknown,2021-07-25,docs/evaluations/metro-manila-flood-duration-20261004,NCR-2021-07-25,explicit publisher city section,"""datePublished"":""2021-07-25T",13,GMA-20210725-796750-DATE-ONLY,,,,,,,,
OBS-170124a3939df660,RMN-20210725-MANDALUYONG-PASIG,32a77ec7d1b0,https://rmn.ph/ilang-kalsada-sa-mandaluyong-binaha-na-matapos-ang-tuloy-tuloy-na-pag-ulan/,NCR-2021-FABIAN-HABAGAT,Pasig,,,Metroville Imelda Ave.,,Contemporary article date only; preceding Mandaluyong noon clock not transferred to Pasig,2,"Publication metadata: 2021-07-25T05:52:01+00:00 | Gutter deep naman ang baha sa Villa Munsod hanggang San Dionisio, at Metroville Imelda Ave. sa Pasig.",flood_observed,gutter deep,,,,source_reviewed_candidate_not_training_admitted,,qualitative_or_missing_depth_no_numeric_conversion;observation_date_only_clock_unknown,2021-07-25,docs/evaluations/metro-manila-flood-duration-20261004,NCR-2021-07-25,Explicit publisher city in same sentence/paragraph,,2;8,RMN-20210725-MANDALUYONG-PASIG-R01,,,,,,,,
OBS-f7367beee8be5758,RMN-20210725-MANDALUYONG-PASIG,32a77ec7d1b0,https://rmn.ph/ilang-kalsada-sa-mandaluyong-binaha-na-matapos-ang-tuloy-tuloy-na-pag-ulan/,NCR-2021-FABIAN-HABAGAT,Pasig,Dela Paz,Dela Paz,Karangalan Street,,Contemporary article date only; preceding Mandaluyong noon clock not transferred to Pasig,2,"Publication metadata: 2021-07-25T05:52:01+00:00 | Samantala, sinabi naman ng Metropolitan Manila Development Authority (MMDA) na nagkaroon din ng pagbaha sa kahabaan ng Karangalan Street at Kalusugan Stresst sa Dela Paz kung saan hindi na ito madaanan ng mga light vehicle. | Gutter deep naman ang baha sa Villa Munsod hanggang San Dionisio, at Metroville Imelda Ave. sa Pasig.",flood_observed,,,,not passable to light vehicles,source_reviewed_candidate_not_training_admitted,,city_context_inferred;road_alias_review;possible_cross_source_duplicate;qualitative_or_missing_depth_no_numeric_conversion;observation_date_only_clock_unknown,2021-07-25,docs/evaluations/metro-manila-flood-duration-20261004,NCR-2021-07-25,Dela Paz street context and separate Pasig paragraph; provisional context/alias review,,2;7;8,RMN-20210725-MANDALUYONG-PASIG-R02,,,,,,,,
OBS-04c437340afc0fcf,RMN-20210725-MANDALUYONG-PASIG,32a77ec7d1b0,https://rmn.ph/ilang-kalsada-sa-mandaluyong-binaha-na-matapos-ang-tuloy-tuloy-na-pag-ulan/,NCR-2021-FABIAN-HABAGAT,Pasig,Dela Paz,Dela Paz,Kalusugan Stresst,,Contemporary article date only; preceding Mandaluyong noon clock not transferred to Pasig,2,"Publication metadata: 2021-07-25T05:52:01+00:00 | Samantala, sinabi naman ng Metropolitan Manila Development Authority (MMDA) na nagkaroon din ng pagbaha sa kahabaan ng Karangalan Street at Kalusugan Stresst sa Dela Paz kung saan hindi na ito madaanan ng mga light vehicle. | Gutter deep naman ang baha sa Villa Munsod hanggang San Dionisio, at Metroville Imelda Ave. sa Pasig.",flood_observed,,,,not passable to light vehicles,source_reviewed_candidate_not_training_admitted,,city_context_inferred;source_typo_preserved;possible_cross_source_duplicate;qualitative_or_missing_depth_no_numeric_conversion;observation_date_only_clock_unknown,2021-07-25,docs/evaluations/metro-manila-flood-duration-20261004,NCR-2021-07-25,Dela Paz street context and separate Pasig paragraph; provisional context/alias review,,2;7;8,RMN-20210725-MANDALUYONG-PASIG-R03,,,,,,,,
OBS-ee137f5e36f68428,RMN-20210725-MANDALUYONG-PASIG,32a77ec7d1b0,https://rmn.ph/ilang-kalsada-sa-mandaluyong-binaha-na-matapos-ang-tuloy-tuloy-na-pag-ulan/,NCR-2021-FABIAN-HABAGAT,Mandaluyong,Daan Bangkal,Daan Bangkal,159 Haig Compound,2021-07-25T12:00:00+08:00,Explicit noon Mandaluyong paragraph clock,2,"Publication metadata: 2021-07-25T05:52:01+00:00 | Batay sa monitoring ng Mandaluyobg City Disaster Risk and Reduction Management Office (MCDRRMO), alas-12:00 ngayong tanghali, lampas talampakan na ang taas ng tubig-baha sa Barangay Daan Bangkal sa may bahagi ng 159 Haig Compound.",flood_observed,lampas talampakan,,,,source_reviewed_candidate_not_training_admitted,,qualitative_or_missing_depth_no_numeric_conversion,2021-07-25,docs/evaluations/metro-manila-flood-duration-20261004,NCR-2021-07-25,Explicit publisher city in same sentence/paragraph,,2;4,RMN-20210725-MANDALUYONG-PASIG-R04,,,,,,,,
OBS-160b6ee848ee37ad,RMN-20210725-MANDALUYONG-PASIG,32a77ec7d1b0,https://rmn.ph/ilang-kalsada-sa-mandaluyong-binaha-na-matapos-ang-tuloy-tuloy-na-pag-ulan/,NCR-2021-FABIAN-HABAGAT,Mandaluyong,New Zaniga,New Zaniga,Balesteros St,2021-07-25T12:00:00+08:00,Explicit noon Mandaluyong paragraph clock,2,"Publication metadata: 2021-07-25T05:52:01+00:00 | Ganoon din ang sukat ng tubig-baha sa Barangay New Zaniga sa kahabaan ng Balesteros St, I. Lopez St., at F. Ortigas. | Batay sa monitoring ng Mandaluyobg City Disaster Risk and Reduction Management Office (MCDRRMO), alas-12:00 ngayong tanghali, lampas talampakan na ang taas ng tubig-baha sa Barangay Daan Bangkal sa may bahagi ng 159 Haig Compound.",flood_observed,lampas talampakan,,,,source_reviewed_candidate_not_training_admitted,,qualitative_or_missing_depth_no_numeric_conversion,2021-07-25,docs/evaluations/metro-manila-flood-duration-20261004,NCR-2021-07-25,Explicit publisher city in same sentence/paragraph,,2;4;5,RMN-20210725-MANDALUYONG-PASIG-R05,,,,,,,,
OBS-fc0ee2dbb75fb7bb,RMN-20210725-MANDALUYONG-PASIG,32a77ec7d1b0,https://rmn.ph/ilang-kalsada-sa-mandaluyong-binaha-na-matapos-ang-tuloy-tuloy-na-pag-ulan/,NCR-2021-FABIAN-HABAGAT,Mandaluyong,New Zaniga,New Zaniga,I. Lopez St.,2021-07-25T12:00:00+08:00,Explicit noon Mandaluyong paragraph clock,2,"Publication metadata: 2021-07-25T05:52:01+00:00 | Ganoon din ang sukat ng tubig-baha sa Barangay New Zaniga sa kahabaan ng Balesteros St, I. Lopez St., at F. Ortigas. | Batay sa monitoring ng Mandaluyobg City Disaster Risk and Reduction Management Office (MCDRRMO), alas-12:00 ngayong tanghali, lampas talampakan na ang taas ng tubig-baha sa Barangay Daan Bangkal sa may bahagi ng 159 Haig Compound.",flood_observed,lampas talampakan,,,,source_reviewed_candidate_not_training_admitted,,qualitative_or_missing_depth_no_numeric_conversion,2021-07-25,docs/evaluations/metro-manila-flood-duration-20261004,NCR-2021-07-25,Explicit publisher city in same sentence/paragraph,,2;4;5,RMN-20210725-MANDALUYONG-PASIG-R06,,,,,,,,
OBS-ed92710340ca8f76,RMN-20210725-MANDALUYONG-PASIG,32a77ec7d1b0,https://rmn.ph/ilang-kalsada-sa-mandaluyong-binaha-na-matapos-ang-tuloy-tuloy-na-pag-ulan/,NCR-2021-FABIAN-HABAGAT,Mandaluyong,New Zaniga,New Zaniga,F. Ortigas,2021-07-25T12:00:00+08:00,Explicit noon Mandaluyong paragraph clock,2,"Publication metadata: 2021-07-25T05:52:01+00:00 | Ganoon din ang sukat ng tubig-baha sa Barangay New Zaniga sa kahabaan ng Balesteros St, I. Lopez St., at F. Ortigas. | Batay sa monitoring ng Mandaluyobg City Disaster Risk and Reduction Management Office (MCDRRMO), alas-12:00 ngayong tanghali, lampas talampakan na ang taas ng tubig-baha sa Barangay Daan Bangkal sa may bahagi ng 159 Haig Compound.",flood_observed,lampas talampakan,,,,source_reviewed_candidate_not_training_admitted,,qualitative_or_missing_depth_no_numeric_conversion,2021-07-25,docs/evaluations/metro-manila-flood-duration-20261004,NCR-2021-07-25,Explicit publisher city in same sentence/paragraph,,2;4;5,RMN-20210725-MANDALUYONG-PASIG-R07,,,,,,,,
OBS-fb6021486716d617,ONENEWS-20220904-HENRY,0c6534d5d582,https://www.onenews.ph/articles/henry-gains-strength-while-exiting,NCR-2022-HENRY-HABAGAT,Quezon City,,,E. Rodriguez,,Saturday September3 context supplies date only; Manila noon clock not transferred,12,"Floods rose quickly in a number of roads in Metro Manila as the southwest monsoon dumped rains over the metropolis. PAGASA issued a Yellow Heavy Rainfall Warning for Metro Manila at 11:30 a.m. Saturday, Sept. 3, warning residents of flooding especially in low-lying areas. | The Metropolitan Manila Development Authority reported gutter-deep flooding in major roads as E. Rodriguez, Araneta Avenue, EDSA Dario Bridge, C-5, Aurora Boulevard and Quezon Avenue in Quezon City as well as Julia Vargas in Pasig City. P1.5 B for Florita victims",flood_observed,gutter-deep,,,,source_reviewed_candidate_not_training_admitted,,observation_date_context_inferred;possible_cross_source_duplicate;scope_and_alias_review;qualitative_or_missing_depth_no_numeric_conversion;observation_date_only_clock_unknown,2022-09-03,docs/evaluations/metro-manila-flood-duration-20261004,NCR-2022-09-03,Explicit named city in publisher flood-report paragraph,"""datePublished"":""2022-09-04T00:01:00""",12;18,ONENEWS-20220904-HENRY-R01,,,,,,,,
OBS-e9d1a9d566e2fa23,ONENEWS-20220904-HENRY,0c6534d5d582,https://www.onenews.ph/articles/henry-gains-strength-while-exiting,NCR-2022-HENRY-HABAGAT,Quezon City,,,Araneta Avenue,,Saturday September3 context supplies date only; Manila noon clock not transferred,12,"Floods rose quickly in a number of roads in Metro Manila as the southwest monsoon dumped rains over the metropolis. PAGASA issued a Yellow Heavy Rainfall Warning for Metro Manila at 11:30 a.m. Saturday, Sept. 3, warning residents of flooding especially in low-lying areas. | The Metropolitan Manila Development Authority reported gutter-deep flooding in major roads as E. Rodriguez, Araneta Avenue, EDSA Dario Bridge, C-5, Aurora Boulevard and Quezon Avenue in Quezon City as well as Julia Vargas in Pasig City. P1.5 B for Florita victims",flood_observed,gutter-deep,,,,source_reviewed_candidate_not_training_admitted,,observation_date_context_inferred;possible_cross_source_duplicate;scope_and_alias_review;qualitative_or_missing_depth_no_numeric_conversion;observation_date_only_clock_unknown,2022-09-03,docs/evaluations/metro-manila-flood-duration-20261004,NCR-2022-09-03,Explicit named city in publisher flood-report paragraph,"""datePublished"":""2022-09-04T00:01:00""",12;18,ONENEWS-20220904-HENRY-R02,,,,,,,,
OBS-32b3d90528d476d4,ONENEWS-20220904-HENRY,0c6534d5d582,https://www.onenews.ph/articles/henry-gains-strength-while-exiting,NCR-2022-HENRY-HABAGAT,Quezon City,,,EDSA Dario Bridge,,Saturday September3 context supplies date only; Manila noon clock not transferred,12,"Floods rose quickly in a number of roads in Metro Manila as the southwest monsoon dumped rains over the metropolis. PAGASA issued a Yellow Heavy Rainfall Warning for Metro Manila at 11:30 a.m. Saturday, Sept. 3, warning residents of flooding especially in low-lying areas. | The Metropolitan Manila Development Authority reported gutter-deep flooding in major roads as E. Rodriguez, Araneta Avenue, EDSA Dario Bridge, C-5, Aurora Boulevard and Quezon Avenue in Quezon City as well as Julia Vargas in Pasig City. P1.5 B for Florita victims",flood_observed,gutter-deep,,,,source_reviewed_candidate_not_training_admitted,,observation_date_context_inferred;possible_cross_source_duplicate;scope_and_alias_review;qualitative_or_missing_depth_no_numeric_conversion;observation_date_only_clock_unknown,2022-09-03,docs/evaluations/metro-manila-flood-duration-20261004,NCR-2022-09-03,Explicit named city in publisher flood-report paragraph,"""datePublished"":""2022-09-04T00:01:00""",12;18,ONENEWS-20220904-HENRY-R03,,,,,,,,
OBS-fed970ea9492c0b7,ONENEWS-20220904-HENRY,0c6534d5d582,https://www.onenews.ph/articles/henry-gains-strength-while-exiting,NCR-2022-HENRY-HABAGAT,Quezon City,,,C-5,,Saturday September3 context supplies date only; Manila noon clock not transferred,12,"Floods rose quickly in a number of roads in Metro Manila as the southwest monsoon dumped rains over the metropolis. PAGASA issued a Yellow Heavy Rainfall Warning for Metro Manila at 11:30 a.m. Saturday, Sept. 3, warning residents of flooding especially in low-lying areas. | The Metropolitan Manila Development Authority reported gutter-deep flooding in major roads as E. Rodriguez, Araneta Avenue, EDSA Dario Bridge, C-5, Aurora Boulevard and Quezon Avenue in Quezon City as well as Julia Vargas in Pasig City. P1.5 B for Florita victims",flood_observed,gutter-deep,,,,source_reviewed_candidate_not_training_admitted,,observation_date_context_inferred;possible_cross_source_duplicate;scope_and_alias_review;qualitative_or_missing_depth_no_numeric_conversion;observation_date_only_clock_unknown,2022-09-03,docs/evaluations/metro-manila-flood-duration-20261004,NCR-2022-09-03,Explicit named city in publisher flood-report paragraph,"""datePublished"":""2022-09-04T00:01:00""",12;18,ONENEWS-20220904-HENRY-R04,,,,,,,,
OBS-e403632f63132e09,ONENEWS-20220904-HENRY,0c6534d5d582,https://www.onenews.ph/articles/henry-gains-strength-while-exiting,NCR-2022-HENRY-HABAGAT,Quezon City,,,Aurora Boulevard,,Saturday September3 context supplies date only; Manila noon clock not transferred,12,"Floods rose quickly in a number of roads in Metro Manila as the southwest monsoon dumped rains over the metropolis. PAGASA issued a Yellow Heavy Rainfall Warning for Metro Manila at 11:30 a.m. Saturday, Sept. 3, warning residents of flooding especially in low-lying areas. | The Metropolitan Manila Development Authority reported gutter-deep flooding in major roads as E. Rodriguez, Araneta Avenue, EDSA Dario Bridge, C-5, Aurora Boulevard and Quezon Avenue in Quezon City as well as Julia Vargas in Pasig City. P1.5 B for Florita victims",flood_observed,gutter-deep,,,,source_reviewed_candidate_not_training_admitted,,observation_date_context_inferred;possible_cross_source_duplicate;scope_and_alias_review;qualitative_or_missing_depth_no_numeric_conversion;observation_date_only_clock_unknown,2022-09-03,docs/evaluations/metro-manila-flood-duration-20261004,NCR-2022-09-03,Explicit named city in publisher flood-report paragraph,"""datePublished"":""2022-09-04T00:01:00""",12;18,ONENEWS-20220904-HENRY-R05,,,,,,,,
OBS-afa6070f8510d440,ONENEWS-20220904-HENRY,0c6534d5d582,https://www.onenews.ph/articles/henry-gains-strength-while-exiting,NCR-2022-HENRY-HABAGAT,Quezon City,,,Quezon Avenue,,Saturday September3 context supplies date only; Manila noon clock not transferred,12,"Floods rose quickly in a number of roads in Metro Manila as the southwest monsoon dumped rains over the metropolis. PAGASA issued a Yellow Heavy Rainfall Warning for Metro Manila at 11:30 a.m. Saturday, Sept. 3, warning residents of flooding especially in low-lying areas. | The Metropolitan Manila Development Authority reported gutter-deep flooding in major roads as E. Rodriguez, Araneta Avenue, EDSA Dario Bridge, C-5, Aurora Boulevard and Quezon Avenue in Quezon City as well as Julia Vargas in Pasig City. P1.5 B for Florita victims",flood_observed,gutter-deep,,,,source_reviewed_candidate_not_training_admitted,,observation_date_context_inferred;possible_cross_source_duplicate;scope_and_alias_review;qualitative_or_missing_depth_no_numeric_conversion;observation_date_only_clock_unknown,2022-09-03,docs/evaluations/metro-manila-flood-duration-20261004,NCR-2022-09-03,Explicit named city in publisher flood-report paragraph,"""datePublished"":""2022-09-04T00:01:00""",12;18,ONENEWS-20220904-HENRY-R06,,,,,,,,
OBS-f7db71171f0bb0f3,ONENEWS-20220904-HENRY,0c6534d5d582,https://www.onenews.ph/articles/henry-gains-strength-while-exiting,NCR-2022-HENRY-HABAGAT,Pasig,,,Julia Vargas,,Saturday September3 context supplies date only; Manila noon clock not transferred,12,"Floods rose quickly in a number of roads in Metro Manila as the southwest monsoon dumped rains over the metropolis. PAGASA issued a Yellow Heavy Rainfall Warning for Metro Manila at 11:30 a.m. Saturday, Sept. 3, warning residents of flooding especially in low-lying areas. | The Metropolitan Manila Development Authority reported gutter-deep flooding in major roads as E. Rodriguez, Araneta Avenue, EDSA Dario Bridge, C-5, Aurora Boulevard and Quezon Avenue in Quezon City as well as Julia Vargas in Pasig City. P1.5 B for Florita victims",flood_observed,gutter-deep,,,,source_reviewed_candidate_not_training_admitted,,observation_date_context_inferred;possible_cross_source_duplicate;scope_and_alias_review;qualitative_or_missing_depth_no_numeric_conversion;observation_date_only_clock_unknown,2022-09-03,docs/evaluations/metro-manila-flood-duration-20261004,NCR-2022-09-03,Explicit named city in publisher flood-report paragraph,"""datePublished"":""2022-09-04T00:01:00""",12;18,ONENEWS-20220904-HENRY-R07,,,,,,,,
OBS-3c88f1fd585cef08,ONENEWS-20220904-HENRY,0c6534d5d582,https://www.onenews.ph/articles/henry-gains-strength-while-exiting,NCR-2022-HENRY-HABAGAT,Navotas,,,M. Naval,,Saturday September3 context supplies date only; Manila noon clock not transferred,12,"Floods rose quickly in a number of roads in Metro Manila as the southwest monsoon dumped rains over the metropolis. PAGASA issued a Yellow Heavy Rainfall Warning for Metro Manila at 11:30 a.m. Saturday, Sept. 3, warning residents of flooding especially in low-lying areas. | In Navotas City, water rose to four inches high along M. Naval and Gov. Pascual. Parts of Valenzuela City were also flooded by about two to four inches.",flood_observed,four inches,,,,source_reviewed_candidate_not_training_admitted,,observation_date_context_inferred;possible_cross_source_duplicate;scope_and_alias_review;qualitative_or_missing_depth_no_numeric_conversion;observation_date_only_clock_unknown,2022-09-03,docs/evaluations/metro-manila-flood-duration-20261004,NCR-2022-09-03,Explicit named city in publisher flood-report paragraph,"""datePublished"":""2022-09-04T00:01:00""",12;17,ONENEWS-20220904-HENRY-R08,,,,,,,,
OBS-1a5ffb712df58fcc,ONENEWS-20220904-HENRY,0c6534d5d582,https://www.onenews.ph/articles/henry-gains-strength-while-exiting,NCR-2022-HENRY-HABAGAT,Navotas,,,Gov. Pascual,,Saturday September3 context supplies date only; Manila noon clock not transferred,12,"Floods rose quickly in a number of roads in Metro Manila as the southwest monsoon dumped rains over the metropolis. PAGASA issued a Yellow Heavy Rainfall Warning for Metro Manila at 11:30 a.m. Saturday, Sept. 3, warning residents of flooding especially in low-lying areas. | In Navotas City, water rose to four inches high along M. Naval and Gov. Pascual. Parts of Valenzuela City were also flooded by about two to four inches.",flood_observed,four inches,,,,source_reviewed_candidate_not_training_admitted,,observation_date_context_inferred;possible_cross_source_duplicate;scope_and_alias_review;qualitative_or_missing_depth_no_numeric_conversion;observation_date_only_clock_unknown,2022-09-03,docs/evaluations/metro-manila-flood-duration-20261004,NCR-2022-09-03,Explicit named city in publisher flood-report paragraph,"""datePublished"":""2022-09-04T00:01:00""",12;17,ONENEWS-20220904-HENRY-R09,,,,,,,,
OBS-98e145570d8236ca,ONENEWS-20220904-HENRY,0c6534d5d582,https://www.onenews.ph/articles/henry-gains-strength-while-exiting,NCR-2022-HENRY-HABAGAT,Malabon,,,Tonsuya Intersection,,Saturday September3 context supplies date only; Manila noon clock not transferred,12,"Floods rose quickly in a number of roads in Metro Manila as the southwest monsoon dumped rains over the metropolis. PAGASA issued a Yellow Heavy Rainfall Warning for Metro Manila at 11:30 a.m. Saturday, Sept. 3, warning residents of flooding especially in low-lying areas. | In Malabon City, inundated areas included the Tonsuya Intersection, P. Aquino, Magsaysay, F. Sevilla Market, A. Reyes, Sitio 6 in Barangay Catmon and Tatawid Intersection in Barangay Santulan, where floods measured half a foot.",flood_observed,half a foot,,,,source_reviewed_candidate_not_training_admitted,,observation_date_context_inferred;possible_cross_source_duplicate;scope_and_alias_review;qualitative_or_missing_depth_no_numeric_conversion;observation_date_only_clock_unknown,2022-09-03,docs/evaluations/metro-manila-flood-duration-20261004,NCR-2022-09-03,Explicit named city in publisher flood-report paragraph,"""datePublished"":""2022-09-04T00:01:00""",12;15,ONENEWS-20220904-HENRY-R10,,,,,,,,
OBS-a96d47147c1558e8,ONENEWS-20220904-HENRY,0c6534d5d582,https://www.onenews.ph/articles/henry-gains-strength-while-exiting,NCR-2022-HENRY-HABAGAT,Malabon,,,P. Aquino,,Saturday September3 context supplies date only; Manila noon clock not transferred,12,"Floods rose quickly in a number of roads in Metro Manila as the southwest monsoon dumped rains over the metropolis. PAGASA issued a Yellow Heavy Rainfall Warning for Metro Manila at 11:30 a.m. Saturday, Sept. 3, warning residents of flooding especially in low-lying areas. | In Malabon City, inundated areas included the Tonsuya Intersection, P. Aquino, Magsaysay, F. Sevilla Market, A. Reyes, Sitio 6 in Barangay Catmon and Tatawid Intersection in Barangay Santulan, where floods measured half a foot.",flood_observed,half a foot,,,,source_reviewed_candidate_not_training_admitted,,observation_date_context_inferred;possible_cross_source_duplicate;scope_and_alias_review;qualitative_or_missing_depth_no_numeric_conversion;observation_date_only_clock_unknown,2022-09-03,docs/evaluations/metro-manila-flood-duration-20261004,NCR-2022-09-03,Explicit named city in publisher flood-report paragraph,"""datePublished"":""2022-09-04T00:01:00""",12;15,ONENEWS-20220904-HENRY-R11,,,,,,,,
OBS-d24c0321bf068d87,ONENEWS-20220904-HENRY,0c6534d5d582,https://www.onenews.ph/articles/henry-gains-strength-while-exiting,NCR-2022-HENRY-HABAGAT,Malabon,,,Magsaysay,,Saturday September3 context supplies date only; Manila noon clock not transferred,12,"Floods rose quickly in a number of roads in Metro Manila as the southwest monsoon dumped rains over the metropolis. PAGASA issued a Yellow Heavy Rainfall Warning for Metro Manila at 11:30 a.m. Saturday, Sept. 3, warning residents of flooding especially in low-lying areas. | In Malabon City, inundated areas included the Tonsuya Intersection, P. Aquino, Magsaysay, F. Sevilla Market, A. Reyes, Sitio 6 in Barangay Catmon and Tatawid Intersection in Barangay Santulan, where floods measured half a foot.",flood_observed,half a foot,,,,source_reviewed_candidate_not_training_admitted,,observation_date_context_inferred;possible_cross_source_duplicate;scope_and_alias_review;qualitative_or_missing_depth_no_numeric_conversion;observation_date_only_clock_unknown,2022-09-03,docs/evaluations/metro-manila-flood-duration-20261004,NCR-2022-09-03,Explicit named city in publisher flood-report paragraph,"""datePublished"":""2022-09-04T00:01:00""",12;15,ONENEWS-20220904-HENRY-R12,,,,,,,,
OBS-9ba701497f113bbc,ONENEWS-20220904-HENRY,0c6534d5d582,https://www.onenews.ph/articles/henry-gains-strength-while-exiting,NCR-2022-HENRY-HABAGAT,Malabon,,,F. Sevilla Market,,Saturday September3 context supplies date only; Manila noon clock not transferred,12,"Floods rose quickly in a number of roads in Metro Manila as the southwest monsoon dumped rains over the metropolis. PAGASA issued a Yellow Heavy Rainfall Warning for Metro Manila at 11:30 a.m. Saturday, Sept. 3, warning residents of flooding especially in low-lying areas. | In Malabon City, inundated areas included the Tonsuya Intersection, P. Aquino, Magsaysay, F. Sevilla Market, A. Reyes, Sitio 6 in Barangay Catmon and Tatawid Intersection in Barangay Santulan, where floods measured half a foot.",flood_observed,half a foot,,,,source_reviewed_candidate_not_training_admitted,,observation_date_context_inferred;possible_cross_source_duplicate;scope_and_alias_review;qualitative_or_missing_depth_no_numeric_conversion;observation_date_only_clock_unknown,2022-09-03,docs/evaluations/metro-manila-flood-duration-20261004,NCR-2022-09-03,Explicit named city in publisher flood-report paragraph,"""datePublished"":""2022-09-04T00:01:00""",12;15,ONENEWS-20220904-HENRY-R13,,,,,,,,
OBS-2352d873daed126d,ONENEWS-20220904-HENRY,0c6534d5d582,https://www.onenews.ph/articles/henry-gains-strength-while-exiting,NCR-2022-HENRY-HABAGAT,Malabon,,,A. Reyes,,Saturday September3 context supplies date only; Manila noon clock not transferred,12,"Floods rose quickly in a number of roads in Metro Manila as the southwest monsoon dumped rains over the metropolis. PAGASA issued a Yellow Heavy Rainfall Warning for Metro Manila at 11:30 a.m. Saturday, Sept. 3, warning residents of flooding especially in low-lying areas. | In Malabon City, inundated areas included the Tonsuya Intersection, P. Aquino, Magsaysay, F. Sevilla Market, A. Reyes, Sitio 6 in Barangay Catmon and Tatawid Intersection in Barangay Santulan, where floods measured half a foot.",flood_observed,half a foot,,,,source_reviewed_candidate_not_training_admitted,,observation_date_context_inferred;possible_cross_source_duplicate;scope_and_alias_review;qualitative_or_missing_depth_no_numeric_conversion;observation_date_only_clock_unknown,2022-09-03,docs/evaluations/metro-manila-flood-duration-20261004,NCR-2022-09-03,Explicit named city in publisher flood-report paragraph,"""datePublished"":""2022-09-04T00:01:00""",12;15,ONENEWS-20220904-HENRY-R14,,,,,,,,
OBS-4dcdffaeca8c2523,ONENEWS-20220904-HENRY,0c6534d5d582,https://www.onenews.ph/articles/henry-gains-strength-while-exiting,NCR-2022-HENRY-HABAGAT,Malabon,Catmon,Catmon,Sitio 6,,Saturday September3 context supplies date only; Manila noon clock not transferred,12,"Floods rose quickly in a number of roads in Metro Manila as the southwest monsoon dumped rains over the metropolis. PAGASA issued a Yellow Heavy Rainfall Warning for Metro Manila at 11:30 a.m. Saturday, Sept. 3, warning residents of flooding especially in low-lying areas. | In Malabon City, inundated areas included the Tonsuya Intersection, P. Aquino, Magsaysay, F. Sevilla Market, A. Reyes, Sitio 6 in Barangay Catmon and Tatawid Intersection in Barangay Santulan, where floods measured half a foot.",flood_observed,half a foot,,,,source_reviewed_candidate_not_training_admitted,,observation_date_context_inferred;possible_cross_source_duplicate;scope_and_alias_review;qualitative_or_missing_depth_no_numeric_conversion;observation_date_only_clock_unknown,2022-09-03,docs/evaluations/metro-manila-flood-duration-20261004,NCR-2022-09-03,Explicit named city in publisher flood-report paragraph,"""datePublished"":""2022-09-04T00:01:00""",12;15,ONENEWS-20220904-HENRY-R15,,,,,,,,
OBS-71fad68aa94fee18,ONENEWS-20220904-HENRY,0c6534d5d582,https://www.onenews.ph/articles/henry-gains-strength-while-exiting,NCR-2022-HENRY-HABAGAT,Malabon,Santulan,Santulan,Tatawid Intersection,,Saturday September3 context supplies date only; Manila noon clock not transferred,12,"Floods rose quickly in a number of roads in Metro Manila as the southwest monsoon dumped rains over the metropolis. PAGASA issued a Yellow Heavy Rainfall Warning for Metro Manila at 11:30 a.m. Saturday, Sept. 3, warning residents of flooding especially in low-lying areas. | In Malabon City, inundated areas included the Tonsuya Intersection, P. Aquino, Magsaysay, F. Sevilla Market, A. Reyes, Sitio 6 in Barangay Catmon and Tatawid Intersection in Barangay Santulan, where floods measured half a foot.",flood_observed,half a foot,,,,source_reviewed_candidate_not_training_admitted,,observation_date_context_inferred;possible_cross_source_duplicate;scope_and_alias_review;qualitative_or_missing_depth_no_numeric_conversion;observation_date_only_clock_unknown,2022-09-03,docs/evaluations/metro-manila-flood-duration-20261004,NCR-2022-09-03,Explicit named city in publisher flood-report paragraph,"""datePublished"":""2022-09-04T00:01:00""",12;15,ONENEWS-20220904-HENRY-R16,,,,,,,,
OBS-41e4e349aa2f8760,ONENEWS-20220904-HENRY,0c6534d5d582,https://www.onenews.ph/articles/henry-gains-strength-while-exiting,NCR-2022-HENRY-HABAGAT,Manila,,,Dimasalang/Aragon Street,2022-09-03T12:00:00+08:00,Explicit noon for Manila roads; Saturday September3 context supplies date,12,"Floods rose quickly in a number of roads in Metro Manila as the southwest monsoon dumped rains over the metropolis. PAGASA issued a Yellow Heavy Rainfall Warning for Metro Manila at 11:30 a.m. Saturday, Sept. 3, warning residents of flooding especially in low-lying areas. | In Manila, among the inundated roads that remained passable to vehicles as of noon were Dimasalang/Aragon Street, Rizal and Recto Avenues, Ramon Magsaysay Boulevard and Altura, España and Blumentritt, Union Street and Peñafrancia corner Pedro Gil; Taft Avenue corner Padre Faura to UN Avenue, A. Francisco to Tejeron, Quirino Avenue to Pedro Gil, Pasig Line to Sagradia Familia to A. Francisco, Jose Abad Santos at the corners of Antipolo and Tayuman Streets, Quirino corner Tomas Claudio, Baseco Compound and Bilibid Viejo fronting San Sebas-tian Church.",flood_observed,,,,passable to vehicles despite inundation,source_reviewed_candidate_not_training_admitted,,observation_date_context_inferred;possible_cross_source_duplicate;scope_and_alias_review;qualitative_or_missing_depth_no_numeric_conversion,2022-09-03,docs/evaluations/metro-manila-flood-duration-20261004,NCR-2022-09-03,Explicit named city in publisher flood-report paragraph,"""datePublished"":""2022-09-04T00:01:00""",12;13,ONENEWS-20220904-HENRY-R17,,,,,,,,
OBS-f14a467d840a3612,ONENEWS-20220904-HENRY,0c6534d5d582,https://www.onenews.ph/articles/henry-gains-strength-while-exiting,NCR-2022-HENRY-HABAGAT,Manila,,,Rizal and Recto Avenues,2022-09-03T12:00:00+08:00,Explicit noon for Manila roads; Saturday September3 context supplies date,12,"Floods rose quickly in a number of roads in Metro Manila as the southwest monsoon dumped rains over the metropolis. PAGASA issued a Yellow Heavy Rainfall Warning for Metro Manila at 11:30 a.m. Saturday, Sept. 3, warning residents of flooding especially in low-lying areas. | In Manila, among the inundated roads that remained passable to vehicles as of noon were Dimasalang/Aragon Street, Rizal and Recto Avenues, Ramon Magsaysay Boulevard and Altura, España and Blumentritt, Union Street and Peñafrancia corner Pedro Gil; Taft Avenue corner Padre Faura to UN Avenue, A. Francisco to Tejeron, Quirino Avenue to Pedro Gil, Pasig Line to Sagradia Familia to A. Francisco, Jose Abad Santos at the corners of Antipolo and Tayuman Streets, Quirino corner Tomas Claudio, Baseco Compound and Bilibid Viejo fronting San Sebas-tian Church.",flood_observed,,,,passable to vehicles despite inundation,source_reviewed_candidate_not_training_admitted,,observation_date_context_inferred;possible_cross_source_duplicate;scope_and_alias_review;qualitative_or_missing_depth_no_numeric_conversion,2022-09-03,docs/evaluations/metro-manila-flood-duration-20261004,NCR-2022-09-03,Explicit named city in publisher flood-report paragraph,"""datePublished"":""2022-09-04T00:01:00""",12;13,ONENEWS-20220904-HENRY-R18,,,,,,,,
OBS-743c20acb6ddacbd,ONENEWS-20220904-HENRY,0c6534d5d582,https://www.onenews.ph/articles/henry-gains-strength-while-exiting,NCR-2022-HENRY-HABAGAT,Manila,,,Ramon Magsaysay Boulevard and Altura,2022-09-03T12:00:00+08:00,Explicit noon for Manila roads; Saturday September3 context supplies date,12,"Floods rose quickly in a number of roads in Metro Manila as the southwest monsoon dumped rains over the metropolis. PAGASA issued a Yellow Heavy Rainfall Warning for Metro Manila at 11:30 a.m. Saturday, Sept. 3, warning residents of flooding especially in low-lying areas. | In Manila, among the inundated roads that remained passable to vehicles as of noon were Dimasalang/Aragon Street, Rizal and Recto Avenues, Ramon Magsaysay Boulevard and Altura, España and Blumentritt, Union Street and Peñafrancia corner Pedro Gil; Taft Avenue corner Padre Faura to UN Avenue, A. Francisco to Tejeron, Quirino Avenue to Pedro Gil, Pasig Line to Sagradia Familia to A. Francisco, Jose Abad Santos at the corners of Antipolo and Tayuman Streets, Quirino corner Tomas Claudio, Baseco Compound and Bilibid Viejo fronting San Sebas-tian Church.",flood_observed,,,,passable to vehicles despite inundation,source_reviewed_candidate_not_training_admitted,,observation_date_context_inferred;possible_cross_source_duplicate;scope_and_alias_review;qualitative_or_missing_depth_no_numeric_conversion,2022-09-03,docs/evaluations/metro-manila-flood-duration-20261004,NCR-2022-09-03,Explicit named city in publisher flood-report paragraph,"""datePublished"":""2022-09-04T00:01:00""",12;13,ONENEWS-20220904-HENRY-R19,,,,,,,,
OBS-3108e79dc792a881,ONENEWS-20220904-HENRY,0c6534d5d582,https://www.onenews.ph/articles/henry-gains-strength-while-exiting,NCR-2022-HENRY-HABAGAT,Manila,,,Espa�a and Blumentritt,2022-09-03T12:00:00+08:00,Explicit noon for Manila roads; Saturday September3 context supplies date,12,"Floods rose quickly in a number of roads in Metro Manila as the southwest monsoon dumped rains over the metropolis. PAGASA issued a Yellow Heavy Rainfall Warning for Metro Manila at 11:30 a.m. Saturday, Sept. 3, warning residents of flooding especially in low-lying areas. | In Manila, among the inundated roads that remained passable to vehicles as of noon were Dimasalang/Aragon Street, Rizal and Recto Avenues, Ramon Magsaysay Boulevard and Altura, España and Blumentritt, Union Street and Peñafrancia corner Pedro Gil; Taft Avenue corner Padre Faura to UN Avenue, A. Francisco to Tejeron, Quirino Avenue to Pedro Gil, Pasig Line to Sagradia Familia to A. Francisco, Jose Abad Santos at the corners of Antipolo and Tayuman Streets, Quirino corner Tomas Claudio, Baseco Compound and Bilibid Viejo fronting San Sebas-tian Church.",flood_observed,,,,passable to vehicles despite inundation,source_reviewed_candidate_not_training_admitted,,observation_date_context_inferred;possible_cross_source_duplicate;scope_and_alias_review;qualitative_or_missing_depth_no_numeric_conversion,2022-09-03,docs/evaluations/metro-manila-flood-duration-20261004,NCR-2022-09-03,Explicit named city in publisher flood-report paragraph,"""datePublished"":""2022-09-04T00:01:00""",12;13,ONENEWS-20220904-HENRY-R20,,,,,,,,
OBS-7b566dd6f47aa718,ONENEWS-20220904-HENRY,0c6534d5d582,https://www.onenews.ph/articles/henry-gains-strength-while-exiting,NCR-2022-HENRY-HABAGAT,Manila,,,Union Street and Pe�afrancia corner Pedro Gil,2022-09-03T12:00:00+08:00,Explicit noon for Manila roads; Saturday September3 context supplies date,12,"Floods rose quickly in a number of roads in Metro Manila as the southwest monsoon dumped rains over the metropolis. PAGASA issued a Yellow Heavy Rainfall Warning for Metro Manila at 11:30 a.m. Saturday, Sept. 3, warning residents of flooding especially in low-lying areas. | In Manila, among the inundated roads that remained passable to vehicles as of noon were Dimasalang/Aragon Street, Rizal and Recto Avenues, Ramon Magsaysay Boulevard and Altura, España and Blumentritt, Union Street and Peñafrancia corner Pedro Gil; Taft Avenue corner Padre Faura to UN Avenue, A. Francisco to Tejeron, Quirino Avenue to Pedro Gil, Pasig Line to Sagradia Familia to A. Francisco, Jose Abad Santos at the corners of Antipolo and Tayuman Streets, Quirino corner Tomas Claudio, Baseco Compound and Bilibid Viejo fronting San Sebas-tian Church.",flood_observed,,,,passable to vehicles despite inundation,source_reviewed_candidate_not_training_admitted,,observation_date_context_inferred;possible_cross_source_duplicate;scope_and_alias_review;qualitative_or_missing_depth_no_numeric_conversion,2022-09-03,docs/evaluations/metro-manila-flood-duration-20261004,NCR-2022-09-03,Explicit named city in publisher flood-report paragraph,"""datePublished"":""2022-09-04T00:01:00""",12;13,ONENEWS-20220904-HENRY-R21,,,,,,,,
OBS-0a9fbcfec2de040a,ONENEWS-20220904-HENRY,0c6534d5d582,https://www.onenews.ph/articles/henry-gains-strength-while-exiting,NCR-2022-HENRY-HABAGAT,Manila,,,Taft Avenue corner Padre Faura to UN Avenue,2022-09-03T12:00:00+08:00,Explicit noon for Manila roads; Saturday September3 context supplies date,12,"Floods rose quickly in a number of roads in Metro Manila as the southwest monsoon dumped rains over the metropolis. PAGASA issued a Yellow Heavy Rainfall Warning for Metro Manila at 11:30 a.m. Saturday, Sept. 3, warning residents of flooding especially in low-lying areas. | In Manila, among the inundated roads that remained passable to vehicles as of noon were Dimasalang/Aragon Street, Rizal and Recto Avenues, Ramon Magsaysay Boulevard and Altura, España and Blumentritt, Union Street and Peñafrancia corner Pedro Gil; Taft Avenue corner Padre Faura to UN Avenue, A. Francisco to Tejeron, Quirino Avenue to Pedro Gil, Pasig Line to Sagradia Familia to A. Francisco, Jose Abad Santos at the corners of Antipolo and Tayuman Streets, Quirino corner Tomas Claudio, Baseco Compound and Bilibid Viejo fronting San Sebas-tian Church.",flood_observed,,,,passable to vehicles despite inundation,source_reviewed_candidate_not_training_admitted,,observation_date_context_inferred;possible_cross_source_duplicate;scope_and_alias_review;qualitative_or_missing_depth_no_numeric_conversion,2022-09-03,docs/evaluations/metro-manila-flood-duration-20261004,NCR-2022-09-03,Explicit named city in publisher flood-report paragraph,"""datePublished"":""2022-09-04T00:01:00""",12;13,ONENEWS-20220904-HENRY-R22,,,,,,,,
OBS-9ac378fb8a66cffa,ONENEWS-20220904-HENRY,0c6534d5d582,https://www.onenews.ph/articles/henry-gains-strength-while-exiting,NCR-2022-HENRY-HABAGAT,Manila,,,A. Francisco to Tejeron,2022-09-03T12:00:00+08:00,Explicit noon for Manila roads; Saturday September3 context supplies date,12,"Floods rose quickly in a number of roads in Metro Manila as the southwest monsoon dumped rains over the metropolis. PAGASA issued a Yellow Heavy Rainfall Warning for Metro Manila at 11:30 a.m. Saturday, Sept. 3, warning residents of flooding especially in low-lying areas. | In Manila, among the inundated roads that remained passable to vehicles as of noon were Dimasalang/Aragon Street, Rizal and Recto Avenues, Ramon Magsaysay Boulevard and Altura, España and Blumentritt, Union Street and Peñafrancia corner Pedro Gil; Taft Avenue corner Padre Faura to UN Avenue, A. Francisco to Tejeron, Quirino Avenue to Pedro Gil, Pasig Line to Sagradia Familia to A. Francisco, Jose Abad Santos at the corners of Antipolo and Tayuman Streets, Quirino corner Tomas Claudio, Baseco Compound and Bilibid Viejo fronting San Sebas-tian Church.",flood_observed,,,,passable to vehicles despite inundation,source_reviewed_candidate_not_training_admitted,,observation_date_context_inferred;possible_cross_source_duplicate;scope_and_alias_review;qualitative_or_missing_depth_no_numeric_conversion,2022-09-03,docs/evaluations/metro-manila-flood-duration-20261004,NCR-2022-09-03,Explicit named city in publisher flood-report paragraph,"""datePublished"":""2022-09-04T00:01:00""",12;13,ONENEWS-20220904-HENRY-R23,,,,,,,,
OBS-8aa4064762df9dca,ONENEWS-20220904-HENRY,0c6534d5d582,https://www.onenews.ph/articles/henry-gains-strength-while-exiting,NCR-2022-HENRY-HABAGAT,Manila,,,Quirino Avenue to Pedro Gil,2022-09-03T12:00:00+08:00,Explicit noon for Manila roads; Saturday September3 context supplies date,12,"Floods rose quickly in a number of roads in Metro Manila as the southwest monsoon dumped rains over the metropolis. PAGASA issued a Yellow Heavy Rainfall Warning for Metro Manila at 11:30 a.m. Saturday, Sept. 3, warning residents of flooding especially in low-lying areas. | In Manila, among the inundated roads that remained passable to vehicles as of noon were Dimasalang/Aragon Street, Rizal and Recto Avenues, Ramon Magsaysay Boulevard and Altura, España and Blumentritt, Union Street and Peñafrancia corner Pedro Gil; Taft Avenue corner Padre Faura to UN Avenue, A. Francisco to Tejeron, Quirino Avenue to Pedro Gil, Pasig Line to Sagradia Familia to A. Francisco, Jose Abad Santos at the corners of Antipolo and Tayuman Streets, Quirino corner Tomas Claudio, Baseco Compound and Bilibid Viejo fronting San Sebas-tian Church.",flood_observed,,,,passable to vehicles despite inundation,source_reviewed_candidate_not_training_admitted,,observation_date_context_inferred;possible_cross_source_duplicate;scope_and_alias_review;qualitative_or_missing_depth_no_numeric_conversion,2022-09-03,docs/evaluations/metro-manila-flood-duration-20261004,NCR-2022-09-03,Explicit named city in publisher flood-report paragraph,"""datePublished"":""2022-09-04T00:01:00""",12;13,ONENEWS-20220904-HENRY-R24,,,,,,,,
OBS-40b6c4a602a71303,ONENEWS-20220904-HENRY,0c6534d5d582,https://www.onenews.ph/articles/henry-gains-strength-while-exiting,NCR-2022-HENRY-HABAGAT,Manila,,,Pasig Line to Sagradia Familia to A. Francisco,2022-09-03T12:00:00+08:00,Explicit noon for Manila roads; Saturday September3 context supplies date,12,"Floods rose quickly in a number of roads in Metro Manila as the southwest monsoon dumped rains over the metropolis. PAGASA issued a Yellow Heavy Rainfall Warning for Metro Manila at 11:30 a.m. Saturday, Sept. 3, warning residents of flooding especially in low-lying areas. | In Manila, among the inundated roads that remained passable to vehicles as of noon were Dimasalang/Aragon Street, Rizal and Recto Avenues, Ramon Magsaysay Boulevard and Altura, España and Blumentritt, Union Street and Peñafrancia corner Pedro Gil; Taft Avenue corner Padre Faura to UN Avenue, A. Francisco to Tejeron, Quirino Avenue to Pedro Gil, Pasig Line to Sagradia Familia to A. Francisco, Jose Abad Santos at the corners of Antipolo and Tayuman Streets, Quirino corner Tomas Claudio, Baseco Compound and Bilibid Viejo fronting San Sebas-tian Church.",flood_observed,,,,passable to vehicles despite inundation,source_reviewed_candidate_not_training_admitted,,observation_date_context_inferred;possible_cross_source_duplicate;scope_and_alias_review;qualitative_or_missing_depth_no_numeric_conversion,2022-09-03,docs/evaluations/metro-manila-flood-duration-20261004,NCR-2022-09-03,Explicit named city in publisher flood-report paragraph,"""datePublished"":""2022-09-04T00:01:00""",12;13,ONENEWS-20220904-HENRY-R25,,,,,,,,
OBS-e44ba4ca011e79e9,ONENEWS-20220904-HENRY,0c6534d5d582,https://www.onenews.ph/articles/henry-gains-strength-while-exiting,NCR-2022-HENRY-HABAGAT,Manila,,,Jose Abad Santos at the corners of Antipolo and Tayuman Streets,2022-09-03T12:00:00+08:00,Explicit noon for Manila roads; Saturday September3 context supplies date,12,"Floods rose quickly in a number of roads in Metro Manila as the southwest monsoon dumped rains over the metropolis. PAGASA issued a Yellow Heavy Rainfall Warning for Metro Manila at 11:30 a.m. Saturday, Sept. 3, warning residents of flooding especially in low-lying areas. | In Manila, among the inundated roads that remained passable to vehicles as of noon were Dimasalang/Aragon Street, Rizal and Recto Avenues, Ramon Magsaysay Boulevard and Altura, España and Blumentritt, Union Street and Peñafrancia corner Pedro Gil; Taft Avenue corner Padre Faura to UN Avenue, A. Francisco to Tejeron, Quirino Avenue to Pedro Gil, Pasig Line to Sagradia Familia to A. Francisco, Jose Abad Santos at the corners of Antipolo and Tayuman Streets, Quirino corner Tomas Claudio, Baseco Compound and Bilibid Viejo fronting San Sebas-tian Church.",flood_observed,,,,passable to vehicles despite inundation,source_reviewed_candidate_not_training_admitted,,observation_date_context_inferred;possible_cross_source_duplicate;scope_and_alias_review;qualitative_or_missing_depth_no_numeric_conversion,2022-09-03,docs/evaluations/metro-manila-flood-duration-20261004,NCR-2022-09-03,Explicit named city in publisher flood-report paragraph,"""datePublished"":""2022-09-04T00:01:00""",12;13,ONENEWS-20220904-HENRY-R26,,,,,,,,
OBS-9591bd2f2e2f4f8d,ONENEWS-20220904-HENRY,0c6534d5d582,https://www.onenews.ph/articles/henry-gains-strength-while-exiting,NCR-2022-HENRY-HABAGAT,Manila,,,Quirino corner Tomas Claudio,2022-09-03T12:00:00+08:00,Explicit noon for Manila roads; Saturday September3 context supplies date,12,"Floods rose quickly in a number of roads in Metro Manila as the southwest monsoon dumped rains over the metropolis. PAGASA issued a Yellow Heavy Rainfall Warning for Metro Manila at 11:30 a.m. Saturday, Sept. 3, warning residents of flooding especially in low-lying areas. | In Manila, among the inundated roads that remained passable to vehicles as of noon were Dimasalang/Aragon Street, Rizal and Recto Avenues, Ramon Magsaysay Boulevard and Altura, España and Blumentritt, Union Street and Peñafrancia corner Pedro Gil; Taft Avenue corner Padre Faura to UN Avenue, A. Francisco to Tejeron, Quirino Avenue to Pedro Gil, Pasig Line to Sagradia Familia to A. Francisco, Jose Abad Santos at the corners of Antipolo and Tayuman Streets, Quirino corner Tomas Claudio, Baseco Compound and Bilibid Viejo fronting San Sebas-tian Church.",flood_observed,,,,passable to vehicles despite inundation,source_reviewed_candidate_not_training_admitted,,observation_date_context_inferred;possible_cross_source_duplicate;scope_and_alias_review;qualitative_or_missing_depth_no_numeric_conversion,2022-09-03,docs/evaluations/metro-manila-flood-duration-20261004,NCR-2022-09-03,Explicit named city in publisher flood-report paragraph,"""datePublished"":""2022-09-04T00:01:00""",12;13,ONENEWS-20220904-HENRY-R27,,,,,,,,
OBS-a18f76f1d9cc8d98,ONENEWS-20220904-HENRY,0c6534d5d582,https://www.onenews.ph/articles/henry-gains-strength-while-exiting,NCR-2022-HENRY-HABAGAT,Manila,,,Baseco Compound,2022-09-03T12:00:00+08:00,Explicit noon for Manila roads; Saturday September3 context supplies date,12,"Floods rose quickly in a number of roads in Metro Manila as the southwest monsoon dumped rains over the metropolis. PAGASA issued a Yellow Heavy Rainfall Warning for Metro Manila at 11:30 a.m. Saturday, Sept. 3, warning residents of flooding especially in low-lying areas. | In Manila, among the inundated roads that remained passable to vehicles as of noon were Dimasalang/Aragon Street, Rizal and Recto Avenues, Ramon Magsaysay Boulevard and Altura, España and Blumentritt, Union Street and Peñafrancia corner Pedro Gil; Taft Avenue corner Padre Faura to UN Avenue, A. Francisco to Tejeron, Quirino Avenue to Pedro Gil, Pasig Line to Sagradia Familia to A. Francisco, Jose Abad Santos at the corners of Antipolo and Tayuman Streets, Quirino corner Tomas Claudio, Baseco Compound and Bilibid Viejo fronting San Sebas-tian Church.",flood_observed,,,,passable to vehicles despite inundation,source_reviewed_candidate_not_training_admitted,,observation_date_context_inferred;possible_cross_source_duplicate;scope_and_alias_review;qualitative_or_missing_depth_no_numeric_conversion,2022-09-03,docs/evaluations/metro-manila-flood-duration-20261004,NCR-2022-09-03,Explicit named city in publisher flood-report paragraph,"""datePublished"":""2022-09-04T00:01:00""",12;13,ONENEWS-20220904-HENRY-R28,,,,,,,,
OBS-3ae7d6ff7c99cbba,ONENEWS-20220904-HENRY,0c6534d5d582,https://www.onenews.ph/articles/henry-gains-strength-while-exiting,NCR-2022-HENRY-HABAGAT,Manila,,,Bilibid Viejo fronting San Sebas-tian Church,2022-09-03T12:00:00+08:00,Explicit noon for Manila roads; Saturday September3 context supplies date,12,"Floods rose quickly in a number of roads in Metro Manila as the southwest monsoon dumped rains over the metropolis. PAGASA issued a Yellow Heavy Rainfall Warning for Metro Manila at 11:30 a.m. Saturday, Sept. 3, warning residents of flooding especially in low-lying areas. | In Manila, among the inundated roads that remained passable to vehicles as of noon were Dimasalang/Aragon Street, Rizal and Recto Avenues, Ramon Magsaysay Boulevard and Altura, España and Blumentritt, Union Street and Peñafrancia corner Pedro Gil; Taft Avenue corner Padre Faura to UN Avenue, A. Francisco to Tejeron, Quirino Avenue to Pedro Gil, Pasig Line to Sagradia Familia to A. Francisco, Jose Abad Santos at the corners of Antipolo and Tayuman Streets, Quirino corner Tomas Claudio, Baseco Compound and Bilibid Viejo fronting San Sebas-tian Church.",flood_observed,,,,passable to vehicles despite inundation,source_reviewed_candidate_not_training_admitted,,observation_date_context_inferred;possible_cross_source_duplicate;scope_and_alias_review;qualitative_or_missing_depth_no_numeric_conversion,2022-09-03,docs/evaluations/metro-manila-flood-duration-20261004,NCR-2022-09-03,Explicit named city in publisher flood-report paragraph,"""datePublished"":""2022-09-04T00:01:00""",12;13,ONENEWS-20220904-HENRY-R29,,,,,,,,
DOC-ad121646d0a8ef30,NDRRMC-20210801-FABIAN-SITREP10,70705fc29490,https://adinet.ahacentre.org/assets/uploads/supported_doc/20210802-SITUATION_REPORT_TCFABIAN-SWMonsoon-Aug1.pdf,NCR-2021-FABIAN-HABAGAT,Pateros,,,Sta. Ana,,,,                                          Sta. Ana                                Flooded Areas               25 July 2021               04:00 pm                                                                                                      Subsided,historical_flood_incident_reported,,,,,document_reviewed_candidate_not_training_admitted,,occurrence_not_clearance_clock;barangay_or_area_scope_not_road_section,2021-07-25,docs/evaluations/metro-manila-flood-duration-20261004,NCR-2021-07-25,Explicit city heading in NDRRMC Related Incidents table; reported area names retained without inventing barangays,,,,NDRRMC-20210801-FABIAN-SITREP10-P47-01,47,2021-07-25T16:00:00+08:00,Subsided,NDRRMC; public copy hosted by ASEAN AHA Centre,70705fc29490,2021-08-01T08:00:00+08:00,Table occurrence time retained separately; status update clock unknown
DOC-298b3ad9a7921cb3,NDRRMC-20210801-FABIAN-SITREP10,70705fc29490,https://adinet.ahacentre.org/assets/uploads/supported_doc/20210802-SITUATION_REPORT_TCFABIAN-SWMonsoon-Aug1.pdf,NCR-2021-FABIAN-HABAGAT,Pateros,,,Martirez Del,,,,                                      Martirez Del                                Flooded Areas               25 July 2021               04:00 pm                                                                                                      Subsided,historical_flood_incident_reported,,,,,document_reviewed_candidate_not_training_admitted,,occurrence_not_clearance_clock;barangay_or_area_scope_not_road_section,2021-07-25,docs/evaluations/metro-manila-flood-duration-20261004,NCR-2021-07-25,Explicit city heading in NDRRMC Related Incidents table; reported area names retained without inventing barangays,,,,NDRRMC-20210801-FABIAN-SITREP10-P47-02,47,2021-07-25T16:00:00+08:00,Subsided,NDRRMC; public copy hosted by ASEAN AHA Centre,70705fc29490,2021-08-01T08:00:00+08:00,Table occurrence time retained separately; status update clock unknown
DOC-745ddc305aa2c995,NDRRMC-20210801-FABIAN-SITREP10,70705fc29490,https://adinet.ahacentre.org/assets/uploads/supported_doc/20210802-SITUATION_REPORT_TCFABIAN-SWMonsoon-Aug1.pdf,NCR-2021-FABIAN-HABAGAT,Pasig,,,San Joaquin,,,,                                      San Joaquin                                 Flooded Areas               25 July 2021               10:00 am                                                                                                      Subsided,historical_flood_incident_reported,,,,,document_reviewed_candidate_not_training_admitted,,occurrence_not_clearance_clock;barangay_or_area_scope_not_road_section,2021-07-25,docs/evaluations/metro-manila-flood-duration-20261004,NCR-2021-07-25,Explicit city heading in NDRRMC Related Incidents table; reported area names retained without inventing barangays,,,,NDRRMC-20210801-FABIAN-SITREP10-P47-03,47,2021-07-25T10:00:00+08:00,Subsided,NDRRMC; public copy hosted by ASEAN AHA Centre,70705fc29490,2021-08-01T08:00:00+08:00,Table occurrence time retained separately; status update clock unknown
DOC-05f2a321728f5794,NDRRMC-20210801-FABIAN-SITREP10,70705fc29490,https://adinet.ahacentre.org/assets/uploads/supported_doc/20210802-SITUATION_REPORT_TCFABIAN-SWMonsoon-Aug1.pdf,NCR-2021-FABIAN-HABAGAT,Pasig,,,Karangalan Village,,,,                               Karangalan Village                                 Flooded Areas               25 July 2021               10:00 am                                                                                                      Subsided,historical_flood_incident_reported,,,,,document_reviewed_candidate_not_training_admitted,,occurrence_not_clearance_clock;barangay_or_area_scope_not_road_section,2021-07-25,docs/evaluations/metro-manila-flood-duration-20261004,NCR-2021-07-25,Explicit city heading in NDRRMC Related Incidents table; reported area names retained without inventing barangays,,,,NDRRMC-20210801-FABIAN-SITREP10-P47-04,47,2021-07-25T10:00:00+08:00,Subsided,NDRRMC; public copy hosted by ASEAN AHA Centre,70705fc29490,2021-08-01T08:00:00+08:00,Table occurrence time retained separately; status update clock unknown
DOC-7fc26e5753edcaec,NDRRMC-20210801-FABIAN-SITREP10,70705fc29490,https://adinet.ahacentre.org/assets/uploads/supported_doc/20210802-SITUATION_REPORT_TCFABIAN-SWMonsoon-Aug1.pdf,NCR-2021-FABIAN-HABAGAT,Pasig,,,Palingon,,,,                                          Palingon                                Flooded Areas               25 July 2021               08:30 am                                                                                                      Subsided,historical_flood_incident_reported,,,,,document_reviewed_candidate_not_training_admitted,,occurrence_not_clearance_clock;barangay_or_area_scope_not_road_section,2021-07-25,docs/evaluations/metro-manila-flood-duration-20261004,NCR-2021-07-25,Explicit city heading in NDRRMC Related Incidents table; reported area names retained without inventing barangays,,,,NDRRMC-20210801-FABIAN-SITREP10-P47-05,47,2021-07-25T08:30:00+08:00,Subsided,NDRRMC; public copy hosted by ASEAN AHA Centre,70705fc29490,2021-08-01T08:00:00+08:00,Table occurrence time retained separately; status update clock unknown
DOC-ba36db6e102b8e16,NDRRMC-20210801-FABIAN-SITREP10,70705fc29490,https://adinet.ahacentre.org/assets/uploads/supported_doc/20210802-SITUATION_REPORT_TCFABIAN-SWMonsoon-Aug1.pdf,NCR-2021-FABIAN-HABAGAT,Pasig,,,San Miguel,,,,                                       San Miguel                                 Flooded Areas               23 July 2021               05:57 pm                                                                                                      Subsided,historical_flood_incident_reported,,,,,document_reviewed_candidate_not_training_admitted,,occurrence_not_clearance_clock;barangay_or_area_scope_not_road_section,2021-07-23,docs/evaluations/metro-manila-flood-duration-20261004,NCR-2021-07-23,Explicit city heading in NDRRMC Related Incidents table; reported area names retained without inventing barangays,,,,NDRRMC-20210801-FABIAN-SITREP10-P47-06,47,2021-07-23T17:57:00+08:00,Subsided,NDRRMC; public copy hosted by ASEAN AHA Centre,70705fc29490,2021-08-01T08:00:00+08:00,Table occurrence time retained separately; status update clock unknown
DOC-c5a7c781b1915542,NDRRMC-20210801-FABIAN-SITREP10,70705fc29490,https://adinet.ahacentre.org/assets/uploads/supported_doc/20210802-SITUATION_REPORT_TCFABIAN-SWMonsoon-Aug1.pdf,NCR-2021-FABIAN-HABAGAT,Pasig,,,Manggahan,,,,                                      Manggahan                                   Flooded Areas               24 July 2021               11:02 am                                                                                                      Subsided,historical_flood_incident_reported,,,,,document_reviewed_candidate_not_training_admitted,,occurrence_not_clearance_clock;barangay_or_area_scope_not_road_section,2021-07-24,docs/evaluations/metro-manila-flood-duration-20261004,NCR-2021-07-24,Explicit city heading in NDRRMC Related Incidents table; reported area names retained without inventing barangays,,,,NDRRMC-20210801-FABIAN-SITREP10-P47-07,47,2021-07-24T11:02:00+08:00,Subsided,NDRRMC; public copy hosted by ASEAN AHA Centre,70705fc29490,2021-08-01T08:00:00+08:00,Table occurrence time retained separately; status update clock unknown
DOC-fc29e6def8c17833,NDRRMC-20210801-FABIAN-SITREP10,70705fc29490,https://adinet.ahacentre.org/assets/uploads/supported_doc/20210802-SITUATION_REPORT_TCFABIAN-SWMonsoon-Aug1.pdf,NCR-2021-FABIAN-HABAGAT,Pasig,,,Rosario,,,,                                           Rosario                                Flooded Areas               24 July 2021               09:44 pm                                                                                                      Subsided,historical_flood_incident_reported,,,,,document_reviewed_candidate_not_training_admitted,,occurrence_not_clearance_clock;barangay_or_area_scope_not_road_section,2021-07-24,docs/evaluations/metro-manila-flood-duration-20261004,NCR-2021-07-24,Explicit city heading in NDRRMC Related Incidents table; reported area names retained without inventing barangays,,,,NDRRMC-20210801-FABIAN-SITREP10-P47-08,47,2021-07-24T21:44:00+08:00,Subsided,NDRRMC; public copy hosted by ASEAN AHA Centre,70705fc29490,2021-08-01T08:00:00+08:00,Table occurrence time retained separately; status update clock unknown
DOC-2c8fb9ec781f557d,NDRRMC-20210801-FABIAN-SITREP10,70705fc29490,https://adinet.ahacentre.org/assets/uploads/supported_doc/20210802-SITUATION_REPORT_TCFABIAN-SWMonsoon-Aug1.pdf,NCR-2021-FABIAN-HABAGAT,Pasig,,,Palatiw,,,,                                           Palatiw                                Flooded Areas               24 July 2021               11:44 pm                                                                                                      Subsided,historical_flood_incident_reported,,,,,document_reviewed_candidate_not_training_admitted,,occurrence_not_clearance_clock;barangay_or_area_scope_not_road_section,2021-07-24,docs/evaluations/metro-manila-flood-duration-20261004,NCR-2021-07-24,Explicit city heading in NDRRMC Related Incidents table; reported area names retained without inventing barangays,,,,NDRRMC-20210801-FABIAN-SITREP10-P47-09,47,2021-07-24T23:44:00+08:00,Subsided,NDRRMC; public copy hosted by ASEAN AHA Centre,70705fc29490,2021-08-01T08:00:00+08:00,Table occurrence time retained separately; status update clock unknown
DOC-97b7d396edf3c596,NDRRMC-20210801-FABIAN-SITREP10,70705fc29490,https://adinet.ahacentre.org/assets/uploads/supported_doc/20210802-SITUATION_REPORT_TCFABIAN-SWMonsoon-Aug1.pdf,NCR-2021-FABIAN-HABAGAT,Pasig,,,San Nicolas,,,,                                      San Nicolas                                 Flooded Areas               24 July 2021               12:11 am                                                                                                      Subsided,historical_flood_incident_reported,,,,,document_reviewed_candidate_not_training_admitted,,occurrence_not_clearance_clock;barangay_or_area_scope_not_road_section,2021-07-24,docs/evaluations/metro-manila-flood-duration-20261004,NCR-2021-07-24,Explicit city heading in NDRRMC Related Incidents table; reported area names retained without inventing barangays,,,,NDRRMC-20210801-FABIAN-SITREP10-P47-10,47,2021-07-24T00:11:00+08:00,Subsided,NDRRMC; public copy hosted by ASEAN AHA Centre,70705fc29490,2021-08-01T08:00:00+08:00,Table occurrence time retained separately; status update clock unknown
DOC-61e33b7f2ef5d1a2,NDRRMC-20210801-FABIAN-SITREP10,70705fc29490,https://adinet.ahacentre.org/assets/uploads/supported_doc/20210802-SITUATION_REPORT_TCFABIAN-SWMonsoon-Aug1.pdf,NCR-2021-FABIAN-HABAGAT,Pasig,,,Sta. Lucia,,,,                                        Sta. Lucia                                Flooded Areas               24 July 2021               12:16 am                                                                                                      Subsided,historical_flood_incident_reported,,,,,document_reviewed_candidate_not_training_admitted,,occurrence_not_clearance_clock;barangay_or_area_scope_not_road_section,2021-07-24,docs/evaluations/metro-manila-flood-duration-20261004,NCR-2021-07-24,Explicit city heading in NDRRMC Related Incidents table; reported area names retained without inventing barangays,,,,NDRRMC-20210801-FABIAN-SITREP10-P47-11,47,2021-07-24T00:16:00+08:00,Subsided,NDRRMC; public copy hosted by ASEAN AHA Centre,70705fc29490,2021-08-01T08:00:00+08:00,Table occurrence time retained separately; status update clock unknown
DOC-0781ea13194f0828,NDRRMC-20210801-FABIAN-SITREP10,70705fc29490,https://adinet.ahacentre.org/assets/uploads/supported_doc/20210802-SITUATION_REPORT_TCFABIAN-SWMonsoon-Aug1.pdf,NCR-2021-FABIAN-HABAGAT,Pasig,,,Pinagbuhatan,,,,                                    Pinagbuhatan                                  Flooded Areas               24 July 2021               01:14 am                                                                                                      Subsided,historical_flood_incident_reported,,,,,document_reviewed_candidate_not_training_admitted,,occurrence_not_clearance_clock;barangay_or_area_scope_not_road_section,2021-07-24,docs/evaluations/metro-manila-flood-duration-20261004,NCR-2021-07-24,Explicit city heading in NDRRMC Related Incidents table; reported area names retained without inventing barangays,,,,NDRRMC-20210801-FABIAN-SITREP10-P47-12,47,2021-07-24T01:14:00+08:00,Subsided,NDRRMC; public copy hosted by ASEAN AHA Centre,70705fc29490,2021-08-01T08:00:00+08:00,Table occurrence time retained separately; status update clock unknown
DOC-50539292c339ed35,NDRRMC-20210801-FABIAN-SITREP10,70705fc29490,https://adinet.ahacentre.org/assets/uploads/supported_doc/20210802-SITUATION_REPORT_TCFABIAN-SWMonsoon-Aug1.pdf,NCR-2021-FABIAN-HABAGAT,Pasig,,,Maybunga,,,,                                        Maybunga                                  Flooded Areas               24 July 2021               03:18 am                                                                                                      Subsided,historical_flood_incident_reported,,,,,document_reviewed_candidate_not_training_admitted,,occurrence_not_clearance_clock;barangay_or_area_scope_not_road_section,2021-07-24,docs/evaluations/metro-manila-flood-duration-20261004,NCR-2021-07-24,Explicit city heading in NDRRMC Related Incidents table; reported area names retained without inventing barangays,,,,NDRRMC-20210801-FABIAN-SITREP10-P47-13,47,2021-07-24T03:18:00+08:00,Subsided,NDRRMC; public copy hosted by ASEAN AHA Centre,70705fc29490,2021-08-01T08:00:00+08:00,Table occurrence time retained separately; status update clock unknown
DOC-a46cdd5972db6d45,NDRRMC-20210801-FABIAN-SITREP10,70705fc29490,https://adinet.ahacentre.org/assets/uploads/supported_doc/20210802-SITUATION_REPORT_TCFABIAN-SWMonsoon-Aug1.pdf,NCR-2021-FABIAN-HABAGAT,Pasig,,,Dela Paz,,,,                                         Dela Paz                                 Flooded Areas               24 July 2021               10:10 am                                                                                                      Subsided,historical_flood_incident_reported,,,,,document_reviewed_candidate_not_training_admitted,,occurrence_not_clearance_clock;barangay_or_area_scope_not_road_section,2021-07-24,docs/evaluations/metro-manila-flood-duration-20261004,NCR-2021-07-24,Explicit city heading in NDRRMC Related Incidents table; reported area names retained without inventing barangays,,,,NDRRMC-20210801-FABIAN-SITREP10-P47-14,47,2021-07-24T10:10:00+08:00,Subsided,NDRRMC; public copy hosted by ASEAN AHA Centre,70705fc29490,2021-08-01T08:00:00+08:00,Table occurrence time retained separately; status update clock unknown
