observation_id,source_id,capture_version,source_url,episode_group,city,barangay_raw,barangay,location_raw,observation_at,clock_evidence,source_line_start,evidence,status,depth_raw,depth_cm_low,depth_cm_high,passability_raw,review_status,clearance_scope,flags
OBS-04ad92b0fa840882,PASIG-20240725-0400,b6d9289c2c3d,https://pasigcity.gov.ph/news-and-releases/flood-update-as-of-0400am-july-25-2024-601,PASIG-2024-JUL24-25,Pasig,Manggahan,Manggahan,Gate 5 Karangalan Village Brgy. Manggahan,2024-07-25T04:00:00+08:00,"As of 04:00AM July 25, 2024",6,Please be advised that the following roads are NOT PASSABLE to light vehicles due to significant flooding in the area. | - Gate 5 Karangalan Village Brgy. Manggahan,flood_observed,,,,NOT PASSABLE to light vehicles,candidate,,depth_not_reported
OBS-14a9323a559b7cd0,PASIG-20240725-0400,b6d9289c2c3d,https://pasigcity.gov.ph/news-and-releases/flood-update-as-of-0400am-july-25-2024-601,PASIG-2024-JUL24-25,Pasig,San Miguel,San Miguel,Eusebio Ave. (PCGH) Brgy. San Miguel,2024-07-25T01:00:00+08:00,"As of 01:00AM July 25, 2024",14,Please be advised that the following roads are NOT PASSABLE to light vehicles due to significant flooding in the area. | - Eusebio Ave. (PCGH) Brgy. San Miguel,flood_observed,,,,NOT PASSABLE to light vehicles,candidate,,depth_not_reported
OBS-508fd6455f85fd30,PASIG-20240725-0400,b6d9289c2c3d,https://pasigcity.gov.ph/news-and-releases/flood-update-as-of-0400am-july-25-2024-601,PASIG-2024-JUL24-25,Pasig,Manggahan,Manggahan,Gate 5 Karangalan Village Brgy. Manggahan,2024-07-25T01:00:00+08:00,"As of 01:00AM July 25, 2024",15,Please be advised that the following roads are NOT PASSABLE to light vehicles due to significant flooding in the area. | - Gate 5 Karangalan Village Brgy. Manggahan,flood_observed,,,,NOT PASSABLE to light vehicles,candidate,,depth_not_reported
OBS-4a1adeb9d8de1b02,PASIG-20240725-0400,b6d9289c2c3d,https://pasigcity.gov.ph/news-and-releases/flood-update-as-of-0400am-july-25-2024-601,PASIG-2024-JUL24-25,Pasig,San Miguel,San Miguel,Eusebio Ave. (PCGH) Brgy. San Miguel,2024-07-24T23:00:00+08:00,"As of 11:00PM July 24, 2024",23,Please be advised that the following roads are NOT PASSABLE to light vehicles due to significant flooding in the area. | - Eusebio Ave. (PCGH) Brgy. San Miguel,flood_observed,,,,NOT PASSABLE to light vehicles,candidate,,depth_not_reported
OBS-66415499d7c746f3,PASIG-20240725-0400,b6d9289c2c3d,https://pasigcity.gov.ph/news-and-releases/flood-update-as-of-0400am-july-25-2024-601,PASIG-2024-JUL24-25,Pasig,Manggahan,Manggahan,Gate 5 Karangalan Village Brgy. Manggahan,2024-07-24T23:00:00+08:00,"As of 11:00PM July 24, 2024",24,Please be advised that the following roads are NOT PASSABLE to light vehicles due to significant flooding in the area. | - Gate 5 Karangalan Village Brgy. Manggahan,flood_observed,,,,NOT PASSABLE to light vehicles,candidate,,depth_not_reported
OBS-50475275da534b21,PASIG-20240725-0400,b6d9289c2c3d,https://pasigcity.gov.ph/news-and-releases/flood-update-as-of-0400am-july-25-2024-601,PASIG-2024-JUL24-25,Pasig,San Miguel,San Miguel,Eusebio Ave. (PCGH) Brgy. San Miguel,2024-07-24T22:00:00+08:00,"As of 10:00PM July 24, 2024",33,Please be advised that the following roads are NOT PASSABLE to light vehicles due to significant flooding in the area. | - Eusebio Ave. (PCGH) Brgy. San Miguel,flood_observed,,,,NOT PASSABLE to light vehicles,candidate,,depth_not_reported
OBS-297a3793f3a9874d,PASIG-20240725-0400,b6d9289c2c3d,https://pasigcity.gov.ph/news-and-releases/flood-update-as-of-0400am-july-25-2024-601,PASIG-2024-JUL24-25,Pasig,Manggahan,Manggahan,Gate 5 Karangalan Village Brgy. Manggahan,2024-07-24T22:00:00+08:00,"As of 10:00PM July 24, 2024",34,Please be advised that the following roads are NOT PASSABLE to light vehicles due to significant flooding in the area. | - Gate 5 Karangalan Village Brgy. Manggahan,flood_observed,,,,NOT PASSABLE to light vehicles,candidate,,depth_not_reported
OBS-c9c16b22a62bb46c,PASIG-20240725-0400,b6d9289c2c3d,https://pasigcity.gov.ph/news-and-releases/flood-update-as-of-0400am-july-25-2024-601,PASIG-2024-JUL24-25,Pasig,San Miguel,San Miguel,Eusebio Ave. (PCGH) - Brgy. San Miguel,2024-07-24T21:00:00+08:00,"As of 9:00PM July 24, 2024",44,Please be advised that the following roads are NOT PASSABLE to light vehicles due to significant flooding in the area: | - Eusebio Ave. (PCGH) - Brgy. San Miguel,flood_observed,,,,NOT PASSABLE to light vehicles,candidate,,depth_not_reported
OBS-84b173addf137fec,PASIG-20240725-0400,b6d9289c2c3d,https://pasigcity.gov.ph/news-and-releases/flood-update-as-of-0400am-july-25-2024-601,PASIG-2024-JUL24-25,Pasig,Manggahan,Manggahan,Gate 5 Karangalan Village Brgy. Manggahan,2024-07-24T21:00:00+08:00,"As of 9:00PM July 24, 2024",45,Please be advised that the following roads are NOT PASSABLE to light vehicles due to significant flooding in the area: | - Gate 5 Karangalan Village Brgy. Manggahan,flood_observed,,,,NOT PASSABLE to light vehicles,candidate,,depth_not_reported
OBS-6c59b9924c2bbe93,PASIG-20240725-0400,b6d9289c2c3d,https://pasigcity.gov.ph/news-and-releases/flood-update-as-of-0400am-july-25-2024-601,PASIG-2024-JUL24-25,Pasig,Maybunga,Maybunga,Jenny's Ave. - Brgy. Maybunga,2024-07-24T20:00:00+08:00,"As of 8:00PM July 24, 2024",53,Please be advised that the following roads are NOT PASSABLE to light vehicles due to significant flooding in the area: | - Jenny's Ave. - Brgy. Maybunga,flood_observed,,,,NOT PASSABLE to light vehicles,candidate,,depth_not_reported
OBS-2f6873e8e89d4a2e,PASIG-20240725-0400,b6d9289c2c3d,https://pasigcity.gov.ph/news-and-releases/flood-update-as-of-0400am-july-25-2024-601,PASIG-2024-JUL24-25,Pasig,Maybunga,Maybunga,F. Legaspi (Rainforest) - Brgy. Maybunga,2024-07-24T20:00:00+08:00,"As of 8:00PM July 24, 2024",54,Please be advised that the following roads are NOT PASSABLE to light vehicles due to significant flooding in the area: | - F. Legaspi (Rainforest) - Brgy. Maybunga,flood_observed,,,,NOT PASSABLE to light vehicles,candidate,,depth_not_reported
OBS-a428a901506b3581,PASIG-20240725-0400,b6d9289c2c3d,https://pasigcity.gov.ph/news-and-releases/flood-update-as-of-0400am-july-25-2024-601,PASIG-2024-JUL24-25,Pasig,San Miguel,San Miguel,Eusebio Ave. (PCGH) - Brgy. San Miguel,2024-07-24T20:00:00+08:00,"As of 8:00PM July 24, 2024",55,Please be advised that the following roads are NOT PASSABLE to light vehicles due to significant flooding in the area: | - Eusebio Ave. (PCGH) - Brgy. San Miguel,flood_observed,,,,NOT PASSABLE to light vehicles,candidate,,depth_not_reported
OBS-6451f55562ba04d5,PASIG-20240725-0400,b6d9289c2c3d,https://pasigcity.gov.ph/news-and-releases/flood-update-as-of-0400am-july-25-2024-601,PASIG-2024-JUL24-25,Pasig,Manggahan,Manggahan,Gate 5 Karangalan Village - Brgy. Manggahan,2024-07-24T20:00:00+08:00,"As of 8:00PM July 24, 2024",56,Please be advised that the following roads are NOT PASSABLE to light vehicles due to significant flooding in the area: | - Gate 5 Karangalan Village - Brgy. Manggahan,flood_observed,,,,NOT PASSABLE to light vehicles,candidate,,depth_not_reported
OBS-baf599444b2e0d4d,PASIG-20240725-0400,b6d9289c2c3d,https://pasigcity.gov.ph/news-and-releases/flood-update-as-of-0400am-july-25-2024-601,PASIG-2024-JUL24-25,Pasig,Maybunga,Maybunga,Jenny's Ave - Brgy. Maybunga,2024-07-24T18:00:00+08:00,"As of 6:00PM July 24, 2024",64,Please be advised that the following roads are NOT PASSABLE to light vehicles due to significant flooding in the area: | - Jenny's Ave - Brgy. Maybunga,flood_observed,,,,NOT PASSABLE to light vehicles,candidate,,depth_not_reported
OBS-49bd5b6e8c8d1f27,PASIG-20240725-0400,b6d9289c2c3d,https://pasigcity.gov.ph/news-and-releases/flood-update-as-of-0400am-july-25-2024-601,PASIG-2024-JUL24-25,Pasig,Maybunga,Maybunga,F.Legaspi (Rainforest) - Brgy. Maybunga,2024-07-24T18:00:00+08:00,"As of 6:00PM July 24, 2024",65,Please be advised that the following roads are NOT PASSABLE to light vehicles due to significant flooding in the area: | - F.Legaspi (Rainforest) - Brgy. Maybunga,flood_observed,,,,NOT PASSABLE to light vehicles,candidate,,depth_not_reported
OBS-d81fb22f6c7468cf,PASIG-20240725-0400,b6d9289c2c3d,https://pasigcity.gov.ph/news-and-releases/flood-update-as-of-0400am-july-25-2024-601,PASIG-2024-JUL24-25,Pasig,San Miguel,San Miguel,Eusebio Ave (PCGH) - Brgy. San Miguel,2024-07-24T18:00:00+08:00,"As of 6:00PM July 24, 2024",66,Please be advised that the following roads are NOT PASSABLE to light vehicles due to significant flooding in the area: | - Eusebio Ave (PCGH) - Brgy. San Miguel,flood_observed,,,,NOT PASSABLE to light vehicles,candidate,,depth_not_reported
OBS-eb7621e6fd9a3ab1,PASIG-20240725-0400,b6d9289c2c3d,https://pasigcity.gov.ph/news-and-releases/flood-update-as-of-0400am-july-25-2024-601,PASIG-2024-JUL24-25,Pasig,Manggahan,Manggahan,Gate 5 Karangalan Village - Brgy.Manggahan,2024-07-24T18:00:00+08:00,"As of 6:00PM July 24, 2024",67,Please be advised that the following roads are NOT PASSABLE to light vehicles due to significant flooding in the area: | - Gate 5 Karangalan Village - Brgy.Manggahan,flood_observed,,,,NOT PASSABLE to light vehicles,candidate,,depth_not_reported
OBS-599a2e2b72850062,PASIG-20240725-0400,b6d9289c2c3d,https://pasigcity.gov.ph/news-and-releases/flood-update-as-of-0400am-july-25-2024-601,PASIG-2024-JUL24-25,Pasig,Ugong,Ugong,Eagle St. cor. C5 Rd. - Brgy.Ugong,2024-07-24T18:00:00+08:00,"As of 6:00PM July 24, 2024",68,Please be advised that the following roads are NOT PASSABLE to light vehicles due to significant flooding in the area: | - Eagle St. cor. C5 Rd. - Brgy.Ugong,flood_observed,,,,NOT PASSABLE to light vehicles,candidate,,depth_not_reported
OBS-efe4bf0e5d1e49fd,PASIG-20240725-0400,b6d9289c2c3d,https://pasigcity.gov.ph/news-and-releases/flood-update-as-of-0400am-july-25-2024-601,PASIG-2024-JUL24-25,Pasig,Rosario,Rosario,C.Raymundo Tramo - Brgy Rosario,2024-07-24T18:00:00+08:00,"As of 6:00PM July 24, 2024",69,Please be advised that the following roads are NOT PASSABLE to light vehicles due to significant flooding in the area: | - C.Raymundo Tramo - Brgy Rosario,flood_observed,,,,NOT PASSABLE to light vehicles,candidate,,depth_not_reported
OBS-6c5c2330b605f15f,PASIG-20240725-0400,b6d9289c2c3d,https://pasigcity.gov.ph/news-and-releases/flood-update-as-of-0400am-july-25-2024-601,PASIG-2024-JUL24-25,Pasig,Maybunga,Maybunga,Jenny's ave Brgy. Maybunga,2024-07-24T17:00:00+08:00,"As of 5:00PM, July 24, 2024",77,Please be advised that the following roads are NOT PASSABLE to light vehicles due to significant flooding in the area: | - Jenny's ave Brgy. Maybunga,flood_observed,,,,NOT PASSABLE to light vehicles,candidate,,depth_not_reported
OBS-652895e7eb009ebf,PASIG-20240725-0400,b6d9289c2c3d,https://pasigcity.gov.ph/news-and-releases/flood-update-as-of-0400am-july-25-2024-601,PASIG-2024-JUL24-25,Pasig,Maybunga,Maybunga,F.Legaspi (Rainforest) Brgy. Maybunga,2024-07-24T17:00:00+08:00,"As of 5:00PM, July 24, 2024",78,Please be advised that the following roads are NOT PASSABLE to light vehicles due to significant flooding in the area: | - F.Legaspi (Rainforest) Brgy. Maybunga,flood_observed,,,,NOT PASSABLE to light vehicles,candidate,,depth_not_reported
OBS-103967f325c88378,PASIG-20240725-0400,b6d9289c2c3d,https://pasigcity.gov.ph/news-and-releases/flood-update-as-of-0400am-july-25-2024-601,PASIG-2024-JUL24-25,Pasig,San Miguel,San Miguel,Eusebio ave (PCGH) Brgy. San Miguel,2024-07-24T17:00:00+08:00,"As of 5:00PM, July 24, 2024",79,Please be advised that the following roads are NOT PASSABLE to light vehicles due to significant flooding in the area: | - Eusebio ave (PCGH) Brgy. San Miguel,flood_observed,,,,NOT PASSABLE to light vehicles,candidate,,depth_not_reported
OBS-dd020d8cb557c0a1,PASIG-20240725-0400,b6d9289c2c3d,https://pasigcity.gov.ph/news-and-releases/flood-update-as-of-0400am-july-25-2024-601,PASIG-2024-JUL24-25,Pasig,Manggahan,Manggahan,Gate 5 Karangalan Village Brgy.Manggahan,2024-07-24T17:00:00+08:00,"As of 5:00PM, July 24, 2024",80,Please be advised that the following roads are NOT PASSABLE to light vehicles due to significant flooding in the area: | - Gate 5 Karangalan Village Brgy.Manggahan,flood_observed,,,,NOT PASSABLE to light vehicles,candidate,,depth_not_reported
OBS-5a353dafeacbd679,PASIG-20240725-0400,b6d9289c2c3d,https://pasigcity.gov.ph/news-and-releases/flood-update-as-of-0400am-july-25-2024-601,PASIG-2024-JUL24-25,Pasig,Ugong,Ugong,Eagle st cor C5 rd. Brgy.Ugong,2024-07-24T17:00:00+08:00,"As of 5:00PM, July 24, 2024",81,Please be advised that the following roads are NOT PASSABLE to light vehicles due to significant flooding in the area: | - Eagle st cor C5 rd. Brgy.Ugong,flood_observed,,,,NOT PASSABLE to light vehicles,candidate,,depth_not_reported
OBS-87b26c545642d9d0,PASIG-20240725-0400,b6d9289c2c3d,https://pasigcity.gov.ph/news-and-releases/flood-update-as-of-0400am-july-25-2024-601,PASIG-2024-JUL24-25,Pasig,Maybunga,Maybunga,Jenny's Ave - Brgy. Maybunga,2024-07-24T15:00:00+08:00,"As of 3:00PM July 24, 2024",91,Please be advised that the following roads are NOT PASSABLE to light vehicles due to significant flooding in the area: | - Jenny's Ave - Brgy. Maybunga,flood_observed,,,,NOT PASSABLE to light vehicles,candidate,,depth_not_reported
OBS-1b7c0ad8e8117629,PASIG-20240725-0400,b6d9289c2c3d,https://pasigcity.gov.ph/news-and-releases/flood-update-as-of-0400am-july-25-2024-601,PASIG-2024-JUL24-25,Pasig,Maybunga,Maybunga,F. Legaspi (Rainforest) - Brgy. Maybunga,2024-07-24T15:00:00+08:00,"As of 3:00PM July 24, 2024",92,Please be advised that the following roads are NOT PASSABLE to light vehicles due to significant flooding in the area: | - F. Legaspi (Rainforest) - Brgy. Maybunga,flood_observed,,,,NOT PASSABLE to light vehicles,candidate,,depth_not_reported
OBS-e28239f7eca78587,PASIG-20240725-0400,b6d9289c2c3d,https://pasigcity.gov.ph/news-and-releases/flood-update-as-of-0400am-july-25-2024-601,PASIG-2024-JUL24-25,Pasig,San Miguel,San Miguel,Eusebio Ave (PCGH) - Brgy. San Miguel,2024-07-24T15:00:00+08:00,"As of 3:00PM July 24, 2024",93,Please be advised that the following roads are NOT PASSABLE to light vehicles due to significant flooding in the area: | - Eusebio Ave (PCGH) - Brgy. San Miguel,flood_observed,,,,NOT PASSABLE to light vehicles,candidate,,depth_not_reported
OBS-5784b0e5ba736591,PASIG-20240725-0400,b6d9289c2c3d,https://pasigcity.gov.ph/news-and-releases/flood-update-as-of-0400am-july-25-2024-601,PASIG-2024-JUL24-25,Pasig,Manggahan,Manggahan,Gate 5 Karangalan Village - Brgy. Manggahan,2024-07-24T15:00:00+08:00,"As of 3:00PM July 24, 2024",94,Please be advised that the following roads are NOT PASSABLE to light vehicles due to significant flooding in the area: | - Gate 5 Karangalan Village - Brgy. Manggahan,flood_observed,,,,NOT PASSABLE to light vehicles,candidate,,depth_not_reported
OBS-08083b49f25dc0a4,PASIG-20240725-0400,b6d9289c2c3d,https://pasigcity.gov.ph/news-and-releases/flood-update-as-of-0400am-july-25-2024-601,PASIG-2024-JUL24-25,Pasig,Ugong,Ugong,Eagle St. Cor C5 Rd - Brgy. Ugong,2024-07-24T15:00:00+08:00,"As of 3:00PM July 24, 2024",95,Please be advised that the following roads are NOT PASSABLE to light vehicles due to significant flooding in the area: | - Eagle St. Cor C5 Rd - Brgy. Ugong,flood_observed,,,,NOT PASSABLE to light vehicles,candidate,,depth_not_reported
OBS-4fbc08fb414ee269,PASIG-20240725-0400,b6d9289c2c3d,https://pasigcity.gov.ph/news-and-releases/flood-update-as-of-0400am-july-25-2024-601,PASIG-2024-JUL24-25,Pasig,Maybunga,Maybunga,Jenny's ave Brgy. Maybunga,2024-07-24T14:00:00+08:00,"As of 2:00PM July 24, 2024",105,Please be advised that the following roads are NOT PASSABLE to light vehicles due to significant flooding in the area: | - Jenny's ave Brgy. Maybunga,flood_observed,,,,NOT PASSABLE to light vehicles,candidate,,depth_not_reported
OBS-080830d4ac150bf9,PASIG-20240725-0400,b6d9289c2c3d,https://pasigcity.gov.ph/news-and-releases/flood-update-as-of-0400am-july-25-2024-601,PASIG-2024-JUL24-25,Pasig,Maybunga,Maybunga,F.Legaspi (Rainforest) Brgy. Maybunga,2024-07-24T14:00:00+08:00,"As of 2:00PM July 24, 2024",106,Please be advised that the following roads are NOT PASSABLE to light vehicles due to significant flooding in the area: | - F.Legaspi (Rainforest) Brgy. Maybunga,flood_observed,,,,NOT PASSABLE to light vehicles,candidate,,depth_not_reported
OBS-b358a46353a85a2b,PASIG-20240725-0400,b6d9289c2c3d,https://pasigcity.gov.ph/news-and-releases/flood-update-as-of-0400am-july-25-2024-601,PASIG-2024-JUL24-25,Pasig,San Miguel,San Miguel,Eusebio ave (PCGH) Brgy. San Miguel,2024-07-24T14:00:00+08:00,"As of 2:00PM July 24, 2024",107,Please be advised that the following roads are NOT PASSABLE to light vehicles due to significant flooding in the area: | - Eusebio ave (PCGH) Brgy. San Miguel,flood_observed,,,,NOT PASSABLE to light vehicles,candidate,,depth_not_reported
OBS-6a2289c5f796dcc4,PASIG-20240725-0400,b6d9289c2c3d,https://pasigcity.gov.ph/news-and-releases/flood-update-as-of-0400am-july-25-2024-601,PASIG-2024-JUL24-25,Pasig,Manggahan,Manggahan,Gate 5 Karangalan Village Brgy.Manggahan,2024-07-24T14:00:00+08:00,"As of 2:00PM July 24, 2024",108,Please be advised that the following roads are NOT PASSABLE to light vehicles due to significant flooding in the area: | - Gate 5 Karangalan Village Brgy.Manggahan,flood_observed,,,,NOT PASSABLE to light vehicles,candidate,,depth_not_reported
OBS-3293624852e0dc9b,PASIG-20240725-0400,b6d9289c2c3d,https://pasigcity.gov.ph/news-and-releases/flood-update-as-of-0400am-july-25-2024-601,PASIG-2024-JUL24-25,Pasig,Ugong,Ugong,Eagle st cor C5 rd. Brgy.Ugong,2024-07-24T14:00:00+08:00,"As of 2:00PM July 24, 2024",109,Please be advised that the following roads are NOT PASSABLE to light vehicles due to significant flooding in the area: | - Eagle st cor C5 rd. Brgy.Ugong,flood_observed,,,,NOT PASSABLE to light vehicles,candidate,,depth_not_reported
OBS-1b5c5daeb48656ff,PASIG-20240725-0400,b6d9289c2c3d,https://pasigcity.gov.ph/news-and-releases/flood-update-as-of-0400am-july-25-2024-601,PASIG-2024-JUL24-25,Pasig,Maybunga,Maybunga,Jenny's ave Brgy. Maybunga,2024-07-24T11:00:00+08:00,"As of 11:00 AM, July 24, 2024",119,Please be advised that the following roads are NOT PASSABLE to light vehicles due to significant flooding in the area: | - Jenny's ave Brgy. Maybunga,flood_observed,,,,NOT PASSABLE to light vehicles,candidate,,depth_not_reported
OBS-c6c18403a7f4fae3,PASIG-20240725-0400,b6d9289c2c3d,https://pasigcity.gov.ph/news-and-releases/flood-update-as-of-0400am-july-25-2024-601,PASIG-2024-JUL24-25,Pasig,Maybunga,Maybunga,F.Legaspi (Rainforest) Brgy. Maybunga,2024-07-24T11:00:00+08:00,"As of 11:00 AM, July 24, 2024",120,Please be advised that the following roads are NOT PASSABLE to light vehicles due to significant flooding in the area: | - F.Legaspi (Rainforest) Brgy. Maybunga,flood_observed,,,,NOT PASSABLE to light vehicles,candidate,,depth_not_reported
OBS-1ccf0ac27a114432,PASIG-20240725-0400,b6d9289c2c3d,https://pasigcity.gov.ph/news-and-releases/flood-update-as-of-0400am-july-25-2024-601,PASIG-2024-JUL24-25,Pasig,San Miguel,San Miguel,Eusebio ave (PCGH) Brgy. San Miguel,2024-07-24T11:00:00+08:00,"As of 11:00 AM, July 24, 2024",121,Please be advised that the following roads are NOT PASSABLE to light vehicles due to significant flooding in the area: | - Eusebio ave (PCGH) Brgy. San Miguel,flood_observed,,,,NOT PASSABLE to light vehicles,candidate,,depth_not_reported
OBS-683da27bad289a8d,PASIG-20240725-0400,b6d9289c2c3d,https://pasigcity.gov.ph/news-and-releases/flood-update-as-of-0400am-july-25-2024-601,PASIG-2024-JUL24-25,Pasig,Caniogan,Caniogan,C. Dela Paz St. Brgy. Caniogan,2024-07-24T09:00:00+08:00,"As of 9:00 AM, July 24, 2024",129,Please be advised that the following roads are NOT PASSABLE to light vehicles due to significant flooding in the area: | - C. Dela Paz St. Brgy. Caniogan,flood_observed,,,,NOT PASSABLE to light vehicles,candidate,,depth_not_reported
OBS-4e24b182790585e4,PASIG-20240725-0400,b6d9289c2c3d,https://pasigcity.gov.ph/news-and-releases/flood-update-as-of-0400am-july-25-2024-601,PASIG-2024-JUL24-25,Pasig,Malinao,Malinao,G. Raymundo Brgy. Malinao,2024-07-24T09:00:00+08:00,"As of 9:00 AM, July 24, 2024",130,Please be advised that the following roads are NOT PASSABLE to light vehicles due to significant flooding in the area: | - G. Raymundo Brgy. Malinao,flood_observed,,,,NOT PASSABLE to light vehicles,candidate,,depth_not_reported
OBS-3d510e174836e31e,PASIG-20240725-0400,b6d9289c2c3d,https://pasigcity.gov.ph/news-and-releases/flood-update-as-of-0400am-july-25-2024-601,PASIG-2024-JUL24-25,Pasig,Maybunga,Maybunga,Jenny's ave Brgy. Maybunga,2024-07-24T09:00:00+08:00,"As of 9:00 AM, July 24, 2024",131,Please be advised that the following roads are NOT PASSABLE to light vehicles due to significant flooding in the area: | - Jenny's ave Brgy. Maybunga,flood_observed,,,,NOT PASSABLE to light vehicles,candidate,,depth_not_reported
OBS-6f2d3f6ed59fb09c,PASIG-20240725-0400,b6d9289c2c3d,https://pasigcity.gov.ph/news-and-releases/flood-update-as-of-0400am-july-25-2024-601,PASIG-2024-JUL24-25,Pasig,Maybunga,Maybunga,F.Legaspi (Rainforest) Brgy. Maybunga,2024-07-24T09:00:00+08:00,"As of 9:00 AM, July 24, 2024",132,Please be advised that the following roads are NOT PASSABLE to light vehicles due to significant flooding in the area: | - F.Legaspi (Rainforest) Brgy. Maybunga,flood_observed,,,,NOT PASSABLE to light vehicles,candidate,,depth_not_reported
OBS-b1903c26cd6ca8b9,PASIG-20240725-0400,b6d9289c2c3d,https://pasigcity.gov.ph/news-and-releases/flood-update-as-of-0400am-july-25-2024-601,PASIG-2024-JUL24-25,Pasig,Pinagbuhatan,Pinagbuhatan,Urbano cor. Sandoval Brgy. Pinagbuhatan,2024-07-24T09:00:00+08:00,"As of 9:00 AM, July 24, 2024",133,Please be advised that the following roads are NOT PASSABLE to light vehicles due to significant flooding in the area: | - Urbano cor. Sandoval Brgy. Pinagbuhatan,flood_observed,,,,NOT PASSABLE to light vehicles,candidate,,depth_not_reported
OBS-48d70bc4814a90ee,PASIG-20240725-1700,0438d3cd550b,https://pasigcity.gov.ph/news-and-releases/flood-update-as-of-500pm-july-25-2024-968,PASIG-2024-JUL24-25,Pasig,Manggahan,Manggahan,Gate 5 Karangalan Village,2024-07-25T17:00:00+08:00,"As of 5:00PM July 25, 2024",5,Please be advised that Gate 5 Karangalan Village in Brgy. Manggahan is still NOT PASSABLE to light vehicles due to significant flooding in the area.,flood_observed,,,,NOT PASSABLE to light vehicles,candidate,,depth_not_reported
OBS-a0cd1705c784535a,PASIG-20240725-1700,0438d3cd550b,https://pasigcity.gov.ph/news-and-releases/flood-update-as-of-500pm-july-25-2024-968,PASIG-2024-JUL24-25,Pasig,Manggahan,Manggahan,Gate 5 Karangalan Village Brgy. Manggahan,2024-07-25T12:00:00+08:00,"As of 12:00NN July 25, 2024",14,Please be advise that the road below is NOT PASSABLE to light vehicles due to significant flooding in the area: | - Gate 5 Karangalan Village Brgy. Manggahan,flood_observed,,,,NOT PASSABLE to light vehicles,candidate,,depth_not_reported
OBS-201f5bb58bc7082c,PASIG-20240725-1700,0438d3cd550b,https://pasigcity.gov.ph/news-and-releases/flood-update-as-of-500pm-july-25-2024-968,PASIG-2024-JUL24-25,Pasig,Manggahan,Manggahan,"Gate 5 Karangalan Village, Brgy. Manggahan",2024-07-25T10:00:00+08:00,"As of 10:00AM July 25, 2024",21,"Please be advised that the following roads are NOT PASSABLE to light vehicles due to significant flooding in the area: | -Gate 5 Karangalan Village, Brgy. Manggahan",flood_observed,,,,NOT PASSABLE to light vehicles,candidate,,depth_not_reported
OBS-3fdd78dc5715c465,PASIG-20240725-1700,0438d3cd550b,https://pasigcity.gov.ph/news-and-releases/flood-update-as-of-500pm-july-25-2024-968,PASIG-2024-JUL24-25,Pasig,Sta Lucia (in front of SM East Ortigas),Sta. Lucia,"Ortigas Extn., Brgy. Sta Lucia (in front of SM East Ortigas)",2024-07-25T10:00:00+08:00,"As of 10:00AM July 25, 2024",22,"Please be advised that the following roads are NOT PASSABLE to light vehicles due to significant flooding in the area: | -Ortigas Extn., Brgy. Sta Lucia (in front of SM East Ortigas)",flood_observed,,,,NOT PASSABLE to light vehicles,candidate,,depth_not_reported
OBS-7b67a36aafc7cc99,PASIG-20250721-1900,af19914833ce,https://pasigcity.gov.ph/news-and-releases/flood-update-as-of-0700pm-21-july-2025-923,PASIG-2025-JUL21-25,Pasig,Dela Paz,Dela Paz,"Karangalan Phase 2 A, Brgy. Dela Paz",2025-07-21T19:00:00+08:00,As of 07:00PM | 21 July 2025,5,"1. Karangalan Phase 2 A, Brgy. Dela Paz | Water Level: Knee Level",flood_observed,Knee Level,,,,candidate,,qualitative_depth_no_numeric_conversion;same_clock_depth_conflict
OBS-f3f7be20ad3782b5,PASIG-20250721-1900,af19914833ce,https://pasigcity.gov.ph/news-and-releases/flood-update-as-of-0700pm-21-july-2025-923,PASIG-2025-JUL21-25,Pasig,Manggahan,Manggahan,"Panama St cor Stockholm, Brgy. Manggahan",2025-07-21T19:00:00+08:00,As of 07:00PM | 21 July 2025,7,"2. Panama St cor Stockholm, Brgy. Manggahan | Water Level: 3-4 inches",flood_observed,3-4 inches,7.62,10.16,,candidate,,
OBS-f83aaee608b8e3d4,PASIG-20250721-1900,af19914833ce,https://pasigcity.gov.ph/news-and-releases/flood-update-as-of-0700pm-21-july-2025-923,PASIG-2025-JUL21-25,Pasig,Manggahan,Manggahan,"Panama St., Brgy. Manggahan",2025-07-21T19:00:00+08:00,As of 07:00PM | 21 July 2025,9,"3. Panama St., Brgy. Manggahan | Water Level: 3-4 inches",flood_observed,3-4 inches,7.62,10.16,,candidate,,
OBS-7170e9e84fad4c4e,PASIG-20250721-1900,af19914833ce,https://pasigcity.gov.ph/news-and-releases/flood-update-as-of-0700pm-21-july-2025-923,PASIG-2025-JUL21-25,Pasig,Dela Paz,Dela Paz,"Kabayanihan cor Karikitan St, Brgy. Dela Paz",2025-07-21T19:00:00+08:00,As of 07:00PM | 21 July 2025,11,"4. Kabayanihan cor Karikitan St, Brgy. Dela Paz | Water Level: 7-8 inches",flood_observed,7-8 inches,17.78,20.32,,candidate,,
OBS-76b019811a1ed746,PASIG-20250721-1900,af19914833ce,https://pasigcity.gov.ph/news-and-releases/flood-update-as-of-0700pm-21-july-2025-923,PASIG-2025-JUL21-25,Pasig,Sta.Lucia,Sta. Lucia,"Callos Compound, Brgy. Sta.Lucia",2025-07-21T19:00:00+08:00,As of 07:00PM | 21 July 2025,13,"5. Callos Compound, Brgy. Sta.Lucia | Water Level : 3 FT",flood_observed,3 FT,91.44,91.44,,candidate,,
OBS-da6bc0ec73f91580,PASIG-20250721-1900,af19914833ce,https://pasigcity.gov.ph/news-and-releases/flood-update-as-of-0700pm-21-july-2025-923,PASIG-2025-JUL21-25,Pasig,Manggahan,Manggahan,"Paris St. cor Soliven Ave., Brgy Manggahan",2025-07-21T19:00:00+08:00,As of 07:00PM | 21 July 2025,15,"6. Paris St. cor Soliven Ave., Brgy Manggahan | Water Level: 3-4 inches",flood_observed,3-4 inches,7.62,10.16,,candidate,,
OBS-9323a249d0f86453,PASIG-20250721-1900,af19914833ce,https://pasigcity.gov.ph/news-and-releases/flood-update-as-of-0700pm-21-july-2025-923,PASIG-2025-JUL21-25,Pasig,Manggahan,Manggahan,"Prague St., Brgy Manggahan",2025-07-21T19:00:00+08:00,As of 07:00PM | 21 July 2025,17,"7. Prague St., Brgy Manggahan | Water Level: 1 FT",flood_observed,1 FT,30.48,30.48,,candidate,,
OBS-dea8854e07019686,PASIG-20250721-1900,af19914833ce,https://pasigcity.gov.ph/news-and-releases/flood-update-as-of-0700pm-21-july-2025-923,PASIG-2025-JUL21-25,Pasig,Manggahan,Manggahan,"Prague St cor. Rome St., Brgy. Manggahan",2025-07-21T19:00:00+08:00,As of 07:00PM | 21 July 2025,19,"8. Prague St cor. Rome St., Brgy. Manggahan | Water Level: 1 FT and 2 inches",flood_observed,1 FT and 2 inches,35.56,35.56,,candidate,,
OBS-b33d211ff2a96c92,PASIG-20250721-1900,af19914833ce,https://pasigcity.gov.ph/news-and-releases/flood-update-as-of-0700pm-21-july-2025-923,PASIG-2025-JUL21-25,Pasig,Manggahan,Manggahan,"Iglesia Washington St., Brgy. Manggahan",2025-07-21T19:00:00+08:00,As of 07:00PM | 21 July 2025,21,"9. Iglesia Washington St., Brgy. Manggahan | Water Level: 1 FT",flood_observed,1 FT,30.48,30.48,,candidate,,
OBS-8517bd96eca9bd3a,PASIG-20250721-1900,af19914833ce,https://pasigcity.gov.ph/news-and-releases/flood-update-as-of-0700pm-21-july-2025-923,PASIG-2025-JUL21-25,Pasig,Manggahan,Manggahan,"Guatemala St. cor. Rome St., Brgy. Manggahan",2025-07-21T19:00:00+08:00,As of 07:00PM | 21 July 2025,23,"10. Guatemala St. cor. Rome St., Brgy. Manggahan | Water Level: 1 FT",flood_observed,1 FT,30.48,30.48,,candidate,,
OBS-ad5e5d46f4419de6,PASIG-20250721-1900,af19914833ce,https://pasigcity.gov.ph/news-and-releases/flood-update-as-of-0700pm-21-july-2025-923,PASIG-2025-JUL21-25,Pasig,Manggahan,Manggahan,"Athens St. cor. Guatemala, Brgy. Manggahan",2025-07-21T19:00:00+08:00,As of 07:00PM | 21 July 2025,25,"11. Athens St. cor. Guatemala, Brgy. Manggahan | Water Level: 5-6 inches",flood_observed,5-6 inches,12.7,15.24,,candidate,,
OBS-a69a15308434af2c,PASIG-20250721-1900,af19914833ce,https://pasigcity.gov.ph/news-and-releases/flood-update-as-of-0700pm-21-july-2025-923,PASIG-2025-JUL21-25,Pasig,Dela Paz,Dela Paz,Karangalan Phase 2 A Brgy. Dela Paz,2025-07-21T19:00:00+08:00,As of 07:00PM | 21 July 2025,27,12. Karangalan Phase 2 A Brgy. Dela Paz | water level: 1 FT,flood_observed,1 FT,30.48,30.48,,candidate,,same_clock_depth_conflict
OBS-b01c5d8bed28c58c,PASIG-20250721-1900,af19914833ce,https://pasigcity.gov.ph/news-and-releases/flood-update-as-of-0700pm-21-july-2025-923,PASIG-2025-JUL21-25,Pasig,Santolan,Santolan,Masikap Brgy. Santolan.,2025-07-21T19:00:00+08:00,As of 07:00PM | 21 July 2025,29,13. Masikap Brgy. Santolan. | Water Level: 5 inches,flood_observed,5 inches,12.7,12.7,,candidate,,
OBS-80510b2886557344,PASIG-20250721-1900,af19914833ce,https://pasigcity.gov.ph/news-and-releases/flood-update-as-of-0700pm-21-july-2025-923,PASIG-2025-JUL21-25,Pasig,Santolan,Santolan,Sgt. De Leon. Brgy. Santolan.,2025-07-21T19:00:00+08:00,As of 07:00PM | 21 July 2025,31,14. Sgt. De Leon. Brgy. Santolan. | Water Level: 5 inches,flood_observed,5 inches,12.7,12.7,,candidate,,
OBS-051d1c798413d308,PASIG-20250721-1900,af19914833ce,https://pasigcity.gov.ph/news-and-releases/flood-update-as-of-0700pm-21-july-2025-923,PASIG-2025-JUL21-25,Pasig,Sta. Lucia,Sta. Lucia,"Tawi-tawi St., Brgy. Sta. Lucia",2025-07-21T19:00:00+08:00,As of 07:00PM | 21 July 2025,33,"15. Tawi-tawi St., Brgy. Sta. Lucia | Water Level: 15 inches",flood_observed,15 inches,38.1,38.1,,candidate,,
OBS-d49cbd78c8ce9067,PASIG-20250721-1900,af19914833ce,https://pasigcity.gov.ph/news-and-releases/flood-update-as-of-0700pm-21-july-2025-923,PASIG-2025-JUL21-25,Pasig,Manggahan,Manggahan,"Metro Ville Karangalan, Brgy. Manggahan",2025-07-21T19:00:00+08:00,As of 07:00PM | 21 July 2025,35,"16. Metro Ville Karangalan, Brgy. Manggahan | Water Level: 15 inches",flood_observed,15 inches,38.1,38.1,,candidate,,
OBS-506b1af3450dd3af,PASIG-20250721-1900,af19914833ce,https://pasigcity.gov.ph/news-and-releases/flood-update-as-of-0700pm-21-july-2025-923,PASIG-2025-JUL21-25,Pasig,Sta. Lucia,Sta. Lucia,"Bautista Compound, Brgy. Sta. Lucia",2025-07-21T19:00:00+08:00,As of 07:00PM | 21 July 2025,37,"17. Bautista Compound, Brgy. Sta. Lucia | Water Level: gutter deep",flood_observed,gutter deep,,,,candidate,,qualitative_depth_no_numeric_conversion
OBS-776d3fc2732e446a,PASIG-20250721-1900,af19914833ce,https://pasigcity.gov.ph/news-and-releases/flood-update-as-of-0700pm-21-july-2025-923,PASIG-2025-JUL21-25,Pasig,Sta. Lucia,Sta. Lucia,"Morales Compound 5th St., Brgy. Sta. Lucia",2025-07-21T19:00:00+08:00,As of 07:00PM | 21 July 2025,39,"18. Morales Compound 5th St., Brgy. Sta. Lucia | Water Level: gutter deep",flood_observed,gutter deep,,,,candidate,,qualitative_depth_no_numeric_conversion
OBS-2b6faab404183fce,PASIG-20250721-1900,af19914833ce,https://pasigcity.gov.ph/news-and-releases/flood-update-as-of-0700pm-21-july-2025-923,PASIG-2025-JUL21-25,Pasig,Santolan,Santolan,"Natasha St. (Sgt. De Leon), Brgy. Santolan",2025-07-21T19:00:00+08:00,As of 07:00PM | 21 July 2025,41,"19. Natasha St. (Sgt. De Leon), Brgy. Santolan | Water Level: knee level",flood_observed,knee level,,,,candidate,,qualitative_depth_no_numeric_conversion
OBS-75e3631bb14a773b,PASIG-20250721-1900,af19914833ce,https://pasigcity.gov.ph/news-and-releases/flood-update-as-of-0700pm-21-july-2025-923,PASIG-2025-JUL21-25,Pasig,Santolan,Santolan,"Masikap St. Bangkaan (Tawiran), Brgy. Santolan",2025-07-21T19:00:00+08:00,As of 07:00PM | 21 July 2025,43,"20. Masikap St. Bangkaan (Tawiran), Brgy. Santolan | Water Level: gutter level",flood_observed,gutter level,,,,candidate,,qualitative_depth_no_numeric_conversion
OBS-1d4b7d25a7cdc91a,PASIG-20250721-1900,af19914833ce,https://pasigcity.gov.ph/news-and-releases/flood-update-as-of-0700pm-21-july-2025-923,PASIG-2025-JUL21-25,Pasig,Santolan,Santolan,"Doroteo St., Brgy. Santolan",2025-07-21T19:00:00+08:00,As of 07:00PM | 21 July 2025,45,"21. Doroteo St., Brgy. Santolan | Water Level: knee deep",flood_observed,knee deep,,,,candidate,,qualitative_depth_no_numeric_conversion
OBS-2826480496045767,PASIG-20250721-1900,af19914833ce,https://pasigcity.gov.ph/news-and-releases/flood-update-as-of-0700pm-21-july-2025-923,PASIG-2025-JUL21-25,Pasig,Santolan,Santolan,"Marcelino St. (Tawiran), Brgy. Santolan",2025-07-21T19:00:00+08:00,As of 07:00PM | 21 July 2025,47,"22. Marcelino St. (Tawiran), Brgy. Santolan | Water Level: knee deep",flood_observed,knee deep,,,,candidate,,qualitative_depth_no_numeric_conversion
OBS-9eec8d088f1dd784,PASIG-20250721-1900,af19914833ce,https://pasigcity.gov.ph/news-and-releases/flood-update-as-of-0700pm-21-july-2025-923,PASIG-2025-JUL21-25,Pasig,Santolan,Santolan,"Rafael St., Brgy. Santolan",2025-07-21T19:00:00+08:00,As of 07:00PM | 21 July 2025,49,"23. Rafael St., Brgy. Santolan | Water Level: knee deep",flood_observed,knee deep,,,,candidate,,qualitative_depth_no_numeric_conversion
OBS-429249c0a431cbd8,PASIG-20250721-1900,af19914833ce,https://pasigcity.gov.ph/news-and-releases/flood-update-as-of-0700pm-21-july-2025-923,PASIG-2025-JUL21-25,Pasig,Santolan,Santolan,"Victorino St., Brgy. Santolan",2025-07-21T19:00:00+08:00,As of 07:00PM | 21 July 2025,51,"24. Victorino St., Brgy. Santolan | Water Level: gutter deep",flood_observed,gutter deep,,,,candidate,,qualitative_depth_no_numeric_conversion
OBS-bef06f541890279d,PASIG-20250721-1900,af19914833ce,https://pasigcity.gov.ph/news-and-releases/flood-update-as-of-0700pm-21-july-2025-923,PASIG-2025-JUL21-25,Pasig,Ugong,Ugong,"C. Santos 1-4, Brgy. Ugong",2025-07-21T19:00:00+08:00,As of 07:00PM | 21 July 2025,53,"25. C. Santos 1-4, Brgy. Ugong | Water Level: 5 inches",flood_observed,5 inches,12.7,12.7,,candidate,,
OBS-f005712590561ebf,PASIG-20250721-1900,af19914833ce,https://pasigcity.gov.ph/news-and-releases/flood-update-as-of-0700pm-21-july-2025-923,PASIG-2025-JUL21-25,Pasig,Manggahan,Manggahan,"Stockholms, Brgy. Manggahan",2025-07-21T19:00:00+08:00,As of 07:00PM | 21 July 2025,55,"26. Stockholms, Brgy. Manggahan | Water Level: gutter deep",flood_observed,gutter deep,,,,candidate,,qualitative_depth_no_numeric_conversion
OBS-be3207eeaf3d28e8,PASIG-20250721-1900,af19914833ce,https://pasigcity.gov.ph/news-and-releases/flood-update-as-of-0700pm-21-july-2025-923,PASIG-2025-JUL21-25,Pasig,Manggahan,Manggahan,"Lower Dike, Brgy. Manggahan",2025-07-21T19:00:00+08:00,As of 07:00PM | 21 July 2025,57,"27. Lower Dike, Brgy. Manggahan | Water Level: 1 FT",flood_observed,1 FT,30.48,30.48,,candidate,,
OBS-b4645b99d8743649,PASIG-20250721-1900,af19914833ce,https://pasigcity.gov.ph/news-and-releases/flood-update-as-of-0700pm-21-july-2025-923,PASIG-2025-JUL21-25,Pasig,Dela Paz,Dela Paz,"Yap Compound Katipiran St., Brgy. Dela Paz",2025-07-21T19:00:00+08:00,As of 07:00PM | 21 July 2025,59,"28. Yap Compound Katipiran St., Brgy. Dela Paz | Water Level: 2 FT",flood_observed,2 FT,60.96,60.96,,candidate,,
OBS-e9487f2e1d42e28c,PASIG-20250721-2200,1de8fa5a4265,https://pasigcity.gov.ph/news-and-releases/flood-update-as-of-1000pm-july-21-2025-698,PASIG-2025-JUL21-25,Pasig,Dela Paz,Dela Paz,"Karangalan Phase 2 A, Brgy. Dela Paz",2025-07-21T22:00:00+08:00,As of 10:00PM | 21 July 2025,5,"1. Karangalan Phase 2 A, Brgy. Dela Paz | Water Level: 2-3 inches",flood_observed,2-3 inches,5.08,7.62,,candidate,,
OBS-89ef91972acf0211,PASIG-20250721-2200,1de8fa5a4265,https://pasigcity.gov.ph/news-and-releases/flood-update-as-of-1000pm-july-21-2025-698,PASIG-2025-JUL21-25,Pasig,Manggahan,Manggahan,"Panama St cor Stockholm, Brgy. Manggahan",2025-07-21T22:00:00+08:00,As of 10:00PM | 21 July 2025,7,"2. Panama St cor Stockholm, Brgy. Manggahan | Water Level: 3-4 inches",flood_observed,3-4 inches,7.62,10.16,,candidate,,
OBS-6b7c802a9adc3dba,PASIG-20250721-2200,1de8fa5a4265,https://pasigcity.gov.ph/news-and-releases/flood-update-as-of-1000pm-july-21-2025-698,PASIG-2025-JUL21-25,Pasig,Manggahan,Manggahan,"Panama St., Brgy. Manggahan",2025-07-21T22:00:00+08:00,As of 10:00PM | 21 July 2025,9,"3. Panama St., Brgy. Manggahan | Water Level: 3-4 inches",flood_observed,3-4 inches,7.62,10.16,,candidate,,
OBS-24e03340ba9e38e6,PASIG-20250721-2200,1de8fa5a4265,https://pasigcity.gov.ph/news-and-releases/flood-update-as-of-1000pm-july-21-2025-698,PASIG-2025-JUL21-25,Pasig,Dela Paz,Dela Paz,"Kabayanihan cor Karikitan St, Brgy. Dela Paz",2025-07-21T22:00:00+08:00,As of 10:00PM | 21 July 2025,11,"4. Kabayanihan cor Karikitan St, Brgy. Dela Paz | Water Level: 7-8 inches",flood_observed,7-8 inches,17.78,20.32,,candidate,,
OBS-1b24db45aeebcb03,PASIG-20250721-2200,1de8fa5a4265,https://pasigcity.gov.ph/news-and-releases/flood-update-as-of-1000pm-july-21-2025-698,PASIG-2025-JUL21-25,Pasig,Sta.Lucia,Sta. Lucia,"Callos Compound, Brgy. Sta.Lucia",2025-07-21T22:00:00+08:00,As of 10:00PM | 21 July 2025,13,"5. Callos Compound, Brgy. Sta.Lucia | Water Level : 3 FT",flood_observed,3 FT,91.44,91.44,,candidate,,
OBS-a3266af963571cc0,PASIG-20250721-2200,1de8fa5a4265,https://pasigcity.gov.ph/news-and-releases/flood-update-as-of-1000pm-july-21-2025-698,PASIG-2025-JUL21-25,Pasig,Manggahan,Manggahan,"Paris St. cor Soliven Ave., Brgy Manggahan",2025-07-21T22:00:00+08:00,As of 10:00PM | 21 July 2025,15,"6. Paris St. cor Soliven Ave., Brgy Manggahan | Water Level: 3-4 inches",flood_observed,3-4 inches,7.62,10.16,,candidate,,
OBS-edffd7a41d55fc1f,PASIG-20250721-2200,1de8fa5a4265,https://pasigcity.gov.ph/news-and-releases/flood-update-as-of-1000pm-july-21-2025-698,PASIG-2025-JUL21-25,Pasig,Manggahan,Manggahan,"Prague St., Brgy Manggahan",2025-07-21T22:00:00+08:00,As of 10:00PM | 21 July 2025,17,"7. Prague St., Brgy Manggahan | Water Level: 1 FT",flood_observed,1 FT,30.48,30.48,,candidate,,
OBS-5cc5720f42d4f4b3,PASIG-20250721-2200,1de8fa5a4265,https://pasigcity.gov.ph/news-and-releases/flood-update-as-of-1000pm-july-21-2025-698,PASIG-2025-JUL21-25,Pasig,Manggahan,Manggahan,"Prague St cor. Rome St., Brgy. Manggahan",2025-07-21T22:00:00+08:00,As of 10:00PM | 21 July 2025,19,"8. Prague St cor. Rome St., Brgy. Manggahan | Water Level: 1 FT and 2 inches",flood_observed,1 FT and 2 inches,35.56,35.56,,candidate,,
OBS-4fff1f7df6e98cbf,PASIG-20250721-2200,1de8fa5a4265,https://pasigcity.gov.ph/news-and-releases/flood-update-as-of-1000pm-july-21-2025-698,PASIG-2025-JUL21-25,Pasig,Manggahan,Manggahan,"Iglesia Washington St., Brgy. Manggahan",2025-07-21T22:00:00+08:00,As of 10:00PM | 21 July 2025,21,"9. Iglesia Washington St., Brgy. Manggahan | Water Level: 1 FT",flood_observed,1 FT,30.48,30.48,,candidate,,
OBS-f3b0563ea0da0e96,PASIG-20250721-2200,1de8fa5a4265,https://pasigcity.gov.ph/news-and-releases/flood-update-as-of-1000pm-july-21-2025-698,PASIG-2025-JUL21-25,Pasig,Manggahan,Manggahan,"Guatemala St. cor. Rome St., Brgy. Manggahan",2025-07-21T22:00:00+08:00,As of 10:00PM | 21 July 2025,23,"10. Guatemala St. cor. Rome St., Brgy. Manggahan | Water Level: 1 FT",flood_observed,1 FT,30.48,30.48,,candidate,,
OBS-888e69bd83f9540f,PASIG-20250721-2200,1de8fa5a4265,https://pasigcity.gov.ph/news-and-releases/flood-update-as-of-1000pm-july-21-2025-698,PASIG-2025-JUL21-25,Pasig,Manggahan,Manggahan,"Athens St. cor. Guatemala, Brgy. Manggahan",2025-07-21T22:00:00+08:00,As of 10:00PM | 21 July 2025,25,"11. Athens St. cor. Guatemala, Brgy. Manggahan | Water Level: 5-6 inches",flood_observed,5-6 inches,12.7,15.24,,candidate,,
OBS-a47bb51a3d2b57e7,PASIG-20250721-2200,1de8fa5a4265,https://pasigcity.gov.ph/news-and-releases/flood-update-as-of-1000pm-july-21-2025-698,PASIG-2025-JUL21-25,Pasig,Santolan,Santolan,Masikap Brgy. Santolan.,2025-07-21T22:00:00+08:00,As of 10:00PM | 21 July 2025,27,12. Masikap Brgy. Santolan. | Water Level: 3 FT,flood_observed,3 FT,91.44,91.44,,candidate,,
OBS-34ad721ad870cdba,PASIG-20250721-2200,1de8fa5a4265,https://pasigcity.gov.ph/news-and-releases/flood-update-as-of-1000pm-july-21-2025-698,PASIG-2025-JUL21-25,Pasig,Santolan,Santolan,Sgt. De Leon. Brgy. Santolan.,2025-07-21T22:00:00+08:00,As of 10:00PM | 21 July 2025,29,13. Sgt. De Leon. Brgy. Santolan. | Water Level: 5 inches,flood_observed,5 inches,12.7,12.7,,candidate,,
OBS-61a91d8c315460ac,PASIG-20250721-2200,1de8fa5a4265,https://pasigcity.gov.ph/news-and-releases/flood-update-as-of-1000pm-july-21-2025-698,PASIG-2025-JUL21-25,Pasig,Sta. Lucia,Sta. Lucia,"Tawi-tawi St., Brgy. Sta. Lucia",2025-07-21T22:00:00+08:00,As of 10:00PM | 21 July 2025,31,"14 Tawi-tawi St., Brgy. Sta. Lucia | Water Level: 15 inches",flood_observed,15 inches,38.1,38.1,,candidate,,
OBS-586e84c0387414f3,PASIG-20250721-2200,1de8fa5a4265,https://pasigcity.gov.ph/news-and-releases/flood-update-as-of-1000pm-july-21-2025-698,PASIG-2025-JUL21-25,Pasig,Manggahan,Manggahan,"Metro Ville Karangalan, Brgy. Manggahan",2025-07-21T22:00:00+08:00,As of 10:00PM | 21 July 2025,33,"15. Metro Ville Karangalan, Brgy. Manggahan | Water Level: 15 inches",flood_observed,15 inches,38.1,38.1,,candidate,,
OBS-21fa2e069fcd429b,PASIG-20250721-2200,1de8fa5a4265,https://pasigcity.gov.ph/news-and-releases/flood-update-as-of-1000pm-july-21-2025-698,PASIG-2025-JUL21-25,Pasig,Sta. Lucia,Sta. Lucia,"Bautista Compound, Brgy. Sta. Lucia",2025-07-21T22:00:00+08:00,As of 10:00PM | 21 July 2025,35,"16. Bautista Compound, Brgy. Sta. Lucia | Water Level: gutter deep",flood_observed,gutter deep,,,,candidate,,qualitative_depth_no_numeric_conversion
OBS-aa53a1b6b94484a5,PASIG-20250721-2200,1de8fa5a4265,https://pasigcity.gov.ph/news-and-releases/flood-update-as-of-1000pm-july-21-2025-698,PASIG-2025-JUL21-25,Pasig,Sta. Lucia,Sta. Lucia,"Morales Compound 5th St., Brgy. Sta. Lucia",2025-07-21T22:00:00+08:00,As of 10:00PM | 21 July 2025,37,"17. Morales Compound 5th St., Brgy. Sta. Lucia | Water Level: 15 inches",flood_observed,15 inches,38.1,38.1,,candidate,,
OBS-dca21ca2863ca51c,PASIG-20250721-2200,1de8fa5a4265,https://pasigcity.gov.ph/news-and-releases/flood-update-as-of-1000pm-july-21-2025-698,PASIG-2025-JUL21-25,Pasig,Santolan,Santolan,"Natasha St. (Sgt. De Leon), Brgy. Santolan",2025-07-21T22:00:00+08:00,As of 10:00PM | 21 July 2025,39,"18. Natasha St. (Sgt. De Leon), Brgy. Santolan | Water Level: knee level",flood_observed,knee level,,,,candidate,,qualitative_depth_no_numeric_conversion
OBS-e4ce14003c5325d0,PASIG-20250721-2200,1de8fa5a4265,https://pasigcity.gov.ph/news-and-releases/flood-update-as-of-1000pm-july-21-2025-698,PASIG-2025-JUL21-25,Pasig,Santolan,Santolan,"Masikap St. Bangkaan (Tawiran), Brgy. Santolan",2025-07-21T22:00:00+08:00,As of 10:00PM | 21 July 2025,41,"19. Masikap St. Bangkaan (Tawiran), Brgy. Santolan | Water Level: gutter level",flood_observed,gutter level,,,,candidate,,qualitative_depth_no_numeric_conversion
OBS-2be45fa3d9219843,PASIG-20250721-2200,1de8fa5a4265,https://pasigcity.gov.ph/news-and-releases/flood-update-as-of-1000pm-july-21-2025-698,PASIG-2025-JUL21-25,Pasig,Santolan,Santolan,"Doroteo St., Brgy. Santolan",2025-07-21T22:00:00+08:00,As of 10:00PM | 21 July 2025,43,"20. Doroteo St., Brgy. Santolan | Water Level: 2 FT",flood_observed,2 FT,60.96,60.96,,candidate,,
OBS-dbe75dc020a6d0ec,PASIG-20250721-2200,1de8fa5a4265,https://pasigcity.gov.ph/news-and-releases/flood-update-as-of-1000pm-july-21-2025-698,PASIG-2025-JUL21-25,Pasig,Santolan,Santolan,"Marcelino St. (Tawiran), Brgy. Santolan",2025-07-21T22:00:00+08:00,As of 10:00PM | 21 July 2025,45,"21. Marcelino St. (Tawiran), Brgy. Santolan | Water Level: knee deep",flood_observed,knee deep,,,,candidate,,qualitative_depth_no_numeric_conversion
OBS-c85584ab95ded50c,PASIG-20250721-2200,1de8fa5a4265,https://pasigcity.gov.ph/news-and-releases/flood-update-as-of-1000pm-july-21-2025-698,PASIG-2025-JUL21-25,Pasig,Santolan,Santolan,"Rafael St., Brgy. Santolan",2025-07-21T22:00:00+08:00,As of 10:00PM | 21 July 2025,47,"22. Rafael St., Brgy. Santolan | Water Level: knee deep",flood_observed,knee deep,,,,candidate,,qualitative_depth_no_numeric_conversion
OBS-5884b758ead48333,PASIG-20250721-2200,1de8fa5a4265,https://pasigcity.gov.ph/news-and-releases/flood-update-as-of-1000pm-july-21-2025-698,PASIG-2025-JUL21-25,Pasig,Santolan,Santolan,"Victorino St., Brgy. Santolan",2025-07-21T22:00:00+08:00,As of 10:00PM | 21 July 2025,49,"23. Victorino St., Brgy. Santolan | Water Level: gutter deep",flood_observed,gutter deep,,,,candidate,,qualitative_depth_no_numeric_conversion
OBS-71ca11be0cccaef7,PASIG-20250721-2200,1de8fa5a4265,https://pasigcity.gov.ph/news-and-releases/flood-update-as-of-1000pm-july-21-2025-698,PASIG-2025-JUL21-25,Pasig,Ugong,Ugong,"C. Santos 1-4, Brgy. Ugong",2025-07-21T22:00:00+08:00,As of 10:00PM | 21 July 2025,51,"24. C. Santos 1-4, Brgy. Ugong | Water Level: 5 inches",flood_observed,5 inches,12.7,12.7,,candidate,,
OBS-7dcc8d3137cb3970,PASIG-20250721-2200,1de8fa5a4265,https://pasigcity.gov.ph/news-and-releases/flood-update-as-of-1000pm-july-21-2025-698,PASIG-2025-JUL21-25,Pasig,Manggahan,Manggahan,"Stockholms, Brgy. Manggahan",2025-07-21T22:00:00+08:00,As of 10:00PM | 21 July 2025,53,"25. Stockholms, Brgy. Manggahan | Water Level: gutter deep",flood_observed,gutter deep,,,,candidate,,qualitative_depth_no_numeric_conversion
OBS-73782b3335913a1e,PASIG-20250721-2200,1de8fa5a4265,https://pasigcity.gov.ph/news-and-releases/flood-update-as-of-1000pm-july-21-2025-698,PASIG-2025-JUL21-25,Pasig,Manggahan,Manggahan,"Lower Dike, Brgy. Manggahan",2025-07-21T22:00:00+08:00,As of 10:00PM | 21 July 2025,55,"26. Lower Dike, Brgy. Manggahan | Water Level: 2 FT",flood_observed,2 FT,60.96,60.96,,candidate,,
OBS-bedc6d864fe0f70c,PASIG-20250721-2200,1de8fa5a4265,https://pasigcity.gov.ph/news-and-releases/flood-update-as-of-1000pm-july-21-2025-698,PASIG-2025-JUL21-25,Pasig,Dela Paz,Dela Paz,"Yap Compound Katipiran St., Brgy. Dela Paz",2025-07-21T22:00:00+08:00,As of 10:00PM | 21 July 2025,57,"27. Yap Compound Katipiran St., Brgy. Dela Paz | Water Level: 2 FT",flood_observed,2 FT,60.96,60.96,,candidate,,
OBS-bbbb20b36731ef9a,PASIG-20250721-2200,1de8fa5a4265,https://pasigcity.gov.ph/news-and-releases/flood-update-as-of-1000pm-july-21-2025-698,PASIG-2025-JUL21-25,Pasig,Sta. Lucia,Sta. Lucia,"Rosario Village Tramo St., Brgy. Sta. Lucia",2025-07-21T22:00:00+08:00,As of 10:00PM | 21 July 2025,59,"28. Rosario Village Tramo St., Brgy. Sta. Lucia | Water Level: 14 inches",flood_observed,14 inches,35.56,35.56,,candidate,,
OBS-f8b38925d3175662,PASIG-20250721-2200,1de8fa5a4265,https://pasigcity.gov.ph/news-and-releases/flood-update-as-of-1000pm-july-21-2025-698,PASIG-2025-JUL21-25,Pasig,Sta. Lucia,Sta. Lucia,"Metropolis 1, Brgy. Sta. Lucia",2025-07-21T22:00:00+08:00,As of 10:00PM | 21 July 2025,61,"29.. Metropolis 1, Brgy. Sta. Lucia | Water Level: 2 FT",flood_observed,2 FT,60.96,60.96,,candidate,,
OBS-878186bfc50cd32d,PASIG-20250721-2200,1de8fa5a4265,https://pasigcity.gov.ph/news-and-releases/flood-update-as-of-1000pm-july-21-2025-698,PASIG-2025-JUL21-25,Pasig,Sta. Lucia,Sta. Lucia,"Rosario 5&6, Brgy. Sta. Lucia",2025-07-21T22:00:00+08:00,As of 10:00PM | 21 July 2025,63,"30. Rosario 5&6, Brgy. Sta. Lucia | Water Level: 2 FT",flood_observed,2 FT,60.96,60.96,,candidate,,
OBS-928b6dc7517fcf2b,PASIG-20250721-2200,1de8fa5a4265,https://pasigcity.gov.ph/news-and-releases/flood-update-as-of-1000pm-july-21-2025-698,PASIG-2025-JUL21-25,Pasig,Sta. Lucia,Sta. Lucia,"Champaca St., Brgy. Sta. Lucia",2025-07-21T22:00:00+08:00,As of 10:00PM | 21 July 2025,65,"31. Champaca St., Brgy. Sta. Lucia | Water Level: 2-3 inches",flood_observed,2-3 inches,5.08,7.62,,candidate,,
OBS-54491d6eb57fe7a2,PASIG-20250721-2345,653ede578161,https://pasigcity.gov.ph/news-and-releases/flood-update-as-of-1145pm-july-21-2025-947,PASIG-2025-JUL21-25,Pasig,Dela Paz,Dela Paz,"Karangalan Phase 2 A, Brgy. Dela Paz",2025-07-21T23:45:00+08:00,As of 11:45PM | 21 July 2025,5,"1. Karangalan Phase 2 A, Brgy. Dela Paz | Water Level: 2-3 inches",flood_observed,2-3 inches,5.08,7.62,,candidate,,
OBS-ff3dd8fecc671e32,PASIG-20250721-2345,653ede578161,https://pasigcity.gov.ph/news-and-releases/flood-update-as-of-1145pm-july-21-2025-947,PASIG-2025-JUL21-25,Pasig,Manggahan,Manggahan,"Panama St cor Stockholm, Brgy. Manggahan",2025-07-21T23:45:00+08:00,As of 11:45PM | 21 July 2025,7,"2. Panama St cor Stockholm, Brgy. Manggahan | Water Level: 3-4 inches",flood_observed,3-4 inches,7.62,10.16,,candidate,,
OBS-ab0dcaf6981a2181,PASIG-20250721-2345,653ede578161,https://pasigcity.gov.ph/news-and-releases/flood-update-as-of-1145pm-july-21-2025-947,PASIG-2025-JUL21-25,Pasig,Manggahan,Manggahan,"Panama St., Brgy. Manggahan",2025-07-21T23:45:00+08:00,As of 11:45PM | 21 July 2025,9,"3. Panama St., Brgy. Manggahan | Water Level: 3-4 inches",flood_observed,3-4 inches,7.62,10.16,,candidate,,
OBS-6b6e7014e9240e69,PASIG-20250721-2345,653ede578161,https://pasigcity.gov.ph/news-and-releases/flood-update-as-of-1145pm-july-21-2025-947,PASIG-2025-JUL21-25,Pasig,Dela Paz,Dela Paz,"Kabayanihan cor Karikitan St, Brgy. Dela Paz",2025-07-21T23:45:00+08:00,As of 11:45PM | 21 July 2025,11,"4. Kabayanihan cor Karikitan St, Brgy. Dela Paz | Water Level: 7-8 inches",flood_observed,7-8 inches,17.78,20.32,,candidate,,
OBS-5cefe485ad7edbf9,PASIG-20250721-2345,653ede578161,https://pasigcity.gov.ph/news-and-releases/flood-update-as-of-1145pm-july-21-2025-947,PASIG-2025-JUL21-25,Pasig,Sta.Lucia,Sta. Lucia,"Callos Compound, Brgy. Sta.Lucia",2025-07-21T23:45:00+08:00,As of 11:45PM | 21 July 2025,13,"5. Callos Compound, Brgy. Sta.Lucia | Water Level : 3 FT",flood_observed,3 FT,91.44,91.44,,candidate,,
OBS-98de09913ecded9b,PASIG-20250721-2345,653ede578161,https://pasigcity.gov.ph/news-and-releases/flood-update-as-of-1145pm-july-21-2025-947,PASIG-2025-JUL21-25,Pasig,Manggahan,Manggahan,"Paris St. cor Soliven Ave., Brgy Manggahan",2025-07-21T23:45:00+08:00,As of 11:45PM | 21 July 2025,15,"6. Paris St. cor Soliven Ave., Brgy Manggahan | Water Level: 3-4 inches",flood_observed,3-4 inches,7.62,10.16,,candidate,,
OBS-df27866e3582db3b,PASIG-20250721-2345,653ede578161,https://pasigcity.gov.ph/news-and-releases/flood-update-as-of-1145pm-july-21-2025-947,PASIG-2025-JUL21-25,Pasig,Manggahan,Manggahan,"Prague St., Brgy Manggahan",2025-07-21T23:45:00+08:00,As of 11:45PM | 21 July 2025,17,"7. Prague St., Brgy Manggahan | Water Level: 1 FT",flood_observed,1 FT,30.48,30.48,,candidate,,
OBS-f9ea7055090cf05c,PASIG-20250721-2345,653ede578161,https://pasigcity.gov.ph/news-and-releases/flood-update-as-of-1145pm-july-21-2025-947,PASIG-2025-JUL21-25,Pasig,Manggahan,Manggahan,"Prague St cor. Rome St., Brgy. Manggahan",2025-07-21T23:45:00+08:00,As of 11:45PM | 21 July 2025,19,"8. Prague St cor. Rome St., Brgy. Manggahan | Water Level: 1 FT and 2 inches",flood_observed,1 FT and 2 inches,35.56,35.56,,candidate,,
OBS-a23028d662501a20,PASIG-20250721-2345,653ede578161,https://pasigcity.gov.ph/news-and-releases/flood-update-as-of-1145pm-july-21-2025-947,PASIG-2025-JUL21-25,Pasig,Manggahan,Manggahan,"Guatemala St. cor. Rome St., Brgy. Manggahan",2025-07-21T23:45:00+08:00,As of 11:45PM | 21 July 2025,21,"9. Guatemala St. cor. Rome St., Brgy. Manggahan | Water Level: 1 FT",flood_observed,1 FT,30.48,30.48,,candidate,,
OBS-abe5d7e7154d7635,PASIG-20250721-2345,653ede578161,https://pasigcity.gov.ph/news-and-releases/flood-update-as-of-1145pm-july-21-2025-947,PASIG-2025-JUL21-25,Pasig,Manggahan,Manggahan,"Athens St. cor. Guatemala, Brgy. Manggahan",2025-07-21T23:45:00+08:00,As of 11:45PM | 21 July 2025,23,"10. Athens St. cor. Guatemala, Brgy. Manggahan | Water Level: 5-6 inches",flood_observed,5-6 inches,12.7,15.24,,candidate,,
OBS-e5d421872d726acc,PASIG-20250721-2345,653ede578161,https://pasigcity.gov.ph/news-and-releases/flood-update-as-of-1145pm-july-21-2025-947,PASIG-2025-JUL21-25,Pasig,Santolan,Santolan,Masikap Brgy. Santolan.,2025-07-21T23:45:00+08:00,As of 11:45PM | 21 July 2025,25,11. Masikap Brgy. Santolan. | Water Level: 3 FT,flood_observed,3 FT,91.44,91.44,,candidate,,
OBS-d3834c14ba879278,PASIG-20250721-2345,653ede578161,https://pasigcity.gov.ph/news-and-releases/flood-update-as-of-1145pm-july-21-2025-947,PASIG-2025-JUL21-25,Pasig,Santolan,Santolan,Sgt. De Leon. Brgy. Santolan.,2025-07-21T23:45:00+08:00,As of 11:45PM | 21 July 2025,27,12. Sgt. De Leon. Brgy. Santolan. | Water Level: 5 inches,flood_observed,5 inches,12.7,12.7,,candidate,,
OBS-2d719c1817459b6b,PASIG-20250721-2345,653ede578161,https://pasigcity.gov.ph/news-and-releases/flood-update-as-of-1145pm-july-21-2025-947,PASIG-2025-JUL21-25,Pasig,Sta. Lucia,Sta. Lucia,"Tawi-tawi St., Brgy. Sta. Lucia",2025-07-21T23:45:00+08:00,As of 11:45PM | 21 July 2025,29,"13, Tawi-tawi St., Brgy. Sta. Lucia | Water Level: 15 inches",flood_observed,15 inches,38.1,38.1,,candidate,,
OBS-8d0cd582c458d7cc,PASIG-20250721-2345,653ede578161,https://pasigcity.gov.ph/news-and-releases/flood-update-as-of-1145pm-july-21-2025-947,PASIG-2025-JUL21-25,Pasig,Manggahan,Manggahan,"Metro Ville Karangalan, Brgy. Manggahan",2025-07-21T23:45:00+08:00,As of 11:45PM | 21 July 2025,31,"14. Metro Ville Karangalan, Brgy. Manggahan | Water Level: 15 inches",flood_observed,15 inches,38.1,38.1,,candidate,,
OBS-2da90874baa26472,PASIG-20250721-2345,653ede578161,https://pasigcity.gov.ph/news-and-releases/flood-update-as-of-1145pm-july-21-2025-947,PASIG-2025-JUL21-25,Pasig,Sta. Lucia,Sta. Lucia,"Bautista Compound, Brgy. Sta. Lucia",2025-07-21T23:45:00+08:00,As of 11:45PM | 21 July 2025,33,"15. Bautista Compound, Brgy. Sta. Lucia | Water Level: 2 FT",flood_observed,2 FT,60.96,60.96,,candidate,,
OBS-7f7b4385f798fd18,PASIG-20250721-2345,653ede578161,https://pasigcity.gov.ph/news-and-releases/flood-update-as-of-1145pm-july-21-2025-947,PASIG-2025-JUL21-25,Pasig,Sta. Lucia,Sta. Lucia,"Morales Compound 5th St., Brgy. Sta. Lucia",2025-07-21T23:45:00+08:00,As of 11:45PM | 21 July 2025,35,"16. Morales Compound 5th St., Brgy. Sta. Lucia | Water Level: 15 inches",flood_observed,15 inches,38.1,38.1,,candidate,,
OBS-a2b85cd64bdeafb6,PASIG-20250721-2345,653ede578161,https://pasigcity.gov.ph/news-and-releases/flood-update-as-of-1145pm-july-21-2025-947,PASIG-2025-JUL21-25,Pasig,Santolan,Santolan,"Natasha St. (Sgt. De Leon), Brgy. Santolan",2025-07-21T23:45:00+08:00,As of 11:45PM | 21 July 2025,37,"17. Natasha St. (Sgt. De Leon), Brgy. Santolan | Water Level: knee level",flood_observed,knee level,,,,candidate,,qualitative_depth_no_numeric_conversion
OBS-cf72099c4b83dacc,PASIG-20250721-2345,653ede578161,https://pasigcity.gov.ph/news-and-releases/flood-update-as-of-1145pm-july-21-2025-947,PASIG-2025-JUL21-25,Pasig,Santolan,Santolan,"Masikap St. Bangkaan (Tawiran), Brgy. Santolan",2025-07-21T23:45:00+08:00,As of 11:45PM | 21 July 2025,39,"18. Masikap St. Bangkaan (Tawiran), Brgy. Santolan | Water Level: (Above head level)",flood_observed,(Above head level),,,,candidate,,qualitative_depth_no_numeric_conversion
OBS-b0c6347af02d04bb,PASIG-20250721-2345,653ede578161,https://pasigcity.gov.ph/news-and-releases/flood-update-as-of-1145pm-july-21-2025-947,PASIG-2025-JUL21-25,Pasig,Santolan,Santolan,"Doroteo St., Brgy. Santolan",2025-07-21T23:45:00+08:00,As of 11:45PM | 21 July 2025,41,"19. Doroteo St., Brgy. Santolan | Water Level: 2 FT",flood_observed,2 FT,60.96,60.96,,candidate,,
OBS-a6f0bd685de2e376,PASIG-20250721-2345,653ede578161,https://pasigcity.gov.ph/news-and-releases/flood-update-as-of-1145pm-july-21-2025-947,PASIG-2025-JUL21-25,Pasig,Santolan,Santolan,"Marcelino St. (Tawiran), Brgy. Santolan",2025-07-21T23:45:00+08:00,As of 11:45PM | 21 July 2025,43,"20. Marcelino St. (Tawiran), Brgy. Santolan | Water Level: (Above head level)",flood_observed,(Above head level),,,,candidate,,qualitative_depth_no_numeric_conversion
OBS-ce9afe59b3ca842a,PASIG-20250721-2345,653ede578161,https://pasigcity.gov.ph/news-and-releases/flood-update-as-of-1145pm-july-21-2025-947,PASIG-2025-JUL21-25,Pasig,Santolan,Santolan,"Rafael St., Brgy. Santolan",2025-07-21T23:45:00+08:00,As of 11:45PM | 21 July 2025,45,"21. Rafael St., Brgy. Santolan | Water Level: knee deep",flood_observed,knee deep,,,,candidate,,qualitative_depth_no_numeric_conversion
OBS-d1884c54bbf9ab45,PASIG-20250721-2345,653ede578161,https://pasigcity.gov.ph/news-and-releases/flood-update-as-of-1145pm-july-21-2025-947,PASIG-2025-JUL21-25,Pasig,Santolan,Santolan,"Victorino St., Brgy. Santolan",2025-07-21T23:45:00+08:00,As of 11:45PM | 21 July 2025,47,"22. Victorino St., Brgy. Santolan | Water Level: gutter deep",flood_observed,gutter deep,,,,candidate,,qualitative_depth_no_numeric_conversion
OBS-b042a6b13c5ec73b,PASIG-20250721-2345,653ede578161,https://pasigcity.gov.ph/news-and-releases/flood-update-as-of-1145pm-july-21-2025-947,PASIG-2025-JUL21-25,Pasig,Ugong,Ugong,"C. Santos 1-4, Brgy. Ugong",2025-07-21T23:45:00+08:00,As of 11:45PM | 21 July 2025,49,"23. C. Santos 1-4, Brgy. Ugong | Water Level: 5 inches",flood_observed,5 inches,12.7,12.7,,candidate,,
OBS-69de9fb020cb84bf,PASIG-20250721-2345,653ede578161,https://pasigcity.gov.ph/news-and-releases/flood-update-as-of-1145pm-july-21-2025-947,PASIG-2025-JUL21-25,Pasig,Manggahan,Manggahan,"Stockholms, Brgy. Manggahan",2025-07-21T23:45:00+08:00,As of 11:45PM | 21 July 2025,51,"24. Stockholms, Brgy. Manggahan | Water Level: gutter deep",flood_observed,gutter deep,,,,candidate,,qualitative_depth_no_numeric_conversion
OBS-6b39951821c8661e,PASIG-20250721-2345,653ede578161,https://pasigcity.gov.ph/news-and-releases/flood-update-as-of-1145pm-july-21-2025-947,PASIG-2025-JUL21-25,Pasig,Manggahan,Manggahan,"Lower Dike, Brgy. Manggahan",2025-07-21T23:45:00+08:00,As of 11:45PM | 21 July 2025,53,"25. Lower Dike, Brgy. Manggahan | Water Level: 2 FT",flood_observed,2 FT,60.96,60.96,,candidate,,
OBS-9be14956d674146b,PASIG-20250721-2345,653ede578161,https://pasigcity.gov.ph/news-and-releases/flood-update-as-of-1145pm-july-21-2025-947,PASIG-2025-JUL21-25,Pasig,Dela Paz,Dela Paz,"Yap Compound Katipiran St., Brgy. Dela Paz",2025-07-21T23:45:00+08:00,As of 11:45PM | 21 July 2025,55,"26. Yap Compound Katipiran St., Brgy. Dela Paz | Water Level: 2 FT",flood_observed,2 FT,60.96,60.96,,candidate,,
OBS-63e7acea17f6f5eb,PASIG-20250721-2345,653ede578161,https://pasigcity.gov.ph/news-and-releases/flood-update-as-of-1145pm-july-21-2025-947,PASIG-2025-JUL21-25,Pasig,Sta. Lucia,Sta. Lucia,"Rosario Village Tramo St., Brgy. Sta. Lucia",2025-07-21T23:45:00+08:00,As of 11:45PM | 21 July 2025,57,"27. Rosario Village Tramo St., Brgy. Sta. Lucia | Water Level: 14 inches",flood_observed,14 inches,35.56,35.56,,candidate,,
OBS-a7a8542a83f7c27f,PASIG-20250721-2345,653ede578161,https://pasigcity.gov.ph/news-and-releases/flood-update-as-of-1145pm-july-21-2025-947,PASIG-2025-JUL21-25,Pasig,Sta. Lucia,Sta. Lucia,"Metropolis 1, Brgy. Sta. Lucia",2025-07-21T23:45:00+08:00,As of 11:45PM | 21 July 2025,59,"28. Metropolis 1, Brgy. Sta. Lucia | Water Level: 2 FT",flood_observed,2 FT,60.96,60.96,,candidate,,
OBS-564f827553810956,PASIG-20250721-2345,653ede578161,https://pasigcity.gov.ph/news-and-releases/flood-update-as-of-1145pm-july-21-2025-947,PASIG-2025-JUL21-25,Pasig,Sta. Lucia,Sta. Lucia,"Rosario 5&6, Brgy. Sta. Lucia",2025-07-21T23:45:00+08:00,As of 11:45PM | 21 July 2025,61,"29. Rosario 5&6, Brgy. Sta. Lucia | Water Level: 2 FT",flood_observed,2 FT,60.96,60.96,,candidate,,
OBS-d54b20ecb3ba01de,PASIG-20250721-2345,653ede578161,https://pasigcity.gov.ph/news-and-releases/flood-update-as-of-1145pm-july-21-2025-947,PASIG-2025-JUL21-25,Pasig,Sta. Lucia,Sta. Lucia,"Champaca St., Brgy. Sta. Lucia",2025-07-21T23:45:00+08:00,As of 11:45PM | 21 July 2025,63,"30. Champaca St., Brgy. Sta. Lucia | Water Level: 2-3 inches",flood_observed,2-3 inches,5.08,7.62,,candidate,,
OBS-0ee953530e5ad73f,PASIG-20250721-2345,653ede578161,https://pasigcity.gov.ph/news-and-releases/flood-update-as-of-1145pm-july-21-2025-947,PASIG-2025-JUL21-25,Pasig,Sta. Lucia,Sta. Lucia,"Hawk St., Metro Green Village, Brgy. Sta. Lucia",2025-07-21T23:45:00+08:00,As of 11:45PM | 21 July 2025,65,"31. Hawk St., Metro Green Village, Brgy. Sta. Lucia | Water Level: 3-4 inches",flood_observed,3-4 inches,7.62,10.16,,candidate,,
OBS-eeb93c8ec9ce9cce,PASIG-20250723-1700,91cbbcf5b901,https://pasigcity.gov.ph/news-and-releases/flood-update-as-of-0500pm-july-23-2025-749,PASIG-2025-JUL21-25,Pasig,Rosario,Rosario,"Paraluman St. Dabba, Brgy. Rosario",2025-07-23T17:00:00+08:00,"July 23, 2025 | as of 5:00PM",6,"1. Paraluman St. Dabba, Brgy. Rosario | Water Level: 2 feet (0.61 m)",flood_observed,2 feet (0.61 m),60.96,60.96,,candidate,,
OBS-1563dc1e5397ea87,PASIG-20250723-1700,91cbbcf5b901,https://pasigcity.gov.ph/news-and-releases/flood-update-as-of-0500pm-july-23-2025-749,PASIG-2025-JUL21-25,Pasig,Dela Paz,Dela Paz,"Karangalan Phase 2 A, Brgy. Dela Paz",2025-07-23T17:00:00+08:00,"July 23, 2025 | as of 5:00PM",10,"2. Karangalan Phase 2 A, Brgy. Dela Paz | Water Level: 2 feet (0.61 m)",flood_observed,2 feet (0.61 m),60.96,60.96,,candidate,,
OBS-a50d339eab66ef01,PASIG-20250723-1700,91cbbcf5b901,https://pasigcity.gov.ph/news-and-releases/flood-update-as-of-0500pm-july-23-2025-749,PASIG-2025-JUL21-25,Pasig,Manggahan,Manggahan,"Kabayanihan corner Karikitan, Karangalan Village, Brgy. Manggahan",2025-07-23T17:00:00+08:00,"July 23, 2025 | as of 5:00PM",14,"3. Kabayanihan corner Karikitan, Karangalan Village, Brgy. Manggahan | Water Level: 2 inches (5.08 cm)",flood_observed,2 inches (5.08 cm),5.08,5.08,,candidate,,
OBS-bf7df2347abe05b1,PASIG-20250723-1700,91cbbcf5b901,https://pasigcity.gov.ph/news-and-releases/flood-update-as-of-0500pm-july-23-2025-749,PASIG-2025-JUL21-25,Pasig,Manggahan,Manggahan,"St. Joseph Metro Ville Subd., Felix Avenue Brgy. Manggahan",2025-07-23T17:00:00+08:00,"July 23, 2025 | as of 5:00PM",16,"4. St. Joseph Metro Ville Subd., Felix Avenue Brgy. Manggahan | Water Level: 6 inches (15.24 cm)",flood_observed,6 inches (15.24 cm),15.24,15.24,,candidate,,
OBS-c6115f5949d9b12d,PASIG-20250723-1700,91cbbcf5b901,https://pasigcity.gov.ph/news-and-releases/flood-update-as-of-0500pm-july-23-2025-749,PASIG-2025-JUL21-25,Pasig,,,A. Policarpio St.,2025-07-23T17:00:00+08:00,"July 23, 2025 | as of 5:00PM",20,5. A. Policarpio St. | Water Level: 2-3 inches (5.08 cm - 7.62 cm),flood_observed,2-3 inches (5.08 cm - 7.62 cm),,,,candidate,,source_alternate_units_disagree;missing_barangay
OBS-3889296f03254877,PASIG-20260810-0030,f0de99330fb4,https://pasigcity.gov.ph/news-and-releases/southwest-monsoon-habagat-flood-update-as-of-1230-am-of-august-10-2026-588,PASIG-2026-AUG10-11,Pasig,Maybunga,Maybunga,"Block 1 Alley 8, Westbank Road Floodway",2026-08-10T00:30:00+08:00,"Southwest Monsoon (Habagat) | Flood Update as of 12:30 am of August 10, 2026",4,"1. Block 1 Alley 8, Westbank Road Floodway | Water Level: 38.1cm (15 inches) | Not passable to motorcycles and cars (sedan)",flood_observed,38.1cm (15 inches),38.1,38.1,Not passable to motorcycles and cars (sedan),candidate,,
OBS-ed98d22d5c02f05d,PASIG-20260810-0030,f0de99330fb4,https://pasigcity.gov.ph/news-and-releases/southwest-monsoon-habagat-flood-update-as-of-1230-am-of-august-10-2026-588,PASIG-2026-AUG10-11,Pasig,Maybunga,Maybunga,"Block 2 Alley 8, Westbank Road Floodway",2026-08-10T00:30:00+08:00,"Southwest Monsoon (Habagat) | Flood Update as of 12:30 am of August 10, 2026",7,"2. Block 2 Alley 8, Westbank Road Floodway | Water Level: 38.1cm (15 inches) | Not passable to motorcycles and cars (sedan)",flood_observed,38.1cm (15 inches),38.1,38.1,Not passable to motorcycles and cars (sedan),candidate,,
OBS-39434bb503e71dc8,PASIG-20260810-0030,f0de99330fb4,https://pasigcity.gov.ph/news-and-releases/southwest-monsoon-habagat-flood-update-as-of-1230-am-of-august-10-2026-588,PASIG-2026-AUG10-11,Pasig,Maybunga,Maybunga,"Block 3 Alley 8, Westbank Road Floodway",2026-08-10T00:30:00+08:00,"Southwest Monsoon (Habagat) | Flood Update as of 12:30 am of August 10, 2026",10,"3. Block 3 Alley 8, Westbank Road Floodway | Water Level: 38.1cm (15 inches) | Not passable to motorcycles and cars (sedan)",flood_observed,38.1cm (15 inches),38.1,38.1,Not passable to motorcycles and cars (sedan),candidate,,
OBS-97cb45f1b7557e1a,PASIG-20260810-0030,f0de99330fb4,https://pasigcity.gov.ph/news-and-releases/southwest-monsoon-habagat-flood-update-as-of-1230-am-of-august-10-2026-588,PASIG-2026-AUG10-11,Pasig,Maybunga,Maybunga,"Block 4 Alley 8, Westbank Road Floodway",2026-08-10T00:30:00+08:00,"Southwest Monsoon (Habagat) | Flood Update as of 12:30 am of August 10, 2026",13,"4. Block 4 Alley 8, Westbank Road Floodway | Water Level: 38.1cm (15 inches) | Not passable to motorcycles and cars (sedan)",flood_observed,38.1cm (15 inches),38.1,38.1,Not passable to motorcycles and cars (sedan),candidate,,
OBS-89bf4798fa270f3f,PASIG-20260810-0030,f0de99330fb4,https://pasigcity.gov.ph/news-and-releases/southwest-monsoon-habagat-flood-update-as-of-1230-am-of-august-10-2026-588,PASIG-2026-AUG10-11,Pasig,Maybunga,Maybunga,"Block 5 Alley 8, Westbank Road Floodway",2026-08-10T00:30:00+08:00,"Southwest Monsoon (Habagat) | Flood Update as of 12:30 am of August 10, 2026",16,"5. Block 5 Alley 8, Westbank Road Floodway | Water Level: 38.1cm (15 inches) | Not passable to motorcycles and cars (sedan)",flood_observed,38.1cm (15 inches),38.1,38.1,Not passable to motorcycles and cars (sedan),candidate,,
OBS-f41886e126a96c2a,PASIG-20260810-0030,f0de99330fb4,https://pasigcity.gov.ph/news-and-releases/southwest-monsoon-habagat-flood-update-as-of-1230-am-of-august-10-2026-588,PASIG-2026-AUG10-11,Pasig,Maybunga,Maybunga,"Block 6 Alley 8, Westbank Road Floodway",2026-08-10T00:30:00+08:00,"Southwest Monsoon (Habagat) | Flood Update as of 12:30 am of August 10, 2026",19,"6. Block 6 Alley 8, Westbank Road Floodway | Water Level: 38.1cm (15 inches) | Not passable to motorcycles and cars (sedan)",flood_observed,38.1cm (15 inches),38.1,38.1,Not passable to motorcycles and cars (sedan),candidate,,
OBS-19425ffb8137a78e,PASIG-20260810-0030,f0de99330fb4,https://pasigcity.gov.ph/news-and-releases/southwest-monsoon-habagat-flood-update-as-of-1230-am-of-august-10-2026-588,PASIG-2026-AUG10-11,Pasig,Maybunga,Maybunga,"Block 7 Alley 8, Westbank Road Floodway",2026-08-10T00:30:00+08:00,"Southwest Monsoon (Habagat) | Flood Update as of 12:30 am of August 10, 2026",22,"7. Block 7 Alley 8, Westbank Road Floodway | Water Level: 38.1cm (15 inches) | Not passable to motorcycles and cars (sedan)",flood_observed,38.1cm (15 inches),38.1,38.1,Not passable to motorcycles and cars (sedan),candidate,,
OBS-5700995d9986365f,PASIG-20260810-0030,f0de99330fb4,https://pasigcity.gov.ph/news-and-releases/southwest-monsoon-habagat-flood-update-as-of-1230-am-of-august-10-2026-588,PASIG-2026-AUG10-11,Pasig,Maybunga,Maybunga,"Block 8 Alley 8, Westbank Road Floodway",2026-08-10T00:30:00+08:00,"Southwest Monsoon (Habagat) | Flood Update as of 12:30 am of August 10, 2026",25,"8. Block 8 Alley 8, Westbank Road Floodway | Water Level: 38.1cm (15 inches) | Not passable to motorcycles and cars (sedan)",flood_observed,38.1cm (15 inches),38.1,38.1,Not passable to motorcycles and cars (sedan),candidate,,
OBS-975cdbec717681d9,PASIG-20260810-0030,f0de99330fb4,https://pasigcity.gov.ph/news-and-releases/southwest-monsoon-habagat-flood-update-as-of-1230-am-of-august-10-2026-588,PASIG-2026-AUG10-11,Pasig,Sta. Lucia,Sta. Lucia,Bautista Compound,2026-08-10T00:30:00+08:00,"Southwest Monsoon (Habagat) | Flood Update as of 12:30 am of August 10, 2026",29,1. Bautista Compound | Water Level: 7.62cm (3 inches) | Passable to motorcycles and cars,flood_observed,7.62cm (3 inches),7.62,7.62,Passable to motorcycles and cars,candidate,,
OBS-69fb5b4549125180,PASIG-20260810-0030,f0de99330fb4,https://pasigcity.gov.ph/news-and-releases/southwest-monsoon-habagat-flood-update-as-of-1230-am-of-august-10-2026-588,PASIG-2026-AUG10-11,Pasig,Sta. Lucia,Sta. Lucia,Morales Compound,2026-08-10T00:30:00+08:00,"Southwest Monsoon (Habagat) | Flood Update as of 12:30 am of August 10, 2026",32,2. Morales Compound | Water Level: 7.62cm (3 inches) | Passable to motorcycles and cars,flood_observed,7.62cm (3 inches),7.62,7.62,Passable to motorcycles and cars,candidate,,
OBS-0b54b00ec16f2802,PASIG-20260810-0030,f0de99330fb4,https://pasigcity.gov.ph/news-and-releases/southwest-monsoon-habagat-flood-update-as-of-1230-am-of-august-10-2026-588,PASIG-2026-AUG10-11,Pasig,Sta. Lucia,Sta. Lucia,Metropolis Village 2,2026-08-10T00:30:00+08:00,"Southwest Monsoon (Habagat) | Flood Update as of 12:30 am of August 10, 2026",35,3. Metropolis Village 2 | Water Level: 7.62cm (3 inches) | Passable to motorcycles and cars,flood_observed,7.62cm (3 inches),7.62,7.62,Passable to motorcycles and cars,candidate,,
OBS-81ab665b1c361ef3,PASIG-20260810-0030,f0de99330fb4,https://pasigcity.gov.ph/news-and-releases/southwest-monsoon-habagat-flood-update-as-of-1230-am-of-august-10-2026-588,PASIG-2026-AUG10-11,Pasig,Sta. Lucia,Sta. Lucia,Metropolis Village 1,2026-08-10T00:30:00+08:00,"Southwest Monsoon (Habagat) | Flood Update as of 12:30 am of August 10, 2026",38,4. Metropolis Village 1 | Water Level: 7.62cm (3 inches) | Passable to motorcycles and cars,flood_observed,7.62cm (3 inches),7.62,7.62,Passable to motorcycles and cars,candidate,,
OBS-c33d857e974b018d,PASIG-20260811-0950,4223ec2f856d,https://pasigcity.gov.ph/news-and-releases/enhanced-southwest-monsoon-habagat-flood-update-as-of-950-am-of-august-11-2026-502,PASIG-2026-AUG10-11,Pasig,,,,2026-08-11T09:50:00+08:00,"August 11, 2026 | as of 09:50AM",5,Wala nang reported na flooded areas sa Lungsod ng Pasig matapos humupa ang mga naitalang pagbaha sa Brgy. Maybunga.,clearance_candidate,,,,,summary_scope_reviewed,Maybunga summary explicitly names subsided flooding; linkage to preceding listed blocks is candidate inference,no_exact_physical_clearance_time
OBS-c1d927e56acb60ef,PASIG-20260811-0950,4223ec2f856d,https://pasigcity.gov.ph/news-and-releases/enhanced-southwest-monsoon-habagat-flood-update-as-of-950-am-of-august-11-2026-502,PASIG-2026-AUG10-11,Pasig,Maybunga,Maybunga,"Block 1 Alley 8, Westbank Road Floodway",2026-08-11T05:30:00+08:00,"August 11, 2026 | as of 05:30AM",10,"1. Block 1 Alley 8, Westbank Road Floodway | Water Level: 38.1cm (15 inches) | Not passable to motorcycles and cars (sedan)",flood_observed,38.1cm (15 inches),38.1,38.1,Not passable to motorcycles and cars (sedan),candidate,,
OBS-ade97f6169b3fedf,PASIG-20260811-0950,4223ec2f856d,https://pasigcity.gov.ph/news-and-releases/enhanced-southwest-monsoon-habagat-flood-update-as-of-950-am-of-august-11-2026-502,PASIG-2026-AUG10-11,Pasig,Maybunga,Maybunga,"Block 2 Alley 8, Westbank Road Floodway",2026-08-11T05:30:00+08:00,"August 11, 2026 | as of 05:30AM",13,"2. Block 2 Alley 8, Westbank Road Floodway | Water Level: 38.1cm (15 inches) | Not passable to motorcycles and cars (sedan)",flood_observed,38.1cm (15 inches),38.1,38.1,Not passable to motorcycles and cars (sedan),candidate,,
OBS-907875bacbcb20a7,PASIG-20260811-0950,4223ec2f856d,https://pasigcity.gov.ph/news-and-releases/enhanced-southwest-monsoon-habagat-flood-update-as-of-950-am-of-august-11-2026-502,PASIG-2026-AUG10-11,Pasig,Maybunga,Maybunga,"Block 3 Alley 8, Westbank Road Floodway",2026-08-11T05:30:00+08:00,"August 11, 2026 | as of 05:30AM",16,"3. Block 3 Alley 8, Westbank Road Floodway | Water Level: 38.1cm (15 inches) | Not passable to motorcycles and cars (sedan)",flood_observed,38.1cm (15 inches),38.1,38.1,Not passable to motorcycles and cars (sedan),candidate,,
OBS-1d40068f99d1d9fb,PASIG-20260811-0950,4223ec2f856d,https://pasigcity.gov.ph/news-and-releases/enhanced-southwest-monsoon-habagat-flood-update-as-of-950-am-of-august-11-2026-502,PASIG-2026-AUG10-11,Pasig,Maybunga,Maybunga,"Block 4 Alley 8, Westbank Road Floodway",2026-08-11T05:30:00+08:00,"August 11, 2026 | as of 05:30AM",19,"4. Block 4 Alley 8, Westbank Road Floodway | Water Level: 38.1cm (15 inches) | Not passable to motorcycles and cars (sedan)",flood_observed,38.1cm (15 inches),38.1,38.1,Not passable to motorcycles and cars (sedan),candidate,,
OBS-25a3818052372e45,PASIG-20260811-0950,4223ec2f856d,https://pasigcity.gov.ph/news-and-releases/enhanced-southwest-monsoon-habagat-flood-update-as-of-950-am-of-august-11-2026-502,PASIG-2026-AUG10-11,Pasig,Maybunga,Maybunga,"Block 5 Alley 8, Westbank Road Floodway",2026-08-11T05:30:00+08:00,"August 11, 2026 | as of 05:30AM",22,"5. Block 5 Alley 8, Westbank Road Floodway | Water Level: 38.1cm (15 inches) | Not passable to motorcycles and cars (sedan)",flood_observed,38.1cm (15 inches),38.1,38.1,Not passable to motorcycles and cars (sedan),candidate,,
OBS-e637689fb8869981,PASIG-20260811-0950,4223ec2f856d,https://pasigcity.gov.ph/news-and-releases/enhanced-southwest-monsoon-habagat-flood-update-as-of-950-am-of-august-11-2026-502,PASIG-2026-AUG10-11,Pasig,Maybunga,Maybunga,"Block 6 Alley 8, Westbank Road Floodway",2026-08-11T05:30:00+08:00,"August 11, 2026 | as of 05:30AM",25,"6. Block 6 Alley 8, Westbank Road Floodway | Water Level: 38.1cm (15 inches) | Not passable to motorcycles and cars (sedan)",flood_observed,38.1cm (15 inches),38.1,38.1,Not passable to motorcycles and cars (sedan),candidate,,
OBS-3fc2f781610b5d37,PASIG-20260811-0950,4223ec2f856d,https://pasigcity.gov.ph/news-and-releases/enhanced-southwest-monsoon-habagat-flood-update-as-of-950-am-of-august-11-2026-502,PASIG-2026-AUG10-11,Pasig,Maybunga,Maybunga,"Block 7 Alley 8, Westbank Road Floodway",2026-08-11T05:30:00+08:00,"August 11, 2026 | as of 05:30AM",28,"7. Block 7 Alley 8, Westbank Road Floodway | Water Level: 38.1cm (15 inches) | Not passable to motorcycles and cars (sedan)",flood_observed,38.1cm (15 inches),38.1,38.1,Not passable to motorcycles and cars (sedan),candidate,,
OBS-9b27784b739e6111,PASIG-20260811-0950,4223ec2f856d,https://pasigcity.gov.ph/news-and-releases/enhanced-southwest-monsoon-habagat-flood-update-as-of-950-am-of-august-11-2026-502,PASIG-2026-AUG10-11,Pasig,Maybunga,Maybunga,"Block 8 Alley 8, Westbank Road Floodway",2026-08-11T05:30:00+08:00,"August 11, 2026 | as of 05:30AM",31,"8. Block 8 Alley 8, Westbank Road Floodway | Water Level: 38.1cm (15 inches) | Not passable to motorcycles and cars (sedan)",flood_observed,38.1cm (15 inches),38.1,38.1,Not passable to motorcycles and cars (sedan),candidate,,
OBS-0c7c4c55f74c9e02,PASIG-20260818-0030,0fb66bd2f64d,https://pasigcity.gov.ph/news-and-releases/southwest-monsoon-habagat-flood-update-as-of-1230-am-of-august-18-2026-430,PASIG-2026-AUG17-18,Pasig,Dela Paz,Dela Paz,Katipiran C Yap Compound,2026-08-18T00:30:00+08:00,"Southwest Monsoon (Habagat) | Flood Update as of 12:30 am of August 18, 2026",4,1. Katipiran C Yap Compound | Water Level: 91.44 cm (36 inches) | Not passable to motorcycles and cars (sedan),flood_observed,91.44 cm (36 inches),91.44,91.44,Not passable to motorcycles and cars (sedan),candidate,,
OBS-5fea7598b3b16691,PASIG-20260818-0030,0fb66bd2f64d,https://pasigcity.gov.ph/news-and-releases/southwest-monsoon-habagat-flood-update-as-of-1230-am-of-august-18-2026-430,PASIG-2026-AUG17-18,Pasig,Manggahan,Manggahan,F. Pasco Ave Metroville,2026-08-18T00:30:00+08:00,"Southwest Monsoon (Habagat) | Flood Update as of 12:30 am of August 18, 2026",8,1. F. Pasco Ave Metroville | Water Level: 7.62 cm (3 inches) | Passable to motorcycles and cars (sedan),flood_observed,7.62 cm (3 inches),7.62,7.62,Passable to motorcycles and cars (sedan),candidate,,
OBS-571a4797bc5686c8,PASIG-20260818-0030,0fb66bd2f64d,https://pasigcity.gov.ph/news-and-releases/southwest-monsoon-habagat-flood-update-as-of-1230-am-of-august-18-2026-430,PASIG-2026-AUG17-18,Pasig,Manggahan,Manggahan,Infant Jesus St,2026-08-18T00:30:00+08:00,"Southwest Monsoon (Habagat) | Flood Update as of 12:30 am of August 18, 2026",11,2. Infant Jesus St | Water Level: 7.62cm (3 inches) | Passable to motorcycles and cars (sedan),flood_observed,7.62cm (3 inches),7.62,7.62,Passable to motorcycles and cars (sedan),candidate,,
OBS-d802041c57ddc936,PASIG-20260818-0030,0fb66bd2f64d,https://pasigcity.gov.ph/news-and-releases/southwest-monsoon-habagat-flood-update-as-of-1230-am-of-august-18-2026-430,PASIG-2026-AUG17-18,Pasig,Manggahan,Manggahan,Kabayanihan St.,2026-08-18T00:30:00+08:00,"Southwest Monsoon (Habagat) | Flood Update as of 12:30 am of August 18, 2026",14,3. Kabayanihan St. | Water Level: 12.7cm (5 inches) | Passable to motorcycles and cars (sedan),flood_observed,12.7cm (5 inches),12.7,12.7,Passable to motorcycles and cars (sedan),candidate,,
OBS-b1d226fe3c25c508,PASIG-20260818-0030,0fb66bd2f64d,https://pasigcity.gov.ph/news-and-releases/southwest-monsoon-habagat-flood-update-as-of-1230-am-of-august-18-2026-430,PASIG-2026-AUG17-18,Pasig,Manggahan,Manggahan,Karikitan St.,2026-08-18T00:30:00+08:00,"Southwest Monsoon (Habagat) | Flood Update as of 12:30 am of August 18, 2026",17,4. Karikitan St. | Water Level: 12.7cm (5 inches) | Passable to motorcycles and cars (sedan),flood_observed,12.7cm (5 inches),12.7,12.7,Passable to motorcycles and cars (sedan),candidate,,
OBS-e3d7270778c53eec,PASIG-20260818-0030,0fb66bd2f64d,https://pasigcity.gov.ph/news-and-releases/southwest-monsoon-habagat-flood-update-as-of-1230-am-of-august-18-2026-430,PASIG-2026-AUG17-18,Pasig,Manggahan,Manggahan,Katiyagaan St.,2026-08-18T00:30:00+08:00,"Southwest Monsoon (Habagat) | Flood Update as of 12:30 am of August 18, 2026",20,5. Katiyagaan St. | Water Level: 12.7cm (5 inches) | Passable to motorcycles and cars (sedan),flood_observed,12.7cm (5 inches),12.7,12.7,Passable to motorcycles and cars (sedan),candidate,,
OBS-5e7cb8780fdb465b,PASIG-20260818-0030,0fb66bd2f64d,https://pasigcity.gov.ph/news-and-releases/southwest-monsoon-habagat-flood-update-as-of-1230-am-of-august-18-2026-430,PASIG-2026-AUG17-18,Pasig,Maybunga,Maybunga,San Antonio Abad,2026-08-18T00:30:00+08:00,"Southwest Monsoon (Habagat) | Flood Update as of 12:30 am of August 18, 2026",24,1. San Antonio Abad | Water Level: 45.72 cm (18 inches) | Not passable to motorcycles and cars (sedan),flood_observed,45.72 cm (18 inches),45.72,45.72,Not passable to motorcycles and cars (sedan),candidate,,
OBS-6f784d1eccc27394,PASIG-20260818-0030,0fb66bd2f64d,https://pasigcity.gov.ph/news-and-releases/southwest-monsoon-habagat-flood-update-as-of-1230-am-of-august-18-2026-430,PASIG-2026-AUG17-18,Pasig,Maybunga,Maybunga,Damayan Homes,2026-08-18T00:30:00+08:00,"Southwest Monsoon (Habagat) | Flood Update as of 12:30 am of August 18, 2026",27,2. Damayan Homes | Water Level: 30.48 cm (12 inches) | Not passable to motorcycles and cars (sedan),flood_observed,30.48 cm (12 inches),30.48,30.48,Not passable to motorcycles and cars (sedan),candidate,,
OBS-7516ec9b72990612,PASIG-20260818-0030,0fb66bd2f64d,https://pasigcity.gov.ph/news-and-releases/southwest-monsoon-habagat-flood-update-as-of-1230-am-of-august-18-2026-430,PASIG-2026-AUG17-18,Pasig,Maybunga,Maybunga,Jenny's Ave (in front of RESPSCI),2026-08-18T00:30:00+08:00,"Southwest Monsoon (Habagat) | Flood Update as of 12:30 am of August 18, 2026",30,3. Jenny's Ave (in front of RESPSCI) | Water Level: 7.62 cm (3 inches) | Passable to motorcycles and cars (sedan),flood_observed,7.62 cm (3 inches),7.62,7.62,Passable to motorcycles and cars (sedan),candidate,,
OBS-c9ae0d5ba9e3de8e,PASIG-20260818-0030,0fb66bd2f64d,https://pasigcity.gov.ph/news-and-releases/southwest-monsoon-habagat-flood-update-as-of-1230-am-of-august-18-2026-430,PASIG-2026-AUG17-18,Pasig,Oranbo,Oranbo,Saint Francis St.,2026-08-18T00:30:00+08:00,"Southwest Monsoon (Habagat) | Flood Update as of 12:30 am of August 18, 2026",34,1. Saint Francis St. | Water Level: 10.16 cm (4 inches) | Passable to motorcycles and cars (sedan),flood_observed,10.16 cm (4 inches),10.16,10.16,Passable to motorcycles and cars (sedan),candidate,,
OBS-468d0044a7287cb7,PASIG-20260818-0030,0fb66bd2f64d,https://pasigcity.gov.ph/news-and-releases/southwest-monsoon-habagat-flood-update-as-of-1230-am-of-august-18-2026-430,PASIG-2026-AUG17-18,Pasig,San Miguel,San Miguel,Parian Creek,2026-08-18T00:30:00+08:00,"Southwest Monsoon (Habagat) | Flood Update as of 12:30 am of August 18, 2026",38,1. Parian Creek | Water Level: 7.62 cm (3 inches) | Passable to motorcycles and cars (sedan),flood_observed,7.62 cm (3 inches),7.62,7.62,Passable to motorcycles and cars (sedan),candidate,,
OBS-cd38dc43c84f6f7c,PASIG-20260818-0030,0fb66bd2f64d,https://pasigcity.gov.ph/news-and-releases/southwest-monsoon-habagat-flood-update-as-of-1230-am-of-august-18-2026-430,PASIG-2026-AUG17-18,Pasig,San Miguel,San Miguel,Villa Eusebio,2026-08-18T00:30:00+08:00,"Southwest Monsoon (Habagat) | Flood Update as of 12:30 am of August 18, 2026",41,2. Villa Eusebio | Water Level: 60.96 cm (24 inches) | Not passable to motorcycles and cars (sedan),flood_observed,60.96 cm (24 inches),60.96,60.96,Not passable to motorcycles and cars (sedan),candidate,,
OBS-5150169f708d92e2,PASIG-20260818-0030,0fb66bd2f64d,https://pasigcity.gov.ph/news-and-releases/southwest-monsoon-habagat-flood-update-as-of-1230-am-of-august-18-2026-430,PASIG-2026-AUG17-18,Pasig,San Miguel,San Miguel,Eusebio Ave.,2026-08-18T00:30:00+08:00,"Southwest Monsoon (Habagat) | Flood Update as of 12:30 am of August 18, 2026",44,3. Eusebio Ave. | Water Level: 5cm (2 inches) | Passable to motorcycles and cars (sedan),flood_observed,5cm (2 inches),5.0,5.0,Passable to motorcycles and cars (sedan),candidate,,
OBS-5c97b0100ef47cda,PASIG-20260818-0030,0fb66bd2f64d,https://pasigcity.gov.ph/news-and-releases/southwest-monsoon-habagat-flood-update-as-of-1230-am-of-august-18-2026-430,PASIG-2026-AUG17-18,Pasig,San Miguel,San Miguel,Luis St,2026-08-18T00:30:00+08:00,"Southwest Monsoon (Habagat) | Flood Update as of 12:30 am of August 18, 2026",47,4. Luis St | Water Level: 5cm (2 inches) | Passable to motorcycles and cars (sedan),flood_observed,5cm (2 inches),5.0,5.0,Passable to motorcycles and cars (sedan),candidate,,
OBS-1e0dbbd05a135b01,PASIG-20260818-0030,0fb66bd2f64d,https://pasigcity.gov.ph/news-and-releases/southwest-monsoon-habagat-flood-update-as-of-1230-am-of-august-18-2026-430,PASIG-2026-AUG17-18,Pasig,San Miguel,San Miguel,Market Ave to Chinese School,2026-08-18T00:30:00+08:00,"Southwest Monsoon (Habagat) | Flood Update as of 12:30 am of August 18, 2026",50,5. Market Ave to Chinese School | Water Level: 12.7cm (5 inches) | Passable to motorcycles and cars (sedan),flood_observed,12.7cm (5 inches),12.7,12.7,Passable to motorcycles and cars (sedan),candidate,,
OBS-6cdfdf9e0797ebe2,PASIG-20260818-0030,0fb66bd2f64d,https://pasigcity.gov.ph/news-and-releases/southwest-monsoon-habagat-flood-update-as-of-1230-am-of-august-18-2026-430,PASIG-2026-AUG17-18,Pasig,San Miguel,San Miguel,Avocado St.,2026-08-18T00:30:00+08:00,"Southwest Monsoon (Habagat) | Flood Update as of 12:30 am of August 18, 2026",53,6. Avocado St. | Water Level: 12.7cm (5 inches) | Passable to motorcycles and cars (sedan),flood_observed,12.7cm (5 inches),12.7,12.7,Passable to motorcycles and cars (sedan),candidate,,
OBS-71e7c3d34a17b4e8,PASIG-20260818-0030,0fb66bd2f64d,https://pasigcity.gov.ph/news-and-releases/southwest-monsoon-habagat-flood-update-as-of-1230-am-of-august-18-2026-430,PASIG-2026-AUG17-18,Pasig,San Miguel,San Miguel,Lupang Pari,2026-08-18T00:30:00+08:00,"Southwest Monsoon (Habagat) | Flood Update as of 12:30 am of August 18, 2026",56,7. Lupang Pari | Water Level: 12.7cm (5 inches) | Passable to motorcycles and cars (sedan),flood_observed,12.7cm (5 inches),12.7,12.7,Passable to motorcycles and cars (sedan),candidate,,
OBS-66d5369d55a4ca42,PASIG-20260818-0030,0fb66bd2f64d,https://pasigcity.gov.ph/news-and-releases/southwest-monsoon-habagat-flood-update-as-of-1230-am-of-august-18-2026-430,PASIG-2026-AUG17-18,Pasig,San Miguel,San Miguel,Bliss LP,2026-08-18T00:30:00+08:00,"Southwest Monsoon (Habagat) | Flood Update as of 12:30 am of August 18, 2026",59,8. Bliss LP | Water Level: 10.16 cm (4 inches) | Passable to motorcycles and cars (sedan),flood_observed,10.16 cm (4 inches),10.16,10.16,Passable to motorcycles and cars (sedan),candidate,,
OBS-bdbea47599b60a2b,PASIG-20260818-0030,0fb66bd2f64d,https://pasigcity.gov.ph/news-and-releases/southwest-monsoon-habagat-flood-update-as-of-1230-am-of-august-18-2026-430,PASIG-2026-AUG17-18,Pasig,San Miguel,San Miguel,JV Angles St.,2026-08-18T00:30:00+08:00,"Southwest Monsoon (Habagat) | Flood Update as of 12:30 am of August 18, 2026",62,9. JV Angles St. | Water Level: 10.16 cm (4 inches) | Passable to motorcycles and cars (sedan),flood_observed,10.16 cm (4 inches),10.16,10.16,Passable to motorcycles and cars (sedan),candidate,,
OBS-69743ee49a3d3aee,PASIG-20260818-0030,0fb66bd2f64d,https://pasigcity.gov.ph/news-and-releases/southwest-monsoon-habagat-flood-update-as-of-1230-am-of-august-18-2026-430,PASIG-2026-AUG17-18,Pasig,San Miguel,San Miguel,Dr. Pilapil Purok 1 to 2,2026-08-18T00:30:00+08:00,"Southwest Monsoon (Habagat) | Flood Update as of 12:30 am of August 18, 2026",65,10. Dr. Pilapil Purok 1 to 2 | Water Level: 10.16 cm (4 inches) | Passable to motorcycles and cars (sedan),flood_observed,10.16 cm (4 inches),10.16,10.16,Passable to motorcycles and cars (sedan),candidate,,
OBS-faefac48e8d0e65c,PASIG-20260818-0030,0fb66bd2f64d,https://pasigcity.gov.ph/news-and-releases/southwest-monsoon-habagat-flood-update-as-of-1230-am-of-august-18-2026-430,PASIG-2026-AUG17-18,Pasig,Sta. Lucia,Sta. Lucia,Riverside,2026-08-18T00:30:00+08:00,"Southwest Monsoon (Habagat) | Flood Update as of 12:30 am of August 18, 2026",69,1. Riverside | Water Level: 10.16cm (4 inches) | Passable to motorcycles and cars (sedan),flood_observed,10.16cm (4 inches),10.16,10.16,Passable to motorcycles and cars (sedan),candidate,,
OBS-1f19fa53eb41ca05,PASIG-20260818-0030,0fb66bd2f64d,https://pasigcity.gov.ph/news-and-releases/southwest-monsoon-habagat-flood-update-as-of-1230-am-of-august-18-2026-430,PASIG-2026-AUG17-18,Pasig,Sta. Lucia,Sta. Lucia,Rosario 5,2026-08-18T00:30:00+08:00,"Southwest Monsoon (Habagat) | Flood Update as of 12:30 am of August 18, 2026",72,2. Rosario 5 | Water Level: 10.16cm (4 inches) | Passable to motorcycles and cars (sedan),flood_observed,10.16cm (4 inches),10.16,10.16,Passable to motorcycles and cars (sedan),candidate,,
OBS-f46a6d2c75b6e014,PASIG-20260818-0030,0fb66bd2f64d,https://pasigcity.gov.ph/news-and-releases/southwest-monsoon-habagat-flood-update-as-of-1230-am-of-august-18-2026-430,PASIG-2026-AUG17-18,Pasig,Sta. Lucia,Sta. Lucia,Rosario 6,2026-08-18T00:30:00+08:00,"Southwest Monsoon (Habagat) | Flood Update as of 12:30 am of August 18, 2026",75,3. Rosario 6 | Water Level: 10.16cm (4 inches) | Passable to motorcycles and cars (sedan),flood_observed,10.16cm (4 inches),10.16,10.16,Passable to motorcycles and cars (sedan),candidate,,
OBS-9dec613f8251547d,PASIG-20260818-0030,0fb66bd2f64d,https://pasigcity.gov.ph/news-and-releases/southwest-monsoon-habagat-flood-update-as-of-1230-am-of-august-18-2026-430,PASIG-2026-AUG17-18,Pasig,Sta. Lucia,Sta. Lucia,Tawi-Tawi,2026-08-18T00:30:00+08:00,"Southwest Monsoon (Habagat) | Flood Update as of 12:30 am of August 18, 2026",78,4. Tawi-Tawi | Water Level: 10.16cm (4 inches) | Passable to motorcycles and cars (sedan),flood_observed,10.16cm (4 inches),10.16,10.16,Passable to motorcycles and cars (sedan),candidate,,
OBS-c38a5f0bfccd5cbb,PASIG-20260818-0030,0fb66bd2f64d,https://pasigcity.gov.ph/news-and-releases/southwest-monsoon-habagat-flood-update-as-of-1230-am-of-august-18-2026-430,PASIG-2026-AUG17-18,Pasig,Sta. Lucia,Sta. Lucia,Azucena St.,2026-08-18T00:30:00+08:00,"Southwest Monsoon (Habagat) | Flood Update as of 12:30 am of August 18, 2026",81,5. Azucena St. | Water Level: 10.16cm (4 inches) | Passable to motorcycles and cars (sedan),flood_observed,10.16cm (4 inches),10.16,10.16,Passable to motorcycles and cars (sedan),candidate,,
OBS-28cc11f80eaf955d,PASIG-20260818-0030,0fb66bd2f64d,https://pasigcity.gov.ph/news-and-releases/southwest-monsoon-habagat-flood-update-as-of-1230-am-of-august-18-2026-430,PASIG-2026-AUG17-18,Pasig,Sta. Lucia,Sta. Lucia,DMA Morales New Society,2026-08-18T00:30:00+08:00,"Southwest Monsoon (Habagat) | Flood Update as of 12:30 am of August 18, 2026",84,6. DMA Morales New Society | Water Level: 10.16cm (4 inches) | Passable to motorcycles and cars (sedan),flood_observed,10.16cm (4 inches),10.16,10.16,Passable to motorcycles and cars (sedan),candidate,,
OBS-b2e6f9585a2c914d,PASIG-20260818-0030,0fb66bd2f64d,https://pasigcity.gov.ph/news-and-releases/southwest-monsoon-habagat-flood-update-as-of-1230-am-of-august-18-2026-430,PASIG-2026-AUG17-18,Pasig,Sta. Lucia,Sta. Lucia,Metropolis Callos Compound,2026-08-18T00:30:00+08:00,"Southwest Monsoon (Habagat) | Flood Update as of 12:30 am of August 18, 2026",87,7. Metropolis Callos Compound | Water Level: 10.16cm (4 inches) | Passable to motorcycles and cars (sedan),flood_observed,10.16cm (4 inches),10.16,10.16,Passable to motorcycles and cars (sedan),candidate,,
OBS-b6c8a83796741ad0,PASIG-20260818-0030,0fb66bd2f64d,https://pasigcity.gov.ph/news-and-releases/southwest-monsoon-habagat-flood-update-as-of-1230-am-of-august-18-2026-430,PASIG-2026-AUG17-18,Pasig,Sta. Lucia,Sta. Lucia,Champaca,2026-08-18T00:30:00+08:00,"Southwest Monsoon (Habagat) | Flood Update as of 12:30 am of August 18, 2026",90,8. Champaca | Water Level: 10.16cm (4 inches) | Passable to motorcycles and cars (sedan),flood_observed,10.16cm (4 inches),10.16,10.16,Passable to motorcycles and cars (sedan),candidate,,
OBS-041c36c4c912c778,PASIG-20260818-0030,0fb66bd2f64d,https://pasigcity.gov.ph/news-and-releases/southwest-monsoon-habagat-flood-update-as-of-1230-am-of-august-18-2026-430,PASIG-2026-AUG17-18,Pasig,Santolan,Santolan,Doroteo Court,2026-08-18T00:30:00+08:00,"Southwest Monsoon (Habagat) | Flood Update as of 12:30 am of August 18, 2026",94,1. Doroteo Court | Water Level: 40 cm (15.75 inches) | Not passable to motorcycles and cars (sedan),flood_observed,40 cm (15.75 inches),40.0,40.0,Not passable to motorcycles and cars (sedan),candidate,,
OBS-ae4cf92a7b6de3ac,PASIG-20260818-0030,0fb66bd2f64d,https://pasigcity.gov.ph/news-and-releases/southwest-monsoon-habagat-flood-update-as-of-1230-am-of-august-18-2026-430,PASIG-2026-AUG17-18,Pasig,Santolan,Santolan,Doroteo Ext. cor Villa Doroteo,2026-08-18T00:30:00+08:00,"Southwest Monsoon (Habagat) | Flood Update as of 12:30 am of August 18, 2026",97,2. Doroteo Ext. cor Villa Doroteo | Water Level: 40 cm (15.75 inches) | Not passable to motorcycles and cars (sedan),flood_observed,40 cm (15.75 inches),40.0,40.0,Not passable to motorcycles and cars (sedan),candidate,,
OBS-862615125fdc3862,PASIG-20260818-0030,0fb66bd2f64d,https://pasigcity.gov.ph/news-and-releases/southwest-monsoon-habagat-flood-update-as-of-1230-am-of-august-18-2026-430,PASIG-2026-AUG17-18,Pasig,Santolan,Santolan,Camia St. (Sgt. De Leon),2026-08-18T00:30:00+08:00,"Southwest Monsoon (Habagat) | Flood Update as of 12:30 am of August 18, 2026",100,3. Camia St. (Sgt. De Leon) | Water Level: 40 cm (15.75 inches) | Not passable to motorcycles and cars (sedan),flood_observed,40 cm (15.75 inches),40.0,40.0,Not passable to motorcycles and cars (sedan),candidate,,
OBS-ed707abee23f7da0,PASIG-20260818-0030,0fb66bd2f64d,https://pasigcity.gov.ph/news-and-releases/southwest-monsoon-habagat-flood-update-as-of-1230-am-of-august-18-2026-430,PASIG-2026-AUG17-18,Pasig,Santolan,Santolan,Rafael 3rd Street,2026-08-18T00:30:00+08:00,"Southwest Monsoon (Habagat) | Flood Update as of 12:30 am of August 18, 2026",103,4. Rafael 3rd Street | Water Level: 40 cm (15.75 inches) | Not passable to motorcycles and cars (sedan),flood_observed,40 cm (15.75 inches),40.0,40.0,Not passable to motorcycles and cars (sedan),candidate,,
OBS-095fb0ef8ba88921,PASIG-20260818-0430,6b3b10b4ae3e,https://pasigcity.gov.ph/news-and-releases/southwest-monsoon-habagat-flood-update-as-of-430-am-of-august-18-2026-748,PASIG-2026-AUG17-18,Pasig,Dela Paz,Dela Paz,Katipiran C Yap Compound,2026-08-18T04:30:00+08:00,"Southwest Monsoon (Habagat) | Flood Update as of 4:30 am of August 18, 2026",4,1. Katipiran C Yap Compound | Water Level: 91.44 cm (36 inches) | Not passable to motorcycles and cars (sedan),flood_observed,91.44 cm (36 inches),91.44,91.44,Not passable to motorcycles and cars (sedan),candidate,,
OBS-11b7d549df4c8297,PASIG-20260818-0430,6b3b10b4ae3e,https://pasigcity.gov.ph/news-and-releases/southwest-monsoon-habagat-flood-update-as-of-430-am-of-august-18-2026-748,PASIG-2026-AUG17-18,Pasig,Manggahan,Manggahan,F. Pasco Ave Metroville,2026-08-18T04:30:00+08:00,"Southwest Monsoon (Habagat) | Flood Update as of 4:30 am of August 18, 2026",8,1. F. Pasco Ave Metroville | Water Level: 7.62 cm (3 inches) | Passable to motorcycles and cars (sedan),flood_observed,7.62 cm (3 inches),7.62,7.62,Passable to motorcycles and cars (sedan),candidate,,
OBS-14e7b163523eaa80,PASIG-20260818-0430,6b3b10b4ae3e,https://pasigcity.gov.ph/news-and-releases/southwest-monsoon-habagat-flood-update-as-of-430-am-of-august-18-2026-748,PASIG-2026-AUG17-18,Pasig,Manggahan,Manggahan,Infant Jesus St,2026-08-18T04:30:00+08:00,"Southwest Monsoon (Habagat) | Flood Update as of 4:30 am of August 18, 2026",11,2. Infant Jesus St | Water Level: 7.62cm (3 inches) | Passable to motorcycles and cars (sedan),flood_observed,7.62cm (3 inches),7.62,7.62,Passable to motorcycles and cars (sedan),candidate,,
OBS-8aae0d61a82f274a,PASIG-20260818-0430,6b3b10b4ae3e,https://pasigcity.gov.ph/news-and-releases/southwest-monsoon-habagat-flood-update-as-of-430-am-of-august-18-2026-748,PASIG-2026-AUG17-18,Pasig,Manggahan,Manggahan,Kabayanihan St.,2026-08-18T04:30:00+08:00,"Southwest Monsoon (Habagat) | Flood Update as of 4:30 am of August 18, 2026",14,3. Kabayanihan St. | Water Level: 12.7cm (5 inches) | Passable to motorcycles and cars (sedan),flood_observed,12.7cm (5 inches),12.7,12.7,Passable to motorcycles and cars (sedan),candidate,,
OBS-7441487b5b6ccbbc,PASIG-20260818-0430,6b3b10b4ae3e,https://pasigcity.gov.ph/news-and-releases/southwest-monsoon-habagat-flood-update-as-of-430-am-of-august-18-2026-748,PASIG-2026-AUG17-18,Pasig,Manggahan,Manggahan,Karikitan St.,2026-08-18T04:30:00+08:00,"Southwest Monsoon (Habagat) | Flood Update as of 4:30 am of August 18, 2026",17,4. Karikitan St. | Water Level: 12.7cm (5 inches) | Passable to motorcycles and cars (sedan),flood_observed,12.7cm (5 inches),12.7,12.7,Passable to motorcycles and cars (sedan),candidate,,
OBS-d3038b5c313afe92,PASIG-20260818-0430,6b3b10b4ae3e,https://pasigcity.gov.ph/news-and-releases/southwest-monsoon-habagat-flood-update-as-of-430-am-of-august-18-2026-748,PASIG-2026-AUG17-18,Pasig,Manggahan,Manggahan,Katiyagaan St.,2026-08-18T04:30:00+08:00,"Southwest Monsoon (Habagat) | Flood Update as of 4:30 am of August 18, 2026",20,5. Katiyagaan St. | Water Level: 12.7cm (5 inches) | Passable to motorcycles and cars (sedan),flood_observed,12.7cm (5 inches),12.7,12.7,Passable to motorcycles and cars (sedan),candidate,,
OBS-ae6f2f640628331b,PASIG-20260818-0430,6b3b10b4ae3e,https://pasigcity.gov.ph/news-and-releases/southwest-monsoon-habagat-flood-update-as-of-430-am-of-august-18-2026-748,PASIG-2026-AUG17-18,Pasig,Sta. Lucia,Sta. Lucia,Metropolis Callos Compound,2026-08-18T04:30:00+08:00,"Southwest Monsoon (Habagat) | Flood Update as of 4:30 am of August 18, 2026",24,1. Metropolis Callos Compound | Water Level: 10.16cm (4 inches) | Passable to motorcycles and cars (sedan),flood_observed,10.16cm (4 inches),10.16,10.16,Passable to motorcycles and cars (sedan),candidate,,
OBS-2b0bfb8da09a2f5a,PASIG-20260818-1200,5f3ad14459ce,https://pasigcity.gov.ph/news-and-releases/southwest-monsoon-habagat-flood-update-as-of-1200-nn-of-august-18-2026-671,PASIG-2026-AUG17-18,Pasig,Dela Paz,Dela Paz,Katipiran C Yap Compound,2026-08-18T12:00:00+08:00,"Southwest Monsoon (Habagat) | Flood Update as of 12:00 nn of August 18, 2026",4,1. Katipiran C Yap Compound | Water Level: 30.48 cm (12 inches) | Not passable to motorcycles and cars (sedan),flood_observed,30.48 cm (12 inches),30.48,30.48,Not passable to motorcycles and cars (sedan),candidate,,
OBS-7d1d5441f76ee802,PASIG-20260818-2300,1f15b36aea0a,https://pasigcity.gov.ph/news-and-releases/southwest-monsoon-habagat-response-updates-as-of-1100-pm-of-august-18-2026-427,PASIG-2026-AUG17-18,Pasig,,,,2026-08-18T23:00:00+08:00,"Southwest Monsoon (Habagat) | Response Updates as of 11:00 pm of August 18, 2026",7,Wala nang naitalang mga daan na nananatiling baha matapos humupa ang reported na baha sa Brgy. Dela Paz bago mag-02:00PM.,clearance_candidate,,,,,summary_scope_reviewed,"Dela Paz flooding reported subsided before 14:00; link to noon Katipiran C Yap Compound candidate, not 23:00 clearance",no_exact_physical_clearance_time
OBS-eeda5b4991aa2de9,PASIG-20260829-2230,acea8d66b823,https://pasigcity.gov.ph/news-and-releases/southwest-monsoon-habagat-flood-update-as-of-1030-pm-of-august-29-2026-757,PASIG-2026-AUG29-30,Pasig,Dela Paz,Dela Paz,Kabutihan St.,2026-08-29T22:30:00+08:00,"As of 10:30PM | August 29, 2026",6,1. Kabutihan St. | Water Level: 60.96 cm (24 inches) | Remarks: Not passable to motorcycles and cars (sedan),flood_observed,60.96 cm (24 inches),60.96,60.96,Remarks: Not passable to motorcycles and cars (sedan),candidate,,
OBS-dcc81cf66722c859,PASIG-20260829-2230,acea8d66b823,https://pasigcity.gov.ph/news-and-releases/southwest-monsoon-habagat-flood-update-as-of-1030-pm-of-august-29-2026-757,PASIG-2026-AUG29-30,Pasig,Dela Paz,Dela Paz,Santiago Katipiran cor. Yap Compound,2026-08-29T22:30:00+08:00,"As of 10:30PM | August 29, 2026",9,2. Santiago Katipiran cor. Yap Compound | Water Level: 60.96 cm (24 inches) | Remarks: Not passable to motorcycles and cars (sedan),flood_observed,60.96 cm (24 inches),60.96,60.96,Remarks: Not passable to motorcycles and cars (sedan),candidate,,
OBS-8b91f03bbc3428bd,PASIG-20260829-2230,acea8d66b823,https://pasigcity.gov.ph/news-and-releases/southwest-monsoon-habagat-flood-update-as-of-1030-pm-of-august-29-2026-757,PASIG-2026-AUG29-30,Pasig,Dela Paz,Dela Paz,Katipiran cor. K118 Dela Paz,2026-08-29T22:30:00+08:00,"As of 10:30PM | August 29, 2026",12,3. Katipiran cor. K118 Dela Paz | Water Level: 60.96 cm (24 inches) | Remarks: Not passable to motorcycles and cars (sedan),flood_observed,60.96 cm (24 inches),60.96,60.96,Remarks: Not passable to motorcycles and cars (sedan),candidate,,
OBS-2780069cd5916ebb,PASIG-20260829-2230,acea8d66b823,https://pasigcity.gov.ph/news-and-releases/southwest-monsoon-habagat-flood-update-as-of-1030-pm-of-august-29-2026-757,PASIG-2026-AUG29-30,Pasig,Manggahan,Manggahan,Kabayanihan St.,2026-08-29T22:30:00+08:00,"As of 10:30PM | August 29, 2026",16,1. Kabayanihan St. | Water Level: 5.00cm (2 inches) | Remarks: Passable to motorcycles and cars (sedan),flood_observed,5.00cm (2 inches),5.0,5.0,Remarks: Passable to motorcycles and cars (sedan),candidate,,
OBS-a83ff8cb3f8b2efe,PASIG-20260829-2230,acea8d66b823,https://pasigcity.gov.ph/news-and-releases/southwest-monsoon-habagat-flood-update-as-of-1030-pm-of-august-29-2026-757,PASIG-2026-AUG29-30,Pasig,Manggahan,Manggahan,Magsaysay St. (near INC Church),2026-08-29T22:30:00+08:00,"As of 10:30PM | August 29, 2026",19,2. Magsaysay St. (near INC Church) | Water Level: 5.00cm (2 inches) | Remarks: Passable to motorcycles and cars (sedan),flood_observed,5.00cm (2 inches),5.0,5.0,Remarks: Passable to motorcycles and cars (sedan),candidate,,
OBS-760ddb4b0bbb42b7,PASIG-20260829-2230,acea8d66b823,https://pasigcity.gov.ph/news-and-releases/southwest-monsoon-habagat-flood-update-as-of-1030-pm-of-august-29-2026-757,PASIG-2026-AUG29-30,Pasig,Manggahan,Manggahan,"Metroville Subd., Karangalan",2026-08-29T22:30:00+08:00,"As of 10:30PM | August 29, 2026",22,"3. Metroville Subd., Karangalan | Water Level: 10.64cm (4 inches) | Remarks: Passable to motorcycles and cars (sedan)",flood_observed,10.64cm (4 inches),10.64,10.64,Remarks: Passable to motorcycles and cars (sedan),candidate,,
OBS-6242091a148555b2,PASIG-20260829-2230,acea8d66b823,https://pasigcity.gov.ph/news-and-releases/southwest-monsoon-habagat-flood-update-as-of-1030-pm-of-august-29-2026-757,PASIG-2026-AUG29-30,Pasig,Manggahan,Manggahan,Metroville Pedro S. Pasco Ave.,2026-08-29T22:30:00+08:00,"As of 10:30PM | August 29, 2026",25,4. Metroville Pedro S. Pasco Ave. | Water Level: 12.7cm (5 inches) | Remarks: Passable to motorcycles and cars (sedan),flood_observed,12.7cm (5 inches),12.7,12.7,Remarks: Passable to motorcycles and cars (sedan),candidate,,
OBS-38ef84b31bde5630,PASIG-20260829-2230,acea8d66b823,https://pasigcity.gov.ph/news-and-releases/southwest-monsoon-habagat-flood-update-as-of-1030-pm-of-august-29-2026-757,PASIG-2026-AUG29-30,Pasig,Manggahan,Manggahan,Soliven cor. Prague,2026-08-29T22:30:00+08:00,"As of 10:30PM | August 29, 2026",28,5. Soliven cor. Prague | Water Level: 60.96 cm (24 inches) | Remarks: Not passable to motorcycles and cars (sedan),flood_observed,60.96 cm (24 inches),60.96,60.96,Remarks: Not passable to motorcycles and cars (sedan),candidate,,
OBS-213fe671e69861d8,PASIG-20260829-2230,acea8d66b823,https://pasigcity.gov.ph/news-and-releases/southwest-monsoon-habagat-flood-update-as-of-1030-pm-of-august-29-2026-757,PASIG-2026-AUG29-30,Pasig,Manggahan,Manggahan,Villa Luz St. cor. St. Paul St.,2026-08-29T22:30:00+08:00,"As of 10:30PM | August 29, 2026",31,6. Villa Luz St. cor. St. Paul St. | Water Level: 12.7cm (5 inches) | Remarks: Passable to motorcycles and cars (sedan),flood_observed,12.7cm (5 inches),12.7,12.7,Remarks: Passable to motorcycles and cars (sedan),candidate,,
OBS-30304e2ede3dabd9,PASIG-20260829-2230,acea8d66b823,https://pasigcity.gov.ph/news-and-releases/southwest-monsoon-habagat-flood-update-as-of-1030-pm-of-august-29-2026-757,PASIG-2026-AUG29-30,Pasig,Manggahan,Manggahan,Capetown cor. San Salvador,2026-08-29T22:30:00+08:00,"As of 10:30PM | August 29, 2026",34,7. Capetown cor. San Salvador | Water Level: 12.7cm (5 inches) | Remarks: Passable to motorcycles and cars (sedan),flood_observed,12.7cm (5 inches),12.7,12.7,Remarks: Passable to motorcycles and cars (sedan),candidate,,
OBS-f0855abeaa55f96b,PASIG-20260829-2230,acea8d66b823,https://pasigcity.gov.ph/news-and-releases/southwest-monsoon-habagat-flood-update-as-of-1030-pm-of-august-29-2026-757,PASIG-2026-AUG29-30,Pasig,Manggahan,Manggahan,Panama St. Cor Paris,2026-08-29T22:30:00+08:00,"As of 10:30PM | August 29, 2026",37,8. Panama St. Cor Paris | Water Level: 5.00cm (2 inches) | Remarks: Passable to motorcycles and cars (sedan),flood_observed,5.00cm (2 inches),5.0,5.0,Remarks: Passable to motorcycles and cars (sedan),candidate,,
OBS-23e7f522a9169d00,PASIG-20260829-2230,acea8d66b823,https://pasigcity.gov.ph/news-and-releases/southwest-monsoon-habagat-flood-update-as-of-1030-pm-of-august-29-2026-757,PASIG-2026-AUG29-30,Pasig,Manggahan,Manggahan,"Soliven St. Cor Copenhagen, Greenpark",2026-08-29T22:30:00+08:00,"As of 10:30PM | August 29, 2026",40,"9. Soliven St. Cor Copenhagen, Greenpark | Water Level: 20 cm (8 inches) | Remarks: Passable to motorcycles and cars (sedan)",flood_observed,20 cm (8 inches),,,Remarks: Passable to motorcycles and cars (sedan),candidate,,source_alternate_units_disagree
OBS-c52943314b6c1b63,PASIG-20260829-2230,acea8d66b823,https://pasigcity.gov.ph/news-and-releases/southwest-monsoon-habagat-flood-update-as-of-1030-pm-of-august-29-2026-757,PASIG-2026-AUG29-30,Pasig,Manggahan,Manggahan,"Kingstone St. cor Parish St., Greenpark",2026-08-29T22:30:00+08:00,"As of 10:30PM | August 29, 2026",43,"10. Kingstone St. cor Parish St., Greenpark | Water Level: 20 cm (8 inches) | Remarks: Passable to motorcycles and cars (sedan)",flood_observed,20 cm (8 inches),,,Remarks: Passable to motorcycles and cars (sedan),candidate,,source_alternate_units_disagree
OBS-4142f7a15aa8ad6b,PASIG-20260829-2230,acea8d66b823,https://pasigcity.gov.ph/news-and-releases/southwest-monsoon-habagat-flood-update-as-of-1030-pm-of-august-29-2026-757,PASIG-2026-AUG29-30,Pasig,Manggahan,Manggahan,Panama cor. Stockholm,2026-08-29T22:30:00+08:00,"As of 10:30PM | August 29, 2026",46,11. Panama cor. Stockholm | Water Level: 20 cm (8 inches) | Remarks: Passable to motorcycles and cars (sedan),flood_observed,20 cm (8 inches),,,Remarks: Passable to motorcycles and cars (sedan),candidate,,source_alternate_units_disagree
OBS-d1966d8582656f6b,PASIG-20260829-2230,acea8d66b823,https://pasigcity.gov.ph/news-and-releases/southwest-monsoon-habagat-flood-update-as-of-1030-pm-of-august-29-2026-757,PASIG-2026-AUG29-30,Pasig,Manggahan,Manggahan,"Moscow St. cor Brazil, Greenpark",2026-08-29T22:30:00+08:00,"As of 10:30PM | August 29, 2026",49,"12. Moscow St. cor Brazil, Greenpark | Water Level: 20 cm (8 inches) | Remarks: Passable to motorcycles and cars (sedan)",flood_observed,20 cm (8 inches),,,Remarks: Passable to motorcycles and cars (sedan),candidate,,source_alternate_units_disagree
OBS-5ba6cdf069989975,PASIG-20260829-2230,acea8d66b823,https://pasigcity.gov.ph/news-and-releases/southwest-monsoon-habagat-flood-update-as-of-1030-pm-of-august-29-2026-757,PASIG-2026-AUG29-30,Pasig,Manggahan,Manggahan,Belfast St.,2026-08-29T22:30:00+08:00,"As of 10:30PM | August 29, 2026",52,13. Belfast St. | Water Level: 20 cm (8 inches) | Remarks: Passable to motorcycles and cars (sedan),flood_observed,20 cm (8 inches),,,Remarks: Passable to motorcycles and cars (sedan),candidate,,source_alternate_units_disagree
OBS-ef45640a6c19fb46,PASIG-20260829-2230,acea8d66b823,https://pasigcity.gov.ph/news-and-releases/southwest-monsoon-habagat-flood-update-as-of-1030-pm-of-august-29-2026-757,PASIG-2026-AUG29-30,Pasig,Manggahan,Manggahan,Rome St.,2026-08-29T22:30:00+08:00,"As of 10:30PM | August 29, 2026",55,14. Rome St. | Water Level: 20 cm (8 inches) | Remarks: Passable to motorcycles and cars (sedan),flood_observed,20 cm (8 inches),,,Remarks: Passable to motorcycles and cars (sedan),candidate,,source_alternate_units_disagree
OBS-7d063578f934607b,PASIG-20260829-2230,acea8d66b823,https://pasigcity.gov.ph/news-and-releases/southwest-monsoon-habagat-flood-update-as-of-1030-pm-of-august-29-2026-757,PASIG-2026-AUG29-30,Pasig,Manggahan,Manggahan,Moscow,2026-08-29T22:30:00+08:00,"As of 10:30PM | August 29, 2026",58,15. Moscow | Water Level: 20 cm (8 inches) | Remarks: Passable to motorcycles and cars (sedan),flood_observed,20 cm (8 inches),,,Remarks: Passable to motorcycles and cars (sedan),candidate,,source_alternate_units_disagree
OBS-fad0d0668941907f,PASIG-20260829-2230,acea8d66b823,https://pasigcity.gov.ph/news-and-releases/southwest-monsoon-habagat-flood-update-as-of-1030-pm-of-august-29-2026-757,PASIG-2026-AUG29-30,Pasig,Manggahan,Manggahan,Kaginhawaan St. going to Felix Ave.,2026-08-29T22:30:00+08:00,"As of 10:30PM | August 29, 2026",61,16. Kaginhawaan St. going to Felix Ave. | Water Level: 10.16 cm (4 inches) | Remarks: Passable to motorcycles and cars (sedan),flood_observed,10.16 cm (4 inches),10.16,10.16,Remarks: Passable to motorcycles and cars (sedan),candidate,,
OBS-e1931b6b0eb1001b,PASIG-20260829-2230,acea8d66b823,https://pasigcity.gov.ph/news-and-releases/southwest-monsoon-habagat-flood-update-as-of-1030-pm-of-august-29-2026-757,PASIG-2026-AUG29-30,Pasig,Pinagbuhatan,Pinagbuhatan,"Jupiter St., Nagpayong",2026-08-29T22:30:00+08:00,"As of 10:30PM | August 29, 2026",65,"1. Jupiter St., Nagpayong | Water Level: 60.96 cm (24 inches) | Remarks: Not passable to motorcycles and cars (sedan)",flood_observed,60.96 cm (24 inches),60.96,60.96,Remarks: Not passable to motorcycles and cars (sedan),candidate,,
OBS-47ef1b36c72b9bdf,PASIG-20260829-2230,acea8d66b823,https://pasigcity.gov.ph/news-and-releases/southwest-monsoon-habagat-flood-update-as-of-1030-pm-of-august-29-2026-757,PASIG-2026-AUG29-30,Pasig,Santolan,Santolan,Doroteo St. Court,2026-08-29T22:30:00+08:00,"As of 10:30PM | August 29, 2026",69,1. Doroteo St. Court | Water Level: 91.44cm (36 inches) | Remarks: Not passable to motorcycles and cars (sedan),flood_observed,91.44cm (36 inches),91.44,91.44,Remarks: Not passable to motorcycles and cars (sedan),candidate,,
OBS-8f33ab3ffdc0200e,PASIG-20260829-2230,acea8d66b823,https://pasigcity.gov.ph/news-and-releases/southwest-monsoon-habagat-flood-update-as-of-1030-pm-of-august-29-2026-757,PASIG-2026-AUG29-30,Pasig,Santolan,Santolan,Doroteo St. Villa,2026-08-29T22:30:00+08:00,"As of 10:30PM | August 29, 2026",72,2. Doroteo St. Villa | Water Level: 30.48 cm (12 inches) | Remarks: Not passable to motorcycles and cars (sedan),flood_observed,30.48 cm (12 inches),30.48,30.48,Remarks: Not passable to motorcycles and cars (sedan),candidate,,
OBS-76a2ac6b67b1e88a,PASIG-20260829-2230,acea8d66b823,https://pasigcity.gov.ph/news-and-releases/southwest-monsoon-habagat-flood-update-as-of-1030-pm-of-august-29-2026-757,PASIG-2026-AUG29-30,Pasig,Santolan,Santolan,Doroteo St. Ext.,2026-08-29T22:30:00+08:00,"As of 10:30PM | August 29, 2026",75,3. Doroteo St. Ext. | Water Level: 10.16 cm (4 inches) | Remarks: Passable to motorcycles and cars (sedan),flood_observed,10.16 cm (4 inches),10.16,10.16,Remarks: Passable to motorcycles and cars (sedan),candidate,,
OBS-9abb5505d1172e79,PASIG-20260829-2230,acea8d66b823,https://pasigcity.gov.ph/news-and-releases/southwest-monsoon-habagat-flood-update-as-of-1030-pm-of-august-29-2026-757,PASIG-2026-AUG29-30,Pasig,Santolan,Santolan,Sgt.De Leon Mayana St.,2026-08-29T22:30:00+08:00,"As of 10:30PM | August 29, 2026",78,4. Sgt.De Leon Mayana St. | Water Level: 5.00 cm (2 inches) | Remarks: Passable to motorcycles and cars (sedan),flood_observed,5.00 cm (2 inches),5.0,5.0,Remarks: Passable to motorcycles and cars (sedan),candidate,,
OBS-281a4396519aa6eb,PASIG-20260829-2230,acea8d66b823,https://pasigcity.gov.ph/news-and-releases/southwest-monsoon-habagat-flood-update-as-of-1030-pm-of-august-29-2026-757,PASIG-2026-AUG29-30,Pasig,Santolan,Santolan,Masikap St.,2026-08-29T22:30:00+08:00,"As of 10:30PM | August 29, 2026",81,5. Masikap St. | Water Level: 7.60 cm (3 inches) | Remarks: Passable to motorcycles and cars (sedan),flood_observed,7.60 cm (3 inches),7.6,7.6,Remarks: Passable to motorcycles and cars (sedan),candidate,,
OBS-7ff6462419b95ce9,PASIG-20260829-2230,acea8d66b823,https://pasigcity.gov.ph/news-and-releases/southwest-monsoon-habagat-flood-update-as-of-1030-pm-of-august-29-2026-757,PASIG-2026-AUG29-30,Pasig,Santolan,Santolan,Rafael Rd 3,2026-08-29T22:30:00+08:00,"As of 10:30PM | August 29, 2026",84,6. Rafael Rd 3 | Water Level: 7.60 cm (3 inches) | Remarks: Passable to motorcycles and cars (sedan),flood_observed,7.60 cm (3 inches),7.6,7.6,Remarks: Passable to motorcycles and cars (sedan),candidate,,
OBS-99a5dd7b286ccad1,PASIG-20260829-2230,acea8d66b823,https://pasigcity.gov.ph/news-and-releases/southwest-monsoon-habagat-flood-update-as-of-1030-pm-of-august-29-2026-757,PASIG-2026-AUG29-30,Pasig,Santolan,Santolan,Marcelino St.,2026-08-29T22:30:00+08:00,"As of 10:30PM | August 29, 2026",87,7. Marcelino St. | Water Level: 7.60cm (3 inches) | Remarks: Passable to motorcycles and cars (sedan),flood_observed,7.60cm (3 inches),7.6,7.6,Remarks: Passable to motorcycles and cars (sedan),candidate,,
OBS-8ec75adef1d1c0bb,PASIG-20260829-2230,acea8d66b823,https://pasigcity.gov.ph/news-and-releases/southwest-monsoon-habagat-flood-update-as-of-1030-pm-of-august-29-2026-757,PASIG-2026-AUG29-30,Pasig,Santolan,Santolan,A. Victorino St.,2026-08-29T22:30:00+08:00,"As of 10:30PM | August 29, 2026",90,8. A. Victorino St. | Water Level: 7.60cm (3 inches) | Remarks: Passable to motorcycles and cars (sedan),flood_observed,7.60cm (3 inches),7.6,7.6,Remarks: Passable to motorcycles and cars (sedan),candidate,,
OBS-1b7230788bc3a39c,PASIG-20260829-2230,acea8d66b823,https://pasigcity.gov.ph/news-and-releases/southwest-monsoon-habagat-flood-update-as-of-1030-pm-of-august-29-2026-757,PASIG-2026-AUG29-30,Pasig,Santolan,Santolan,Gabriel Ext.,2026-08-29T22:30:00+08:00,"As of 10:30PM | August 29, 2026",93,9. Gabriel Ext. | Water Level: 60.96 cm (24 inches) | Remarks: Not passable to motorcycles and cars (sedan),flood_observed,60.96 cm (24 inches),60.96,60.96,Remarks: Not passable to motorcycles and cars (sedan),candidate,,
OBS-7b9b82f57fbe005f,PASIG-20260829-2230,acea8d66b823,https://pasigcity.gov.ph/news-and-releases/southwest-monsoon-habagat-flood-update-as-of-1030-pm-of-august-29-2026-757,PASIG-2026-AUG29-30,Pasig,Sta Lucia,Sta. Lucia,Bagong Anyo St.,2026-08-29T22:30:00+08:00,"As of 10:30PM | August 29, 2026",97,1. Bagong Anyo St. | Water Level: 12.7 cm (5 inches) | Remarks: Passable to motorcycles and cars (sedan),flood_observed,12.7 cm (5 inches),12.7,12.7,Remarks: Passable to motorcycles and cars (sedan),candidate,,
OBS-bf37b8c390eabd7a,PASIG-20260829-2230,acea8d66b823,https://pasigcity.gov.ph/news-and-releases/southwest-monsoon-habagat-flood-update-as-of-1030-pm-of-august-29-2026-757,PASIG-2026-AUG29-30,Pasig,Sta Lucia,Sta. Lucia,Kaunluran St.,2026-08-29T22:30:00+08:00,"As of 10:30PM | August 29, 2026",100,2. Kaunluran St. | Water Level: 30.48cm (12 inches) | Remarks: Not passable to motorcycles and cars (sedan),flood_observed,30.48cm (12 inches),30.48,30.48,Remarks: Not passable to motorcycles and cars (sedan),candidate,,
OBS-b08aff59a14b2921,PASIG-20260829-2230,acea8d66b823,https://pasigcity.gov.ph/news-and-releases/southwest-monsoon-habagat-flood-update-as-of-1030-pm-of-august-29-2026-757,PASIG-2026-AUG29-30,Pasig,Sta Lucia,Sta. Lucia,Bautista Comp.,2026-08-29T22:30:00+08:00,"As of 10:30PM | August 29, 2026",103,3. Bautista Comp. | Water Level: 25.4 cm (10 inches) | Remarks: Not passable to motorcycles and cars (sedan),flood_observed,25.4 cm (10 inches),25.4,25.4,Remarks: Not passable to motorcycles and cars (sedan),candidate,,
OBS-7226996ce7a4460f,PASIG-20260829-2230,acea8d66b823,https://pasigcity.gov.ph/news-and-releases/southwest-monsoon-habagat-flood-update-as-of-1030-pm-of-august-29-2026-757,PASIG-2026-AUG29-30,Pasig,Sta Lucia,Sta. Lucia,Tawi-tawi St.,2026-08-29T22:30:00+08:00,"As of 10:30PM | August 29, 2026",106,4. Tawi-tawi St. | Water Level: 15.24 cm (6 inches) | Remarks: Passable to motorcycles and cars (sedan),flood_observed,15.24 cm (6 inches),15.24,15.24,Remarks: Passable to motorcycles and cars (sedan),candidate,,
OBS-cec95dbf8aaff41e,PASIG-20260829-2230,acea8d66b823,https://pasigcity.gov.ph/news-and-releases/southwest-monsoon-habagat-flood-update-as-of-1030-pm-of-august-29-2026-757,PASIG-2026-AUG29-30,Pasig,Sta Lucia,Sta. Lucia,Morales Compound,2026-08-29T22:30:00+08:00,"As of 10:30PM | August 29, 2026",109,5. Morales Compound | Water Level: 15.24 cm (6 inches) | Remarks: Passable to motorcycles and cars (sedan),flood_observed,15.24 cm (6 inches),15.24,15.24,Remarks: Passable to motorcycles and cars (sedan),candidate,,
OBS-68e1436994348314,PASIG-20260829-2230,acea8d66b823,https://pasigcity.gov.ph/news-and-releases/southwest-monsoon-habagat-flood-update-as-of-1030-pm-of-august-29-2026-757,PASIG-2026-AUG29-30,Pasig,Sta Lucia,Sta. Lucia,Liamzon Subd.,2026-08-29T22:30:00+08:00,"As of 10:30PM | August 29, 2026",112,6. Liamzon Subd. | Water Level: 15.24 cm (6 inches) | Remarks: Passable to motorcycles and cars (sedan),flood_observed,15.24 cm (6 inches),15.24,15.24,Remarks: Passable to motorcycles and cars (sedan),candidate,,
OBS-bb1a46030041de99,PASIG-20260829-2230,acea8d66b823,https://pasigcity.gov.ph/news-and-releases/southwest-monsoon-habagat-flood-update-as-of-1030-pm-of-august-29-2026-757,PASIG-2026-AUG29-30,Pasig,Sta Lucia,Sta. Lucia,Asuzena St.,2026-08-29T22:30:00+08:00,"As of 10:30PM | August 29, 2026",115,7. Asuzena St. | Water Level: 15.24 cm (6 inches) | Remarks: Passable to motorcycles and cars (sedan),flood_observed,15.24 cm (6 inches),15.24,15.24,Remarks: Passable to motorcycles and cars (sedan),candidate,,
OBS-9c1dfe4137d9603d,PASIG-20260829-2230,acea8d66b823,https://pasigcity.gov.ph/news-and-releases/southwest-monsoon-habagat-flood-update-as-of-1030-pm-of-august-29-2026-757,PASIG-2026-AUG29-30,Pasig,Sta Lucia,Sta. Lucia,"New Society St., De Castro",2026-08-29T22:30:00+08:00,"As of 10:30PM | August 29, 2026",118,"8. New Society St., De Castro | Water Level: 60.96 cm (24 inches) | Remarks: Not passable to motorcycles and cars (sedan)",flood_observed,60.96 cm (24 inches),60.96,60.96,Remarks: Not passable to motorcycles and cars (sedan),candidate,,
OBS-76208a5c4784abab,PASIG-20260829-2230,acea8d66b823,https://pasigcity.gov.ph/news-and-releases/southwest-monsoon-habagat-flood-update-as-of-1030-pm-of-august-29-2026-757,PASIG-2026-AUG29-30,Pasig,Sta Lucia,Sta. Lucia,Metropolis 1,2026-08-29T22:30:00+08:00,"As of 10:30PM | August 29, 2026",121,9. Metropolis 1 | Water Level: 10.16 cm (4 inches) | Remarks: Passable to motorcycles and cars (sedan),flood_observed,10.16 cm (4 inches),10.16,10.16,Remarks: Passable to motorcycles and cars (sedan),candidate,,
OBS-a692ba35f9008692,PASIG-20260829-2230,acea8d66b823,https://pasigcity.gov.ph/news-and-releases/southwest-monsoon-habagat-flood-update-as-of-1030-pm-of-august-29-2026-757,PASIG-2026-AUG29-30,Pasig,Sta Lucia,Sta. Lucia,Rosario 5 & 6 Masagana Ext.,2026-08-29T22:30:00+08:00,"As of 10:30PM | August 29, 2026",124,10. Rosario 5 & 6 Masagana Ext. | Water Level: 91.44 (36 inches) | Remarks: Not passable to motorcycles and cars (sedan),flood_observed,91.44 (36 inches),91.44,91.44,Remarks: Not passable to motorcycles and cars (sedan),candidate,,
OBS-cfa86e82c6e3bbaa,PASIG-20260829-2230,acea8d66b823,https://pasigcity.gov.ph/news-and-releases/southwest-monsoon-habagat-flood-update-as-of-1030-pm-of-august-29-2026-757,PASIG-2026-AUG29-30,Pasig,Sta Lucia,Sta. Lucia,Maharlikha St.,2026-08-29T22:30:00+08:00,"As of 10:30PM | August 29, 2026",127,11. Maharlikha St. | Water Level: 15.24 cm (6 inches) | Remarks: Passable to motorcycles and cars (sedan),flood_observed,15.24 cm (6 inches),15.24,15.24,Remarks: Passable to motorcycles and cars (sedan),candidate,,
OBS-0c3ba0b31a807bcd,PASIG-20260829-2230,acea8d66b823,https://pasigcity.gov.ph/news-and-releases/southwest-monsoon-habagat-flood-update-as-of-1030-pm-of-august-29-2026-757,PASIG-2026-AUG29-30,Pasig,Sta Lucia,Sta. Lucia,Mayumi St.,2026-08-29T22:30:00+08:00,"As of 10:30PM | August 29, 2026",130,12. Mayumi St. | Water Level: 15.24 cm (6 inches) | Remarks: Passable to motorcycles and cars (sedan),flood_observed,15.24 cm (6 inches),15.24,15.24,Remarks: Passable to motorcycles and cars (sedan),candidate,,
OBS-6226f3977fc236f5,PASIG-20260829-2230,acea8d66b823,https://pasigcity.gov.ph/news-and-releases/southwest-monsoon-habagat-flood-update-as-of-1030-pm-of-august-29-2026-757,PASIG-2026-AUG29-30,Pasig,Sumilang,Sumilang,Katwiran St.,2026-08-29T22:30:00+08:00,"As of 10:30PM | August 29, 2026",134,1. Katwiran St. | Water Level: 12.7 cm (5 inches) | Remarks: Passable to motorcycles and cars (sedan),flood_observed,12.7 cm (5 inches),12.7,12.7,Remarks: Passable to motorcycles and cars (sedan),candidate,,
OBS-5c6efe2e15e91940,PASIG-20260829-2230,acea8d66b823,https://pasigcity.gov.ph/news-and-releases/southwest-monsoon-habagat-flood-update-as-of-1030-pm-of-august-29-2026-757,PASIG-2026-AUG29-30,Pasig,Sumilang,Sumilang,Magtanggol St.,2026-08-29T22:30:00+08:00,"As of 10:30PM | August 29, 2026",137,2. Magtanggol St. | Water Level: 12.7 cm (5 inches) | Remarks: Passable to motorcycles and cars (sedan),flood_observed,12.7 cm (5 inches),12.7,12.7,Remarks: Passable to motorcycles and cars (sedan),candidate,,
OBS-ddb6188a545381a7,PASIG-20260829-2230,acea8d66b823,https://pasigcity.gov.ph/news-and-releases/southwest-monsoon-habagat-flood-update-as-of-1030-pm-of-august-29-2026-757,PASIG-2026-AUG29-30,Pasig,Sumilang,Sumilang,Dos De Julio St.,2026-08-29T22:30:00+08:00,"As of 10:30PM | August 29, 2026",140,3. Dos De Julio St. | Water Level: 12.7 cm (5 inches) | Remarks: Passable to motorcycles and cars (sedan),flood_observed,12.7 cm (5 inches),12.7,12.7,Remarks: Passable to motorcycles and cars (sedan),candidate,,
OBS-aed0c046a22c54b0,PASIG-20260830-1100,f89215d1462c,https://pasigcity.gov.ph/news-and-releases/southwest-monsoon-habagat-flood-update-as-of-1100-am-of-august-30-2026-965,PASIG-2026-AUG29-30,Pasig,,,,2026-08-30T11:00:00+08:00,"As of 11:00AM | August 30, 2026",5,"Subsided na ang mga naitalang baha, ayon sa report ng mga barangay.",clearance_candidate,,,,,summary_scope_reviewed,City report summary states recorded flooding subsided according to barangays; each preceding listed location is only a candidate linkage,no_exact_physical_clearance_time
OBS-0db2f25490e76200,PASIG-20260830-1100,f89215d1462c,https://pasigcity.gov.ph/news-and-releases/southwest-monsoon-habagat-flood-update-as-of-1100-am-of-august-30-2026-965,PASIG-2026-AUG29-30,Pasig,Dela Paz,Dela Paz,Kabutihan St.,2026-08-30T05:00:00+08:00,"As of 05:00AM | August 30, 2026",10,1. Kabutihan St. | Water Level: 60.96 cm (24 inches) | Remarks: Not passable to motorcycles and cars (sedan),flood_observed,60.96 cm (24 inches),60.96,60.96,Remarks: Not passable to motorcycles and cars (sedan),candidate,,
OBS-33c8cdb17b34d810,PASIG-20260830-1100,f89215d1462c,https://pasigcity.gov.ph/news-and-releases/southwest-monsoon-habagat-flood-update-as-of-1100-am-of-august-30-2026-965,PASIG-2026-AUG29-30,Pasig,Dela Paz,Dela Paz,Santiago Katipiran cor. Yap Compound,2026-08-30T05:00:00+08:00,"As of 05:00AM | August 30, 2026",13,2. Santiago Katipiran cor. Yap Compound | Water Level: 60.96 cm (24 inches) | Remarks: Not passable to motorcycles and cars (sedan),flood_observed,60.96 cm (24 inches),60.96,60.96,Remarks: Not passable to motorcycles and cars (sedan),candidate,,
OBS-bf0d8a5ea2240ae8,PASIG-20260830-1100,f89215d1462c,https://pasigcity.gov.ph/news-and-releases/southwest-monsoon-habagat-flood-update-as-of-1100-am-of-august-30-2026-965,PASIG-2026-AUG29-30,Pasig,Dela Paz,Dela Paz,Katipiran cor. K118 Dela Paz,2026-08-30T05:00:00+08:00,"As of 05:00AM | August 30, 2026",16,3. Katipiran cor. K118 Dela Paz | Water Level: 76.2 cm (30 inches) | Remarks: Not passable to motorcycles and cars (sedan),flood_observed,76.2 cm (30 inches),76.2,76.2,Remarks: Not passable to motorcycles and cars (sedan),candidate,,
OBS-bf3bea39927f5cfb,PASIG-20260830-1100,f89215d1462c,https://pasigcity.gov.ph/news-and-releases/southwest-monsoon-habagat-flood-update-as-of-1100-am-of-august-30-2026-965,PASIG-2026-AUG29-30,Pasig,Dela Paz,Dela Paz,Kalakasan St.,2026-08-30T05:00:00+08:00,"As of 05:00AM | August 30, 2026",19,4. Kalakasan St. | Water Level: 60.96 cm (24 inches) | Remarks: Not passable to motorcycles and cars (sedan),flood_observed,60.96 cm (24 inches),60.96,60.96,Remarks: Not passable to motorcycles and cars (sedan),candidate,,
OBS-971b5b35579531cd,PASIG-20260830-1100,f89215d1462c,https://pasigcity.gov.ph/news-and-releases/southwest-monsoon-habagat-flood-update-as-of-1100-am-of-august-30-2026-965,PASIG-2026-AUG29-30,Pasig,Dela Paz,Dela Paz,Kalusugan St.,2026-08-30T05:00:00+08:00,"As of 05:00AM | August 30, 2026",22,5. Kalusugan St. | Water Level: 60.96 cm (24 inches) | Remarks: Not passable to motorcycles and cars (sedan),flood_observed,60.96 cm (24 inches),60.96,60.96,Remarks: Not passable to motorcycles and cars (sedan),candidate,,
OBS-74c8fb587cf00f7f,PASIG-20260830-1100,f89215d1462c,https://pasigcity.gov.ph/news-and-releases/southwest-monsoon-habagat-flood-update-as-of-1100-am-of-august-30-2026-965,PASIG-2026-AUG29-30,Pasig,Santolan,Santolan,Doroteo St. Court,2026-08-30T05:00:00+08:00,"As of 05:00AM | August 30, 2026",26,1. Doroteo St. Court | Water Level: 182.88 cm (72 inches) | Remarks: Not passable to motorcycles and cars (sedan),flood_observed,182.88 cm (72 inches),182.88,182.88,Remarks: Not passable to motorcycles and cars (sedan),candidate,,
OBS-713569c75a4211c5,PASIG-20260830-1100,f89215d1462c,https://pasigcity.gov.ph/news-and-releases/southwest-monsoon-habagat-flood-update-as-of-1100-am-of-august-30-2026-965,PASIG-2026-AUG29-30,Pasig,Santolan,Santolan,Doroteo St. Villa,2026-08-30T05:00:00+08:00,"As of 05:00AM | August 30, 2026",29,2. Doroteo St. Villa | Water Level: 33.02 cm (13 inches) | Remarks: Not passable to motorcycles and cars (sedan),flood_observed,33.02 cm (13 inches),33.02,33.02,Remarks: Not passable to motorcycles and cars (sedan),candidate,,
OBS-f6990330739aabcc,PASIG-20260830-1100,f89215d1462c,https://pasigcity.gov.ph/news-and-releases/southwest-monsoon-habagat-flood-update-as-of-1100-am-of-august-30-2026-965,PASIG-2026-AUG29-30,Pasig,Santolan,Santolan,Doroteo St. Ext.,2026-08-30T05:00:00+08:00,"As of 05:00AM | August 30, 2026",32,3. Doroteo St. Ext. | Water Level: 30.48 cm (12 inches) | Remarks: Passable to motorcycles and cars (sedan),flood_observed,30.48 cm (12 inches),30.48,30.48,Remarks: Passable to motorcycles and cars (sedan),candidate,,
OBS-52f3c3e29ee61565,PASIG-20260830-1100,f89215d1462c,https://pasigcity.gov.ph/news-and-releases/southwest-monsoon-habagat-flood-update-as-of-1100-am-of-august-30-2026-965,PASIG-2026-AUG29-30,Pasig,Santolan,Santolan,Sgt.De Leon Mayana St.,2026-08-30T05:00:00+08:00,"As of 05:00AM | August 30, 2026",35,4. Sgt.De Leon Mayana St. | Water Level: 5.00 cm (2 inches) | Remarks: Passable to motorcycles and cars (sedan),flood_observed,5.00 cm (2 inches),5.0,5.0,Remarks: Passable to motorcycles and cars (sedan),candidate,,
OBS-04ee59ef9abfbaed,PASIG-20260830-1100,f89215d1462c,https://pasigcity.gov.ph/news-and-releases/southwest-monsoon-habagat-flood-update-as-of-1100-am-of-august-30-2026-965,PASIG-2026-AUG29-30,Pasig,Santolan,Santolan,Masikap St.,2026-08-30T05:00:00+08:00,"As of 05:00AM | August 30, 2026",38,5. Masikap St. | Water Level: 7.60 cm (3 inches) | Remarks: Passable to motorcycles and cars (sedan),flood_observed,7.60 cm (3 inches),7.6,7.6,Remarks: Passable to motorcycles and cars (sedan),candidate,,
OBS-299ee63370b2fbfd,PASIG-20260830-1100,f89215d1462c,https://pasigcity.gov.ph/news-and-releases/southwest-monsoon-habagat-flood-update-as-of-1100-am-of-august-30-2026-965,PASIG-2026-AUG29-30,Pasig,Santolan,Santolan,Rafael Rd 3,2026-08-30T05:00:00+08:00,"As of 05:00AM | August 30, 2026",41,6. Rafael Rd 3 | Water Level: 12.7 cm (5 inches) | Remarks: Passable to motorcycles and cars (sedan),flood_observed,12.7 cm (5 inches),12.7,12.7,Remarks: Passable to motorcycles and cars (sedan),candidate,,
OBS-c2ccfe7b0c65c55d,PASIG-20260830-1100,f89215d1462c,https://pasigcity.gov.ph/news-and-releases/southwest-monsoon-habagat-flood-update-as-of-1100-am-of-august-30-2026-965,PASIG-2026-AUG29-30,Pasig,Santolan,Santolan,Marcelino St.,2026-08-30T05:00:00+08:00,"As of 05:00AM | August 30, 2026",44,7. Marcelino St. | Water Level: 12.7 cm (5 inches) | Remarks: Passable to motorcycles and cars (sedan),flood_observed,12.7 cm (5 inches),12.7,12.7,Remarks: Passable to motorcycles and cars (sedan),candidate,,
OBS-2a550348b4987cf0,PASIG-20260830-1100,f89215d1462c,https://pasigcity.gov.ph/news-and-releases/southwest-monsoon-habagat-flood-update-as-of-1100-am-of-august-30-2026-965,PASIG-2026-AUG29-30,Pasig,Santolan,Santolan,A. Victorino St.,2026-08-30T05:00:00+08:00,"As of 05:00AM | August 30, 2026",47,8. A. Victorino St. | Water Level: 12.7 cm (5 inches) | Remarks: Passable to motorcycles and cars (sedan),flood_observed,12.7 cm (5 inches),12.7,12.7,Remarks: Passable to motorcycles and cars (sedan),candidate,,
OBS-bc1de76ca9a186c4,PASIG-20260830-1100,f89215d1462c,https://pasigcity.gov.ph/news-and-releases/southwest-monsoon-habagat-flood-update-as-of-1100-am-of-august-30-2026-965,PASIG-2026-AUG29-30,Pasig,Santolan,Santolan,Gabriel Ext.,2026-08-30T05:00:00+08:00,"As of 05:00AM | August 30, 2026",50,9. Gabriel Ext. | Water Level: 60.96 cm (24 inches) | Remarks: Not passable to motorcycles and cars (sedan),flood_observed,60.96 cm (24 inches),60.96,60.96,Remarks: Not passable to motorcycles and cars (sedan),candidate,,
OBS-f1530ea1b5f35efe,PASIG-20260830-1100,f89215d1462c,https://pasigcity.gov.ph/news-and-releases/southwest-monsoon-habagat-flood-update-as-of-1100-am-of-august-30-2026-965,PASIG-2026-AUG29-30,Pasig,Santolan,Santolan,Sgt. De Leon Natasha St.,2026-08-30T05:00:00+08:00,"As of 05:00AM | August 30, 2026",53,10. Sgt. De Leon Natasha St. | Water Level: 60.96 cm (24 inches) | Remarks: Not passable to motorcycles and cars (sedan),flood_observed,60.96 cm (24 inches),60.96,60.96,Remarks: Not passable to motorcycles and cars (sedan),candidate,,
OBS-7e2ffae9d0234d9d,PASIG-20260830-1100,f89215d1462c,https://pasigcity.gov.ph/news-and-releases/southwest-monsoon-habagat-flood-update-as-of-1100-am-of-august-30-2026-965,PASIG-2026-AUG29-30,Pasig,Santolan,Santolan,Sgt. De Leon Camia St.,2026-08-30T05:00:00+08:00,"As of 05:00AM | August 30, 2026",56,11. Sgt. De Leon Camia St. | Water Level: 60.96 cm (24 inches) | Remarks: Not passable to motorcycles and cars (sedan),flood_observed,60.96 cm (24 inches),60.96,60.96,Remarks: Not passable to motorcycles and cars (sedan),candidate,,
OBS-b399b041f65b7c2f,PASIG-20260830-1100,f89215d1462c,https://pasigcity.gov.ph/news-and-releases/southwest-monsoon-habagat-flood-update-as-of-1100-am-of-august-30-2026-965,PASIG-2026-AUG29-30,Pasig,Sta Lucia,Sta. Lucia,Bagong Anyo St.,2026-08-30T05:00:00+08:00,"As of 05:00AM | August 30, 2026",60,1. Bagong Anyo St. | Water Level: 12.7 cm (5 inches) | Remarks: Passable to motorcycles and cars (sedan),flood_observed,12.7 cm (5 inches),12.7,12.7,Remarks: Passable to motorcycles and cars (sedan),candidate,,
OBS-09bd97ef469b2987,PASIG-20260830-1100,f89215d1462c,https://pasigcity.gov.ph/news-and-releases/southwest-monsoon-habagat-flood-update-as-of-1100-am-of-august-30-2026-965,PASIG-2026-AUG29-30,Pasig,Sta Lucia,Sta. Lucia,Kaunluran St.,2026-08-30T05:00:00+08:00,"As of 05:00AM | August 30, 2026",63,2. Kaunluran St. | Water Level: 30.48cm (12 inches) | Remarks: Not passable to motorcycles and cars (sedan),flood_observed,30.48cm (12 inches),30.48,30.48,Remarks: Not passable to motorcycles and cars (sedan),candidate,,
OBS-74603d8def2d5f7b,PASIG-20260830-1100,f89215d1462c,https://pasigcity.gov.ph/news-and-releases/southwest-monsoon-habagat-flood-update-as-of-1100-am-of-august-30-2026-965,PASIG-2026-AUG29-30,Pasig,Sta Lucia,Sta. Lucia,Bautista Comp.,2026-08-30T05:00:00+08:00,"As of 05:00AM | August 30, 2026",66,3. Bautista Comp. | Water Level: 25.4 cm (10 inches) | Remarks: Not passable to motorcycles and cars (sedan),flood_observed,25.4 cm (10 inches),25.4,25.4,Remarks: Not passable to motorcycles and cars (sedan),candidate,,
OBS-72e049aa936c7bed,PASIG-20260830-1100,f89215d1462c,https://pasigcity.gov.ph/news-and-releases/southwest-monsoon-habagat-flood-update-as-of-1100-am-of-august-30-2026-965,PASIG-2026-AUG29-30,Pasig,Sta Lucia,Sta. Lucia,Tawi-tawi St.,2026-08-30T05:00:00+08:00,"As of 05:00AM | August 30, 2026",69,4. Tawi-tawi St. | Water Level: 15.24 cm (6 inches) | Remarks: Passable to motorcycles and cars (sedan),flood_observed,15.24 cm (6 inches),15.24,15.24,Remarks: Passable to motorcycles and cars (sedan),candidate,,
OBS-12d9c893225eb299,PASIG-20260830-1100,f89215d1462c,https://pasigcity.gov.ph/news-and-releases/southwest-monsoon-habagat-flood-update-as-of-1100-am-of-august-30-2026-965,PASIG-2026-AUG29-30,Pasig,Sta Lucia,Sta. Lucia,Morales Compound,2026-08-30T05:00:00+08:00,"As of 05:00AM | August 30, 2026",72,5. Morales Compound | Water Level: 15.24 cm (6 inches) | Remarks: Passable to motorcycles and cars (sedan),flood_observed,15.24 cm (6 inches),15.24,15.24,Remarks: Passable to motorcycles and cars (sedan),candidate,,
OBS-3e6130d586655cc7,PASIG-20260830-1100,f89215d1462c,https://pasigcity.gov.ph/news-and-releases/southwest-monsoon-habagat-flood-update-as-of-1100-am-of-august-30-2026-965,PASIG-2026-AUG29-30,Pasig,Sta Lucia,Sta. Lucia,Liamzon Subd.,2026-08-30T05:00:00+08:00,"As of 05:00AM | August 30, 2026",75,6. Liamzon Subd. | Water Level: 15.24 cm (6 inches) | Remarks: Passable to motorcycles and cars (sedan),flood_observed,15.24 cm (6 inches),15.24,15.24,Remarks: Passable to motorcycles and cars (sedan),candidate,,
OBS-72b9688b1eb350a9,PASIG-20260830-1100,f89215d1462c,https://pasigcity.gov.ph/news-and-releases/southwest-monsoon-habagat-flood-update-as-of-1100-am-of-august-30-2026-965,PASIG-2026-AUG29-30,Pasig,Sta Lucia,Sta. Lucia,Asuzena St.,2026-08-30T05:00:00+08:00,"As of 05:00AM | August 30, 2026",78,7. Asuzena St. | Water Level: 15.24 cm (6 inches) | Remarks: Passable to motorcycles and cars (sedan),flood_observed,15.24 cm (6 inches),15.24,15.24,Remarks: Passable to motorcycles and cars (sedan),candidate,,
OBS-7088da65213740d8,PASIG-20260830-1100,f89215d1462c,https://pasigcity.gov.ph/news-and-releases/southwest-monsoon-habagat-flood-update-as-of-1100-am-of-august-30-2026-965,PASIG-2026-AUG29-30,Pasig,Sta Lucia,Sta. Lucia,"New Society St., De Castro",2026-08-30T05:00:00+08:00,"As of 05:00AM | August 30, 2026",81,"8. New Society St., De Castro | Water Level: 60.96 cm (24 inches) | Remarks: Not passable to motorcycles and cars (sedan)",flood_observed,60.96 cm (24 inches),60.96,60.96,Remarks: Not passable to motorcycles and cars (sedan),candidate,,
OBS-cdb29e5b51b3188d,PASIG-20260830-1100,f89215d1462c,https://pasigcity.gov.ph/news-and-releases/southwest-monsoon-habagat-flood-update-as-of-1100-am-of-august-30-2026-965,PASIG-2026-AUG29-30,Pasig,Sta Lucia,Sta. Lucia,Metropolis 1,2026-08-30T05:00:00+08:00,"As of 05:00AM | August 30, 2026",84,9. Metropolis 1 | Water Level: 15.24 cm (6 inches) | Remarks: Passable to motorcycles and cars (sedan),flood_observed,15.24 cm (6 inches),15.24,15.24,Remarks: Passable to motorcycles and cars (sedan),candidate,,
OBS-7d8ac0bb869c59bb,PASIG-20260830-1100,f89215d1462c,https://pasigcity.gov.ph/news-and-releases/southwest-monsoon-habagat-flood-update-as-of-1100-am-of-august-30-2026-965,PASIG-2026-AUG29-30,Pasig,Sta Lucia,Sta. Lucia,Rosario 5 & 6 Masagana Ext.,2026-08-30T05:00:00+08:00,"As of 05:00AM | August 30, 2026",87,10. Rosario 5 & 6 Masagana Ext. | Water Level: 91.44 (36 inches) | Remarks: Not passable to motorcycles and cars (sedan),flood_observed,91.44 (36 inches),91.44,91.44,Remarks: Not passable to motorcycles and cars (sedan),candidate,,
OBS-4ce9969fc0763a85,PASIG-20260830-1100,f89215d1462c,https://pasigcity.gov.ph/news-and-releases/southwest-monsoon-habagat-flood-update-as-of-1100-am-of-august-30-2026-965,PASIG-2026-AUG29-30,Pasig,Sta Lucia,Sta. Lucia,Maharlikha St.,2026-08-30T05:00:00+08:00,"As of 05:00AM | August 30, 2026",90,11. Maharlikha St. | Water Level: 15.24 cm (6 inches) | Remarks: Passable to motorcycles and cars (sedan),flood_observed,15.24 cm (6 inches),15.24,15.24,Remarks: Passable to motorcycles and cars (sedan),candidate,,
OBS-16f58b9b466d6695,PASIG-20260830-1100,f89215d1462c,https://pasigcity.gov.ph/news-and-releases/southwest-monsoon-habagat-flood-update-as-of-1100-am-of-august-30-2026-965,PASIG-2026-AUG29-30,Pasig,Sta Lucia,Sta. Lucia,Mayumi St.,2026-08-30T05:00:00+08:00,"As of 05:00AM | August 30, 2026",93,12. Mayumi St. | Water Level: 15.24 cm (6 inches) | Remarks: Passable to motorcycles and cars (sedan),flood_observed,15.24 cm (6 inches),15.24,15.24,Remarks: Passable to motorcycles and cars (sedan),candidate,,
OBS-b28a173c2c6ed0d3,PASIG-20240902-2100,c67d2bdf1831,https://pasigcity.gov.ph/news-and-releases/flood-update-september-2-2024-929,PASIG-2024-SEP02-03,Pasig,Dela Paz,Dela Paz,"Kabutihan St, Brgy. Dela Paz",2024-09-02T15:00:00+08:00,"September 2, 2024 | 03:00PM",52,"Please be advised that the following roads are NOT PASSABLE to light vehicles due to significant flooding in the areas: | - Kabutihan St, Brgy. Dela Paz",flood_observed,,,,NOT PASSABLE to light vehicles,candidate,,depth_not_reported
OBS-f4c393f63d90adf1,PASIG-20240902-2100,c67d2bdf1831,https://pasigcity.gov.ph/news-and-releases/flood-update-september-2-2024-929,PASIG-2024-SEP02-03,Pasig,Manggahan,Manggahan,"Amsterdam cor. Stockholm, Brgy. Manggahan",2024-09-02T15:00:00+08:00,"September 2, 2024 | 03:00PM",53,"Please be advised that the following roads are NOT PASSABLE to light vehicles due to significant flooding in the areas: | - Amsterdam cor. Stockholm, Brgy. Manggahan",flood_observed,,,,NOT PASSABLE to light vehicles,candidate,,depth_not_reported
OBS-ffa40c71dc44f8f6,PASIG-20240902-2100,c67d2bdf1831,https://pasigcity.gov.ph/news-and-releases/flood-update-september-2-2024-929,PASIG-2024-SEP02-03,Pasig,Manggahan,Manggahan,"Washington cor. Bern, Brgy. Manggahan",2024-09-02T15:00:00+08:00,"September 2, 2024 | 03:00PM",54,"Please be advised that the following roads are NOT PASSABLE to light vehicles due to significant flooding in the areas: | - Washington cor. Bern, Brgy. Manggahan",flood_observed,,,,NOT PASSABLE to light vehicles,candidate,,depth_not_reported
OBS-f359ae757a400fb3,PASIG-20240902-2100,c67d2bdf1831,https://pasigcity.gov.ph/news-and-releases/flood-update-september-2-2024-929,PASIG-2024-SEP02-03,Pasig,Manggahan,Manggahan,"Karangalan Gate 1 to Gate 5, Brgy. Manggahan",2024-09-02T15:00:00+08:00,"September 2, 2024 | 03:00PM",55,"Please be advised that the following roads are NOT PASSABLE to light vehicles due to significant flooding in the areas: | - Karangalan Gate 1 to Gate 5, Brgy. Manggahan",flood_observed,,,,NOT PASSABLE to light vehicles,candidate,,depth_not_reported
OBS-8a1efc8b541c1a73,PASIG-20240902-2100,c67d2bdf1831,https://pasigcity.gov.ph/news-and-releases/flood-update-september-2-2024-929,PASIG-2024-SEP02-03,Pasig,Manggahan,Manggahan,"Infant Jesus St., Metroville, Brgy. Manggahan",2024-09-02T15:00:00+08:00,"September 2, 2024 | 03:00PM",56,"Please be advised that the following roads are NOT PASSABLE to light vehicles due to significant flooding in the areas: | - Infant Jesus St., Metroville, Brgy. Manggahan",flood_observed,,,,NOT PASSABLE to light vehicles,candidate,,depth_not_reported
OBS-1e2015b221abf546,PASIG-20240902-2100,c67d2bdf1831,https://pasigcity.gov.ph/news-and-releases/flood-update-september-2-2024-929,PASIG-2024-SEP02-03,Pasig,Dela Paz,Dela Paz,"Kabutihan St, Brgy. Dela Paz",2024-09-02T14:00:00+08:00,"September 2, 2024 | 02:00PM",66,"Please be advised that the following roads are NOT PASSABLE to light vehicles due to significant flooding in the areas: | - Kabutihan St, Brgy. Dela Paz",flood_observed,,,,NOT PASSABLE to light vehicles,candidate,,depth_not_reported
OBS-a27238a20e523e26,PASIG-20240902-2100,c67d2bdf1831,https://pasigcity.gov.ph/news-and-releases/flood-update-september-2-2024-929,PASIG-2024-SEP02-03,Pasig,Manggahan,Manggahan,"Amsterdam cor. Stockholm, Brgy. Manggahan",2024-09-02T14:00:00+08:00,"September 2, 2024 | 02:00PM",67,"Please be advised that the following roads are NOT PASSABLE to light vehicles due to significant flooding in the areas: | - Amsterdam cor. Stockholm, Brgy. Manggahan",flood_observed,,,,NOT PASSABLE to light vehicles,candidate,,depth_not_reported
OBS-0d5b73669dcb3e92,PASIG-20240902-2100,c67d2bdf1831,https://pasigcity.gov.ph/news-and-releases/flood-update-september-2-2024-929,PASIG-2024-SEP02-03,Pasig,Manggahan,Manggahan,"Washington cor. Bern, Brgy. Manggahan",2024-09-02T14:00:00+08:00,"September 2, 2024 | 02:00PM",68,"Please be advised that the following roads are NOT PASSABLE to light vehicles due to significant flooding in the areas: | - Washington cor. Bern, Brgy. Manggahan",flood_observed,,,,NOT PASSABLE to light vehicles,candidate,,depth_not_reported
OBS-0ab241e5eb1758ff,PASIG-20240902-2100,c67d2bdf1831,https://pasigcity.gov.ph/news-and-releases/flood-update-september-2-2024-929,PASIG-2024-SEP02-03,Pasig,Manggahan,Manggahan,"Karangalan Gate 1 to Gate 5, Brgy. Manggahan",2024-09-02T14:00:00+08:00,"September 2, 2024 | 02:00PM",69,"Please be advised that the following roads are NOT PASSABLE to light vehicles due to significant flooding in the areas: | - Karangalan Gate 1 to Gate 5, Brgy. Manggahan",flood_observed,,,,NOT PASSABLE to light vehicles,candidate,,depth_not_reported
OBS-ccc3b99b5ddb6722,PASIG-20240902-2100,c67d2bdf1831,https://pasigcity.gov.ph/news-and-releases/flood-update-september-2-2024-929,PASIG-2024-SEP02-03,Pasig,Manggahan,Manggahan,"Infant Jesus St., Metroville, Brgy. Manggahan",2024-09-02T14:00:00+08:00,"September 2, 2024 | 02:00PM",70,"Please be advised that the following roads are NOT PASSABLE to light vehicles due to significant flooding in the areas: | - Infant Jesus St., Metroville, Brgy. Manggahan",flood_observed,,,,NOT PASSABLE to light vehicles,candidate,,depth_not_reported
OBS-d3a152b2e396548c,PASIG-20240902-2100,c67d2bdf1831,https://pasigcity.gov.ph/news-and-releases/flood-update-september-2-2024-929,PASIG-2024-SEP02-03,Pasig,Dela Paz,Dela Paz,"Kahabaan ng F. Mariano, Brgy. Dela Paz",2024-09-02T13:00:00+08:00,"September 2, 2024 | 01:00PM",80,"Please be advised that the following roads are NOT PASSABLE to light vehicles due to significant flooding in the areas: | - Kahabaan ng F. Mariano, Brgy. Dela Paz",flood_observed,,,,NOT PASSABLE to light vehicles,candidate,,depth_not_reported
OBS-de27a1bc6a692461,PASIG-20240902-2100,c67d2bdf1831,https://pasigcity.gov.ph/news-and-releases/flood-update-september-2-2024-929,PASIG-2024-SEP02-03,Pasig,Dela Paz,Dela Paz,"Kabutihan street, Brgy. Dela Paz",2024-09-02T13:00:00+08:00,"September 2, 2024 | 01:00PM",81,"Please be advised that the following roads are NOT PASSABLE to light vehicles due to significant flooding in the areas: | - Kabutihan street, Brgy. Dela Paz",flood_observed,,,,NOT PASSABLE to light vehicles,candidate,,depth_not_reported
OBS-8eb71100f75a9e5d,PASIG-20240902-2100,c67d2bdf1831,https://pasigcity.gov.ph/news-and-releases/flood-update-september-2-2024-929,PASIG-2024-SEP02-03,Pasig,Santolan,Santolan,"Tawiran, Brgy. Santolan",2024-09-02T13:00:00+08:00,"September 2, 2024 | 01:00PM",82,"Please be advised that the following roads are NOT PASSABLE to light vehicles due to significant flooding in the areas: | - Tawiran, Brgy. Santolan",flood_observed,,,,NOT PASSABLE to light vehicles,candidate,,depth_not_reported
OBS-1a20fefcab15c4a9,PASIG-20240902-2100,c67d2bdf1831,https://pasigcity.gov.ph/news-and-releases/flood-update-september-2-2024-929,PASIG-2024-SEP02-03,Pasig,Manggahan,Manggahan,"Amsterdam corner Stockholm, Brgy. Manggahan",2024-09-02T13:00:00+08:00,"September 2, 2024 | 01:00PM",83,"Please be advised that the following roads are NOT PASSABLE to light vehicles due to significant flooding in the areas: | - Amsterdam corner Stockholm, Brgy. Manggahan",flood_observed,,,,NOT PASSABLE to light vehicles,candidate,,depth_not_reported
OBS-1509332edb448d0f,PASIG-20240902-2100,c67d2bdf1831,https://pasigcity.gov.ph/news-and-releases/flood-update-september-2-2024-929,PASIG-2024-SEP02-03,Pasig,Manggahan,Manggahan,"Washington cor Bern, Brgy. Manggahan",2024-09-02T13:00:00+08:00,"September 2, 2024 | 01:00PM",84,"Please be advised that the following roads are NOT PASSABLE to light vehicles due to significant flooding in the areas: | - Washington cor Bern, Brgy. Manggahan",flood_observed,,,,NOT PASSABLE to light vehicles,candidate,,depth_not_reported
OBS-777a188f8a1abc9a,PASIG-20240902-2100,c67d2bdf1831,https://pasigcity.gov.ph/news-and-releases/flood-update-september-2-2024-929,PASIG-2024-SEP02-03,Pasig,Manggahan,Manggahan,"Karangalan Gate 1 to Gate 5, Brgy. Manggahan",2024-09-02T13:00:00+08:00,"September 2, 2024 | 01:00PM",85,"Please be advised that the following roads are NOT PASSABLE to light vehicles due to significant flooding in the areas: | - Karangalan Gate 1 to Gate 5, Brgy. Manggahan",flood_observed,,,,NOT PASSABLE to light vehicles,candidate,,depth_not_reported
OBS-6983cf4080fb3282,PASIG-20240902-2100,c67d2bdf1831,https://pasigcity.gov.ph/news-and-releases/flood-update-september-2-2024-929,PASIG-2024-SEP02-03,Pasig,Manggahan,Manggahan,"Infant Jesus St., Metroville, Brgy. Manggahan",2024-09-02T13:00:00+08:00,"September 2, 2024 | 01:00PM",86,"Please be advised that the following roads are NOT PASSABLE to light vehicles due to significant flooding in the areas: | - Infant Jesus St., Metroville, Brgy. Manggahan",flood_observed,,,,NOT PASSABLE to light vehicles,candidate,,depth_not_reported
OBS-053736b8b63c4228,PASIG-20240902-2100,c67d2bdf1831,https://pasigcity.gov.ph/news-and-releases/flood-update-september-2-2024-929,PASIG-2024-SEP02-03,Pasig,Maybunga,Maybunga,"F. Legaspi (Maybunga Rainforest Park), Brgy. Maybunga",2024-09-02T11:30:00+08:00,"September 2, 2024 | 11:30AM",96,"Please be advised that the following roads are NOT PASSABLE to light vehicles due to significant flooding in the areas: | - F. Legaspi (Maybunga Rainforest Park), Brgy. Maybunga",flood_observed,,,,NOT PASSABLE to light vehicles,candidate,,depth_not_reported
OBS-c7c3d8590df9c7b1,PASIG-20240902-2100,c67d2bdf1831,https://pasigcity.gov.ph/news-and-releases/flood-update-september-2-2024-929,PASIG-2024-SEP02-03,Pasig,Dela Paz,Dela Paz,"Along F. Mariano, Brgy. Dela Paz",2024-09-02T11:30:00+08:00,"September 2, 2024 | 11:30AM",98,"Please be advised that the following roads are NOT PASSABLE to light vehicles due to significant flooding in the areas: | - Along F. Mariano, Brgy. Dela Paz",flood_observed,,,,NOT PASSABLE to light vehicles,candidate,,depth_not_reported
OBS-5694ed4c6d51406e,PASIG-20240902-2100,c67d2bdf1831,https://pasigcity.gov.ph/news-and-releases/flood-update-september-2-2024-929,PASIG-2024-SEP02-03,Pasig,Dela Paz,Dela Paz,"Kabutihan St., Brgy. Dela Paz",2024-09-02T11:30:00+08:00,"September 2, 2024 | 11:30AM",99,"Please be advised that the following roads are NOT PASSABLE to light vehicles due to significant flooding in the areas: | - Kabutihan St., Brgy. Dela Paz",flood_observed,,,,NOT PASSABLE to light vehicles,candidate,,depth_not_reported
OBS-9dbb1df8fc4703db,PASIG-20240902-2100,c67d2bdf1831,https://pasigcity.gov.ph/news-and-releases/flood-update-september-2-2024-929,PASIG-2024-SEP02-03,Pasig,Santolan,Santolan,"Tawiran, Brgy. Santolan",2024-09-02T11:30:00+08:00,"September 2, 2024 | 11:30AM",100,"Please be advised that the following roads are NOT PASSABLE to light vehicles due to significant flooding in the areas: | - Tawiran, Brgy. Santolan",flood_observed,,,,NOT PASSABLE to light vehicles,candidate,,depth_not_reported
OBS-8eee57e568cd77f9,PASIG-20240902-2100,c67d2bdf1831,https://pasigcity.gov.ph/news-and-releases/flood-update-september-2-2024-929,PASIG-2024-SEP02-03,Pasig,Manggahan,Manggahan,"Amsterdam corner Stockholm, Brgy. Manggahan",2024-09-02T11:30:00+08:00,"September 2, 2024 | 11:30AM",101,"Please be advised that the following roads are NOT PASSABLE to light vehicles due to significant flooding in the areas: | - Amsterdam corner Stockholm, Brgy. Manggahan",flood_observed,,,,NOT PASSABLE to light vehicles,candidate,,depth_not_reported
OBS-0b8567caffa56fa6,PASIG-20240902-2100,c67d2bdf1831,https://pasigcity.gov.ph/news-and-releases/flood-update-september-2-2024-929,PASIG-2024-SEP02-03,Pasig,Manggahan,Manggahan,"Washington cor Bern, Brgy. Manggahan",2024-09-02T11:30:00+08:00,"September 2, 2024 | 11:30AM",102,"Please be advised that the following roads are NOT PASSABLE to light vehicles due to significant flooding in the areas: | - Washington cor Bern, Brgy. Manggahan",flood_observed,,,,NOT PASSABLE to light vehicles,candidate,,depth_not_reported
OBS-9a7cbb32d416551d,PASIG-20240902-2100,c67d2bdf1831,https://pasigcity.gov.ph/news-and-releases/flood-update-september-2-2024-929,PASIG-2024-SEP02-03,Pasig,Manggahan,Manggahan,"Karangalan Gate 1 to Gate 5, Brgy. Manggahan",2024-09-02T11:30:00+08:00,"September 2, 2024 | 11:30AM",103,"Please be advised that the following roads are NOT PASSABLE to light vehicles due to significant flooding in the areas: | - Karangalan Gate 1 to Gate 5, Brgy. Manggahan",flood_observed,,,,NOT PASSABLE to light vehicles,candidate,,depth_not_reported
OBS-15b893cbb93e5baa,PASIG-20240902-2100,c67d2bdf1831,https://pasigcity.gov.ph/news-and-releases/flood-update-september-2-2024-929,PASIG-2024-SEP02-03,Pasig,Maybunga,Maybunga,"F. Legaspi (Maybunga Rainforest Park), Brgy. Maybunga",2024-09-02T10:30:00+08:00,"September 2, 2024 | 10:30AM",113,"Please be advised that the following roads are NOT PASSABLE to light vehicles due to significant flooding in the areas: | - F. Legaspi (Maybunga Rainforest Park), Brgy. Maybunga",flood_observed,,,,NOT PASSABLE to light vehicles,candidate,,depth_not_reported
OBS-fd6bd18c70e0c59b,PASIG-20240902-2100,c67d2bdf1831,https://pasigcity.gov.ph/news-and-releases/flood-update-september-2-2024-929,PASIG-2024-SEP02-03,Pasig,Dela Paz,Dela Paz,"Along F. Mariano, Brgy. Dela Paz",2024-09-02T10:30:00+08:00,"September 2, 2024 | 10:30AM",115,"Please be advised that the following roads are NOT PASSABLE to light vehicles due to significant flooding in the areas: | - Along F. Mariano, Brgy. Dela Paz",flood_observed,,,,NOT PASSABLE to light vehicles,candidate,,depth_not_reported
OBS-2832dc9cc96b24f1,PASIG-20240902-2100,c67d2bdf1831,https://pasigcity.gov.ph/news-and-releases/flood-update-september-2-2024-929,PASIG-2024-SEP02-03,Pasig,Dela Paz,Dela Paz,"Kabutihan St., Brgy. Dela Paz",2024-09-02T10:30:00+08:00,"September 2, 2024 | 10:30AM",116,"Please be advised that the following roads are NOT PASSABLE to light vehicles due to significant flooding in the areas: | - Kabutihan St., Brgy. Dela Paz",flood_observed,,,,NOT PASSABLE to light vehicles,candidate,,depth_not_reported
OBS-334be5b3e2a0bfba,PASIG-20240902-2100,c67d2bdf1831,https://pasigcity.gov.ph/news-and-releases/flood-update-september-2-2024-929,PASIG-2024-SEP02-03,Pasig,Santolan,Santolan,"Tawiran, Brgy. Santolan",2024-09-02T10:30:00+08:00,"September 2, 2024 | 10:30AM",117,"Please be advised that the following roads are NOT PASSABLE to light vehicles due to significant flooding in the areas: | - Tawiran, Brgy. Santolan",flood_observed,,,,NOT PASSABLE to light vehicles,candidate,,depth_not_reported
OBS-5a0cd546fdc1853e,PASIG-20240902-2100,c67d2bdf1831,https://pasigcity.gov.ph/news-and-releases/flood-update-september-2-2024-929,PASIG-2024-SEP02-03,Pasig,Manggahan,Manggahan,"Amsterdam corner Stockholm, Brgy. Manggahan",2024-09-02T10:30:00+08:00,"September 2, 2024 | 10:30AM",118,"Please be advised that the following roads are NOT PASSABLE to light vehicles due to significant flooding in the areas: | - Amsterdam corner Stockholm, Brgy. Manggahan",flood_observed,,,,NOT PASSABLE to light vehicles,candidate,,depth_not_reported
OBS-c6edb9da89360906,PASIG-20240902-2100,c67d2bdf1831,https://pasigcity.gov.ph/news-and-releases/flood-update-september-2-2024-929,PASIG-2024-SEP02-03,Pasig,Manggahan,Manggahan,"Washington cor Bern, Brgy. Manggahan",2024-09-02T10:30:00+08:00,"September 2, 2024 | 10:30AM",119,"Please be advised that the following roads are NOT PASSABLE to light vehicles due to significant flooding in the areas: | - Washington cor Bern, Brgy. Manggahan",flood_observed,,,,NOT PASSABLE to light vehicles,candidate,,depth_not_reported
OBS-11e9532e7dab7cae,PASIG-20240902-2100,c67d2bdf1831,https://pasigcity.gov.ph/news-and-releases/flood-update-september-2-2024-929,PASIG-2024-SEP02-03,Pasig,Manggahan,Manggahan,"Karangalan Gate 1 to Gate 5, Brgy. Manggahan",2024-09-02T10:30:00+08:00,"September 2, 2024 | 10:30AM",120,"Please be advised that the following roads are NOT PASSABLE to light vehicles due to significant flooding in the areas: | - Karangalan Gate 1 to Gate 5, Brgy. Manggahan",flood_observed,,,,NOT PASSABLE to light vehicles,candidate,,depth_not_reported
OBS-d451a589bbca5010,PASIG-20250723-0900,4a6617896d3e,https://pasigcity.gov.ph/news-and-releases/flood-update-as-of-0900am-july-23-2025-580,PASIG-2025-JUL21-25,Pasig,Rosario (in front of SM East Ortigas),Rosario,Dabba Brgy. Rosario (in front of SM East Ortigas),2025-07-23T09:00:00+08:00,"July 23, 2025 | as of 9:00AM",6,1. Dabba Brgy. Rosario (in front of SM East Ortigas) | Water Level: 1-2 inches,flood_observed,1-2 inches,2.54,5.08,,candidate,,
OBS-a89e862f04c333c3,PASIG-20250723-0900,4a6617896d3e,https://pasigcity.gov.ph/news-and-releases/flood-update-as-of-0900am-july-23-2025-580,PASIG-2025-JUL21-25,Pasig,Maybunga,Maybunga,"Blk. 1 to 9, Alley 1 to 40, Westbank Floodway, Brgy. Maybunga",2025-07-23T09:00:00+08:00,"July 23, 2025 | as of 9:00AM",10,"2. Blk. 1 to 9, Alley 1 to 40, Westbank Floodway, Brgy. Maybunga | Water Level: 12 inches",flood_observed,12 inches,30.48,30.48,,candidate,,
OBS-b3265151318ff4f7,PASIG-20250723-0900,4a6617896d3e,https://pasigcity.gov.ph/news-and-releases/flood-update-as-of-0900am-july-23-2025-580,PASIG-2025-JUL21-25,Pasig,Dela Paz,Dela Paz,Karangalan Phase 2 A Brgy. Dela Paz,2025-07-23T09:00:00+08:00,"July 23, 2025 | as of 9:00AM",14,3. Karangalan Phase 2 A Brgy. Dela Paz | Water Level: 2 feet,flood_observed,2 feet,60.96,60.96,,candidate,,
OBS-3975374ae73c57c5,PASIG-20250723-0900,4a6617896d3e,https://pasigcity.gov.ph/news-and-releases/flood-update-as-of-0900am-july-23-2025-580,PASIG-2025-JUL21-25,Pasig,San Miguel,San Miguel,"M. Eusebio Avenue, Brgy. San Miguel",2025-07-23T09:00:00+08:00,"July 23, 2025 | as of 9:00AM",18,"4. M. Eusebio Avenue, Brgy. San Miguel | Water Level: 4 - 5 inches",flood_observed,4 - 5 inches,10.16,12.7,,candidate,,
OBS-dd6ec37ebc196926,PASIG-20250723-0900,4a6617896d3e,https://pasigcity.gov.ph/news-and-releases/flood-update-as-of-0900am-july-23-2025-580,PASIG-2025-JUL21-25,Pasig,Manggahan,Manggahan,"Kaginhawaan Gate 5, Brgy. Manggahan",2025-07-23T09:00:00+08:00,"July 23, 2025 | as of 9:00AM",22,"5. Kaginhawaan Gate 5, Brgy. Manggahan | Water Level: Gutter deep",flood_observed,Gutter deep,,,,candidate,,qualitative_depth_no_numeric_conversion
OBS-4bbd1d1c11a33cba,PASIG-20250723-0900,4a6617896d3e,https://pasigcity.gov.ph/news-and-releases/flood-update-as-of-0900am-july-23-2025-580,PASIG-2025-JUL21-25,Pasig,Manggahan,Manggahan,"Kaunlaran St., Brgy. Manggahan",2025-07-23T09:00:00+08:00,"July 23, 2025 | as of 9:00AM",24,"6. Kaunlaran St., Brgy. Manggahan | Water Level: Gutter deep",flood_observed,Gutter deep,,,,candidate,,qualitative_depth_no_numeric_conversion
OBS-183ecb93c89b72b0,PASIG-20250723-0900,4a6617896d3e,https://pasigcity.gov.ph/news-and-releases/flood-update-as-of-0900am-july-23-2025-580,PASIG-2025-JUL21-25,Pasig,Manggahan,Manggahan,"1st Street, Trinidad Homes, Brgy. Manggahan",2025-07-23T09:00:00+08:00,"July 23, 2025 | as of 9:00AM",26,"7. 1st Street, Trinidad Homes, Brgy. Manggahan | Water Level: Gutter deep",flood_observed,Gutter deep,,,,candidate,,qualitative_depth_no_numeric_conversion
OBS-a7143827b25c0a07,PASIG-20250723-0900,4a6617896d3e,https://pasigcity.gov.ph/news-and-releases/flood-update-as-of-0900am-july-23-2025-580,PASIG-2025-JUL21-25,Pasig,Manggahan,Manggahan,"2nd Street, Trinidad Homes, Brgy. Manggahan",2025-07-23T09:00:00+08:00,"July 23, 2025 | as of 9:00AM",28,"8. 2nd Street, Trinidad Homes, Brgy. Manggahan | Water Level: Gutter deep",flood_observed,Gutter deep,,,,candidate,,qualitative_depth_no_numeric_conversion
OBS-c1ab7cbdb9ba37e9,PASIG-20250723-0900,4a6617896d3e,https://pasigcity.gov.ph/news-and-releases/flood-update-as-of-0900am-july-23-2025-580,PASIG-2025-JUL21-25,Pasig,Manggahan,Manggahan,"Kabayanihan corner Karikitan, Karangalan Village, Brgy. Manggahan",2025-07-23T09:00:00+08:00,"July 23, 2025 | as of 9:00AM",30,"9. Kabayanihan corner Karikitan, Karangalan Village, Brgy. Manggahan | Water Level: Gutter deep",flood_observed,Gutter deep,,,,candidate,,qualitative_depth_no_numeric_conversion
OBS-2bc36c2ba28267f4,PASIG-20250723-0900,4a6617896d3e,https://pasigcity.gov.ph/news-and-releases/flood-update-as-of-0900am-july-23-2025-580,PASIG-2025-JUL21-25,Pasig,Manggahan,Manggahan,Buenas Market Imelda Ave. Brgy. Manggahan,2025-07-23T09:00:00+08:00,"July 23, 2025 | as of 9:00AM",32,10. Buenas Market Imelda Ave. Brgy. Manggahan | Water Level: Gutter deep,flood_observed,Gutter deep,,,,candidate,,qualitative_depth_no_numeric_conversion
OBS-4f61e9720e7f0c10,PASIG-20250723-0900,4a6617896d3e,https://pasigcity.gov.ph/news-and-releases/flood-update-as-of-0900am-july-23-2025-580,PASIG-2025-JUL21-25,Pasig,Rosario (in front of SM East Ortigas),Rosario,Dabba Brgy. Rosario (in front of SM East Ortigas),2025-07-23T08:00:00+08:00,"July 23, 2025 | as of 8:00AM",39,1. Dabba Brgy. Rosario (in front of SM East Ortigas) | Water Level: 1-2 inches,flood_observed,1-2 inches,2.54,5.08,,candidate,,
OBS-67506f6cb148c643,PASIG-20250723-0900,4a6617896d3e,https://pasigcity.gov.ph/news-and-releases/flood-update-as-of-0900am-july-23-2025-580,PASIG-2025-JUL21-25,Pasig,Maybunga,Maybunga,"Blk. 1 to 9, Alley 1 to 40, Westbank Floodway, Brgy. Maybunga",2025-07-23T08:00:00+08:00,"July 23, 2025 | as of 8:00AM",43,"2. Blk. 1 to 9, Alley 1 to 40, Westbank Floodway, Brgy. Maybunga | Water Level: 12 inches",flood_observed,12 inches,30.48,30.48,,candidate,,
OBS-8794485b381db443,PASIG-20250723-0900,4a6617896d3e,https://pasigcity.gov.ph/news-and-releases/flood-update-as-of-0900am-july-23-2025-580,PASIG-2025-JUL21-25,Pasig,Dela Paz,Dela Paz,Karangalan Phase 2 A Brgy. Dela Paz,2025-07-23T08:00:00+08:00,"July 23, 2025 | as of 8:00AM",47,3. Karangalan Phase 2 A Brgy. Dela Paz | Water Level: 2 feet,flood_observed,2 feet,60.96,60.96,,candidate,,
OBS-22eb424ef418e485,PASIG-20250723-0900,4a6617896d3e,https://pasigcity.gov.ph/news-and-releases/flood-update-as-of-0900am-july-23-2025-580,PASIG-2025-JUL21-25,Pasig,San Miguel,San Miguel,"M.Eusebio Avenue, Brgy. San Miguel",2025-07-23T08:00:00+08:00,"July 23, 2025 | as of 8:00AM",51,"4. M.Eusebio Avenue, Brgy. San Miguel | Water Level: 4 - 5 inches",flood_observed,4 - 5 inches,10.16,12.7,,candidate,,
OBS-e0be5b5c397527ab,PASIG-20250725-2330,70611da8f9e6,https://pasigcity.gov.ph/news-and-releases/flood-update-as-of-1130pm-july-25-2025-533,PASIG-2025-JUL21-25,Pasig,Sumilang,Sumilang,"Dos De Julio, Brgy. Sumilang",2025-07-25T23:30:00+08:00,"July 25, 2025 | as of 11:30PM",5,"1. Dos De Julio, Brgy. Sumilang | Water Level: 3 - 4 inches (7.62 - 10.16 cm)",flood_observed,3 - 4 inches (7.62 - 10.16 cm),7.62,10.16,,candidate,,
OBS-ef5d6fd264e72320,PASIG-20250725-2330,70611da8f9e6,https://pasigcity.gov.ph/news-and-releases/flood-update-as-of-1130pm-july-25-2025-533,PASIG-2025-JUL21-25,Pasig,Sumilang,Sumilang,"Katwiran St., Brgy. Sumilang",2025-07-25T23:30:00+08:00,"July 25, 2025 | as of 11:30PM",7,"2. Katwiran St., Brgy. Sumilang | Water Level: 3 - 4 inches (7.62 - 10.16 cm)",flood_observed,3 - 4 inches (7.62 - 10.16 cm),7.62,10.16,,candidate,,
OBS-40cf10db436496d0,PASIG-20250725-2330,70611da8f9e6,https://pasigcity.gov.ph/news-and-releases/flood-update-as-of-1130pm-july-25-2025-533,PASIG-2025-JUL21-25,Pasig,Sumilang,Sumilang,"Magtanggol St., Brgy. Sumilang",2025-07-25T23:30:00+08:00,"July 25, 2025 | as of 11:30PM",9,"3. Magtanggol St., Brgy. Sumilang | Water Level: 3 - 4 inches (7.62 - 10.16 cm)",flood_observed,3 - 4 inches (7.62 - 10.16 cm),7.62,10.16,,candidate,,
OBS-c34db11e8e26600d,PASIG-20250725-2330,70611da8f9e6,https://pasigcity.gov.ph/news-and-releases/flood-update-as-of-1130pm-july-25-2025-533,PASIG-2025-JUL21-25,Pasig,Bagong Ilog,Bagong Ilog,"Sgt. Pascua St., Tawiran, Brgy. Bagong Ilog",2025-07-25T23:30:00+08:00,"July 25, 2025 | as of 11:30PM",11,"4. Sgt. Pascua St., Tawiran, Brgy. Bagong Ilog | Water Level: 7 inches (17.78 cm)",flood_observed,7 inches (17.78 cm),17.78,17.78,,candidate,,
OBS-9f63859eaa1fc0f7,PASIG-20250725-2330,70611da8f9e6,https://pasigcity.gov.ph/news-and-releases/flood-update-as-of-1130pm-july-25-2025-533,PASIG-2025-JUL21-25,Pasig,Sumilang,Sumilang,"Dos De Julio, Brgy. Sumilang",2025-07-25T21:30:00+08:00,"July 25, 2025 | as of 09:30PM",17,"1. Dos De Julio, Brgy. Sumilang | Water Level: 7 inches (17.78 cm)",flood_observed,7 inches (17.78 cm),17.78,17.78,,candidate,,
OBS-e27463d641bb793a,PASIG-20250725-2330,70611da8f9e6,https://pasigcity.gov.ph/news-and-releases/flood-update-as-of-1130pm-july-25-2025-533,PASIG-2025-JUL21-25,Pasig,Sumilang,Sumilang,"Katwiran St., Brgy. Sumilang",2025-07-25T21:30:00+08:00,"July 25, 2025 | as of 09:30PM",19,"2. Katwiran St., Brgy. Sumilang | Water Level: 7 inches (17.78 cm)",flood_observed,7 inches (17.78 cm),17.78,17.78,,candidate,,
OBS-b70c0bb95977640f,PASIG-20250725-2330,70611da8f9e6,https://pasigcity.gov.ph/news-and-releases/flood-update-as-of-1130pm-july-25-2025-533,PASIG-2025-JUL21-25,Pasig,Sumilang,Sumilang,"Kalayaan St., Brgy. Sumilang",2025-07-25T21:30:00+08:00,"July 25, 2025 | as of 09:30PM",21,"3. Kalayaan St., Brgy. Sumilang | Water Level: 7 inches (17.78 cm)",flood_observed,7 inches (17.78 cm),17.78,17.78,,candidate,,
OBS-c5ced1b3960bb8a6,PASIG-20250725-2330,70611da8f9e6,https://pasigcity.gov.ph/news-and-releases/flood-update-as-of-1130pm-july-25-2025-533,PASIG-2025-JUL21-25,Pasig,Sumilang,Sumilang,"Magtanggol St., Brgy. Sumilang",2025-07-25T21:30:00+08:00,"July 25, 2025 | as of 09:30PM",23,"4. Magtanggol St., Brgy. Sumilang | Water Level: 3 inches (7.62 cm)",flood_observed,3 inches (7.62 cm),7.62,7.62,,candidate,,
OBS-b67d22f589292a23,PASIG-20250725-2330,70611da8f9e6,https://pasigcity.gov.ph/news-and-releases/flood-update-as-of-1130pm-july-25-2025-533,PASIG-2025-JUL21-25,Pasig,Bagong Ilog,Bagong Ilog,"Sgt. Pascua St., Tawiran, Brgy. Bagong Ilog",2025-07-25T21:30:00+08:00,"July 25, 2025 | as of 09:30PM",25,"5. Sgt. Pascua St., Tawiran, Brgy. Bagong Ilog | Water Level: 7 inches (17.78 cm)",flood_observed,7 inches (17.78 cm),17.78,17.78,,candidate,,
OBS-15ee6e5de233ea7d,PASIG-20250725-2330,70611da8f9e6,https://pasigcity.gov.ph/news-and-releases/flood-update-as-of-1130pm-july-25-2025-533,PASIG-2025-JUL21-25,Pasig,Sumilang,Sumilang,"Purok 6, Brgy. Sumilang",2025-07-25T20:30:00+08:00,"July 25, 2025 | as of 08:30PM",31,"1. Purok 6, Brgy. Sumilang | Water Level: 7 inches (17.78 cm)",flood_observed,7 inches (17.78 cm),17.78,17.78,,candidate,,
OBS-df11df5079d1e334,PASIG-20250725-2330,70611da8f9e6,https://pasigcity.gov.ph/news-and-releases/flood-update-as-of-1130pm-july-25-2025-533,PASIG-2025-JUL21-25,Pasig,Sumilang,Sumilang,"Dos De Julio, Brgy. Sumilang",2025-07-25T20:30:00+08:00,"July 25, 2025 | as of 08:30PM",33,"2. Dos De Julio, Brgy. Sumilang | Water Level: 7 inches (17.78 cm)",flood_observed,7 inches (17.78 cm),17.78,17.78,,candidate,,
OBS-b28e87c7fad7bdf3,PASIG-20250725-2330,70611da8f9e6,https://pasigcity.gov.ph/news-and-releases/flood-update-as-of-1130pm-july-25-2025-533,PASIG-2025-JUL21-25,Pasig,Sumilang,Sumilang,"Katwiran St., Brgy. Sumilang",2025-07-25T20:30:00+08:00,"July 25, 2025 | as of 08:30PM",35,"3. Katwiran St., Brgy. Sumilang | Water Level: 7 inches (17.78 cm)",flood_observed,7 inches (17.78 cm),17.78,17.78,,candidate,,
OBS-e88df515e4177597,PASIG-20250725-2330,70611da8f9e6,https://pasigcity.gov.ph/news-and-releases/flood-update-as-of-1130pm-july-25-2025-533,PASIG-2025-JUL21-25,Pasig,Sumilang,Sumilang,"Kalayaan St., Brgy. Sumilang",2025-07-25T20:30:00+08:00,"July 25, 2025 | as of 08:30PM",37,"4. Kalayaan St., Brgy. Sumilang | Water Level: 7 inches (17.78 cm)",flood_observed,7 inches (17.78 cm),17.78,17.78,,candidate,,
OBS-5d83a861288edeb2,PASIG-20250725-2330,70611da8f9e6,https://pasigcity.gov.ph/news-and-releases/flood-update-as-of-1130pm-july-25-2025-533,PASIG-2025-JUL21-25,Pasig,Sumilang,Sumilang,"Magtanggol St., Brgy. Sumilang",2025-07-25T20:30:00+08:00,"July 25, 2025 | as of 08:30PM",39,"5. Magtanggol St., Brgy. Sumilang | Water Level: 7 inches (17.78 cm)",flood_observed,7 inches (17.78 cm),17.78,17.78,,candidate,,
OBS-713d35da3e1cbdb7,PASIG-20250725-2330,70611da8f9e6,https://pasigcity.gov.ph/news-and-releases/flood-update-as-of-1130pm-july-25-2025-533,PASIG-2025-JUL21-25,Pasig,Bagong Ilog,Bagong Ilog,"Sgt. Pascua St., Tawiran, Brgy. Bagong Ilog",2025-07-25T20:30:00+08:00,"July 25, 2025 | as of 08:30PM",41,"6. Sgt. Pascua St., Tawiran, Brgy. Bagong Ilog | Water Level: 7 inches (17.78 cm)",flood_observed,7 inches (17.78 cm),17.78,17.78,,candidate,,
OBS-72d7ae1c5615d91d,PASIG-20250725-2330,70611da8f9e6,https://pasigcity.gov.ph/news-and-releases/flood-update-as-of-1130pm-july-25-2025-533,PASIG-2025-JUL21-25,Pasig,Sumilang,Sumilang,"Purok 6, Brgy. Sumilang",2025-07-25T18:30:00+08:00,"July 25, 2025 | as of 06:30PM",47,"1. Purok 6, Brgy. Sumilang | Water Level: 7 inches (17.78 cm)",flood_observed,7 inches (17.78 cm),17.78,17.78,,candidate,,
OBS-e2a01e7fef9548a9,PASIG-20250725-2330,70611da8f9e6,https://pasigcity.gov.ph/news-and-releases/flood-update-as-of-1130pm-july-25-2025-533,PASIG-2025-JUL21-25,Pasig,Sumilang,Sumilang,"Dos De Julio, Brgy. Sumilang",2025-07-25T18:30:00+08:00,"July 25, 2025 | as of 06:30PM",49,"2. Dos De Julio, Brgy. Sumilang | Water Level: 7 inches (17.78 cm)",flood_observed,7 inches (17.78 cm),17.78,17.78,,candidate,,
OBS-0f98b33dc3999445,PASIG-20250725-2330,70611da8f9e6,https://pasigcity.gov.ph/news-and-releases/flood-update-as-of-1130pm-july-25-2025-533,PASIG-2025-JUL21-25,Pasig,Sumilang,Sumilang,"Katwiran St., Brgy. Sumilang",2025-07-25T18:30:00+08:00,"July 25, 2025 | as of 06:30PM",51,"3. Katwiran St., Brgy. Sumilang | Water Level: 7 inches (17.78 cm)",flood_observed,7 inches (17.78 cm),17.78,17.78,,candidate,,
OBS-fd6bf967c25aef14,PASIG-20250725-2330,70611da8f9e6,https://pasigcity.gov.ph/news-and-releases/flood-update-as-of-1130pm-july-25-2025-533,PASIG-2025-JUL21-25,Pasig,Sumilang,Sumilang,"Kalayaan St., Brgy. Sumilang",2025-07-25T18:30:00+08:00,"July 25, 2025 | as of 06:30PM",53,"4. Kalayaan St., Brgy. Sumilang | Water Level: 7 inches (17.78 cm)",flood_observed,7 inches (17.78 cm),17.78,17.78,,candidate,,
OBS-34b07eca464a22d0,PASIG-20250725-2330,70611da8f9e6,https://pasigcity.gov.ph/news-and-releases/flood-update-as-of-1130pm-july-25-2025-533,PASIG-2025-JUL21-25,Pasig,Sumilang,Sumilang,"Magtanggol St., Brgy. Sumilang",2025-07-25T18:30:00+08:00,"July 25, 2025 | as of 06:30PM",55,"5. Magtanggol St., Brgy. Sumilang | Water Level: 7 inches (17.78 cm)",flood_observed,7 inches (17.78 cm),17.78,17.78,,candidate,,
OBS-e7867df23e58f800,PASIG-20260829-2030,83cb52829260,https://pasigcity.gov.ph/news-and-releases/southwest-monsoon-habagat-flood-update-as-of-830-pm-of-august-29-2026-903,PASIG-2026-AUG29-30,Pasig,Dela Paz,Dela Paz,Kabutihan St.,2026-08-29T20:30:00+08:00,"As of 08:30PM | August 29, 2026",6,1. Kabutihan St. | Water Level: 12.7 cm (6 inches) | Remarks: Passable to motorcycles and cars (sedan),flood_observed,12.7 cm (6 inches),,,Remarks: Passable to motorcycles and cars (sedan),candidate,,source_alternate_units_disagree
OBS-487c6f56317e33a0,PASIG-20260829-2030,83cb52829260,https://pasigcity.gov.ph/news-and-releases/southwest-monsoon-habagat-flood-update-as-of-830-pm-of-august-29-2026-903,PASIG-2026-AUG29-30,Pasig,Dela Paz,Dela Paz,Santiago Katipiran cor. Yap Compound,2026-08-29T20:30:00+08:00,"As of 08:30PM | August 29, 2026",9,2. Santiago Katipiran cor. Yap Compound | Water Level: 60.96 cm (24 inches) | Remarks: Not passable to motorcycles and cars (sedan),flood_observed,60.96 cm (24 inches),60.96,60.96,Remarks: Not passable to motorcycles and cars (sedan),candidate,,
OBS-a2c71aed901c649b,PASIG-20260829-2030,83cb52829260,https://pasigcity.gov.ph/news-and-releases/southwest-monsoon-habagat-flood-update-as-of-830-pm-of-august-29-2026-903,PASIG-2026-AUG29-30,Pasig,Dela Paz,Dela Paz,Katipiran cor. K118 Dela Paz,2026-08-29T20:30:00+08:00,"As of 08:30PM | August 29, 2026",12,3. Katipiran cor. K118 Dela Paz | Water Level: 10.16 cm (4 inches) | Remarks: Passable to motorcycles and cars (sedan),flood_observed,10.16 cm (4 inches),10.16,10.16,Remarks: Passable to motorcycles and cars (sedan),candidate,,
OBS-31cac35d3c82127e,PASIG-20260829-2030,83cb52829260,https://pasigcity.gov.ph/news-and-releases/southwest-monsoon-habagat-flood-update-as-of-830-pm-of-august-29-2026-903,PASIG-2026-AUG29-30,Pasig,Manggahan,Manggahan,Kabayanihan St.,2026-08-29T20:30:00+08:00,"As of 08:30PM | August 29, 2026",16,1. Kabayanihan St. | Water Level: 5.00cm (2 inches) | Remarks: Passable to motorcycles and cars (sedan),flood_observed,5.00cm (2 inches),5.0,5.0,Remarks: Passable to motorcycles and cars (sedan),candidate,,
OBS-6149773b4430e7b9,PASIG-20260829-2030,83cb52829260,https://pasigcity.gov.ph/news-and-releases/southwest-monsoon-habagat-flood-update-as-of-830-pm-of-august-29-2026-903,PASIG-2026-AUG29-30,Pasig,Manggahan,Manggahan,Magsaysay St. (near INC Church),2026-08-29T20:30:00+08:00,"As of 08:30PM | August 29, 2026",19,2. Magsaysay St. (near INC Church) | Water Level: 5.00cm (2 inches) | Remarks: Passable to motorcycles and cars (sedan),flood_observed,5.00cm (2 inches),5.0,5.0,Remarks: Passable to motorcycles and cars (sedan),candidate,,
OBS-7580c0b7733fff5e,PASIG-20260829-2030,83cb52829260,https://pasigcity.gov.ph/news-and-releases/southwest-monsoon-habagat-flood-update-as-of-830-pm-of-august-29-2026-903,PASIG-2026-AUG29-30,Pasig,Manggahan,Manggahan,"Metroville Subd., Karangalan",2026-08-29T20:30:00+08:00,"As of 08:30PM | August 29, 2026",22,"3. Metroville Subd., Karangalan | Water Level: 10.64cm (4 inches) | Remarks: Passable to motorcycles and cars (sedan)",flood_observed,10.64cm (4 inches),10.64,10.64,Remarks: Passable to motorcycles and cars (sedan),candidate,,
OBS-7ed929e634d83fdd,PASIG-20260829-2030,83cb52829260,https://pasigcity.gov.ph/news-and-releases/southwest-monsoon-habagat-flood-update-as-of-830-pm-of-august-29-2026-903,PASIG-2026-AUG29-30,Pasig,Manggahan,Manggahan,Metroville Pedro S. Pasco Ave.,2026-08-29T20:30:00+08:00,"As of 08:30PM | August 29, 2026",25,4. Metroville Pedro S. Pasco Ave. | Water Level: 12.7cm (5 inches) | Remarks: Passable to motorcycles and cars (sedan),flood_observed,12.7cm (5 inches),12.7,12.7,Remarks: Passable to motorcycles and cars (sedan),candidate,,
OBS-c758b35f15734624,PASIG-20260829-2030,83cb52829260,https://pasigcity.gov.ph/news-and-releases/southwest-monsoon-habagat-flood-update-as-of-830-pm-of-august-29-2026-903,PASIG-2026-AUG29-30,Pasig,Manggahan,Manggahan,Soliven cor. Prague,2026-08-29T20:30:00+08:00,"As of 08:30PM | August 29, 2026",28,5. Soliven cor. Prague | Water Level: 60.96 cm (24 inches) | Remarks: Not passable to motorcycles and cars (sedan),flood_observed,60.96 cm (24 inches),60.96,60.96,Remarks: Not passable to motorcycles and cars (sedan),candidate,,
OBS-87d5aee2b6f5c60e,PASIG-20260829-2030,83cb52829260,https://pasigcity.gov.ph/news-and-releases/southwest-monsoon-habagat-flood-update-as-of-830-pm-of-august-29-2026-903,PASIG-2026-AUG29-30,Pasig,Manggahan,Manggahan,Villa Luz St. cor. St. Paul St.,2026-08-29T20:30:00+08:00,"As of 08:30PM | August 29, 2026",31,6. Villa Luz St. cor. St. Paul St. | Water Level: 12.7cm (5 inches) | Remarks: Passable to motorcycles and cars (sedan),flood_observed,12.7cm (5 inches),12.7,12.7,Remarks: Passable to motorcycles and cars (sedan),candidate,,
OBS-7de7c79f35f64fc1,PASIG-20260829-2030,83cb52829260,https://pasigcity.gov.ph/news-and-releases/southwest-monsoon-habagat-flood-update-as-of-830-pm-of-august-29-2026-903,PASIG-2026-AUG29-30,Pasig,Manggahan,Manggahan,Capetown cor. San Salvador,2026-08-29T20:30:00+08:00,"As of 08:30PM | August 29, 2026",34,7. Capetown cor. San Salvador | Water Level: 12.7cm (5 inches) | Remarks: Passable to motorcycles and cars (sedan),flood_observed,12.7cm (5 inches),12.7,12.7,Remarks: Passable to motorcycles and cars (sedan),candidate,,
OBS-abaf5fcd91345e9a,PASIG-20260829-2030,83cb52829260,https://pasigcity.gov.ph/news-and-releases/southwest-monsoon-habagat-flood-update-as-of-830-pm-of-august-29-2026-903,PASIG-2026-AUG29-30,Pasig,Manggahan,Manggahan,Panama St. Cor Paris,2026-08-29T20:30:00+08:00,"As of 08:30PM | August 29, 2026",37,8. Panama St. Cor Paris | Water Level: 5.00cm (2 inches) | Remarks: Passable to motorcycles and cars (sedan),flood_observed,5.00cm (2 inches),5.0,5.0,Remarks: Passable to motorcycles and cars (sedan),candidate,,
OBS-9050084ebdb55850,PASIG-20260829-2030,83cb52829260,https://pasigcity.gov.ph/news-and-releases/southwest-monsoon-habagat-flood-update-as-of-830-pm-of-august-29-2026-903,PASIG-2026-AUG29-30,Pasig,Manggahan,Manggahan,"Soliven St. Cor Copenhagen, Greenpark",2026-08-29T20:30:00+08:00,"As of 08:30PM | August 29, 2026",40,"9. Soliven St. Cor Copenhagen, Greenpark | Water Level: 20 cm (8 inches) | Remarks: Passable to motorcycles and cars (sedan)",flood_observed,20 cm (8 inches),,,Remarks: Passable to motorcycles and cars (sedan),candidate,,source_alternate_units_disagree
OBS-f9c79020337403d9,PASIG-20260829-2030,83cb52829260,https://pasigcity.gov.ph/news-and-releases/southwest-monsoon-habagat-flood-update-as-of-830-pm-of-august-29-2026-903,PASIG-2026-AUG29-30,Pasig,Manggahan,Manggahan,"Kingstone St. cor Parish St., Greenpark",2026-08-29T20:30:00+08:00,"As of 08:30PM | August 29, 2026",43,"10. Kingstone St. cor Parish St., Greenpark | Water Level: 20 cm (8 inches) | Remarks: Passable to motorcycles and cars (sedan)",flood_observed,20 cm (8 inches),,,Remarks: Passable to motorcycles and cars (sedan),candidate,,source_alternate_units_disagree
OBS-3b7133df1d78e26b,PASIG-20260829-2030,83cb52829260,https://pasigcity.gov.ph/news-and-releases/southwest-monsoon-habagat-flood-update-as-of-830-pm-of-august-29-2026-903,PASIG-2026-AUG29-30,Pasig,Manggahan,Manggahan,Panama cor. Stockholm,2026-08-29T20:30:00+08:00,"As of 08:30PM | August 29, 2026",46,11. Panama cor. Stockholm | Water Level: 20 cm (8 inches) | Remarks: Passable to motorcycles and cars (sedan),flood_observed,20 cm (8 inches),,,Remarks: Passable to motorcycles and cars (sedan),candidate,,source_alternate_units_disagree
OBS-53c2955706defee1,PASIG-20260829-2030,83cb52829260,https://pasigcity.gov.ph/news-and-releases/southwest-monsoon-habagat-flood-update-as-of-830-pm-of-august-29-2026-903,PASIG-2026-AUG29-30,Pasig,Manggahan,Manggahan,"Moscow St. cor Brazil, Greenpark",2026-08-29T20:30:00+08:00,"As of 08:30PM | August 29, 2026",49,"12. Moscow St. cor Brazil, Greenpark | Water Level: 20 cm (8 inches) | Remarks: Passable to motorcycles and cars (sedan)",flood_observed,20 cm (8 inches),,,Remarks: Passable to motorcycles and cars (sedan),candidate,,source_alternate_units_disagree
OBS-8dd152706a6cdde9,PASIG-20260829-2030,83cb52829260,https://pasigcity.gov.ph/news-and-releases/southwest-monsoon-habagat-flood-update-as-of-830-pm-of-august-29-2026-903,PASIG-2026-AUG29-30,Pasig,Manggahan,Manggahan,Belfast St.,2026-08-29T20:30:00+08:00,"As of 08:30PM | August 29, 2026",52,13. Belfast St. | Water Level: 20 cm (8 inches) | Remarks: Passable to motorcycles and cars (sedan),flood_observed,20 cm (8 inches),,,Remarks: Passable to motorcycles and cars (sedan),candidate,,source_alternate_units_disagree
OBS-f47cddde43ac8cbc,PASIG-20260829-2030,83cb52829260,https://pasigcity.gov.ph/news-and-releases/southwest-monsoon-habagat-flood-update-as-of-830-pm-of-august-29-2026-903,PASIG-2026-AUG29-30,Pasig,Manggahan,Manggahan,Rome St.,2026-08-29T20:30:00+08:00,"As of 08:30PM | August 29, 2026",55,14. Rome St. | Water Level: 20 cm (8 inches) | Remarks: Passable to motorcycles and cars (sedan),flood_observed,20 cm (8 inches),,,Remarks: Passable to motorcycles and cars (sedan),candidate,,source_alternate_units_disagree
OBS-440c06f7ffae64b3,PASIG-20260829-2030,83cb52829260,https://pasigcity.gov.ph/news-and-releases/southwest-monsoon-habagat-flood-update-as-of-830-pm-of-august-29-2026-903,PASIG-2026-AUG29-30,Pasig,Manggahan,Manggahan,Moscow,2026-08-29T20:30:00+08:00,"As of 08:30PM | August 29, 2026",58,15. Moscow | Water Level: 20 cm (8 inches) | Remarks: Passable to motorcycles and cars (sedan),flood_observed,20 cm (8 inches),,,Remarks: Passable to motorcycles and cars (sedan),candidate,,source_alternate_units_disagree
OBS-02ddcc95c26f6e4a,PASIG-20260829-2030,83cb52829260,https://pasigcity.gov.ph/news-and-releases/southwest-monsoon-habagat-flood-update-as-of-830-pm-of-august-29-2026-903,PASIG-2026-AUG29-30,Pasig,Manggahan,Manggahan,Kaginhawaan St. going to Felix Ave.,2026-08-29T20:30:00+08:00,"As of 08:30PM | August 29, 2026",61,16. Kaginhawaan St. going to Felix Ave. | Water Level: 10.16 cm (4 inches) | Remarks: Passable to motorcycles and cars (sedan),flood_observed,10.16 cm (4 inches),10.16,10.16,Remarks: Passable to motorcycles and cars (sedan),candidate,,
OBS-5ef38a2f688ef4e5,PASIG-20260829-2030,83cb52829260,https://pasigcity.gov.ph/news-and-releases/southwest-monsoon-habagat-flood-update-as-of-830-pm-of-august-29-2026-903,PASIG-2026-AUG29-30,Pasig,Maybunga,Maybunga,F. Legaspi St.,2026-08-29T20:30:00+08:00,"As of 08:30PM | August 29, 2026",65,1. F. Legaspi St. | Water Level: 45.72 cm (18 inches) | Remarks: Not passable to motorcycles and cars (sedan),flood_observed,45.72 cm (18 inches),45.72,45.72,Remarks: Not passable to motorcycles and cars (sedan),candidate,,
OBS-a55c8f4051228428,PASIG-20260829-2030,83cb52829260,https://pasigcity.gov.ph/news-and-releases/southwest-monsoon-habagat-flood-update-as-of-830-pm-of-august-29-2026-903,PASIG-2026-AUG29-30,Pasig,Pinagbuhatan,Pinagbuhatan,Acacia Gahit,2026-08-29T20:30:00+08:00,"As of 08:30PM | August 29, 2026",69,1. Acacia Gahit | Water Level: 15.24cm (6 inches) | Remarks: Passable to motorcycles and cars (sedan),flood_observed,15.24cm (6 inches),15.24,15.24,Remarks: Passable to motorcycles and cars (sedan),candidate,,
OBS-2b6f010f613b1532,PASIG-20260829-2030,83cb52829260,https://pasigcity.gov.ph/news-and-releases/southwest-monsoon-habagat-flood-update-as-of-830-pm-of-august-29-2026-903,PASIG-2026-AUG29-30,Pasig,Pinagbuhatan,Pinagbuhatan,Molave St. (Sikat Araw),2026-08-29T20:30:00+08:00,"As of 08:30PM | August 29, 2026",72,2. Molave St. (Sikat Araw) | Water Level: 15.24cm (6 inches) | Remarks: Passable to motorcycles and cars (sedan),flood_observed,15.24cm (6 inches),15.24,15.24,Remarks: Passable to motorcycles and cars (sedan),candidate,,
OBS-b86b2fcab539335f,PASIG-20260829-2030,83cb52829260,https://pasigcity.gov.ph/news-and-releases/southwest-monsoon-habagat-flood-update-as-of-830-pm-of-august-29-2026-903,PASIG-2026-AUG29-30,Pasig,Pinagbuhatan,Pinagbuhatan,"Jupiter St., Nagpayong",2026-08-29T20:30:00+08:00,"As of 08:30PM | August 29, 2026",75,"3. Jupiter St., Nagpayong | Water Level: 60.96 cm (24 inches) | Remarks: Not passable to motorcycles and cars (sedan)",flood_observed,60.96 cm (24 inches),60.96,60.96,Remarks: Not passable to motorcycles and cars (sedan),candidate,,
OBS-e3a3e70608200c3f,PASIG-20260829-2030,83cb52829260,https://pasigcity.gov.ph/news-and-releases/southwest-monsoon-habagat-flood-update-as-of-830-pm-of-august-29-2026-903,PASIG-2026-AUG29-30,Pasig,Pinagbuhatan,Pinagbuhatan,"Molave Vila Maria, Nagpayong",2026-08-29T20:30:00+08:00,"As of 08:30PM | August 29, 2026",78,"4. Molave Vila Maria, Nagpayong | Water Level: 15.24cm (6 inches) | Remarks: Passable to motorcycles and cars (sedan)",flood_observed,15.24cm (6 inches),15.24,15.24,Remarks: Passable to motorcycles and cars (sedan),candidate,,
OBS-1f801b5fe3e3539d,PASIG-20260829-2030,83cb52829260,https://pasigcity.gov.ph/news-and-releases/southwest-monsoon-habagat-flood-update-as-of-830-pm-of-august-29-2026-903,PASIG-2026-AUG29-30,Pasig,Pinagbuhatan,Pinagbuhatan,Caliwag St.,2026-08-29T20:30:00+08:00,"As of 08:30PM | August 29, 2026",81,5 . Caliwag St. | Water Level: 15.24cm (6 inches) | Remarks: Passable to motorcycles and cars (sedan),flood_observed,15.24cm (6 inches),15.24,15.24,Remarks: Passable to motorcycles and cars (sedan),candidate,,
OBS-f2ecc1174ca56fa3,PASIG-20260829-2030,83cb52829260,https://pasigcity.gov.ph/news-and-releases/southwest-monsoon-habagat-flood-update-as-of-830-pm-of-august-29-2026-903,PASIG-2026-AUG29-30,Pasig,Pinagbuhatan,Pinagbuhatan,Esguerra cor Urbano Velasco,2026-08-29T20:30:00+08:00,"As of 08:30PM | August 29, 2026",84,6. Esguerra cor Urbano Velasco | Water Level: 15.24cm (6 inches) | Remarks: Passable to motorcycles and cars (sedan),flood_observed,15.24cm (6 inches),15.24,15.24,Remarks: Passable to motorcycles and cars (sedan),candidate,,
OBS-72a12ccbafa8fadc,PASIG-20260829-2030,83cb52829260,https://pasigcity.gov.ph/news-and-releases/southwest-monsoon-habagat-flood-update-as-of-830-pm-of-august-29-2026-903,PASIG-2026-AUG29-30,Pasig,San Miguel,San Miguel,Villa Eusebio,2026-08-29T20:30:00+08:00,"As of 08:30PM | August 29, 2026",88,1. Villa Eusebio | Water Level: 30.48 cm (12 inches) | Remarks: Not passable to motorcycles and cars (sedan),flood_observed,30.48 cm (12 inches),30.48,30.48,Remarks: Not passable to motorcycles and cars (sedan),candidate,,
OBS-9e1e51cddc16771b,PASIG-20260829-2030,83cb52829260,https://pasigcity.gov.ph/news-and-releases/southwest-monsoon-habagat-flood-update-as-of-830-pm-of-august-29-2026-903,PASIG-2026-AUG29-30,Pasig,San Miguel,San Miguel,Sandoval Ave. (UNITOP),2026-08-29T20:30:00+08:00,"As of 08:30PM | August 29, 2026",91,2. Sandoval Ave. (UNITOP) | Water Level: 5 cm (2 inches) | Remarks: Passable to motorcycles and cars (sedan),flood_observed,5 cm (2 inches),5.0,5.0,Remarks: Passable to motorcycles and cars (sedan),candidate,,
OBS-1afb2d10ebe909b4,PASIG-20260829-2030,83cb52829260,https://pasigcity.gov.ph/news-and-releases/southwest-monsoon-habagat-flood-update-as-of-830-pm-of-august-29-2026-903,PASIG-2026-AUG29-30,Pasig,Santolan,Santolan,Doroteo St.,2026-08-29T20:30:00+08:00,"As of 08:30PM | August 29, 2026",95,1. Doroteo St. | Water Level: 7.60 cm (3 inches) | Remarks: Passable to motorcycles and cars (sedan),flood_observed,7.60 cm (3 inches),7.6,7.6,Remarks: Passable to motorcycles and cars (sedan),candidate,,
OBS-b9c5bb37940c401b,PASIG-20260829-2030,83cb52829260,https://pasigcity.gov.ph/news-and-releases/southwest-monsoon-habagat-flood-update-as-of-830-pm-of-august-29-2026-903,PASIG-2026-AUG29-30,Pasig,Santolan,Santolan,Sgt.De Leon Mayana St.,2026-08-29T20:30:00+08:00,"As of 08:30PM | August 29, 2026",98,2. Sgt.De Leon Mayana St. | Water Level: 5.00 cm (2 inches) | Remarks: Passable to motorcycles and cars (sedan),flood_observed,5.00 cm (2 inches),5.0,5.0,Remarks: Passable to motorcycles and cars (sedan),candidate,,
OBS-b0807d99fa79ac61,PASIG-20260829-2030,83cb52829260,https://pasigcity.gov.ph/news-and-releases/southwest-monsoon-habagat-flood-update-as-of-830-pm-of-august-29-2026-903,PASIG-2026-AUG29-30,Pasig,Santolan,Santolan,Sgt. De Leon Natasha St.,2026-08-29T20:30:00+08:00,"As of 08:30PM | August 29, 2026",101,3. Sgt. De Leon Natasha St. | Water Level: 5.00 cm (2 inches) | Remarks: Passable to motorcycles and cars (sedan),flood_observed,5.00 cm (2 inches),5.0,5.0,Remarks: Passable to motorcycles and cars (sedan),candidate,,
OBS-7bee19ee2fd13e39,PASIG-20260829-2030,83cb52829260,https://pasigcity.gov.ph/news-and-releases/southwest-monsoon-habagat-flood-update-as-of-830-pm-of-august-29-2026-903,PASIG-2026-AUG29-30,Pasig,Santolan,Santolan,Sgt. De Leon Camia St.,2026-08-29T20:30:00+08:00,"As of 08:30PM | August 29, 2026",104,4. Sgt. De Leon Camia St. | Water Level: 5.00 cm (2 inches) | Remarks: Passable to motorcycles and cars (sedan),flood_observed,5.00 cm (2 inches),5.0,5.0,Remarks: Passable to motorcycles and cars (sedan),candidate,,
OBS-faf0f9e6b551e28f,PASIG-20260829-2030,83cb52829260,https://pasigcity.gov.ph/news-and-releases/southwest-monsoon-habagat-flood-update-as-of-830-pm-of-august-29-2026-903,PASIG-2026-AUG29-30,Pasig,Santolan,Santolan,Masikap St.,2026-08-29T20:30:00+08:00,"As of 08:30PM | August 29, 2026",107,5. Masikap St. | Water Level: 12.7 cm (5 inches) | Remarks: Passable to motorcycles and cars (sedan),flood_observed,12.7 cm (5 inches),12.7,12.7,Remarks: Passable to motorcycles and cars (sedan),candidate,,
OBS-c93a6383b8b89b21,PASIG-20260829-2030,83cb52829260,https://pasigcity.gov.ph/news-and-releases/southwest-monsoon-habagat-flood-update-as-of-830-pm-of-august-29-2026-903,PASIG-2026-AUG29-30,Pasig,Santolan,Santolan,Rafael Rd 3,2026-08-29T20:30:00+08:00,"As of 08:30PM | August 29, 2026",110,6. Rafael Rd 3 | Water Level: 12.7 cm (5 inches) | Remarks: Passable to motorcycles and cars (sedan),flood_observed,12.7 cm (5 inches),12.7,12.7,Remarks: Passable to motorcycles and cars (sedan),candidate,,
OBS-e51fce6360b9b3be,PASIG-20260829-2030,83cb52829260,https://pasigcity.gov.ph/news-and-releases/southwest-monsoon-habagat-flood-update-as-of-830-pm-of-august-29-2026-903,PASIG-2026-AUG29-30,Pasig,Santolan,Santolan,Marcelino St.,2026-08-29T20:30:00+08:00,"As of 08:30PM | August 29, 2026",113,7. Marcelino St. | Water Level: 7.60cm (3 inches) | Remarks: Passable to motorcycles and cars (sedan),flood_observed,7.60cm (3 inches),7.6,7.6,Remarks: Passable to motorcycles and cars (sedan),candidate,,
OBS-0b788fda06cf64fe,PASIG-20260829-2030,83cb52829260,https://pasigcity.gov.ph/news-and-releases/southwest-monsoon-habagat-flood-update-as-of-830-pm-of-august-29-2026-903,PASIG-2026-AUG29-30,Pasig,Santolan,Santolan,A. Victorino St.,2026-08-29T20:30:00+08:00,"As of 08:30PM | August 29, 2026",116,8. A. Victorino St. | Water Level: 60.96 cm (24 inches) | Remarks: Not passable to motorcycles and cars (sedan),flood_observed,60.96 cm (24 inches),60.96,60.96,Remarks: Not passable to motorcycles and cars (sedan),candidate,,
OBS-da48f9c4379cd7eb,PASIG-20260829-2030,83cb52829260,https://pasigcity.gov.ph/news-and-releases/southwest-monsoon-habagat-flood-update-as-of-830-pm-of-august-29-2026-903,PASIG-2026-AUG29-30,Pasig,Santolan,Santolan,Gabriel St.,2026-08-29T20:30:00+08:00,"As of 08:30PM | August 29, 2026",119,9. Gabriel St. | Water Level: 60.96 cm (24 inches) | Remarks: Not passable to motorcycles and cars (sedan),flood_observed,60.96 cm (24 inches),60.96,60.96,Remarks: Not passable to motorcycles and cars (sedan),candidate,,
OBS-cca8efbac8861172,PASIG-20260829-2030,83cb52829260,https://pasigcity.gov.ph/news-and-releases/southwest-monsoon-habagat-flood-update-as-of-830-pm-of-august-29-2026-903,PASIG-2026-AUG29-30,Pasig,Santolan,Santolan,E. Conception St.,2026-08-29T20:30:00+08:00,"As of 08:30PM | August 29, 2026",122,10. E. Conception St. | Water Level: 60.96 cm (24 inches) | Remarks: Not passable to motorcycles and cars (sedan),flood_observed,60.96 cm (24 inches),60.96,60.96,Remarks: Not passable to motorcycles and cars (sedan),candidate,,
OBS-45a2c9f4b09a1663,PASIG-20260829-2030,83cb52829260,https://pasigcity.gov.ph/news-and-releases/southwest-monsoon-habagat-flood-update-as-of-830-pm-of-august-29-2026-903,PASIG-2026-AUG29-30,Pasig,Sta Lucia,Sta. Lucia,9th Ave. Riverside Village,2026-08-29T20:30:00+08:00,"As of 08:30PM | August 29, 2026",126,1. 9th Ave. Riverside Village | Water Level: 7.60 cm (3inches) | Remarks: Passable to motorcycles and cars (sedan),flood_observed,7.60 cm (3inches),7.6,7.6,Remarks: Passable to motorcycles and cars (sedan),candidate,,
OBS-16f9c3b6f3386a07,PASIG-20260829-2030,83cb52829260,https://pasigcity.gov.ph/news-and-releases/southwest-monsoon-habagat-flood-update-as-of-830-pm-of-august-29-2026-903,PASIG-2026-AUG29-30,Pasig,Sta Lucia,Sta. Lucia,10th Ave. Riverside Village,2026-08-29T20:30:00+08:00,"As of 08:30PM | August 29, 2026",129,2. 10th Ave. Riverside Village | Water Level: 7.60 cm (3inches) | Remarks: Passable to motorcycles and cars (sedan),flood_observed,7.60 cm (3inches),7.6,7.6,Remarks: Passable to motorcycles and cars (sedan),candidate,,
OBS-617398ae5261b346,PASIG-20260829-2030,83cb52829260,https://pasigcity.gov.ph/news-and-releases/southwest-monsoon-habagat-flood-update-as-of-830-pm-of-august-29-2026-903,PASIG-2026-AUG29-30,Pasig,Sta Lucia,Sta. Lucia,Calios Comp.,2026-08-29T20:30:00+08:00,"As of 08:30PM | August 29, 2026",132,3. Calios Comp. | Water Level: 7.60 cm (3inches) | Remarks: Passable to motorcycles and cars (sedan),flood_observed,7.60 cm (3inches),7.6,7.6,Remarks: Passable to motorcycles and cars (sedan),candidate,,
OBS-38b5c5c0de3a6aac,PASIG-20260829-2030,83cb52829260,https://pasigcity.gov.ph/news-and-releases/southwest-monsoon-habagat-flood-update-as-of-830-pm-of-august-29-2026-903,PASIG-2026-AUG29-30,Pasig,Sta Lucia,Sta. Lucia,Bagong Anyo St.,2026-08-29T20:30:00+08:00,"As of 08:30PM | August 29, 2026",135,4. Bagong Anyo St. | Water Level: 12.7 cm (5 inches) | Remarks: Passable to motorcycles and cars (sedan),flood_observed,12.7 cm (5 inches),12.7,12.7,Remarks: Passable to motorcycles and cars (sedan),candidate,,
OBS-588c15ae51856611,PASIG-20260829-2030,83cb52829260,https://pasigcity.gov.ph/news-and-releases/southwest-monsoon-habagat-flood-update-as-of-830-pm-of-august-29-2026-903,PASIG-2026-AUG29-30,Pasig,Sta Lucia,Sta. Lucia,Kaunluran St.,2026-08-29T20:30:00+08:00,"As of 08:30PM | August 29, 2026",138,5. Kaunluran St. | Water Level: 12.7 cm (5 inches) | Remarks: Passable to motorcycles and cars (sedan),flood_observed,12.7 cm (5 inches),12.7,12.7,Remarks: Passable to motorcycles and cars (sedan),candidate,,
OBS-81fe55f5c0c26563,PASIG-20260829-2030,83cb52829260,https://pasigcity.gov.ph/news-and-releases/southwest-monsoon-habagat-flood-update-as-of-830-pm-of-august-29-2026-903,PASIG-2026-AUG29-30,Pasig,Sta Lucia,Sta. Lucia,Bautista Comp.,2026-08-29T20:30:00+08:00,"As of 08:30PM | August 29, 2026",141,6. Bautista Comp. | Water Level: 25.4 cm (10 inches) | Remarks: Not passable to motorcycles and cars (sedan),flood_observed,25.4 cm (10 inches),25.4,25.4,Remarks: Not passable to motorcycles and cars (sedan),candidate,,
OBS-db4c806da0405db1,PASIG-20260829-2030,83cb52829260,https://pasigcity.gov.ph/news-and-releases/southwest-monsoon-habagat-flood-update-as-of-830-pm-of-august-29-2026-903,PASIG-2026-AUG29-30,Pasig,Sta Lucia,Sta. Lucia,Tawi-tawi St.,2026-08-29T20:30:00+08:00,"As of 08:30PM | August 29, 2026",144,7. Tawi-tawi St. | Water Level: 60.96 cm (24 inches) | Remarks: Not passable to motorcycles and cars (sedan),flood_observed,60.96 cm (24 inches),60.96,60.96,Remarks: Not passable to motorcycles and cars (sedan),candidate,,
OBS-6184e265fea16fdb,PASIG-20260829-2030,83cb52829260,https://pasigcity.gov.ph/news-and-releases/southwest-monsoon-habagat-flood-update-as-of-830-pm-of-august-29-2026-903,PASIG-2026-AUG29-30,Pasig,Sta Lucia,Sta. Lucia,Morales Compound,2026-08-29T20:30:00+08:00,"As of 08:30PM | August 29, 2026",147,8. Morales Compound | Water Level: 25.4 cm (10 inches) | Remarks: Not passable to motorcycles and cars (sedan),flood_observed,25.4 cm (10 inches),25.4,25.4,Remarks: Not passable to motorcycles and cars (sedan),candidate,,
OBS-57ed94777a9c8537,PASIG-20260829-2030,83cb52829260,https://pasigcity.gov.ph/news-and-releases/southwest-monsoon-habagat-flood-update-as-of-830-pm-of-august-29-2026-903,PASIG-2026-AUG29-30,Pasig,Sta Lucia,Sta. Lucia,Liamzon Subd.,2026-08-29T20:30:00+08:00,"As of 08:30PM | August 29, 2026",150,9. Liamzon Subd. | Water Level: 60.96 cm (24 inches) | Remarks: Not passable to motorcycles and cars (sedan),flood_observed,60.96 cm (24 inches),60.96,60.96,Remarks: Not passable to motorcycles and cars (sedan),candidate,,
OBS-67a2b83b5151e7a8,PASIG-20260829-2030,83cb52829260,https://pasigcity.gov.ph/news-and-releases/southwest-monsoon-habagat-flood-update-as-of-830-pm-of-august-29-2026-903,PASIG-2026-AUG29-30,Pasig,Sta Lucia,Sta. Lucia,Asuzena St.,2026-08-29T20:30:00+08:00,"As of 08:30PM | August 29, 2026",153,10. Asuzena St. | Water Level: 12.7 cm (5 inches) | Remarks: Passable to motorcycles and cars (sedan),flood_observed,12.7 cm (5 inches),12.7,12.7,Remarks: Passable to motorcycles and cars (sedan),candidate,,
OBS-fa6659e81843e26f,PASIG-20260829-2030,83cb52829260,https://pasigcity.gov.ph/news-and-releases/southwest-monsoon-habagat-flood-update-as-of-830-pm-of-august-29-2026-903,PASIG-2026-AUG29-30,Pasig,Sta Lucia,Sta. Lucia,Rara St.,2026-08-29T20:30:00+08:00,"As of 08:30PM | August 29, 2026",156,11. Rara St. | Water Level: 12.7 cm (5 inches) | Remarks: Passable to motorcycles and cars (sedan),flood_observed,12.7 cm (5 inches),12.7,12.7,Remarks: Passable to motorcycles and cars (sedan),candidate,,
OBS-1ddfe265a7abcc0d,PASIG-20260829-2030,83cb52829260,https://pasigcity.gov.ph/news-and-releases/southwest-monsoon-habagat-flood-update-as-of-830-pm-of-august-29-2026-903,PASIG-2026-AUG29-30,Pasig,Sta Lucia,Sta. Lucia,"New Society St., De Castro",2026-08-29T20:30:00+08:00,"As of 08:30PM | August 29, 2026",159,"12. New Society St., De Castro | Water Level: 60.96 cm (24 inches) | Remarks: Not passable to motorcycles and cars (sedan)",flood_observed,60.96 cm (24 inches),60.96,60.96,Remarks: Not passable to motorcycles and cars (sedan),candidate,,
OBS-796b1c56217cdbc1,PASIG-20260829-2030,83cb52829260,https://pasigcity.gov.ph/news-and-releases/southwest-monsoon-habagat-flood-update-as-of-830-pm-of-august-29-2026-903,PASIG-2026-AUG29-30,Pasig,Sta Lucia,Sta. Lucia,Metropolis 1,2026-08-29T20:30:00+08:00,"As of 08:30PM | August 29, 2026",162,13. Metropolis 1 | Water Level: 10.16 cm (4 inches) | Remarks: Passable to motorcycles and cars (sedan),flood_observed,10.16 cm (4 inches),10.16,10.16,Remarks: Passable to motorcycles and cars (sedan),candidate,,
OBS-be9b1aa427654a5d,PASIG-20260829-2030,83cb52829260,https://pasigcity.gov.ph/news-and-releases/southwest-monsoon-habagat-flood-update-as-of-830-pm-of-august-29-2026-903,PASIG-2026-AUG29-30,Pasig,Sta Lucia,Sta. Lucia,Rosario 5 & 6 Masagana Ext.,2026-08-29T20:30:00+08:00,"As of 08:30PM | August 29, 2026",165,14. Rosario 5 & 6 Masagana Ext. | Water Level: 38.1 cm (15 inches) | Remarks: Not passable to motorcycles and cars (sedan),flood_observed,38.1 cm (15 inches),38.1,38.1,Remarks: Not passable to motorcycles and cars (sedan),candidate,,
OBS-c98cb99ba55d1b16,PASIG-20260829-2030,83cb52829260,https://pasigcity.gov.ph/news-and-releases/southwest-monsoon-habagat-flood-update-as-of-830-pm-of-august-29-2026-903,PASIG-2026-AUG29-30,Pasig,Sta Lucia,Sta. Lucia,Maharlikha St.,2026-08-29T20:30:00+08:00,"As of 08:30PM | August 29, 2026",168,15. Maharlikha St. | Water Level: 50.8 cm (20 inches) | Remarks: Not passable to motorcycles and cars (sedan),flood_observed,50.8 cm (20 inches),50.8,50.8,Remarks: Not passable to motorcycles and cars (sedan),candidate,,
OBS-8a0586bf0f128304,PASIG-20260829-2030,83cb52829260,https://pasigcity.gov.ph/news-and-releases/southwest-monsoon-habagat-flood-update-as-of-830-pm-of-august-29-2026-903,PASIG-2026-AUG29-30,Pasig,Sta Lucia,Sta. Lucia,Mayumi St.,2026-08-29T20:30:00+08:00,"As of 08:30PM | August 29, 2026",171,16. Mayumi St. | Water Level: 38.1 cm (15 inches) | Remarks: Not passable to motorcycles and cars (sedan),flood_observed,38.1 cm (15 inches),38.1,38.1,Remarks: Not passable to motorcycles and cars (sedan),candidate,,
OBS-8bd73bbf73a6f02b,PASIG-20260829-2030,83cb52829260,https://pasigcity.gov.ph/news-and-releases/southwest-monsoon-habagat-flood-update-as-of-830-pm-of-august-29-2026-903,PASIG-2026-AUG29-30,Pasig,Sumilang,Sumilang,Katwiran St.,2026-08-29T20:30:00+08:00,"As of 08:30PM | August 29, 2026",175,1. Katwiran St. | Water Level: 12.7 cm (5 inches) | Remarks: Passable to motorcycles and cars (sedan),flood_observed,12.7 cm (5 inches),12.7,12.7,Remarks: Passable to motorcycles and cars (sedan),candidate,,
OBS-832f91fb886095a1,PASIG-20260829-2030,83cb52829260,https://pasigcity.gov.ph/news-and-releases/southwest-monsoon-habagat-flood-update-as-of-830-pm-of-august-29-2026-903,PASIG-2026-AUG29-30,Pasig,Sumilang,Sumilang,Magtanggol St.,2026-08-29T20:30:00+08:00,"As of 08:30PM | August 29, 2026",178,2. Magtanggol St. | Water Level: 12.7 cm (5 inches) | Remarks: Passable to motorcycles and cars (sedan),flood_observed,12.7 cm (5 inches),12.7,12.7,Remarks: Passable to motorcycles and cars (sedan),candidate,,
OBS-85ef363f3cf4b975,PASIG-20260829-2030,83cb52829260,https://pasigcity.gov.ph/news-and-releases/southwest-monsoon-habagat-flood-update-as-of-830-pm-of-august-29-2026-903,PASIG-2026-AUG29-30,Pasig,Sumilang,Sumilang,Dos De Julio St.,2026-08-29T20:30:00+08:00,"As of 08:30PM | August 29, 2026",181,3. Dos De Julio St. | Water Level: 12.7 cm (5 inches) | Remarks: Passable to motorcycles and cars (sedan),flood_observed,12.7 cm (5 inches),12.7,12.7,Remarks: Passable to motorcycles and cars (sedan),candidate,,
