observation_id,source_id,capture_version,source_url,episode_group,city,barangay_raw,barangay,location_raw,observation_at,clock_evidence,source_line_start,evidence,status,depth_raw,depth_cm_low,depth_cm_high,passability_raw,review_status,clearance_scope,flags,observation_date,source_bundle,storm_group,geography_basis,html_date_evidence,source_line_refs,review_rule_id,rule_id,source_page,reported_occurrence_at,latest_status_raw,publisher,source_version,latest_status_as_of,clock_basis,source_capture_path,evidence_components_verified,wet_evidence_status,timing_status,geography_status,qualified_barangay,depth_qualification,qualified_depth_cm_low,qualified_depth_cm_high,candidate_reporting_episode,candidate_timeline_id,candidate_snapshot_id,duplicate_review,related_observation_ids,qualification_notes,duration_label_status,training_admitted
OBS-04ad92b0fa840882,PASIG-20240725-0400,b6d9289c2c3d,https://pasigcity.gov.ph/news-and-releases/flood-update-as-of-0400am-july-25-2024-601,PASIG-2024-JUL24-25,Pasig,Manggahan,Manggahan,Gate 5 Karangalan Village Brgy. Manggahan,2024-07-25T04:00:00+08:00,"As of 04:00AM July 25, 2024",6,Please be advised that the following roads are NOT PASSABLE to light vehicles due to significant flooding in the area. | - Gate 5 Karangalan Village Brgy. Manggahan,flood_observed,,,,NOT PASSABLE to light vehicles,candidate,,depth_not_reported,2024-07-25,docs/evaluations/flood-duration-pilot-20261004,NCR-2024-07-25,,,,,,,,,,,,,docs/evaluations/flood-duration-pilot-20261004/sources/PASIG-20240725-0400.b6d9289c2c3d.txt,true,usable,usable_reported_snapshot_clock,source_reported_locality,Manggahan,not_reported,,,PASIG-2024-JUL24-25,TL-97555382468a77bb,SNAP-1face44d27693ea0,none_flagged,,Source-linked wet claim retained; no clearance inferred.,excluded_wet_snapshot_alone_has_no_outcome,false
OBS-14a9323a559b7cd0,PASIG-20240725-0400,b6d9289c2c3d,https://pasigcity.gov.ph/news-and-releases/flood-update-as-of-0400am-july-25-2024-601,PASIG-2024-JUL24-25,Pasig,San Miguel,San Miguel,Eusebio Ave. (PCGH) Brgy. San Miguel,2024-07-25T01:00:00+08:00,"As of 01:00AM July 25, 2024",14,Please be advised that the following roads are NOT PASSABLE to light vehicles due to significant flooding in the area. | - Eusebio Ave. (PCGH) Brgy. San Miguel,flood_observed,,,,NOT PASSABLE to light vehicles,candidate,,depth_not_reported,2024-07-25,docs/evaluations/flood-duration-pilot-20261004,NCR-2024-07-25,,,,,,,,,,,,,docs/evaluations/flood-duration-pilot-20261004/sources/PASIG-20240725-0400.b6d9289c2c3d.txt,true,usable,usable_reported_snapshot_clock,source_reported_locality,San Miguel,not_reported,,,PASIG-2024-JUL24-25,TL-0d87b815be9d6655,SNAP-504f0b2d6591f82b,none_flagged,,Source-linked wet claim retained; no clearance inferred.,excluded_wet_snapshot_alone_has_no_outcome,false
OBS-508fd6455f85fd30,PASIG-20240725-0400,b6d9289c2c3d,https://pasigcity.gov.ph/news-and-releases/flood-update-as-of-0400am-july-25-2024-601,PASIG-2024-JUL24-25,Pasig,Manggahan,Manggahan,Gate 5 Karangalan Village Brgy. Manggahan,2024-07-25T01:00:00+08:00,"As of 01:00AM July 25, 2024",15,Please be advised that the following roads are NOT PASSABLE to light vehicles due to significant flooding in the area. | - Gate 5 Karangalan Village Brgy. Manggahan,flood_observed,,,,NOT PASSABLE to light vehicles,candidate,,depth_not_reported,2024-07-25,docs/evaluations/flood-duration-pilot-20261004,NCR-2024-07-25,,,,,,,,,,,,,docs/evaluations/flood-duration-pilot-20261004/sources/PASIG-20240725-0400.b6d9289c2c3d.txt,true,usable,usable_reported_snapshot_clock,source_reported_locality,Manggahan,not_reported,,,PASIG-2024-JUL24-25,TL-97555382468a77bb,SNAP-5ca2927b77e55a70,none_flagged,,Source-linked wet claim retained; no clearance inferred.,excluded_wet_snapshot_alone_has_no_outcome,false
OBS-4a1adeb9d8de1b02,PASIG-20240725-0400,b6d9289c2c3d,https://pasigcity.gov.ph/news-and-releases/flood-update-as-of-0400am-july-25-2024-601,PASIG-2024-JUL24-25,Pasig,San Miguel,San Miguel,Eusebio Ave. (PCGH) Brgy. San Miguel,2024-07-24T23:00:00+08:00,"As of 11:00PM July 24, 2024",23,Please be advised that the following roads are NOT PASSABLE to light vehicles due to significant flooding in the area. | - Eusebio Ave. (PCGH) Brgy. San Miguel,flood_observed,,,,NOT PASSABLE to light vehicles,candidate,,depth_not_reported,2024-07-24,docs/evaluations/flood-duration-pilot-20261004,NCR-2024-07-24,,,,,,,,,,,,,docs/evaluations/flood-duration-pilot-20261004/sources/PASIG-20240725-0400.b6d9289c2c3d.txt,true,usable,usable_reported_snapshot_clock,source_reported_locality,San Miguel,not_reported,,,PASIG-2024-JUL24-25,TL-0d87b815be9d6655,SNAP-906931d326d83245,none_flagged,,Source-linked wet claim retained; no clearance inferred.,excluded_wet_snapshot_alone_has_no_outcome,false
OBS-66415499d7c746f3,PASIG-20240725-0400,b6d9289c2c3d,https://pasigcity.gov.ph/news-and-releases/flood-update-as-of-0400am-july-25-2024-601,PASIG-2024-JUL24-25,Pasig,Manggahan,Manggahan,Gate 5 Karangalan Village Brgy. Manggahan,2024-07-24T23:00:00+08:00,"As of 11:00PM July 24, 2024",24,Please be advised that the following roads are NOT PASSABLE to light vehicles due to significant flooding in the area. | - Gate 5 Karangalan Village Brgy. Manggahan,flood_observed,,,,NOT PASSABLE to light vehicles,candidate,,depth_not_reported,2024-07-24,docs/evaluations/flood-duration-pilot-20261004,NCR-2024-07-24,,,,,,,,,,,,,docs/evaluations/flood-duration-pilot-20261004/sources/PASIG-20240725-0400.b6d9289c2c3d.txt,true,usable,usable_reported_snapshot_clock,source_reported_locality,Manggahan,not_reported,,,PASIG-2024-JUL24-25,TL-97555382468a77bb,SNAP-04d23b9b42a78d85,none_flagged,,Source-linked wet claim retained; no clearance inferred.,excluded_wet_snapshot_alone_has_no_outcome,false
OBS-50475275da534b21,PASIG-20240725-0400,b6d9289c2c3d,https://pasigcity.gov.ph/news-and-releases/flood-update-as-of-0400am-july-25-2024-601,PASIG-2024-JUL24-25,Pasig,San Miguel,San Miguel,Eusebio Ave. (PCGH) Brgy. San Miguel,2024-07-24T22:00:00+08:00,"As of 10:00PM July 24, 2024",33,Please be advised that the following roads are NOT PASSABLE to light vehicles due to significant flooding in the area. | - Eusebio Ave. (PCGH) Brgy. San Miguel,flood_observed,,,,NOT PASSABLE to light vehicles,candidate,,depth_not_reported,2024-07-24,docs/evaluations/flood-duration-pilot-20261004,NCR-2024-07-24,,,,,,,,,,,,,docs/evaluations/flood-duration-pilot-20261004/sources/PASIG-20240725-0400.b6d9289c2c3d.txt,true,usable,usable_reported_snapshot_clock,source_reported_locality,San Miguel,not_reported,,,PASIG-2024-JUL24-25,TL-0d87b815be9d6655,SNAP-640610ab9fa46c2f,none_flagged,,Source-linked wet claim retained; no clearance inferred.,excluded_wet_snapshot_alone_has_no_outcome,false
OBS-297a3793f3a9874d,PASIG-20240725-0400,b6d9289c2c3d,https://pasigcity.gov.ph/news-and-releases/flood-update-as-of-0400am-july-25-2024-601,PASIG-2024-JUL24-25,Pasig,Manggahan,Manggahan,Gate 5 Karangalan Village Brgy. Manggahan,2024-07-24T22:00:00+08:00,"As of 10:00PM July 24, 2024",34,Please be advised that the following roads are NOT PASSABLE to light vehicles due to significant flooding in the area. | - Gate 5 Karangalan Village Brgy. Manggahan,flood_observed,,,,NOT PASSABLE to light vehicles,candidate,,depth_not_reported,2024-07-24,docs/evaluations/flood-duration-pilot-20261004,NCR-2024-07-24,,,,,,,,,,,,,docs/evaluations/flood-duration-pilot-20261004/sources/PASIG-20240725-0400.b6d9289c2c3d.txt,true,usable,usable_reported_snapshot_clock,source_reported_locality,Manggahan,not_reported,,,PASIG-2024-JUL24-25,TL-97555382468a77bb,SNAP-347d8d17e5403732,none_flagged,,Source-linked wet claim retained; no clearance inferred.,excluded_wet_snapshot_alone_has_no_outcome,false
OBS-c9c16b22a62bb46c,PASIG-20240725-0400,b6d9289c2c3d,https://pasigcity.gov.ph/news-and-releases/flood-update-as-of-0400am-july-25-2024-601,PASIG-2024-JUL24-25,Pasig,San Miguel,San Miguel,Eusebio Ave. (PCGH) - Brgy. San Miguel,2024-07-24T21:00:00+08:00,"As of 9:00PM July 24, 2024",44,Please be advised that the following roads are NOT PASSABLE to light vehicles due to significant flooding in the area: | - Eusebio Ave. (PCGH) - Brgy. San Miguel,flood_observed,,,,NOT PASSABLE to light vehicles,candidate,,depth_not_reported,2024-07-24,docs/evaluations/flood-duration-pilot-20261004,NCR-2024-07-24,,,,,,,,,,,,,docs/evaluations/flood-duration-pilot-20261004/sources/PASIG-20240725-0400.b6d9289c2c3d.txt,true,usable,usable_reported_snapshot_clock,source_reported_locality,San Miguel,not_reported,,,PASIG-2024-JUL24-25,TL-0d87b815be9d6655,SNAP-8e63705cba917004,none_flagged,,Source-linked wet claim retained; no clearance inferred.,excluded_wet_snapshot_alone_has_no_outcome,false
OBS-84b173addf137fec,PASIG-20240725-0400,b6d9289c2c3d,https://pasigcity.gov.ph/news-and-releases/flood-update-as-of-0400am-july-25-2024-601,PASIG-2024-JUL24-25,Pasig,Manggahan,Manggahan,Gate 5 Karangalan Village Brgy. Manggahan,2024-07-24T21:00:00+08:00,"As of 9:00PM July 24, 2024",45,Please be advised that the following roads are NOT PASSABLE to light vehicles due to significant flooding in the area: | - Gate 5 Karangalan Village Brgy. Manggahan,flood_observed,,,,NOT PASSABLE to light vehicles,candidate,,depth_not_reported,2024-07-24,docs/evaluations/flood-duration-pilot-20261004,NCR-2024-07-24,,,,,,,,,,,,,docs/evaluations/flood-duration-pilot-20261004/sources/PASIG-20240725-0400.b6d9289c2c3d.txt,true,usable,usable_reported_snapshot_clock,source_reported_locality,Manggahan,not_reported,,,PASIG-2024-JUL24-25,TL-97555382468a77bb,SNAP-dad42f75101b04f5,none_flagged,,Source-linked wet claim retained; no clearance inferred.,excluded_wet_snapshot_alone_has_no_outcome,false
OBS-6c59b9924c2bbe93,PASIG-20240725-0400,b6d9289c2c3d,https://pasigcity.gov.ph/news-and-releases/flood-update-as-of-0400am-july-25-2024-601,PASIG-2024-JUL24-25,Pasig,Maybunga,Maybunga,Jenny's Ave. - Brgy. Maybunga,2024-07-24T20:00:00+08:00,"As of 8:00PM July 24, 2024",53,Please be advised that the following roads are NOT PASSABLE to light vehicles due to significant flooding in the area: | - Jenny's Ave. - Brgy. Maybunga,flood_observed,,,,NOT PASSABLE to light vehicles,candidate,,depth_not_reported,2024-07-24,docs/evaluations/flood-duration-pilot-20261004,NCR-2024-07-24,,,,,,,,,,,,,docs/evaluations/flood-duration-pilot-20261004/sources/PASIG-20240725-0400.b6d9289c2c3d.txt,true,usable,usable_reported_snapshot_clock,source_reported_locality,Maybunga,not_reported,,,PASIG-2024-JUL24-25,TL-fde9f5259488bcaa,SNAP-6afb7c03819897eb,none_flagged,,Source-linked wet claim retained; no clearance inferred.,excluded_wet_snapshot_alone_has_no_outcome,false
OBS-2f6873e8e89d4a2e,PASIG-20240725-0400,b6d9289c2c3d,https://pasigcity.gov.ph/news-and-releases/flood-update-as-of-0400am-july-25-2024-601,PASIG-2024-JUL24-25,Pasig,Maybunga,Maybunga,F. Legaspi (Rainforest) - Brgy. Maybunga,2024-07-24T20:00:00+08:00,"As of 8:00PM July 24, 2024",54,Please be advised that the following roads are NOT PASSABLE to light vehicles due to significant flooding in the area: | - F. Legaspi (Rainforest) - Brgy. Maybunga,flood_observed,,,,NOT PASSABLE to light vehicles,candidate,,depth_not_reported,2024-07-24,docs/evaluations/flood-duration-pilot-20261004,NCR-2024-07-24,,,,,,,,,,,,,docs/evaluations/flood-duration-pilot-20261004/sources/PASIG-20240725-0400.b6d9289c2c3d.txt,true,usable,usable_reported_snapshot_clock,source_reported_locality,Maybunga,not_reported,,,PASIG-2024-JUL24-25,TL-ae8583f743984ac5,SNAP-1114850d73e0e1ec,none_flagged,,Source-linked wet claim retained; no clearance inferred.,excluded_wet_snapshot_alone_has_no_outcome,false
OBS-a428a901506b3581,PASIG-20240725-0400,b6d9289c2c3d,https://pasigcity.gov.ph/news-and-releases/flood-update-as-of-0400am-july-25-2024-601,PASIG-2024-JUL24-25,Pasig,San Miguel,San Miguel,Eusebio Ave. (PCGH) - Brgy. San Miguel,2024-07-24T20:00:00+08:00,"As of 8:00PM July 24, 2024",55,Please be advised that the following roads are NOT PASSABLE to light vehicles due to significant flooding in the area: | - Eusebio Ave. (PCGH) - Brgy. San Miguel,flood_observed,,,,NOT PASSABLE to light vehicles,candidate,,depth_not_reported,2024-07-24,docs/evaluations/flood-duration-pilot-20261004,NCR-2024-07-24,,,,,,,,,,,,,docs/evaluations/flood-duration-pilot-20261004/sources/PASIG-20240725-0400.b6d9289c2c3d.txt,true,usable,usable_reported_snapshot_clock,source_reported_locality,San Miguel,not_reported,,,PASIG-2024-JUL24-25,TL-0d87b815be9d6655,SNAP-bb700fcae10e9f85,none_flagged,,Source-linked wet claim retained; no clearance inferred.,excluded_wet_snapshot_alone_has_no_outcome,false
OBS-6451f55562ba04d5,PASIG-20240725-0400,b6d9289c2c3d,https://pasigcity.gov.ph/news-and-releases/flood-update-as-of-0400am-july-25-2024-601,PASIG-2024-JUL24-25,Pasig,Manggahan,Manggahan,Gate 5 Karangalan Village - Brgy. Manggahan,2024-07-24T20:00:00+08:00,"As of 8:00PM July 24, 2024",56,Please be advised that the following roads are NOT PASSABLE to light vehicles due to significant flooding in the area: | - Gate 5 Karangalan Village - Brgy. Manggahan,flood_observed,,,,NOT PASSABLE to light vehicles,candidate,,depth_not_reported,2024-07-24,docs/evaluations/flood-duration-pilot-20261004,NCR-2024-07-24,,,,,,,,,,,,,docs/evaluations/flood-duration-pilot-20261004/sources/PASIG-20240725-0400.b6d9289c2c3d.txt,true,usable,usable_reported_snapshot_clock,source_reported_locality,Manggahan,not_reported,,,PASIG-2024-JUL24-25,TL-97555382468a77bb,SNAP-0510dde9d9e084f8,none_flagged,,Source-linked wet claim retained; no clearance inferred.,excluded_wet_snapshot_alone_has_no_outcome,false
OBS-baf599444b2e0d4d,PASIG-20240725-0400,b6d9289c2c3d,https://pasigcity.gov.ph/news-and-releases/flood-update-as-of-0400am-july-25-2024-601,PASIG-2024-JUL24-25,Pasig,Maybunga,Maybunga,Jenny's Ave - Brgy. Maybunga,2024-07-24T18:00:00+08:00,"As of 6:00PM July 24, 2024",64,Please be advised that the following roads are NOT PASSABLE to light vehicles due to significant flooding in the area: | - Jenny's Ave - Brgy. Maybunga,flood_observed,,,,NOT PASSABLE to light vehicles,candidate,,depth_not_reported,2024-07-24,docs/evaluations/flood-duration-pilot-20261004,NCR-2024-07-24,,,,,,,,,,,,,docs/evaluations/flood-duration-pilot-20261004/sources/PASIG-20240725-0400.b6d9289c2c3d.txt,true,usable,usable_reported_snapshot_clock,source_reported_locality,Maybunga,not_reported,,,PASIG-2024-JUL24-25,TL-fde9f5259488bcaa,SNAP-67760e1b372ff950,none_flagged,,Source-linked wet claim retained; no clearance inferred.,excluded_wet_snapshot_alone_has_no_outcome,false
OBS-49bd5b6e8c8d1f27,PASIG-20240725-0400,b6d9289c2c3d,https://pasigcity.gov.ph/news-and-releases/flood-update-as-of-0400am-july-25-2024-601,PASIG-2024-JUL24-25,Pasig,Maybunga,Maybunga,F.Legaspi (Rainforest) - Brgy. Maybunga,2024-07-24T18:00:00+08:00,"As of 6:00PM July 24, 2024",65,Please be advised that the following roads are NOT PASSABLE to light vehicles due to significant flooding in the area: | - F.Legaspi (Rainforest) - Brgy. Maybunga,flood_observed,,,,NOT PASSABLE to light vehicles,candidate,,depth_not_reported,2024-07-24,docs/evaluations/flood-duration-pilot-20261004,NCR-2024-07-24,,,,,,,,,,,,,docs/evaluations/flood-duration-pilot-20261004/sources/PASIG-20240725-0400.b6d9289c2c3d.txt,true,usable,usable_reported_snapshot_clock,source_reported_locality,Maybunga,not_reported,,,PASIG-2024-JUL24-25,TL-ae8583f743984ac5,SNAP-8fd2d4bf1b9f5a69,none_flagged,,Source-linked wet claim retained; no clearance inferred.,excluded_wet_snapshot_alone_has_no_outcome,false
OBS-d81fb22f6c7468cf,PASIG-20240725-0400,b6d9289c2c3d,https://pasigcity.gov.ph/news-and-releases/flood-update-as-of-0400am-july-25-2024-601,PASIG-2024-JUL24-25,Pasig,San Miguel,San Miguel,Eusebio Ave (PCGH) - Brgy. San Miguel,2024-07-24T18:00:00+08:00,"As of 6:00PM July 24, 2024",66,Please be advised that the following roads are NOT PASSABLE to light vehicles due to significant flooding in the area: | - Eusebio Ave (PCGH) - Brgy. San Miguel,flood_observed,,,,NOT PASSABLE to light vehicles,candidate,,depth_not_reported,2024-07-24,docs/evaluations/flood-duration-pilot-20261004,NCR-2024-07-24,,,,,,,,,,,,,docs/evaluations/flood-duration-pilot-20261004/sources/PASIG-20240725-0400.b6d9289c2c3d.txt,true,usable,usable_reported_snapshot_clock,source_reported_locality,San Miguel,not_reported,,,PASIG-2024-JUL24-25,TL-0d87b815be9d6655,SNAP-feb250973965388f,none_flagged,,Source-linked wet claim retained; no clearance inferred.,excluded_wet_snapshot_alone_has_no_outcome,false
OBS-eb7621e6fd9a3ab1,PASIG-20240725-0400,b6d9289c2c3d,https://pasigcity.gov.ph/news-and-releases/flood-update-as-of-0400am-july-25-2024-601,PASIG-2024-JUL24-25,Pasig,Manggahan,Manggahan,Gate 5 Karangalan Village - Brgy.Manggahan,2024-07-24T18:00:00+08:00,"As of 6:00PM July 24, 2024",67,Please be advised that the following roads are NOT PASSABLE to light vehicles due to significant flooding in the area: | - Gate 5 Karangalan Village - Brgy.Manggahan,flood_observed,,,,NOT PASSABLE to light vehicles,candidate,,depth_not_reported,2024-07-24,docs/evaluations/flood-duration-pilot-20261004,NCR-2024-07-24,,,,,,,,,,,,,docs/evaluations/flood-duration-pilot-20261004/sources/PASIG-20240725-0400.b6d9289c2c3d.txt,true,usable,usable_reported_snapshot_clock,source_reported_locality,Manggahan,not_reported,,,PASIG-2024-JUL24-25,TL-97555382468a77bb,SNAP-40081d5146d4d89b,none_flagged,,Source-linked wet claim retained; no clearance inferred.,excluded_wet_snapshot_alone_has_no_outcome,false
OBS-599a2e2b72850062,PASIG-20240725-0400,b6d9289c2c3d,https://pasigcity.gov.ph/news-and-releases/flood-update-as-of-0400am-july-25-2024-601,PASIG-2024-JUL24-25,Pasig,Ugong,Ugong,Eagle St. cor. C5 Rd. - Brgy.Ugong,2024-07-24T18:00:00+08:00,"As of 6:00PM July 24, 2024",68,Please be advised that the following roads are NOT PASSABLE to light vehicles due to significant flooding in the area: | - Eagle St. cor. C5 Rd. - Brgy.Ugong,flood_observed,,,,NOT PASSABLE to light vehicles,candidate,,depth_not_reported,2024-07-24,docs/evaluations/flood-duration-pilot-20261004,NCR-2024-07-24,,,,,,,,,,,,,docs/evaluations/flood-duration-pilot-20261004/sources/PASIG-20240725-0400.b6d9289c2c3d.txt,true,usable,usable_reported_snapshot_clock,source_reported_locality,Ugong,not_reported,,,PASIG-2024-JUL24-25,TL-ef482c0a7f611180,SNAP-f28e06a20a033042,none_flagged,,Source-linked wet claim retained; no clearance inferred.,excluded_wet_snapshot_alone_has_no_outcome,false
OBS-efe4bf0e5d1e49fd,PASIG-20240725-0400,b6d9289c2c3d,https://pasigcity.gov.ph/news-and-releases/flood-update-as-of-0400am-july-25-2024-601,PASIG-2024-JUL24-25,Pasig,Rosario,Rosario,C.Raymundo Tramo - Brgy Rosario,2024-07-24T18:00:00+08:00,"As of 6:00PM July 24, 2024",69,Please be advised that the following roads are NOT PASSABLE to light vehicles due to significant flooding in the area: | - C.Raymundo Tramo - Brgy Rosario,flood_observed,,,,NOT PASSABLE to light vehicles,candidate,,depth_not_reported,2024-07-24,docs/evaluations/flood-duration-pilot-20261004,NCR-2024-07-24,,,,,,,,,,,,,docs/evaluations/flood-duration-pilot-20261004/sources/PASIG-20240725-0400.b6d9289c2c3d.txt,true,usable,usable_reported_snapshot_clock,source_reported_locality,Rosario,not_reported,,,PASIG-2024-JUL24-25,TL-79591ad25bd568fd,SNAP-42515b0eb058d9f5,none_flagged,,Source-linked wet claim retained; no clearance inferred.,excluded_wet_snapshot_alone_has_no_outcome,false
OBS-6c5c2330b605f15f,PASIG-20240725-0400,b6d9289c2c3d,https://pasigcity.gov.ph/news-and-releases/flood-update-as-of-0400am-july-25-2024-601,PASIG-2024-JUL24-25,Pasig,Maybunga,Maybunga,Jenny's ave Brgy. Maybunga,2024-07-24T17:00:00+08:00,"As of 5:00PM, July 24, 2024",77,Please be advised that the following roads are NOT PASSABLE to light vehicles due to significant flooding in the area: | - Jenny's ave Brgy. Maybunga,flood_observed,,,,NOT PASSABLE to light vehicles,candidate,,depth_not_reported,2024-07-24,docs/evaluations/flood-duration-pilot-20261004,NCR-2024-07-24,,,,,,,,,,,,,docs/evaluations/flood-duration-pilot-20261004/sources/PASIG-20240725-0400.b6d9289c2c3d.txt,true,usable,usable_reported_snapshot_clock,source_reported_locality,Maybunga,not_reported,,,PASIG-2024-JUL24-25,TL-fde9f5259488bcaa,SNAP-a209355b536b1d4f,none_flagged,,Source-linked wet claim retained; no clearance inferred.,excluded_wet_snapshot_alone_has_no_outcome,false
OBS-652895e7eb009ebf,PASIG-20240725-0400,b6d9289c2c3d,https://pasigcity.gov.ph/news-and-releases/flood-update-as-of-0400am-july-25-2024-601,PASIG-2024-JUL24-25,Pasig,Maybunga,Maybunga,F.Legaspi (Rainforest) Brgy. Maybunga,2024-07-24T17:00:00+08:00,"As of 5:00PM, July 24, 2024",78,Please be advised that the following roads are NOT PASSABLE to light vehicles due to significant flooding in the area: | - F.Legaspi (Rainforest) Brgy. Maybunga,flood_observed,,,,NOT PASSABLE to light vehicles,candidate,,depth_not_reported,2024-07-24,docs/evaluations/flood-duration-pilot-20261004,NCR-2024-07-24,,,,,,,,,,,,,docs/evaluations/flood-duration-pilot-20261004/sources/PASIG-20240725-0400.b6d9289c2c3d.txt,true,usable,usable_reported_snapshot_clock,source_reported_locality,Maybunga,not_reported,,,PASIG-2024-JUL24-25,TL-ae8583f743984ac5,SNAP-e3476e33afc823db,none_flagged,,Source-linked wet claim retained; no clearance inferred.,excluded_wet_snapshot_alone_has_no_outcome,false
OBS-103967f325c88378,PASIG-20240725-0400,b6d9289c2c3d,https://pasigcity.gov.ph/news-and-releases/flood-update-as-of-0400am-july-25-2024-601,PASIG-2024-JUL24-25,Pasig,San Miguel,San Miguel,Eusebio ave (PCGH) Brgy. San Miguel,2024-07-24T17:00:00+08:00,"As of 5:00PM, July 24, 2024",79,Please be advised that the following roads are NOT PASSABLE to light vehicles due to significant flooding in the area: | - Eusebio ave (PCGH) Brgy. San Miguel,flood_observed,,,,NOT PASSABLE to light vehicles,candidate,,depth_not_reported,2024-07-24,docs/evaluations/flood-duration-pilot-20261004,NCR-2024-07-24,,,,,,,,,,,,,docs/evaluations/flood-duration-pilot-20261004/sources/PASIG-20240725-0400.b6d9289c2c3d.txt,true,usable,usable_reported_snapshot_clock,source_reported_locality,San Miguel,not_reported,,,PASIG-2024-JUL24-25,TL-0d87b815be9d6655,SNAP-3a7320dfc0abd0f8,none_flagged,,Source-linked wet claim retained; no clearance inferred.,excluded_wet_snapshot_alone_has_no_outcome,false
OBS-dd020d8cb557c0a1,PASIG-20240725-0400,b6d9289c2c3d,https://pasigcity.gov.ph/news-and-releases/flood-update-as-of-0400am-july-25-2024-601,PASIG-2024-JUL24-25,Pasig,Manggahan,Manggahan,Gate 5 Karangalan Village Brgy.Manggahan,2024-07-24T17:00:00+08:00,"As of 5:00PM, July 24, 2024",80,Please be advised that the following roads are NOT PASSABLE to light vehicles due to significant flooding in the area: | - Gate 5 Karangalan Village Brgy.Manggahan,flood_observed,,,,NOT PASSABLE to light vehicles,candidate,,depth_not_reported,2024-07-24,docs/evaluations/flood-duration-pilot-20261004,NCR-2024-07-24,,,,,,,,,,,,,docs/evaluations/flood-duration-pilot-20261004/sources/PASIG-20240725-0400.b6d9289c2c3d.txt,true,usable,usable_reported_snapshot_clock,source_reported_locality,Manggahan,not_reported,,,PASIG-2024-JUL24-25,TL-97555382468a77bb,SNAP-425bfa8c3978d8c1,none_flagged,,Source-linked wet claim retained; no clearance inferred.,excluded_wet_snapshot_alone_has_no_outcome,false
OBS-5a353dafeacbd679,PASIG-20240725-0400,b6d9289c2c3d,https://pasigcity.gov.ph/news-and-releases/flood-update-as-of-0400am-july-25-2024-601,PASIG-2024-JUL24-25,Pasig,Ugong,Ugong,Eagle st cor C5 rd. Brgy.Ugong,2024-07-24T17:00:00+08:00,"As of 5:00PM, July 24, 2024",81,Please be advised that the following roads are NOT PASSABLE to light vehicles due to significant flooding in the area: | - Eagle st cor C5 rd. Brgy.Ugong,flood_observed,,,,NOT PASSABLE to light vehicles,candidate,,depth_not_reported,2024-07-24,docs/evaluations/flood-duration-pilot-20261004,NCR-2024-07-24,,,,,,,,,,,,,docs/evaluations/flood-duration-pilot-20261004/sources/PASIG-20240725-0400.b6d9289c2c3d.txt,true,usable,usable_reported_snapshot_clock,source_reported_locality,Ugong,not_reported,,,PASIG-2024-JUL24-25,TL-ef482c0a7f611180,SNAP-426b3f3d9ec4e67e,none_flagged,,Source-linked wet claim retained; no clearance inferred.,excluded_wet_snapshot_alone_has_no_outcome,false
OBS-87b26c545642d9d0,PASIG-20240725-0400,b6d9289c2c3d,https://pasigcity.gov.ph/news-and-releases/flood-update-as-of-0400am-july-25-2024-601,PASIG-2024-JUL24-25,Pasig,Maybunga,Maybunga,Jenny's Ave - Brgy. Maybunga,2024-07-24T15:00:00+08:00,"As of 3:00PM July 24, 2024",91,Please be advised that the following roads are NOT PASSABLE to light vehicles due to significant flooding in the area: | - Jenny's Ave - Brgy. Maybunga,flood_observed,,,,NOT PASSABLE to light vehicles,candidate,,depth_not_reported,2024-07-24,docs/evaluations/flood-duration-pilot-20261004,NCR-2024-07-24,,,,,,,,,,,,,docs/evaluations/flood-duration-pilot-20261004/sources/PASIG-20240725-0400.b6d9289c2c3d.txt,true,usable,usable_reported_snapshot_clock,source_reported_locality,Maybunga,not_reported,,,PASIG-2024-JUL24-25,TL-fde9f5259488bcaa,SNAP-93036bad5e3aba84,none_flagged,,Source-linked wet claim retained; no clearance inferred.,excluded_wet_snapshot_alone_has_no_outcome,false
OBS-1b7c0ad8e8117629,PASIG-20240725-0400,b6d9289c2c3d,https://pasigcity.gov.ph/news-and-releases/flood-update-as-of-0400am-july-25-2024-601,PASIG-2024-JUL24-25,Pasig,Maybunga,Maybunga,F. Legaspi (Rainforest) - Brgy. Maybunga,2024-07-24T15:00:00+08:00,"As of 3:00PM July 24, 2024",92,Please be advised that the following roads are NOT PASSABLE to light vehicles due to significant flooding in the area: | - F. Legaspi (Rainforest) - Brgy. Maybunga,flood_observed,,,,NOT PASSABLE to light vehicles,candidate,,depth_not_reported,2024-07-24,docs/evaluations/flood-duration-pilot-20261004,NCR-2024-07-24,,,,,,,,,,,,,docs/evaluations/flood-duration-pilot-20261004/sources/PASIG-20240725-0400.b6d9289c2c3d.txt,true,usable,usable_reported_snapshot_clock,source_reported_locality,Maybunga,not_reported,,,PASIG-2024-JUL24-25,TL-ae8583f743984ac5,SNAP-9f37276c1c57e4d6,none_flagged,,Source-linked wet claim retained; no clearance inferred.,excluded_wet_snapshot_alone_has_no_outcome,false
OBS-e28239f7eca78587,PASIG-20240725-0400,b6d9289c2c3d,https://pasigcity.gov.ph/news-and-releases/flood-update-as-of-0400am-july-25-2024-601,PASIG-2024-JUL24-25,Pasig,San Miguel,San Miguel,Eusebio Ave (PCGH) - Brgy. San Miguel,2024-07-24T15:00:00+08:00,"As of 3:00PM July 24, 2024",93,Please be advised that the following roads are NOT PASSABLE to light vehicles due to significant flooding in the area: | - Eusebio Ave (PCGH) - Brgy. San Miguel,flood_observed,,,,NOT PASSABLE to light vehicles,candidate,,depth_not_reported,2024-07-24,docs/evaluations/flood-duration-pilot-20261004,NCR-2024-07-24,,,,,,,,,,,,,docs/evaluations/flood-duration-pilot-20261004/sources/PASIG-20240725-0400.b6d9289c2c3d.txt,true,usable,usable_reported_snapshot_clock,source_reported_locality,San Miguel,not_reported,,,PASIG-2024-JUL24-25,TL-0d87b815be9d6655,SNAP-a275f0792cde91a2,none_flagged,,Source-linked wet claim retained; no clearance inferred.,excluded_wet_snapshot_alone_has_no_outcome,false
OBS-5784b0e5ba736591,PASIG-20240725-0400,b6d9289c2c3d,https://pasigcity.gov.ph/news-and-releases/flood-update-as-of-0400am-july-25-2024-601,PASIG-2024-JUL24-25,Pasig,Manggahan,Manggahan,Gate 5 Karangalan Village - Brgy. Manggahan,2024-07-24T15:00:00+08:00,"As of 3:00PM July 24, 2024",94,Please be advised that the following roads are NOT PASSABLE to light vehicles due to significant flooding in the area: | - Gate 5 Karangalan Village - Brgy. Manggahan,flood_observed,,,,NOT PASSABLE to light vehicles,candidate,,depth_not_reported,2024-07-24,docs/evaluations/flood-duration-pilot-20261004,NCR-2024-07-24,,,,,,,,,,,,,docs/evaluations/flood-duration-pilot-20261004/sources/PASIG-20240725-0400.b6d9289c2c3d.txt,true,usable,usable_reported_snapshot_clock,source_reported_locality,Manggahan,not_reported,,,PASIG-2024-JUL24-25,TL-97555382468a77bb,SNAP-87180a9fb02e87fb,none_flagged,,Source-linked wet claim retained; no clearance inferred.,excluded_wet_snapshot_alone_has_no_outcome,false
OBS-08083b49f25dc0a4,PASIG-20240725-0400,b6d9289c2c3d,https://pasigcity.gov.ph/news-and-releases/flood-update-as-of-0400am-july-25-2024-601,PASIG-2024-JUL24-25,Pasig,Ugong,Ugong,Eagle St. Cor C5 Rd - Brgy. Ugong,2024-07-24T15:00:00+08:00,"As of 3:00PM July 24, 2024",95,Please be advised that the following roads are NOT PASSABLE to light vehicles due to significant flooding in the area: | - Eagle St. Cor C5 Rd - Brgy. Ugong,flood_observed,,,,NOT PASSABLE to light vehicles,candidate,,depth_not_reported,2024-07-24,docs/evaluations/flood-duration-pilot-20261004,NCR-2024-07-24,,,,,,,,,,,,,docs/evaluations/flood-duration-pilot-20261004/sources/PASIG-20240725-0400.b6d9289c2c3d.txt,true,usable,usable_reported_snapshot_clock,source_reported_locality,Ugong,not_reported,,,PASIG-2024-JUL24-25,TL-ef482c0a7f611180,SNAP-4150b66a5ad3f69f,none_flagged,,Source-linked wet claim retained; no clearance inferred.,excluded_wet_snapshot_alone_has_no_outcome,false
OBS-4fbc08fb414ee269,PASIG-20240725-0400,b6d9289c2c3d,https://pasigcity.gov.ph/news-and-releases/flood-update-as-of-0400am-july-25-2024-601,PASIG-2024-JUL24-25,Pasig,Maybunga,Maybunga,Jenny's ave Brgy. Maybunga,2024-07-24T14:00:00+08:00,"As of 2:00PM July 24, 2024",105,Please be advised that the following roads are NOT PASSABLE to light vehicles due to significant flooding in the area: | - Jenny's ave Brgy. Maybunga,flood_observed,,,,NOT PASSABLE to light vehicles,candidate,,depth_not_reported,2024-07-24,docs/evaluations/flood-duration-pilot-20261004,NCR-2024-07-24,,,,,,,,,,,,,docs/evaluations/flood-duration-pilot-20261004/sources/PASIG-20240725-0400.b6d9289c2c3d.txt,true,usable,usable_reported_snapshot_clock,source_reported_locality,Maybunga,not_reported,,,PASIG-2024-JUL24-25,TL-fde9f5259488bcaa,SNAP-550918b6b265d000,none_flagged,,Source-linked wet claim retained; no clearance inferred.,excluded_wet_snapshot_alone_has_no_outcome,false
OBS-080830d4ac150bf9,PASIG-20240725-0400,b6d9289c2c3d,https://pasigcity.gov.ph/news-and-releases/flood-update-as-of-0400am-july-25-2024-601,PASIG-2024-JUL24-25,Pasig,Maybunga,Maybunga,F.Legaspi (Rainforest) Brgy. Maybunga,2024-07-24T14:00:00+08:00,"As of 2:00PM July 24, 2024",106,Please be advised that the following roads are NOT PASSABLE to light vehicles due to significant flooding in the area: | - F.Legaspi (Rainforest) Brgy. Maybunga,flood_observed,,,,NOT PASSABLE to light vehicles,candidate,,depth_not_reported,2024-07-24,docs/evaluations/flood-duration-pilot-20261004,NCR-2024-07-24,,,,,,,,,,,,,docs/evaluations/flood-duration-pilot-20261004/sources/PASIG-20240725-0400.b6d9289c2c3d.txt,true,usable,usable_reported_snapshot_clock,source_reported_locality,Maybunga,not_reported,,,PASIG-2024-JUL24-25,TL-ae8583f743984ac5,SNAP-997e3733966cab83,none_flagged,,Source-linked wet claim retained; no clearance inferred.,excluded_wet_snapshot_alone_has_no_outcome,false
OBS-b358a46353a85a2b,PASIG-20240725-0400,b6d9289c2c3d,https://pasigcity.gov.ph/news-and-releases/flood-update-as-of-0400am-july-25-2024-601,PASIG-2024-JUL24-25,Pasig,San Miguel,San Miguel,Eusebio ave (PCGH) Brgy. San Miguel,2024-07-24T14:00:00+08:00,"As of 2:00PM July 24, 2024",107,Please be advised that the following roads are NOT PASSABLE to light vehicles due to significant flooding in the area: | - Eusebio ave (PCGH) Brgy. San Miguel,flood_observed,,,,NOT PASSABLE to light vehicles,candidate,,depth_not_reported,2024-07-24,docs/evaluations/flood-duration-pilot-20261004,NCR-2024-07-24,,,,,,,,,,,,,docs/evaluations/flood-duration-pilot-20261004/sources/PASIG-20240725-0400.b6d9289c2c3d.txt,true,usable,usable_reported_snapshot_clock,source_reported_locality,San Miguel,not_reported,,,PASIG-2024-JUL24-25,TL-0d87b815be9d6655,SNAP-b39ddf614a09ecf4,none_flagged,,Source-linked wet claim retained; no clearance inferred.,excluded_wet_snapshot_alone_has_no_outcome,false
OBS-6a2289c5f796dcc4,PASIG-20240725-0400,b6d9289c2c3d,https://pasigcity.gov.ph/news-and-releases/flood-update-as-of-0400am-july-25-2024-601,PASIG-2024-JUL24-25,Pasig,Manggahan,Manggahan,Gate 5 Karangalan Village Brgy.Manggahan,2024-07-24T14:00:00+08:00,"As of 2:00PM July 24, 2024",108,Please be advised that the following roads are NOT PASSABLE to light vehicles due to significant flooding in the area: | - Gate 5 Karangalan Village Brgy.Manggahan,flood_observed,,,,NOT PASSABLE to light vehicles,candidate,,depth_not_reported,2024-07-24,docs/evaluations/flood-duration-pilot-20261004,NCR-2024-07-24,,,,,,,,,,,,,docs/evaluations/flood-duration-pilot-20261004/sources/PASIG-20240725-0400.b6d9289c2c3d.txt,true,usable,usable_reported_snapshot_clock,source_reported_locality,Manggahan,not_reported,,,PASIG-2024-JUL24-25,TL-97555382468a77bb,SNAP-ffbf1fa88047d3c5,none_flagged,,Source-linked wet claim retained; no clearance inferred.,excluded_wet_snapshot_alone_has_no_outcome,false
OBS-3293624852e0dc9b,PASIG-20240725-0400,b6d9289c2c3d,https://pasigcity.gov.ph/news-and-releases/flood-update-as-of-0400am-july-25-2024-601,PASIG-2024-JUL24-25,Pasig,Ugong,Ugong,Eagle st cor C5 rd. Brgy.Ugong,2024-07-24T14:00:00+08:00,"As of 2:00PM July 24, 2024",109,Please be advised that the following roads are NOT PASSABLE to light vehicles due to significant flooding in the area: | - Eagle st cor C5 rd. Brgy.Ugong,flood_observed,,,,NOT PASSABLE to light vehicles,candidate,,depth_not_reported,2024-07-24,docs/evaluations/flood-duration-pilot-20261004,NCR-2024-07-24,,,,,,,,,,,,,docs/evaluations/flood-duration-pilot-20261004/sources/PASIG-20240725-0400.b6d9289c2c3d.txt,true,usable,usable_reported_snapshot_clock,source_reported_locality,Ugong,not_reported,,,PASIG-2024-JUL24-25,TL-ef482c0a7f611180,SNAP-31c04fdfa81f0a82,none_flagged,,Source-linked wet claim retained; no clearance inferred.,excluded_wet_snapshot_alone_has_no_outcome,false
OBS-1b5c5daeb48656ff,PASIG-20240725-0400,b6d9289c2c3d,https://pasigcity.gov.ph/news-and-releases/flood-update-as-of-0400am-july-25-2024-601,PASIG-2024-JUL24-25,Pasig,Maybunga,Maybunga,Jenny's ave Brgy. Maybunga,2024-07-24T11:00:00+08:00,"As of 11:00 AM, July 24, 2024",119,Please be advised that the following roads are NOT PASSABLE to light vehicles due to significant flooding in the area: | - Jenny's ave Brgy. Maybunga,flood_observed,,,,NOT PASSABLE to light vehicles,candidate,,depth_not_reported,2024-07-24,docs/evaluations/flood-duration-pilot-20261004,NCR-2024-07-24,,,,,,,,,,,,,docs/evaluations/flood-duration-pilot-20261004/sources/PASIG-20240725-0400.b6d9289c2c3d.txt,true,usable,usable_reported_snapshot_clock,source_reported_locality,Maybunga,not_reported,,,PASIG-2024-JUL24-25,TL-fde9f5259488bcaa,SNAP-9b3f9dd5ff77e96f,none_flagged,,Source-linked wet claim retained; no clearance inferred.,excluded_wet_snapshot_alone_has_no_outcome,false
OBS-c6c18403a7f4fae3,PASIG-20240725-0400,b6d9289c2c3d,https://pasigcity.gov.ph/news-and-releases/flood-update-as-of-0400am-july-25-2024-601,PASIG-2024-JUL24-25,Pasig,Maybunga,Maybunga,F.Legaspi (Rainforest) Brgy. Maybunga,2024-07-24T11:00:00+08:00,"As of 11:00 AM, July 24, 2024",120,Please be advised that the following roads are NOT PASSABLE to light vehicles due to significant flooding in the area: | - F.Legaspi (Rainforest) Brgy. Maybunga,flood_observed,,,,NOT PASSABLE to light vehicles,candidate,,depth_not_reported,2024-07-24,docs/evaluations/flood-duration-pilot-20261004,NCR-2024-07-24,,,,,,,,,,,,,docs/evaluations/flood-duration-pilot-20261004/sources/PASIG-20240725-0400.b6d9289c2c3d.txt,true,usable,usable_reported_snapshot_clock,source_reported_locality,Maybunga,not_reported,,,PASIG-2024-JUL24-25,TL-ae8583f743984ac5,SNAP-dd51b4477a6fcaf8,none_flagged,,Source-linked wet claim retained; no clearance inferred.,excluded_wet_snapshot_alone_has_no_outcome,false
OBS-1ccf0ac27a114432,PASIG-20240725-0400,b6d9289c2c3d,https://pasigcity.gov.ph/news-and-releases/flood-update-as-of-0400am-july-25-2024-601,PASIG-2024-JUL24-25,Pasig,San Miguel,San Miguel,Eusebio ave (PCGH) Brgy. San Miguel,2024-07-24T11:00:00+08:00,"As of 11:00 AM, July 24, 2024",121,Please be advised that the following roads are NOT PASSABLE to light vehicles due to significant flooding in the area: | - Eusebio ave (PCGH) Brgy. San Miguel,flood_observed,,,,NOT PASSABLE to light vehicles,candidate,,depth_not_reported,2024-07-24,docs/evaluations/flood-duration-pilot-20261004,NCR-2024-07-24,,,,,,,,,,,,,docs/evaluations/flood-duration-pilot-20261004/sources/PASIG-20240725-0400.b6d9289c2c3d.txt,true,usable,usable_reported_snapshot_clock,source_reported_locality,San Miguel,not_reported,,,PASIG-2024-JUL24-25,TL-0d87b815be9d6655,SNAP-fe2c0d7a9a7a4610,none_flagged,,Source-linked wet claim retained; no clearance inferred.,excluded_wet_snapshot_alone_has_no_outcome,false
OBS-683da27bad289a8d,PASIG-20240725-0400,b6d9289c2c3d,https://pasigcity.gov.ph/news-and-releases/flood-update-as-of-0400am-july-25-2024-601,PASIG-2024-JUL24-25,Pasig,Caniogan,Caniogan,C. Dela Paz St. Brgy. Caniogan,2024-07-24T09:00:00+08:00,"As of 9:00 AM, July 24, 2024",129,Please be advised that the following roads are NOT PASSABLE to light vehicles due to significant flooding in the area: | - C. Dela Paz St. Brgy. Caniogan,flood_observed,,,,NOT PASSABLE to light vehicles,candidate,,depth_not_reported,2024-07-24,docs/evaluations/flood-duration-pilot-20261004,NCR-2024-07-24,,,,,,,,,,,,,docs/evaluations/flood-duration-pilot-20261004/sources/PASIG-20240725-0400.b6d9289c2c3d.txt,true,usable,usable_reported_snapshot_clock,source_reported_locality,Caniogan,not_reported,,,PASIG-2024-JUL24-25,TL-49e75c0af8fe622b,SNAP-3ee8e1fc46540c98,none_flagged,,Source-linked wet claim retained; no clearance inferred.,excluded_wet_snapshot_alone_has_no_outcome,false
OBS-4e24b182790585e4,PASIG-20240725-0400,b6d9289c2c3d,https://pasigcity.gov.ph/news-and-releases/flood-update-as-of-0400am-july-25-2024-601,PASIG-2024-JUL24-25,Pasig,Malinao,Malinao,G. Raymundo Brgy. Malinao,2024-07-24T09:00:00+08:00,"As of 9:00 AM, July 24, 2024",130,Please be advised that the following roads are NOT PASSABLE to light vehicles due to significant flooding in the area: | - G. Raymundo Brgy. Malinao,flood_observed,,,,NOT PASSABLE to light vehicles,candidate,,depth_not_reported,2024-07-24,docs/evaluations/flood-duration-pilot-20261004,NCR-2024-07-24,,,,,,,,,,,,,docs/evaluations/flood-duration-pilot-20261004/sources/PASIG-20240725-0400.b6d9289c2c3d.txt,true,usable,usable_reported_snapshot_clock,source_reported_locality,Malinao,not_reported,,,PASIG-2024-JUL24-25,TL-7864d38d93eb3d12,SNAP-369be869454339df,none_flagged,,Source-linked wet claim retained; no clearance inferred.,excluded_wet_snapshot_alone_has_no_outcome,false
OBS-3d510e174836e31e,PASIG-20240725-0400,b6d9289c2c3d,https://pasigcity.gov.ph/news-and-releases/flood-update-as-of-0400am-july-25-2024-601,PASIG-2024-JUL24-25,Pasig,Maybunga,Maybunga,Jenny's ave Brgy. Maybunga,2024-07-24T09:00:00+08:00,"As of 9:00 AM, July 24, 2024",131,Please be advised that the following roads are NOT PASSABLE to light vehicles due to significant flooding in the area: | - Jenny's ave Brgy. Maybunga,flood_observed,,,,NOT PASSABLE to light vehicles,candidate,,depth_not_reported,2024-07-24,docs/evaluations/flood-duration-pilot-20261004,NCR-2024-07-24,,,,,,,,,,,,,docs/evaluations/flood-duration-pilot-20261004/sources/PASIG-20240725-0400.b6d9289c2c3d.txt,true,usable,usable_reported_snapshot_clock,source_reported_locality,Maybunga,not_reported,,,PASIG-2024-JUL24-25,TL-fde9f5259488bcaa,SNAP-86833445a88b2e45,none_flagged,,Source-linked wet claim retained; no clearance inferred.,excluded_wet_snapshot_alone_has_no_outcome,false
OBS-6f2d3f6ed59fb09c,PASIG-20240725-0400,b6d9289c2c3d,https://pasigcity.gov.ph/news-and-releases/flood-update-as-of-0400am-july-25-2024-601,PASIG-2024-JUL24-25,Pasig,Maybunga,Maybunga,F.Legaspi (Rainforest) Brgy. Maybunga,2024-07-24T09:00:00+08:00,"As of 9:00 AM, July 24, 2024",132,Please be advised that the following roads are NOT PASSABLE to light vehicles due to significant flooding in the area: | - F.Legaspi (Rainforest) Brgy. Maybunga,flood_observed,,,,NOT PASSABLE to light vehicles,candidate,,depth_not_reported,2024-07-24,docs/evaluations/flood-duration-pilot-20261004,NCR-2024-07-24,,,,,,,,,,,,,docs/evaluations/flood-duration-pilot-20261004/sources/PASIG-20240725-0400.b6d9289c2c3d.txt,true,usable,usable_reported_snapshot_clock,source_reported_locality,Maybunga,not_reported,,,PASIG-2024-JUL24-25,TL-ae8583f743984ac5,SNAP-4efa8f32457e38da,none_flagged,,Source-linked wet claim retained; no clearance inferred.,excluded_wet_snapshot_alone_has_no_outcome,false
OBS-b1903c26cd6ca8b9,PASIG-20240725-0400,b6d9289c2c3d,https://pasigcity.gov.ph/news-and-releases/flood-update-as-of-0400am-july-25-2024-601,PASIG-2024-JUL24-25,Pasig,Pinagbuhatan,Pinagbuhatan,Urbano cor. Sandoval Brgy. Pinagbuhatan,2024-07-24T09:00:00+08:00,"As of 9:00 AM, July 24, 2024",133,Please be advised that the following roads are NOT PASSABLE to light vehicles due to significant flooding in the area: | - Urbano cor. Sandoval Brgy. Pinagbuhatan,flood_observed,,,,NOT PASSABLE to light vehicles,candidate,,depth_not_reported,2024-07-24,docs/evaluations/flood-duration-pilot-20261004,NCR-2024-07-24,,,,,,,,,,,,,docs/evaluations/flood-duration-pilot-20261004/sources/PASIG-20240725-0400.b6d9289c2c3d.txt,true,usable,usable_reported_snapshot_clock,source_reported_locality,Pinagbuhatan,not_reported,,,PASIG-2024-JUL24-25,TL-370d2c7977df8a8c,SNAP-139e469db4300202,none_flagged,,Source-linked wet claim retained; no clearance inferred.,excluded_wet_snapshot_alone_has_no_outcome,false
OBS-48d70bc4814a90ee,PASIG-20240725-1700,0438d3cd550b,https://pasigcity.gov.ph/news-and-releases/flood-update-as-of-500pm-july-25-2024-968,PASIG-2024-JUL24-25,Pasig,Manggahan,Manggahan,Gate 5 Karangalan Village,2024-07-25T17:00:00+08:00,"As of 5:00PM July 25, 2024",5,Please be advised that Gate 5 Karangalan Village in Brgy. Manggahan is still NOT PASSABLE to light vehicles due to significant flooding in the area.,flood_observed,,,,NOT PASSABLE to light vehicles,candidate,,depth_not_reported,2024-07-25,docs/evaluations/flood-duration-pilot-20261004,NCR-2024-07-25,,,,,,,,,,,,,docs/evaluations/flood-duration-pilot-20261004/sources/PASIG-20240725-1700.0438d3cd550b.txt,true,usable,usable_reported_snapshot_clock,source_reported_locality,Manggahan,not_reported,,,PASIG-2024-JUL24-25,TL-97555382468a77bb,SNAP-d3ed24ce4024d52b,none_flagged,,Source-linked wet claim retained; no clearance inferred.,excluded_wet_snapshot_alone_has_no_outcome,false
OBS-a0cd1705c784535a,PASIG-20240725-1700,0438d3cd550b,https://pasigcity.gov.ph/news-and-releases/flood-update-as-of-500pm-july-25-2024-968,PASIG-2024-JUL24-25,Pasig,Manggahan,Manggahan,Gate 5 Karangalan Village Brgy. Manggahan,2024-07-25T12:00:00+08:00,"As of 12:00NN July 25, 2024",14,Please be advise that the road below is NOT PASSABLE to light vehicles due to significant flooding in the area: | - Gate 5 Karangalan Village Brgy. Manggahan,flood_observed,,,,NOT PASSABLE to light vehicles,candidate,,depth_not_reported,2024-07-25,docs/evaluations/flood-duration-pilot-20261004,NCR-2024-07-25,,,,,,,,,,,,,docs/evaluations/flood-duration-pilot-20261004/sources/PASIG-20240725-1700.0438d3cd550b.txt,true,usable,usable_reported_snapshot_clock,source_reported_locality,Manggahan,not_reported,,,PASIG-2024-JUL24-25,TL-97555382468a77bb,SNAP-96c9ba622c61e438,none_flagged,,Source-linked wet claim retained; no clearance inferred.,excluded_wet_snapshot_alone_has_no_outcome,false
OBS-201f5bb58bc7082c,PASIG-20240725-1700,0438d3cd550b,https://pasigcity.gov.ph/news-and-releases/flood-update-as-of-500pm-july-25-2024-968,PASIG-2024-JUL24-25,Pasig,Manggahan,Manggahan,"Gate 5 Karangalan Village, Brgy. Manggahan",2024-07-25T10:00:00+08:00,"As of 10:00AM July 25, 2024",21,"Please be advised that the following roads are NOT PASSABLE to light vehicles due to significant flooding in the area: | -Gate 5 Karangalan Village, Brgy. Manggahan",flood_observed,,,,NOT PASSABLE to light vehicles,candidate,,depth_not_reported,2024-07-25,docs/evaluations/flood-duration-pilot-20261004,NCR-2024-07-25,,,,,,,,,,,,,docs/evaluations/flood-duration-pilot-20261004/sources/PASIG-20240725-1700.0438d3cd550b.txt,true,usable,usable_reported_snapshot_clock,source_reported_locality,Manggahan,not_reported,,,PASIG-2024-JUL24-25,TL-97555382468a77bb,SNAP-77485c890f070219,none_flagged,,Source-linked wet claim retained; no clearance inferred.,excluded_wet_snapshot_alone_has_no_outcome,false
OBS-3fdd78dc5715c465,PASIG-20240725-1700,0438d3cd550b,https://pasigcity.gov.ph/news-and-releases/flood-update-as-of-500pm-july-25-2024-968,PASIG-2024-JUL24-25,Pasig,Sta Lucia (in front of SM East Ortigas),Sta. Lucia,"Ortigas Extn., Brgy. Sta Lucia (in front of SM East Ortigas)",2024-07-25T10:00:00+08:00,"As of 10:00AM July 25, 2024",22,"Please be advised that the following roads are NOT PASSABLE to light vehicles due to significant flooding in the area: | -Ortigas Extn., Brgy. Sta Lucia (in front of SM East Ortigas)",flood_observed,,,,NOT PASSABLE to light vehicles,candidate,,depth_not_reported,2024-07-25,docs/evaluations/flood-duration-pilot-20261004,NCR-2024-07-25,,,,,,,,,,,,,docs/evaluations/flood-duration-pilot-20261004/sources/PASIG-20240725-1700.0438d3cd550b.txt,true,usable,usable_reported_snapshot_clock,source_reported_locality,Sta. Lucia,not_reported,,,PASIG-2024-JUL24-25,TL-d486d247801eb7df,SNAP-c3f0d51833cb8c5c,none_flagged,,Source-linked wet claim retained; no clearance inferred.,excluded_wet_snapshot_alone_has_no_outcome,false
OBS-7b67a36aafc7cc99,PASIG-20250721-1900,af19914833ce,https://pasigcity.gov.ph/news-and-releases/flood-update-as-of-0700pm-21-july-2025-923,PASIG-2025-JUL21-25,Pasig,Dela Paz,Dela Paz,"Karangalan Phase 2 A, Brgy. Dela Paz",2025-07-21T19:00:00+08:00,As of 07:00PM | 21 July 2025,5,"1. Karangalan Phase 2 A, Brgy. Dela Paz | Water Level: Knee Level",flood_observed,Knee Level,,,,candidate,,qualitative_depth_no_numeric_conversion;same_clock_depth_conflict,2025-07-21,docs/evaluations/flood-duration-pilot-20261004,NCR-2025-07-21,,,,,,,,,,,,,docs/evaluations/flood-duration-pilot-20261004/sources/PASIG-20250721-1900.af19914833ce.txt,true,usable,usable_reported_snapshot_clock,source_reported_locality,Dela Paz,uncertain_same_clock_source_claims,,,PASIG-2025-JUL21-25,TL-9274a834cf4f5614,SNAP-cf53ab99f589dc1f,representative_of_candidate_same_place_clock,OBS-a69a15308434af2c,"Same place/time has qualitative and numeric claims; retain both, do not average or select one. PASIG-20250721-1900 lines 5-6 and 27-28 report Karangalan Phase 2 A at the same clock with knee level and 1 ft. Keep two source claims but one candidate wet snapshot; first source occurrence is a display representative only, not preferred depth.",excluded_wet_snapshot_alone_has_no_outcome,false
OBS-f3f7be20ad3782b5,PASIG-20250721-1900,af19914833ce,https://pasigcity.gov.ph/news-and-releases/flood-update-as-of-0700pm-21-july-2025-923,PASIG-2025-JUL21-25,Pasig,Manggahan,Manggahan,"Panama St cor Stockholm, Brgy. Manggahan",2025-07-21T19:00:00+08:00,As of 07:00PM | 21 July 2025,7,"2. Panama St cor Stockholm, Brgy. Manggahan | Water Level: 3-4 inches",flood_observed,3-4 inches,7.62,10.16,,candidate,,,2025-07-21,docs/evaluations/flood-duration-pilot-20261004,NCR-2025-07-21,,,,,,,,,,,,,docs/evaluations/flood-duration-pilot-20261004/sources/PASIG-20250721-1900.af19914833ce.txt,true,usable,usable_reported_snapshot_clock,source_reported_locality,Manggahan,usable_reported_numeric,7.62,10.16,PASIG-2025-JUL21-25,TL-aefcaac584ec3cef,SNAP-98156f49e8005567,none_flagged,,Source-linked wet claim retained; no clearance inferred.,excluded_wet_snapshot_alone_has_no_outcome,false
OBS-f83aaee608b8e3d4,PASIG-20250721-1900,af19914833ce,https://pasigcity.gov.ph/news-and-releases/flood-update-as-of-0700pm-21-july-2025-923,PASIG-2025-JUL21-25,Pasig,Manggahan,Manggahan,"Panama St., Brgy. Manggahan",2025-07-21T19:00:00+08:00,As of 07:00PM | 21 July 2025,9,"3. Panama St., Brgy. Manggahan | Water Level: 3-4 inches",flood_observed,3-4 inches,7.62,10.16,,candidate,,,2025-07-21,docs/evaluations/flood-duration-pilot-20261004,NCR-2025-07-21,,,,,,,,,,,,,docs/evaluations/flood-duration-pilot-20261004/sources/PASIG-20250721-1900.af19914833ce.txt,true,usable,usable_reported_snapshot_clock,source_reported_locality,Manggahan,usable_reported_numeric,7.62,10.16,PASIG-2025-JUL21-25,TL-d64ab6b1ae95cbb8,SNAP-73892d44ba33dcd9,none_flagged,,Source-linked wet claim retained; no clearance inferred.,excluded_wet_snapshot_alone_has_no_outcome,false
OBS-7170e9e84fad4c4e,PASIG-20250721-1900,af19914833ce,https://pasigcity.gov.ph/news-and-releases/flood-update-as-of-0700pm-21-july-2025-923,PASIG-2025-JUL21-25,Pasig,Dela Paz,Dela Paz,"Kabayanihan cor Karikitan St, Brgy. Dela Paz",2025-07-21T19:00:00+08:00,As of 07:00PM | 21 July 2025,11,"4. Kabayanihan cor Karikitan St, Brgy. Dela Paz | Water Level: 7-8 inches",flood_observed,7-8 inches,17.78,20.32,,candidate,,,2025-07-21,docs/evaluations/flood-duration-pilot-20261004,NCR-2025-07-21,,,,,,,,,,,,,docs/evaluations/flood-duration-pilot-20261004/sources/PASIG-20250721-1900.af19914833ce.txt,true,usable,usable_reported_snapshot_clock,uncertain_cross_report_barangay_identity,Dela Paz,usable_reported_numeric,17.78,20.32,PASIG-2025-JUL21-25,TL-018c9725b41550f0,SNAP-b29e0b3ad6dc8ac2,none_flagged,,"PASIG-20250721-1900 text lines 11-12 report Kabayanihan/Karikitan under Dela Paz; PASIG-20250723-0900 lines 21,30-31 and PASIG-20250723-1700 lines 13-15 place it under Manggahan. Preserve stated barangay; do not join or correct by majority.",excluded_wet_snapshot_alone_has_no_outcome,false
OBS-76b019811a1ed746,PASIG-20250721-1900,af19914833ce,https://pasigcity.gov.ph/news-and-releases/flood-update-as-of-0700pm-21-july-2025-923,PASIG-2025-JUL21-25,Pasig,Sta.Lucia,Sta. Lucia,"Callos Compound, Brgy. Sta.Lucia",2025-07-21T19:00:00+08:00,As of 07:00PM | 21 July 2025,13,"5. Callos Compound, Brgy. Sta.Lucia | Water Level : 3 FT",flood_observed,3 FT,91.44,91.44,,candidate,,,2025-07-21,docs/evaluations/flood-duration-pilot-20261004,NCR-2025-07-21,,,,,,,,,,,,,docs/evaluations/flood-duration-pilot-20261004/sources/PASIG-20250721-1900.af19914833ce.txt,true,usable,usable_reported_snapshot_clock,source_reported_locality,Sta. Lucia,usable_reported_numeric,91.44,91.44,PASIG-2025-JUL21-25,TL-798b530e3df993e5,SNAP-25678a210f0243cf,none_flagged,,Source-linked wet claim retained; no clearance inferred.,excluded_wet_snapshot_alone_has_no_outcome,false
OBS-da6bc0ec73f91580,PASIG-20250721-1900,af19914833ce,https://pasigcity.gov.ph/news-and-releases/flood-update-as-of-0700pm-21-july-2025-923,PASIG-2025-JUL21-25,Pasig,Manggahan,Manggahan,"Paris St. cor Soliven Ave., Brgy Manggahan",2025-07-21T19:00:00+08:00,As of 07:00PM | 21 July 2025,15,"6. Paris St. cor Soliven Ave., Brgy Manggahan | Water Level: 3-4 inches",flood_observed,3-4 inches,7.62,10.16,,candidate,,,2025-07-21,docs/evaluations/flood-duration-pilot-20261004,NCR-2025-07-21,,,,,,,,,,,,,docs/evaluations/flood-duration-pilot-20261004/sources/PASIG-20250721-1900.af19914833ce.txt,true,usable,usable_reported_snapshot_clock,source_reported_locality,Manggahan,usable_reported_numeric,7.62,10.16,PASIG-2025-JUL21-25,TL-8ee8166b5f25f904,SNAP-fc57e602d3156719,none_flagged,,Source-linked wet claim retained; no clearance inferred.,excluded_wet_snapshot_alone_has_no_outcome,false
OBS-9323a249d0f86453,PASIG-20250721-1900,af19914833ce,https://pasigcity.gov.ph/news-and-releases/flood-update-as-of-0700pm-21-july-2025-923,PASIG-2025-JUL21-25,Pasig,Manggahan,Manggahan,"Prague St., Brgy Manggahan",2025-07-21T19:00:00+08:00,As of 07:00PM | 21 July 2025,17,"7. Prague St., Brgy Manggahan | Water Level: 1 FT",flood_observed,1 FT,30.48,30.48,,candidate,,,2025-07-21,docs/evaluations/flood-duration-pilot-20261004,NCR-2025-07-21,,,,,,,,,,,,,docs/evaluations/flood-duration-pilot-20261004/sources/PASIG-20250721-1900.af19914833ce.txt,true,usable,usable_reported_snapshot_clock,source_reported_locality,Manggahan,usable_reported_numeric,30.48,30.48,PASIG-2025-JUL21-25,TL-565b2ff73105a2a5,SNAP-e789d2df396ff694,none_flagged,,Source-linked wet claim retained; no clearance inferred.,excluded_wet_snapshot_alone_has_no_outcome,false
OBS-dea8854e07019686,PASIG-20250721-1900,af19914833ce,https://pasigcity.gov.ph/news-and-releases/flood-update-as-of-0700pm-21-july-2025-923,PASIG-2025-JUL21-25,Pasig,Manggahan,Manggahan,"Prague St cor. Rome St., Brgy. Manggahan",2025-07-21T19:00:00+08:00,As of 07:00PM | 21 July 2025,19,"8. Prague St cor. Rome St., Brgy. Manggahan | Water Level: 1 FT and 2 inches",flood_observed,1 FT and 2 inches,35.56,35.56,,candidate,,,2025-07-21,docs/evaluations/flood-duration-pilot-20261004,NCR-2025-07-21,,,,,,,,,,,,,docs/evaluations/flood-duration-pilot-20261004/sources/PASIG-20250721-1900.af19914833ce.txt,true,usable,usable_reported_snapshot_clock,source_reported_locality,Manggahan,usable_reported_numeric,35.56,35.56,PASIG-2025-JUL21-25,TL-1534b60ded97cec8,SNAP-f4212ce74d6486ba,none_flagged,,Source-linked wet claim retained; no clearance inferred.,excluded_wet_snapshot_alone_has_no_outcome,false
OBS-b33d211ff2a96c92,PASIG-20250721-1900,af19914833ce,https://pasigcity.gov.ph/news-and-releases/flood-update-as-of-0700pm-21-july-2025-923,PASIG-2025-JUL21-25,Pasig,Manggahan,Manggahan,"Iglesia Washington St., Brgy. Manggahan",2025-07-21T19:00:00+08:00,As of 07:00PM | 21 July 2025,21,"9. Iglesia Washington St., Brgy. Manggahan | Water Level: 1 FT",flood_observed,1 FT,30.48,30.48,,candidate,,,2025-07-21,docs/evaluations/flood-duration-pilot-20261004,NCR-2025-07-21,,,,,,,,,,,,,docs/evaluations/flood-duration-pilot-20261004/sources/PASIG-20250721-1900.af19914833ce.txt,true,usable,usable_reported_snapshot_clock,source_reported_locality,Manggahan,usable_reported_numeric,30.48,30.48,PASIG-2025-JUL21-25,TL-21c757ee91d366fb,SNAP-6eb2138f181191e9,none_flagged,,Source-linked wet claim retained; no clearance inferred.,excluded_wet_snapshot_alone_has_no_outcome,false
OBS-8517bd96eca9bd3a,PASIG-20250721-1900,af19914833ce,https://pasigcity.gov.ph/news-and-releases/flood-update-as-of-0700pm-21-july-2025-923,PASIG-2025-JUL21-25,Pasig,Manggahan,Manggahan,"Guatemala St. cor. Rome St., Brgy. Manggahan",2025-07-21T19:00:00+08:00,As of 07:00PM | 21 July 2025,23,"10. Guatemala St. cor. Rome St., Brgy. Manggahan | Water Level: 1 FT",flood_observed,1 FT,30.48,30.48,,candidate,,,2025-07-21,docs/evaluations/flood-duration-pilot-20261004,NCR-2025-07-21,,,,,,,,,,,,,docs/evaluations/flood-duration-pilot-20261004/sources/PASIG-20250721-1900.af19914833ce.txt,true,usable,usable_reported_snapshot_clock,source_reported_locality,Manggahan,usable_reported_numeric,30.48,30.48,PASIG-2025-JUL21-25,TL-d7ccd4c8de1d5f92,SNAP-202b1d0c99d8b1e2,none_flagged,,Source-linked wet claim retained; no clearance inferred.,excluded_wet_snapshot_alone_has_no_outcome,false
OBS-ad5e5d46f4419de6,PASIG-20250721-1900,af19914833ce,https://pasigcity.gov.ph/news-and-releases/flood-update-as-of-0700pm-21-july-2025-923,PASIG-2025-JUL21-25,Pasig,Manggahan,Manggahan,"Athens St. cor. Guatemala, Brgy. Manggahan",2025-07-21T19:00:00+08:00,As of 07:00PM | 21 July 2025,25,"11. Athens St. cor. Guatemala, Brgy. Manggahan | Water Level: 5-6 inches",flood_observed,5-6 inches,12.7,15.24,,candidate,,,2025-07-21,docs/evaluations/flood-duration-pilot-20261004,NCR-2025-07-21,,,,,,,,,,,,,docs/evaluations/flood-duration-pilot-20261004/sources/PASIG-20250721-1900.af19914833ce.txt,true,usable,usable_reported_snapshot_clock,source_reported_locality,Manggahan,usable_reported_numeric,12.7,15.24,PASIG-2025-JUL21-25,TL-14982cd15966fa0a,SNAP-8d11789c69b9d612,none_flagged,,Source-linked wet claim retained; no clearance inferred.,excluded_wet_snapshot_alone_has_no_outcome,false
OBS-a69a15308434af2c,PASIG-20250721-1900,af19914833ce,https://pasigcity.gov.ph/news-and-releases/flood-update-as-of-0700pm-21-july-2025-923,PASIG-2025-JUL21-25,Pasig,Dela Paz,Dela Paz,Karangalan Phase 2 A Brgy. Dela Paz,2025-07-21T19:00:00+08:00,As of 07:00PM | 21 July 2025,27,12. Karangalan Phase 2 A Brgy. Dela Paz | water level: 1 FT,flood_observed,1 FT,30.48,30.48,,candidate,,same_clock_depth_conflict,2025-07-21,docs/evaluations/flood-duration-pilot-20261004,NCR-2025-07-21,,,,,,,,,,,,,docs/evaluations/flood-duration-pilot-20261004/sources/PASIG-20250721-1900.af19914833ce.txt,true,usable,usable_reported_snapshot_clock,source_reported_locality,Dela Paz,uncertain_same_clock_source_claims,,,PASIG-2025-JUL21-25,TL-9274a834cf4f5614,SNAP-cf53ab99f589dc1f,additional_conflicting_depth_claim_same_candidate_snapshot,OBS-7b67a36aafc7cc99,"Same place/time has qualitative and numeric claims; retain both, do not average or select one. Preserve both same-place/time wet claims; numeric 1 ft is not selected over knee level. Do not treat this as a second independent wet outcome.",excluded_wet_snapshot_alone_has_no_outcome,false
OBS-b01c5d8bed28c58c,PASIG-20250721-1900,af19914833ce,https://pasigcity.gov.ph/news-and-releases/flood-update-as-of-0700pm-21-july-2025-923,PASIG-2025-JUL21-25,Pasig,Santolan,Santolan,Masikap Brgy. Santolan.,2025-07-21T19:00:00+08:00,As of 07:00PM | 21 July 2025,29,13. Masikap Brgy. Santolan. | Water Level: 5 inches,flood_observed,5 inches,12.7,12.7,,candidate,,,2025-07-21,docs/evaluations/flood-duration-pilot-20261004,NCR-2025-07-21,,,,,,,,,,,,,docs/evaluations/flood-duration-pilot-20261004/sources/PASIG-20250721-1900.af19914833ce.txt,true,usable,usable_reported_snapshot_clock,source_reported_locality,Santolan,usable_reported_numeric,12.7,12.7,PASIG-2025-JUL21-25,TL-878c4066d69bc799,SNAP-3911d4896b4bd244,none_flagged,,Source-linked wet claim retained; no clearance inferred.,excluded_wet_snapshot_alone_has_no_outcome,false
OBS-80510b2886557344,PASIG-20250721-1900,af19914833ce,https://pasigcity.gov.ph/news-and-releases/flood-update-as-of-0700pm-21-july-2025-923,PASIG-2025-JUL21-25,Pasig,Santolan,Santolan,Sgt. De Leon. Brgy. Santolan.,2025-07-21T19:00:00+08:00,As of 07:00PM | 21 July 2025,31,14. Sgt. De Leon. Brgy. Santolan. | Water Level: 5 inches,flood_observed,5 inches,12.7,12.7,,candidate,,,2025-07-21,docs/evaluations/flood-duration-pilot-20261004,NCR-2025-07-21,,,,,,,,,,,,,docs/evaluations/flood-duration-pilot-20261004/sources/PASIG-20250721-1900.af19914833ce.txt,true,usable,usable_reported_snapshot_clock,source_reported_locality,Santolan,usable_reported_numeric,12.7,12.7,PASIG-2025-JUL21-25,TL-f64445703e78a2ee,SNAP-6ae1cd544dd9db0d,none_flagged,,Source-linked wet claim retained; no clearance inferred.,excluded_wet_snapshot_alone_has_no_outcome,false
OBS-051d1c798413d308,PASIG-20250721-1900,af19914833ce,https://pasigcity.gov.ph/news-and-releases/flood-update-as-of-0700pm-21-july-2025-923,PASIG-2025-JUL21-25,Pasig,Sta. Lucia,Sta. Lucia,"Tawi-tawi St., Brgy. Sta. Lucia",2025-07-21T19:00:00+08:00,As of 07:00PM | 21 July 2025,33,"15. Tawi-tawi St., Brgy. Sta. Lucia | Water Level: 15 inches",flood_observed,15 inches,38.1,38.1,,candidate,,,2025-07-21,docs/evaluations/flood-duration-pilot-20261004,NCR-2025-07-21,,,,,,,,,,,,,docs/evaluations/flood-duration-pilot-20261004/sources/PASIG-20250721-1900.af19914833ce.txt,true,usable,usable_reported_snapshot_clock,source_reported_locality,Sta. Lucia,usable_reported_numeric,38.1,38.1,PASIG-2025-JUL21-25,TL-2481184770ae4dfc,SNAP-5d568c91df2c4d5f,none_flagged,,Source-linked wet claim retained; no clearance inferred.,excluded_wet_snapshot_alone_has_no_outcome,false
OBS-d49cbd78c8ce9067,PASIG-20250721-1900,af19914833ce,https://pasigcity.gov.ph/news-and-releases/flood-update-as-of-0700pm-21-july-2025-923,PASIG-2025-JUL21-25,Pasig,Manggahan,Manggahan,"Metro Ville Karangalan, Brgy. Manggahan",2025-07-21T19:00:00+08:00,As of 07:00PM | 21 July 2025,35,"16. Metro Ville Karangalan, Brgy. Manggahan | Water Level: 15 inches",flood_observed,15 inches,38.1,38.1,,candidate,,,2025-07-21,docs/evaluations/flood-duration-pilot-20261004,NCR-2025-07-21,,,,,,,,,,,,,docs/evaluations/flood-duration-pilot-20261004/sources/PASIG-20250721-1900.af19914833ce.txt,true,usable,usable_reported_snapshot_clock,source_reported_locality,Manggahan,usable_reported_numeric,38.1,38.1,PASIG-2025-JUL21-25,TL-1e185b484c932053,SNAP-a3f8d70eaa5df4af,none_flagged,,Source-linked wet claim retained; no clearance inferred.,excluded_wet_snapshot_alone_has_no_outcome,false
OBS-506b1af3450dd3af,PASIG-20250721-1900,af19914833ce,https://pasigcity.gov.ph/news-and-releases/flood-update-as-of-0700pm-21-july-2025-923,PASIG-2025-JUL21-25,Pasig,Sta. Lucia,Sta. Lucia,"Bautista Compound, Brgy. Sta. Lucia",2025-07-21T19:00:00+08:00,As of 07:00PM | 21 July 2025,37,"17. Bautista Compound, Brgy. Sta. Lucia | Water Level: gutter deep",flood_observed,gutter deep,,,,candidate,,qualitative_depth_no_numeric_conversion,2025-07-21,docs/evaluations/flood-duration-pilot-20261004,NCR-2025-07-21,,,,,,,,,,,,,docs/evaluations/flood-duration-pilot-20261004/sources/PASIG-20250721-1900.af19914833ce.txt,true,usable,usable_reported_snapshot_clock,source_reported_locality,Sta. Lucia,qualitative_only,,,PASIG-2025-JUL21-25,TL-c22565191ee4c269,SNAP-d969a9a639080b05,none_flagged,,Source-linked wet claim retained; no clearance inferred.,excluded_wet_snapshot_alone_has_no_outcome,false
OBS-776d3fc2732e446a,PASIG-20250721-1900,af19914833ce,https://pasigcity.gov.ph/news-and-releases/flood-update-as-of-0700pm-21-july-2025-923,PASIG-2025-JUL21-25,Pasig,Sta. Lucia,Sta. Lucia,"Morales Compound 5th St., Brgy. Sta. Lucia",2025-07-21T19:00:00+08:00,As of 07:00PM | 21 July 2025,39,"18. Morales Compound 5th St., Brgy. Sta. Lucia | Water Level: gutter deep",flood_observed,gutter deep,,,,candidate,,qualitative_depth_no_numeric_conversion,2025-07-21,docs/evaluations/flood-duration-pilot-20261004,NCR-2025-07-21,,,,,,,,,,,,,docs/evaluations/flood-duration-pilot-20261004/sources/PASIG-20250721-1900.af19914833ce.txt,true,usable,usable_reported_snapshot_clock,source_reported_locality,Sta. Lucia,qualitative_only,,,PASIG-2025-JUL21-25,TL-0c149c8f1c98b729,SNAP-f0eb71b8a657ce03,none_flagged,,Source-linked wet claim retained; no clearance inferred.,excluded_wet_snapshot_alone_has_no_outcome,false
OBS-2b6faab404183fce,PASIG-20250721-1900,af19914833ce,https://pasigcity.gov.ph/news-and-releases/flood-update-as-of-0700pm-21-july-2025-923,PASIG-2025-JUL21-25,Pasig,Santolan,Santolan,"Natasha St. (Sgt. De Leon), Brgy. Santolan",2025-07-21T19:00:00+08:00,As of 07:00PM | 21 July 2025,41,"19. Natasha St. (Sgt. De Leon), Brgy. Santolan | Water Level: knee level",flood_observed,knee level,,,,candidate,,qualitative_depth_no_numeric_conversion,2025-07-21,docs/evaluations/flood-duration-pilot-20261004,NCR-2025-07-21,,,,,,,,,,,,,docs/evaluations/flood-duration-pilot-20261004/sources/PASIG-20250721-1900.af19914833ce.txt,true,usable,usable_reported_snapshot_clock,source_reported_locality,Santolan,qualitative_only,,,PASIG-2025-JUL21-25,TL-e4670961d81bfee2,SNAP-0607bf4bd8e68d20,none_flagged,,Source-linked wet claim retained; no clearance inferred.,excluded_wet_snapshot_alone_has_no_outcome,false
OBS-75e3631bb14a773b,PASIG-20250721-1900,af19914833ce,https://pasigcity.gov.ph/news-and-releases/flood-update-as-of-0700pm-21-july-2025-923,PASIG-2025-JUL21-25,Pasig,Santolan,Santolan,"Masikap St. Bangkaan (Tawiran), Brgy. Santolan",2025-07-21T19:00:00+08:00,As of 07:00PM | 21 July 2025,43,"20. Masikap St. Bangkaan (Tawiran), Brgy. Santolan | Water Level: gutter level",flood_observed,gutter level,,,,candidate,,qualitative_depth_no_numeric_conversion,2025-07-21,docs/evaluations/flood-duration-pilot-20261004,NCR-2025-07-21,,,,,,,,,,,,,docs/evaluations/flood-duration-pilot-20261004/sources/PASIG-20250721-1900.af19914833ce.txt,true,usable,usable_reported_snapshot_clock,source_reported_locality,Santolan,qualitative_only,,,PASIG-2025-JUL21-25,TL-97a99272f55c8ae8,SNAP-fca7b62c13ddb50d,none_flagged,,Source-linked wet claim retained; no clearance inferred.,excluded_wet_snapshot_alone_has_no_outcome,false
OBS-1d4b7d25a7cdc91a,PASIG-20250721-1900,af19914833ce,https://pasigcity.gov.ph/news-and-releases/flood-update-as-of-0700pm-21-july-2025-923,PASIG-2025-JUL21-25,Pasig,Santolan,Santolan,"Doroteo St., Brgy. Santolan",2025-07-21T19:00:00+08:00,As of 07:00PM | 21 July 2025,45,"21. Doroteo St., Brgy. Santolan | Water Level: knee deep",flood_observed,knee deep,,,,candidate,,qualitative_depth_no_numeric_conversion,2025-07-21,docs/evaluations/flood-duration-pilot-20261004,NCR-2025-07-21,,,,,,,,,,,,,docs/evaluations/flood-duration-pilot-20261004/sources/PASIG-20250721-1900.af19914833ce.txt,true,usable,usable_reported_snapshot_clock,source_reported_locality,Santolan,qualitative_only,,,PASIG-2025-JUL21-25,TL-5fa7caa20f79e2fc,SNAP-86fe9e13642a7a9c,none_flagged,,Source-linked wet claim retained; no clearance inferred.,excluded_wet_snapshot_alone_has_no_outcome,false
OBS-2826480496045767,PASIG-20250721-1900,af19914833ce,https://pasigcity.gov.ph/news-and-releases/flood-update-as-of-0700pm-21-july-2025-923,PASIG-2025-JUL21-25,Pasig,Santolan,Santolan,"Marcelino St. (Tawiran), Brgy. Santolan",2025-07-21T19:00:00+08:00,As of 07:00PM | 21 July 2025,47,"22. Marcelino St. (Tawiran), Brgy. Santolan | Water Level: knee deep",flood_observed,knee deep,,,,candidate,,qualitative_depth_no_numeric_conversion,2025-07-21,docs/evaluations/flood-duration-pilot-20261004,NCR-2025-07-21,,,,,,,,,,,,,docs/evaluations/flood-duration-pilot-20261004/sources/PASIG-20250721-1900.af19914833ce.txt,true,usable,usable_reported_snapshot_clock,source_reported_locality,Santolan,qualitative_only,,,PASIG-2025-JUL21-25,TL-915bf559d3636422,SNAP-0473f67e9eca8ba4,none_flagged,,Source-linked wet claim retained; no clearance inferred.,excluded_wet_snapshot_alone_has_no_outcome,false
OBS-9eec8d088f1dd784,PASIG-20250721-1900,af19914833ce,https://pasigcity.gov.ph/news-and-releases/flood-update-as-of-0700pm-21-july-2025-923,PASIG-2025-JUL21-25,Pasig,Santolan,Santolan,"Rafael St., Brgy. Santolan",2025-07-21T19:00:00+08:00,As of 07:00PM | 21 July 2025,49,"23. Rafael St., Brgy. Santolan | Water Level: knee deep",flood_observed,knee deep,,,,candidate,,qualitative_depth_no_numeric_conversion,2025-07-21,docs/evaluations/flood-duration-pilot-20261004,NCR-2025-07-21,,,,,,,,,,,,,docs/evaluations/flood-duration-pilot-20261004/sources/PASIG-20250721-1900.af19914833ce.txt,true,usable,usable_reported_snapshot_clock,source_reported_locality,Santolan,qualitative_only,,,PASIG-2025-JUL21-25,TL-ce6e9e9bcdc048f7,SNAP-8043b9614cf86809,none_flagged,,Source-linked wet claim retained; no clearance inferred.,excluded_wet_snapshot_alone_has_no_outcome,false
OBS-429249c0a431cbd8,PASIG-20250721-1900,af19914833ce,https://pasigcity.gov.ph/news-and-releases/flood-update-as-of-0700pm-21-july-2025-923,PASIG-2025-JUL21-25,Pasig,Santolan,Santolan,"Victorino St., Brgy. Santolan",2025-07-21T19:00:00+08:00,As of 07:00PM | 21 July 2025,51,"24. Victorino St., Brgy. Santolan | Water Level: gutter deep",flood_observed,gutter deep,,,,candidate,,qualitative_depth_no_numeric_conversion,2025-07-21,docs/evaluations/flood-duration-pilot-20261004,NCR-2025-07-21,,,,,,,,,,,,,docs/evaluations/flood-duration-pilot-20261004/sources/PASIG-20250721-1900.af19914833ce.txt,true,usable,usable_reported_snapshot_clock,source_reported_locality,Santolan,qualitative_only,,,PASIG-2025-JUL21-25,TL-8e502e6653c3fbb7,SNAP-a51fbc390737b0a2,none_flagged,,Source-linked wet claim retained; no clearance inferred.,excluded_wet_snapshot_alone_has_no_outcome,false
OBS-bef06f541890279d,PASIG-20250721-1900,af19914833ce,https://pasigcity.gov.ph/news-and-releases/flood-update-as-of-0700pm-21-july-2025-923,PASIG-2025-JUL21-25,Pasig,Ugong,Ugong,"C. Santos 1-4, Brgy. Ugong",2025-07-21T19:00:00+08:00,As of 07:00PM | 21 July 2025,53,"25. C. Santos 1-4, Brgy. Ugong | Water Level: 5 inches",flood_observed,5 inches,12.7,12.7,,candidate,,,2025-07-21,docs/evaluations/flood-duration-pilot-20261004,NCR-2025-07-21,,,,,,,,,,,,,docs/evaluations/flood-duration-pilot-20261004/sources/PASIG-20250721-1900.af19914833ce.txt,true,usable,usable_reported_snapshot_clock,source_reported_locality,Ugong,usable_reported_numeric,12.7,12.7,PASIG-2025-JUL21-25,TL-2b85df110e275db7,SNAP-1d16041c5e2ea9af,none_flagged,,Source-linked wet claim retained; no clearance inferred.,excluded_wet_snapshot_alone_has_no_outcome,false
OBS-f005712590561ebf,PASIG-20250721-1900,af19914833ce,https://pasigcity.gov.ph/news-and-releases/flood-update-as-of-0700pm-21-july-2025-923,PASIG-2025-JUL21-25,Pasig,Manggahan,Manggahan,"Stockholms, Brgy. Manggahan",2025-07-21T19:00:00+08:00,As of 07:00PM | 21 July 2025,55,"26. Stockholms, Brgy. Manggahan | Water Level: gutter deep",flood_observed,gutter deep,,,,candidate,,qualitative_depth_no_numeric_conversion,2025-07-21,docs/evaluations/flood-duration-pilot-20261004,NCR-2025-07-21,,,,,,,,,,,,,docs/evaluations/flood-duration-pilot-20261004/sources/PASIG-20250721-1900.af19914833ce.txt,true,usable,usable_reported_snapshot_clock,source_reported_locality,Manggahan,qualitative_only,,,PASIG-2025-JUL21-25,TL-500c1b38378a59a6,SNAP-794ed0454668da34,none_flagged,,Source-linked wet claim retained; no clearance inferred.,excluded_wet_snapshot_alone_has_no_outcome,false
OBS-be3207eeaf3d28e8,PASIG-20250721-1900,af19914833ce,https://pasigcity.gov.ph/news-and-releases/flood-update-as-of-0700pm-21-july-2025-923,PASIG-2025-JUL21-25,Pasig,Manggahan,Manggahan,"Lower Dike, Brgy. Manggahan",2025-07-21T19:00:00+08:00,As of 07:00PM | 21 July 2025,57,"27. Lower Dike, Brgy. Manggahan | Water Level: 1 FT",flood_observed,1 FT,30.48,30.48,,candidate,,,2025-07-21,docs/evaluations/flood-duration-pilot-20261004,NCR-2025-07-21,,,,,,,,,,,,,docs/evaluations/flood-duration-pilot-20261004/sources/PASIG-20250721-1900.af19914833ce.txt,true,usable,usable_reported_snapshot_clock,source_reported_locality,Manggahan,usable_reported_numeric,30.48,30.48,PASIG-2025-JUL21-25,TL-ac31918f9ee42108,SNAP-1dcc63a00538a67c,none_flagged,,Source-linked wet claim retained; no clearance inferred.,excluded_wet_snapshot_alone_has_no_outcome,false
OBS-b4645b99d8743649,PASIG-20250721-1900,af19914833ce,https://pasigcity.gov.ph/news-and-releases/flood-update-as-of-0700pm-21-july-2025-923,PASIG-2025-JUL21-25,Pasig,Dela Paz,Dela Paz,"Yap Compound Katipiran St., Brgy. Dela Paz",2025-07-21T19:00:00+08:00,As of 07:00PM | 21 July 2025,59,"28. Yap Compound Katipiran St., Brgy. Dela Paz | Water Level: 2 FT",flood_observed,2 FT,60.96,60.96,,candidate,,,2025-07-21,docs/evaluations/flood-duration-pilot-20261004,NCR-2025-07-21,,,,,,,,,,,,,docs/evaluations/flood-duration-pilot-20261004/sources/PASIG-20250721-1900.af19914833ce.txt,true,usable,usable_reported_snapshot_clock,source_reported_locality,Dela Paz,usable_reported_numeric,60.96,60.96,PASIG-2025-JUL21-25,TL-f245e05fb4e502ba,SNAP-d1b1cfee35b25711,none_flagged,,Source-linked wet claim retained; no clearance inferred.,excluded_wet_snapshot_alone_has_no_outcome,false
OBS-e9487f2e1d42e28c,PASIG-20250721-2200,1de8fa5a4265,https://pasigcity.gov.ph/news-and-releases/flood-update-as-of-1000pm-july-21-2025-698,PASIG-2025-JUL21-25,Pasig,Dela Paz,Dela Paz,"Karangalan Phase 2 A, Brgy. Dela Paz",2025-07-21T22:00:00+08:00,As of 10:00PM | 21 July 2025,5,"1. Karangalan Phase 2 A, Brgy. Dela Paz | Water Level: 2-3 inches",flood_observed,2-3 inches,5.08,7.62,,candidate,,,2025-07-21,docs/evaluations/flood-duration-pilot-20261004,NCR-2025-07-21,,,,,,,,,,,,,docs/evaluations/flood-duration-pilot-20261004/sources/PASIG-20250721-2200.1de8fa5a4265.txt,true,usable,usable_reported_snapshot_clock,source_reported_locality,Dela Paz,usable_reported_numeric,5.08,7.62,PASIG-2025-JUL21-25,TL-9274a834cf4f5614,SNAP-bc538f61ad847190,none_flagged,,Source-linked wet claim retained; no clearance inferred.,excluded_wet_snapshot_alone_has_no_outcome,false
OBS-89ef91972acf0211,PASIG-20250721-2200,1de8fa5a4265,https://pasigcity.gov.ph/news-and-releases/flood-update-as-of-1000pm-july-21-2025-698,PASIG-2025-JUL21-25,Pasig,Manggahan,Manggahan,"Panama St cor Stockholm, Brgy. Manggahan",2025-07-21T22:00:00+08:00,As of 10:00PM | 21 July 2025,7,"2. Panama St cor Stockholm, Brgy. Manggahan | Water Level: 3-4 inches",flood_observed,3-4 inches,7.62,10.16,,candidate,,,2025-07-21,docs/evaluations/flood-duration-pilot-20261004,NCR-2025-07-21,,,,,,,,,,,,,docs/evaluations/flood-duration-pilot-20261004/sources/PASIG-20250721-2200.1de8fa5a4265.txt,true,usable,usable_reported_snapshot_clock,source_reported_locality,Manggahan,usable_reported_numeric,7.62,10.16,PASIG-2025-JUL21-25,TL-aefcaac584ec3cef,SNAP-b2285211f866ee64,none_flagged,,Source-linked wet claim retained; no clearance inferred.,excluded_wet_snapshot_alone_has_no_outcome,false
OBS-6b7c802a9adc3dba,PASIG-20250721-2200,1de8fa5a4265,https://pasigcity.gov.ph/news-and-releases/flood-update-as-of-1000pm-july-21-2025-698,PASIG-2025-JUL21-25,Pasig,Manggahan,Manggahan,"Panama St., Brgy. Manggahan",2025-07-21T22:00:00+08:00,As of 10:00PM | 21 July 2025,9,"3. Panama St., Brgy. Manggahan | Water Level: 3-4 inches",flood_observed,3-4 inches,7.62,10.16,,candidate,,,2025-07-21,docs/evaluations/flood-duration-pilot-20261004,NCR-2025-07-21,,,,,,,,,,,,,docs/evaluations/flood-duration-pilot-20261004/sources/PASIG-20250721-2200.1de8fa5a4265.txt,true,usable,usable_reported_snapshot_clock,source_reported_locality,Manggahan,usable_reported_numeric,7.62,10.16,PASIG-2025-JUL21-25,TL-d64ab6b1ae95cbb8,SNAP-0d2ed7a9dcf5c1b2,none_flagged,,Source-linked wet claim retained; no clearance inferred.,excluded_wet_snapshot_alone_has_no_outcome,false
OBS-24e03340ba9e38e6,PASIG-20250721-2200,1de8fa5a4265,https://pasigcity.gov.ph/news-and-releases/flood-update-as-of-1000pm-july-21-2025-698,PASIG-2025-JUL21-25,Pasig,Dela Paz,Dela Paz,"Kabayanihan cor Karikitan St, Brgy. Dela Paz",2025-07-21T22:00:00+08:00,As of 10:00PM | 21 July 2025,11,"4. Kabayanihan cor Karikitan St, Brgy. Dela Paz | Water Level: 7-8 inches",flood_observed,7-8 inches,17.78,20.32,,candidate,,,2025-07-21,docs/evaluations/flood-duration-pilot-20261004,NCR-2025-07-21,,,,,,,,,,,,,docs/evaluations/flood-duration-pilot-20261004/sources/PASIG-20250721-2200.1de8fa5a4265.txt,true,usable,usable_reported_snapshot_clock,uncertain_cross_report_barangay_identity,Dela Paz,usable_reported_numeric,17.78,20.32,PASIG-2025-JUL21-25,TL-018c9725b41550f0,SNAP-631f17572228e6d8,none_flagged,,"PASIG-20250721-2200 text lines 11-12 report Kabayanihan/Karikitan under Dela Paz; PASIG-20250723-0900 lines 21,30-31 and PASIG-20250723-1700 lines 13-15 give Manggahan. Retain source locality and hold cross-day identity join.",excluded_wet_snapshot_alone_has_no_outcome,false
OBS-1b24db45aeebcb03,PASIG-20250721-2200,1de8fa5a4265,https://pasigcity.gov.ph/news-and-releases/flood-update-as-of-1000pm-july-21-2025-698,PASIG-2025-JUL21-25,Pasig,Sta.Lucia,Sta. Lucia,"Callos Compound, Brgy. Sta.Lucia",2025-07-21T22:00:00+08:00,As of 10:00PM | 21 July 2025,13,"5. Callos Compound, Brgy. Sta.Lucia | Water Level : 3 FT",flood_observed,3 FT,91.44,91.44,,candidate,,,2025-07-21,docs/evaluations/flood-duration-pilot-20261004,NCR-2025-07-21,,,,,,,,,,,,,docs/evaluations/flood-duration-pilot-20261004/sources/PASIG-20250721-2200.1de8fa5a4265.txt,true,usable,usable_reported_snapshot_clock,source_reported_locality,Sta. Lucia,usable_reported_numeric,91.44,91.44,PASIG-2025-JUL21-25,TL-798b530e3df993e5,SNAP-f7ebc7fe7f73626e,none_flagged,,Source-linked wet claim retained; no clearance inferred.,excluded_wet_snapshot_alone_has_no_outcome,false
OBS-a3266af963571cc0,PASIG-20250721-2200,1de8fa5a4265,https://pasigcity.gov.ph/news-and-releases/flood-update-as-of-1000pm-july-21-2025-698,PASIG-2025-JUL21-25,Pasig,Manggahan,Manggahan,"Paris St. cor Soliven Ave., Brgy Manggahan",2025-07-21T22:00:00+08:00,As of 10:00PM | 21 July 2025,15,"6. Paris St. cor Soliven Ave., Brgy Manggahan | Water Level: 3-4 inches",flood_observed,3-4 inches,7.62,10.16,,candidate,,,2025-07-21,docs/evaluations/flood-duration-pilot-20261004,NCR-2025-07-21,,,,,,,,,,,,,docs/evaluations/flood-duration-pilot-20261004/sources/PASIG-20250721-2200.1de8fa5a4265.txt,true,usable,usable_reported_snapshot_clock,source_reported_locality,Manggahan,usable_reported_numeric,7.62,10.16,PASIG-2025-JUL21-25,TL-8ee8166b5f25f904,SNAP-da8010abe4f04352,none_flagged,,Source-linked wet claim retained; no clearance inferred.,excluded_wet_snapshot_alone_has_no_outcome,false
OBS-edffd7a41d55fc1f,PASIG-20250721-2200,1de8fa5a4265,https://pasigcity.gov.ph/news-and-releases/flood-update-as-of-1000pm-july-21-2025-698,PASIG-2025-JUL21-25,Pasig,Manggahan,Manggahan,"Prague St., Brgy Manggahan",2025-07-21T22:00:00+08:00,As of 10:00PM | 21 July 2025,17,"7. Prague St., Brgy Manggahan | Water Level: 1 FT",flood_observed,1 FT,30.48,30.48,,candidate,,,2025-07-21,docs/evaluations/flood-duration-pilot-20261004,NCR-2025-07-21,,,,,,,,,,,,,docs/evaluations/flood-duration-pilot-20261004/sources/PASIG-20250721-2200.1de8fa5a4265.txt,true,usable,usable_reported_snapshot_clock,source_reported_locality,Manggahan,usable_reported_numeric,30.48,30.48,PASIG-2025-JUL21-25,TL-565b2ff73105a2a5,SNAP-cf275d1a5c760759,none_flagged,,Source-linked wet claim retained; no clearance inferred.,excluded_wet_snapshot_alone_has_no_outcome,false
OBS-5cc5720f42d4f4b3,PASIG-20250721-2200,1de8fa5a4265,https://pasigcity.gov.ph/news-and-releases/flood-update-as-of-1000pm-july-21-2025-698,PASIG-2025-JUL21-25,Pasig,Manggahan,Manggahan,"Prague St cor. Rome St., Brgy. Manggahan",2025-07-21T22:00:00+08:00,As of 10:00PM | 21 July 2025,19,"8. Prague St cor. Rome St., Brgy. Manggahan | Water Level: 1 FT and 2 inches",flood_observed,1 FT and 2 inches,35.56,35.56,,candidate,,,2025-07-21,docs/evaluations/flood-duration-pilot-20261004,NCR-2025-07-21,,,,,,,,,,,,,docs/evaluations/flood-duration-pilot-20261004/sources/PASIG-20250721-2200.1de8fa5a4265.txt,true,usable,usable_reported_snapshot_clock,source_reported_locality,Manggahan,usable_reported_numeric,35.56,35.56,PASIG-2025-JUL21-25,TL-1534b60ded97cec8,SNAP-6758f94cc234c430,none_flagged,,Source-linked wet claim retained; no clearance inferred.,excluded_wet_snapshot_alone_has_no_outcome,false
OBS-4fff1f7df6e98cbf,PASIG-20250721-2200,1de8fa5a4265,https://pasigcity.gov.ph/news-and-releases/flood-update-as-of-1000pm-july-21-2025-698,PASIG-2025-JUL21-25,Pasig,Manggahan,Manggahan,"Iglesia Washington St., Brgy. Manggahan",2025-07-21T22:00:00+08:00,As of 10:00PM | 21 July 2025,21,"9. Iglesia Washington St., Brgy. Manggahan | Water Level: 1 FT",flood_observed,1 FT,30.48,30.48,,candidate,,,2025-07-21,docs/evaluations/flood-duration-pilot-20261004,NCR-2025-07-21,,,,,,,,,,,,,docs/evaluations/flood-duration-pilot-20261004/sources/PASIG-20250721-2200.1de8fa5a4265.txt,true,usable,usable_reported_snapshot_clock,source_reported_locality,Manggahan,usable_reported_numeric,30.48,30.48,PASIG-2025-JUL21-25,TL-21c757ee91d366fb,SNAP-bfe21f0f5130d330,none_flagged,,Source-linked wet claim retained; no clearance inferred.,excluded_wet_snapshot_alone_has_no_outcome,false
OBS-f3b0563ea0da0e96,PASIG-20250721-2200,1de8fa5a4265,https://pasigcity.gov.ph/news-and-releases/flood-update-as-of-1000pm-july-21-2025-698,PASIG-2025-JUL21-25,Pasig,Manggahan,Manggahan,"Guatemala St. cor. Rome St., Brgy. Manggahan",2025-07-21T22:00:00+08:00,As of 10:00PM | 21 July 2025,23,"10. Guatemala St. cor. Rome St., Brgy. Manggahan | Water Level: 1 FT",flood_observed,1 FT,30.48,30.48,,candidate,,,2025-07-21,docs/evaluations/flood-duration-pilot-20261004,NCR-2025-07-21,,,,,,,,,,,,,docs/evaluations/flood-duration-pilot-20261004/sources/PASIG-20250721-2200.1de8fa5a4265.txt,true,usable,usable_reported_snapshot_clock,source_reported_locality,Manggahan,usable_reported_numeric,30.48,30.48,PASIG-2025-JUL21-25,TL-d7ccd4c8de1d5f92,SNAP-ec0fa38dba399270,none_flagged,,Source-linked wet claim retained; no clearance inferred.,excluded_wet_snapshot_alone_has_no_outcome,false
OBS-888e69bd83f9540f,PASIG-20250721-2200,1de8fa5a4265,https://pasigcity.gov.ph/news-and-releases/flood-update-as-of-1000pm-july-21-2025-698,PASIG-2025-JUL21-25,Pasig,Manggahan,Manggahan,"Athens St. cor. Guatemala, Brgy. Manggahan",2025-07-21T22:00:00+08:00,As of 10:00PM | 21 July 2025,25,"11. Athens St. cor. Guatemala, Brgy. Manggahan | Water Level: 5-6 inches",flood_observed,5-6 inches,12.7,15.24,,candidate,,,2025-07-21,docs/evaluations/flood-duration-pilot-20261004,NCR-2025-07-21,,,,,,,,,,,,,docs/evaluations/flood-duration-pilot-20261004/sources/PASIG-20250721-2200.1de8fa5a4265.txt,true,usable,usable_reported_snapshot_clock,source_reported_locality,Manggahan,usable_reported_numeric,12.7,15.24,PASIG-2025-JUL21-25,TL-14982cd15966fa0a,SNAP-eeb51cc3565573e2,none_flagged,,Source-linked wet claim retained; no clearance inferred.,excluded_wet_snapshot_alone_has_no_outcome,false
OBS-a47bb51a3d2b57e7,PASIG-20250721-2200,1de8fa5a4265,https://pasigcity.gov.ph/news-and-releases/flood-update-as-of-1000pm-july-21-2025-698,PASIG-2025-JUL21-25,Pasig,Santolan,Santolan,Masikap Brgy. Santolan.,2025-07-21T22:00:00+08:00,As of 10:00PM | 21 July 2025,27,12. Masikap Brgy. Santolan. | Water Level: 3 FT,flood_observed,3 FT,91.44,91.44,,candidate,,,2025-07-21,docs/evaluations/flood-duration-pilot-20261004,NCR-2025-07-21,,,,,,,,,,,,,docs/evaluations/flood-duration-pilot-20261004/sources/PASIG-20250721-2200.1de8fa5a4265.txt,true,usable,usable_reported_snapshot_clock,source_reported_locality,Santolan,usable_reported_numeric,91.44,91.44,PASIG-2025-JUL21-25,TL-878c4066d69bc799,SNAP-e97bd95e8ca043b5,none_flagged,,Source-linked wet claim retained; no clearance inferred.,excluded_wet_snapshot_alone_has_no_outcome,false
OBS-34ad721ad870cdba,PASIG-20250721-2200,1de8fa5a4265,https://pasigcity.gov.ph/news-and-releases/flood-update-as-of-1000pm-july-21-2025-698,PASIG-2025-JUL21-25,Pasig,Santolan,Santolan,Sgt. De Leon. Brgy. Santolan.,2025-07-21T22:00:00+08:00,As of 10:00PM | 21 July 2025,29,13. Sgt. De Leon. Brgy. Santolan. | Water Level: 5 inches,flood_observed,5 inches,12.7,12.7,,candidate,,,2025-07-21,docs/evaluations/flood-duration-pilot-20261004,NCR-2025-07-21,,,,,,,,,,,,,docs/evaluations/flood-duration-pilot-20261004/sources/PASIG-20250721-2200.1de8fa5a4265.txt,true,usable,usable_reported_snapshot_clock,source_reported_locality,Santolan,usable_reported_numeric,12.7,12.7,PASIG-2025-JUL21-25,TL-f64445703e78a2ee,SNAP-c63879d2b062bf81,none_flagged,,Source-linked wet claim retained; no clearance inferred.,excluded_wet_snapshot_alone_has_no_outcome,false
OBS-61a91d8c315460ac,PASIG-20250721-2200,1de8fa5a4265,https://pasigcity.gov.ph/news-and-releases/flood-update-as-of-1000pm-july-21-2025-698,PASIG-2025-JUL21-25,Pasig,Sta. Lucia,Sta. Lucia,"Tawi-tawi St., Brgy. Sta. Lucia",2025-07-21T22:00:00+08:00,As of 10:00PM | 21 July 2025,31,"14 Tawi-tawi St., Brgy. Sta. Lucia | Water Level: 15 inches",flood_observed,15 inches,38.1,38.1,,candidate,,,2025-07-21,docs/evaluations/flood-duration-pilot-20261004,NCR-2025-07-21,,,,,,,,,,,,,docs/evaluations/flood-duration-pilot-20261004/sources/PASIG-20250721-2200.1de8fa5a4265.txt,true,usable,usable_reported_snapshot_clock,source_reported_locality,Sta. Lucia,usable_reported_numeric,38.1,38.1,PASIG-2025-JUL21-25,TL-2481184770ae4dfc,SNAP-bf0b6b239c97d4b3,none_flagged,,Source-linked wet claim retained; no clearance inferred.,excluded_wet_snapshot_alone_has_no_outcome,false
OBS-586e84c0387414f3,PASIG-20250721-2200,1de8fa5a4265,https://pasigcity.gov.ph/news-and-releases/flood-update-as-of-1000pm-july-21-2025-698,PASIG-2025-JUL21-25,Pasig,Manggahan,Manggahan,"Metro Ville Karangalan, Brgy. Manggahan",2025-07-21T22:00:00+08:00,As of 10:00PM | 21 July 2025,33,"15. Metro Ville Karangalan, Brgy. Manggahan | Water Level: 15 inches",flood_observed,15 inches,38.1,38.1,,candidate,,,2025-07-21,docs/evaluations/flood-duration-pilot-20261004,NCR-2025-07-21,,,,,,,,,,,,,docs/evaluations/flood-duration-pilot-20261004/sources/PASIG-20250721-2200.1de8fa5a4265.txt,true,usable,usable_reported_snapshot_clock,source_reported_locality,Manggahan,usable_reported_numeric,38.1,38.1,PASIG-2025-JUL21-25,TL-1e185b484c932053,SNAP-ea80d007d72aa135,none_flagged,,Source-linked wet claim retained; no clearance inferred.,excluded_wet_snapshot_alone_has_no_outcome,false
OBS-21fa2e069fcd429b,PASIG-20250721-2200,1de8fa5a4265,https://pasigcity.gov.ph/news-and-releases/flood-update-as-of-1000pm-july-21-2025-698,PASIG-2025-JUL21-25,Pasig,Sta. Lucia,Sta. Lucia,"Bautista Compound, Brgy. Sta. Lucia",2025-07-21T22:00:00+08:00,As of 10:00PM | 21 July 2025,35,"16. Bautista Compound, Brgy. Sta. Lucia | Water Level: gutter deep",flood_observed,gutter deep,,,,candidate,,qualitative_depth_no_numeric_conversion,2025-07-21,docs/evaluations/flood-duration-pilot-20261004,NCR-2025-07-21,,,,,,,,,,,,,docs/evaluations/flood-duration-pilot-20261004/sources/PASIG-20250721-2200.1de8fa5a4265.txt,true,usable,usable_reported_snapshot_clock,source_reported_locality,Sta. Lucia,qualitative_only,,,PASIG-2025-JUL21-25,TL-c22565191ee4c269,SNAP-7cfe0a33ae23eb46,none_flagged,,Source-linked wet claim retained; no clearance inferred.,excluded_wet_snapshot_alone_has_no_outcome,false
OBS-aa53a1b6b94484a5,PASIG-20250721-2200,1de8fa5a4265,https://pasigcity.gov.ph/news-and-releases/flood-update-as-of-1000pm-july-21-2025-698,PASIG-2025-JUL21-25,Pasig,Sta. Lucia,Sta. Lucia,"Morales Compound 5th St., Brgy. Sta. Lucia",2025-07-21T22:00:00+08:00,As of 10:00PM | 21 July 2025,37,"17. Morales Compound 5th St., Brgy. Sta. Lucia | Water Level: 15 inches",flood_observed,15 inches,38.1,38.1,,candidate,,,2025-07-21,docs/evaluations/flood-duration-pilot-20261004,NCR-2025-07-21,,,,,,,,,,,,,docs/evaluations/flood-duration-pilot-20261004/sources/PASIG-20250721-2200.1de8fa5a4265.txt,true,usable,usable_reported_snapshot_clock,source_reported_locality,Sta. Lucia,usable_reported_numeric,38.1,38.1,PASIG-2025-JUL21-25,TL-0c149c8f1c98b729,SNAP-d2b41b6945e8dd32,none_flagged,,Source-linked wet claim retained; no clearance inferred.,excluded_wet_snapshot_alone_has_no_outcome,false
OBS-dca21ca2863ca51c,PASIG-20250721-2200,1de8fa5a4265,https://pasigcity.gov.ph/news-and-releases/flood-update-as-of-1000pm-july-21-2025-698,PASIG-2025-JUL21-25,Pasig,Santolan,Santolan,"Natasha St. (Sgt. De Leon), Brgy. Santolan",2025-07-21T22:00:00+08:00,As of 10:00PM | 21 July 2025,39,"18. Natasha St. (Sgt. De Leon), Brgy. Santolan | Water Level: knee level",flood_observed,knee level,,,,candidate,,qualitative_depth_no_numeric_conversion,2025-07-21,docs/evaluations/flood-duration-pilot-20261004,NCR-2025-07-21,,,,,,,,,,,,,docs/evaluations/flood-duration-pilot-20261004/sources/PASIG-20250721-2200.1de8fa5a4265.txt,true,usable,usable_reported_snapshot_clock,source_reported_locality,Santolan,qualitative_only,,,PASIG-2025-JUL21-25,TL-e4670961d81bfee2,SNAP-887eac17f5f5b2e0,none_flagged,,Source-linked wet claim retained; no clearance inferred.,excluded_wet_snapshot_alone_has_no_outcome,false
OBS-e4ce14003c5325d0,PASIG-20250721-2200,1de8fa5a4265,https://pasigcity.gov.ph/news-and-releases/flood-update-as-of-1000pm-july-21-2025-698,PASIG-2025-JUL21-25,Pasig,Santolan,Santolan,"Masikap St. Bangkaan (Tawiran), Brgy. Santolan",2025-07-21T22:00:00+08:00,As of 10:00PM | 21 July 2025,41,"19. Masikap St. Bangkaan (Tawiran), Brgy. Santolan | Water Level: gutter level",flood_observed,gutter level,,,,candidate,,qualitative_depth_no_numeric_conversion,2025-07-21,docs/evaluations/flood-duration-pilot-20261004,NCR-2025-07-21,,,,,,,,,,,,,docs/evaluations/flood-duration-pilot-20261004/sources/PASIG-20250721-2200.1de8fa5a4265.txt,true,usable,usable_reported_snapshot_clock,source_reported_locality,Santolan,qualitative_only,,,PASIG-2025-JUL21-25,TL-97a99272f55c8ae8,SNAP-bc7a8468e19e8fa5,none_flagged,,Source-linked wet claim retained; no clearance inferred.,excluded_wet_snapshot_alone_has_no_outcome,false
OBS-2be45fa3d9219843,PASIG-20250721-2200,1de8fa5a4265,https://pasigcity.gov.ph/news-and-releases/flood-update-as-of-1000pm-july-21-2025-698,PASIG-2025-JUL21-25,Pasig,Santolan,Santolan,"Doroteo St., Brgy. Santolan",2025-07-21T22:00:00+08:00,As of 10:00PM | 21 July 2025,43,"20. Doroteo St., Brgy. Santolan | Water Level: 2 FT",flood_observed,2 FT,60.96,60.96,,candidate,,,2025-07-21,docs/evaluations/flood-duration-pilot-20261004,NCR-2025-07-21,,,,,,,,,,,,,docs/evaluations/flood-duration-pilot-20261004/sources/PASIG-20250721-2200.1de8fa5a4265.txt,true,usable,usable_reported_snapshot_clock,source_reported_locality,Santolan,usable_reported_numeric,60.96,60.96,PASIG-2025-JUL21-25,TL-5fa7caa20f79e2fc,SNAP-93fad212332c3ca1,none_flagged,,Source-linked wet claim retained; no clearance inferred.,excluded_wet_snapshot_alone_has_no_outcome,false
OBS-dbe75dc020a6d0ec,PASIG-20250721-2200,1de8fa5a4265,https://pasigcity.gov.ph/news-and-releases/flood-update-as-of-1000pm-july-21-2025-698,PASIG-2025-JUL21-25,Pasig,Santolan,Santolan,"Marcelino St. (Tawiran), Brgy. Santolan",2025-07-21T22:00:00+08:00,As of 10:00PM | 21 July 2025,45,"21. Marcelino St. (Tawiran), Brgy. Santolan | Water Level: knee deep",flood_observed,knee deep,,,,candidate,,qualitative_depth_no_numeric_conversion,2025-07-21,docs/evaluations/flood-duration-pilot-20261004,NCR-2025-07-21,,,,,,,,,,,,,docs/evaluations/flood-duration-pilot-20261004/sources/PASIG-20250721-2200.1de8fa5a4265.txt,true,usable,usable_reported_snapshot_clock,source_reported_locality,Santolan,qualitative_only,,,PASIG-2025-JUL21-25,TL-915bf559d3636422,SNAP-3f78724c226198ac,none_flagged,,Source-linked wet claim retained; no clearance inferred.,excluded_wet_snapshot_alone_has_no_outcome,false
OBS-c85584ab95ded50c,PASIG-20250721-2200,1de8fa5a4265,https://pasigcity.gov.ph/news-and-releases/flood-update-as-of-1000pm-july-21-2025-698,PASIG-2025-JUL21-25,Pasig,Santolan,Santolan,"Rafael St., Brgy. Santolan",2025-07-21T22:00:00+08:00,As of 10:00PM | 21 July 2025,47,"22. Rafael St., Brgy. Santolan | Water Level: knee deep",flood_observed,knee deep,,,,candidate,,qualitative_depth_no_numeric_conversion,2025-07-21,docs/evaluations/flood-duration-pilot-20261004,NCR-2025-07-21,,,,,,,,,,,,,docs/evaluations/flood-duration-pilot-20261004/sources/PASIG-20250721-2200.1de8fa5a4265.txt,true,usable,usable_reported_snapshot_clock,source_reported_locality,Santolan,qualitative_only,,,PASIG-2025-JUL21-25,TL-ce6e9e9bcdc048f7,SNAP-0a26837e3102ca3a,none_flagged,,Source-linked wet claim retained; no clearance inferred.,excluded_wet_snapshot_alone_has_no_outcome,false
OBS-5884b758ead48333,PASIG-20250721-2200,1de8fa5a4265,https://pasigcity.gov.ph/news-and-releases/flood-update-as-of-1000pm-july-21-2025-698,PASIG-2025-JUL21-25,Pasig,Santolan,Santolan,"Victorino St., Brgy. Santolan",2025-07-21T22:00:00+08:00,As of 10:00PM | 21 July 2025,49,"23. Victorino St., Brgy. Santolan | Water Level: gutter deep",flood_observed,gutter deep,,,,candidate,,qualitative_depth_no_numeric_conversion,2025-07-21,docs/evaluations/flood-duration-pilot-20261004,NCR-2025-07-21,,,,,,,,,,,,,docs/evaluations/flood-duration-pilot-20261004/sources/PASIG-20250721-2200.1de8fa5a4265.txt,true,usable,usable_reported_snapshot_clock,source_reported_locality,Santolan,qualitative_only,,,PASIG-2025-JUL21-25,TL-8e502e6653c3fbb7,SNAP-7f1e8163e07026d7,none_flagged,,Source-linked wet claim retained; no clearance inferred.,excluded_wet_snapshot_alone_has_no_outcome,false
OBS-71ca11be0cccaef7,PASIG-20250721-2200,1de8fa5a4265,https://pasigcity.gov.ph/news-and-releases/flood-update-as-of-1000pm-july-21-2025-698,PASIG-2025-JUL21-25,Pasig,Ugong,Ugong,"C. Santos 1-4, Brgy. Ugong",2025-07-21T22:00:00+08:00,As of 10:00PM | 21 July 2025,51,"24. C. Santos 1-4, Brgy. Ugong | Water Level: 5 inches",flood_observed,5 inches,12.7,12.7,,candidate,,,2025-07-21,docs/evaluations/flood-duration-pilot-20261004,NCR-2025-07-21,,,,,,,,,,,,,docs/evaluations/flood-duration-pilot-20261004/sources/PASIG-20250721-2200.1de8fa5a4265.txt,true,usable,usable_reported_snapshot_clock,source_reported_locality,Ugong,usable_reported_numeric,12.7,12.7,PASIG-2025-JUL21-25,TL-2b85df110e275db7,SNAP-4c0c9b8d106eff95,none_flagged,,Source-linked wet claim retained; no clearance inferred.,excluded_wet_snapshot_alone_has_no_outcome,false
OBS-7dcc8d3137cb3970,PASIG-20250721-2200,1de8fa5a4265,https://pasigcity.gov.ph/news-and-releases/flood-update-as-of-1000pm-july-21-2025-698,PASIG-2025-JUL21-25,Pasig,Manggahan,Manggahan,"Stockholms, Brgy. Manggahan",2025-07-21T22:00:00+08:00,As of 10:00PM | 21 July 2025,53,"25. Stockholms, Brgy. Manggahan | Water Level: gutter deep",flood_observed,gutter deep,,,,candidate,,qualitative_depth_no_numeric_conversion,2025-07-21,docs/evaluations/flood-duration-pilot-20261004,NCR-2025-07-21,,,,,,,,,,,,,docs/evaluations/flood-duration-pilot-20261004/sources/PASIG-20250721-2200.1de8fa5a4265.txt,true,usable,usable_reported_snapshot_clock,source_reported_locality,Manggahan,qualitative_only,,,PASIG-2025-JUL21-25,TL-500c1b38378a59a6,SNAP-bfb8910543645407,none_flagged,,Source-linked wet claim retained; no clearance inferred.,excluded_wet_snapshot_alone_has_no_outcome,false
OBS-73782b3335913a1e,PASIG-20250721-2200,1de8fa5a4265,https://pasigcity.gov.ph/news-and-releases/flood-update-as-of-1000pm-july-21-2025-698,PASIG-2025-JUL21-25,Pasig,Manggahan,Manggahan,"Lower Dike, Brgy. Manggahan",2025-07-21T22:00:00+08:00,As of 10:00PM | 21 July 2025,55,"26. Lower Dike, Brgy. Manggahan | Water Level: 2 FT",flood_observed,2 FT,60.96,60.96,,candidate,,,2025-07-21,docs/evaluations/flood-duration-pilot-20261004,NCR-2025-07-21,,,,,,,,,,,,,docs/evaluations/flood-duration-pilot-20261004/sources/PASIG-20250721-2200.1de8fa5a4265.txt,true,usable,usable_reported_snapshot_clock,source_reported_locality,Manggahan,usable_reported_numeric,60.96,60.96,PASIG-2025-JUL21-25,TL-ac31918f9ee42108,SNAP-95dc1bc3dd33418a,none_flagged,,Source-linked wet claim retained; no clearance inferred.,excluded_wet_snapshot_alone_has_no_outcome,false
OBS-bedc6d864fe0f70c,PASIG-20250721-2200,1de8fa5a4265,https://pasigcity.gov.ph/news-and-releases/flood-update-as-of-1000pm-july-21-2025-698,PASIG-2025-JUL21-25,Pasig,Dela Paz,Dela Paz,"Yap Compound Katipiran St., Brgy. Dela Paz",2025-07-21T22:00:00+08:00,As of 10:00PM | 21 July 2025,57,"27. Yap Compound Katipiran St., Brgy. Dela Paz | Water Level: 2 FT",flood_observed,2 FT,60.96,60.96,,candidate,,,2025-07-21,docs/evaluations/flood-duration-pilot-20261004,NCR-2025-07-21,,,,,,,,,,,,,docs/evaluations/flood-duration-pilot-20261004/sources/PASIG-20250721-2200.1de8fa5a4265.txt,true,usable,usable_reported_snapshot_clock,source_reported_locality,Dela Paz,usable_reported_numeric,60.96,60.96,PASIG-2025-JUL21-25,TL-f245e05fb4e502ba,SNAP-99ccff2fc7a78ccc,none_flagged,,Source-linked wet claim retained; no clearance inferred.,excluded_wet_snapshot_alone_has_no_outcome,false
OBS-bbbb20b36731ef9a,PASIG-20250721-2200,1de8fa5a4265,https://pasigcity.gov.ph/news-and-releases/flood-update-as-of-1000pm-july-21-2025-698,PASIG-2025-JUL21-25,Pasig,Sta. Lucia,Sta. Lucia,"Rosario Village Tramo St., Brgy. Sta. Lucia",2025-07-21T22:00:00+08:00,As of 10:00PM | 21 July 2025,59,"28. Rosario Village Tramo St., Brgy. Sta. Lucia | Water Level: 14 inches",flood_observed,14 inches,35.56,35.56,,candidate,,,2025-07-21,docs/evaluations/flood-duration-pilot-20261004,NCR-2025-07-21,,,,,,,,,,,,,docs/evaluations/flood-duration-pilot-20261004/sources/PASIG-20250721-2200.1de8fa5a4265.txt,true,usable,usable_reported_snapshot_clock,source_reported_locality,Sta. Lucia,usable_reported_numeric,35.56,35.56,PASIG-2025-JUL21-25,TL-0f9c7c81bfa8eae3,SNAP-7560f4992db4dc10,none_flagged,,Source-linked wet claim retained; no clearance inferred.,excluded_wet_snapshot_alone_has_no_outcome,false
OBS-f8b38925d3175662,PASIG-20250721-2200,1de8fa5a4265,https://pasigcity.gov.ph/news-and-releases/flood-update-as-of-1000pm-july-21-2025-698,PASIG-2025-JUL21-25,Pasig,Sta. Lucia,Sta. Lucia,"Metropolis 1, Brgy. Sta. Lucia",2025-07-21T22:00:00+08:00,As of 10:00PM | 21 July 2025,61,"29.. Metropolis 1, Brgy. Sta. Lucia | Water Level: 2 FT",flood_observed,2 FT,60.96,60.96,,candidate,,,2025-07-21,docs/evaluations/flood-duration-pilot-20261004,NCR-2025-07-21,,,,,,,,,,,,,docs/evaluations/flood-duration-pilot-20261004/sources/PASIG-20250721-2200.1de8fa5a4265.txt,true,usable,usable_reported_snapshot_clock,source_reported_locality,Sta. Lucia,usable_reported_numeric,60.96,60.96,PASIG-2025-JUL21-25,TL-f8f9f43ad81a39eb,SNAP-0259ff138e4d7cf6,none_flagged,,Source-linked wet claim retained; no clearance inferred.,excluded_wet_snapshot_alone_has_no_outcome,false
OBS-878186bfc50cd32d,PASIG-20250721-2200,1de8fa5a4265,https://pasigcity.gov.ph/news-and-releases/flood-update-as-of-1000pm-july-21-2025-698,PASIG-2025-JUL21-25,Pasig,Sta. Lucia,Sta. Lucia,"Rosario 5&6, Brgy. Sta. Lucia",2025-07-21T22:00:00+08:00,As of 10:00PM | 21 July 2025,63,"30. Rosario 5&6, Brgy. Sta. Lucia | Water Level: 2 FT",flood_observed,2 FT,60.96,60.96,,candidate,,,2025-07-21,docs/evaluations/flood-duration-pilot-20261004,NCR-2025-07-21,,,,,,,,,,,,,docs/evaluations/flood-duration-pilot-20261004/sources/PASIG-20250721-2200.1de8fa5a4265.txt,true,usable,usable_reported_snapshot_clock,source_reported_locality,Sta. Lucia,usable_reported_numeric,60.96,60.96,PASIG-2025-JUL21-25,TL-59a86b37da48c185,SNAP-e56af59ee21100e6,none_flagged,,Source-linked wet claim retained; no clearance inferred.,excluded_wet_snapshot_alone_has_no_outcome,false
OBS-928b6dc7517fcf2b,PASIG-20250721-2200,1de8fa5a4265,https://pasigcity.gov.ph/news-and-releases/flood-update-as-of-1000pm-july-21-2025-698,PASIG-2025-JUL21-25,Pasig,Sta. Lucia,Sta. Lucia,"Champaca St., Brgy. Sta. Lucia",2025-07-21T22:00:00+08:00,As of 10:00PM | 21 July 2025,65,"31. Champaca St., Brgy. Sta. Lucia | Water Level: 2-3 inches",flood_observed,2-3 inches,5.08,7.62,,candidate,,,2025-07-21,docs/evaluations/flood-duration-pilot-20261004,NCR-2025-07-21,,,,,,,,,,,,,docs/evaluations/flood-duration-pilot-20261004/sources/PASIG-20250721-2200.1de8fa5a4265.txt,true,usable,usable_reported_snapshot_clock,source_reported_locality,Sta. Lucia,usable_reported_numeric,5.08,7.62,PASIG-2025-JUL21-25,TL-cf0e038045238189,SNAP-933e173758232c7c,none_flagged,,Source-linked wet claim retained; no clearance inferred.,excluded_wet_snapshot_alone_has_no_outcome,false
OBS-54491d6eb57fe7a2,PASIG-20250721-2345,653ede578161,https://pasigcity.gov.ph/news-and-releases/flood-update-as-of-1145pm-july-21-2025-947,PASIG-2025-JUL21-25,Pasig,Dela Paz,Dela Paz,"Karangalan Phase 2 A, Brgy. Dela Paz",2025-07-21T23:45:00+08:00,As of 11:45PM | 21 July 2025,5,"1. Karangalan Phase 2 A, Brgy. Dela Paz | Water Level: 2-3 inches",flood_observed,2-3 inches,5.08,7.62,,candidate,,,2025-07-21,docs/evaluations/flood-duration-pilot-20261004,NCR-2025-07-21,,,,,,,,,,,,,docs/evaluations/flood-duration-pilot-20261004/sources/PASIG-20250721-2345.653ede578161.txt,true,usable,usable_reported_snapshot_clock,source_reported_locality,Dela Paz,usable_reported_numeric,5.08,7.62,PASIG-2025-JUL21-25,TL-9274a834cf4f5614,SNAP-12d0bf55f4c58241,none_flagged,,Source-linked wet claim retained; no clearance inferred.,excluded_wet_snapshot_alone_has_no_outcome,false
OBS-ff3dd8fecc671e32,PASIG-20250721-2345,653ede578161,https://pasigcity.gov.ph/news-and-releases/flood-update-as-of-1145pm-july-21-2025-947,PASIG-2025-JUL21-25,Pasig,Manggahan,Manggahan,"Panama St cor Stockholm, Brgy. Manggahan",2025-07-21T23:45:00+08:00,As of 11:45PM | 21 July 2025,7,"2. Panama St cor Stockholm, Brgy. Manggahan | Water Level: 3-4 inches",flood_observed,3-4 inches,7.62,10.16,,candidate,,,2025-07-21,docs/evaluations/flood-duration-pilot-20261004,NCR-2025-07-21,,,,,,,,,,,,,docs/evaluations/flood-duration-pilot-20261004/sources/PASIG-20250721-2345.653ede578161.txt,true,usable,usable_reported_snapshot_clock,source_reported_locality,Manggahan,usable_reported_numeric,7.62,10.16,PASIG-2025-JUL21-25,TL-aefcaac584ec3cef,SNAP-553d6d65082b0596,none_flagged,,Source-linked wet claim retained; no clearance inferred.,excluded_wet_snapshot_alone_has_no_outcome,false
OBS-ab0dcaf6981a2181,PASIG-20250721-2345,653ede578161,https://pasigcity.gov.ph/news-and-releases/flood-update-as-of-1145pm-july-21-2025-947,PASIG-2025-JUL21-25,Pasig,Manggahan,Manggahan,"Panama St., Brgy. Manggahan",2025-07-21T23:45:00+08:00,As of 11:45PM | 21 July 2025,9,"3. Panama St., Brgy. Manggahan | Water Level: 3-4 inches",flood_observed,3-4 inches,7.62,10.16,,candidate,,,2025-07-21,docs/evaluations/flood-duration-pilot-20261004,NCR-2025-07-21,,,,,,,,,,,,,docs/evaluations/flood-duration-pilot-20261004/sources/PASIG-20250721-2345.653ede578161.txt,true,usable,usable_reported_snapshot_clock,source_reported_locality,Manggahan,usable_reported_numeric,7.62,10.16,PASIG-2025-JUL21-25,TL-d64ab6b1ae95cbb8,SNAP-ec0c5a21cbcf8b38,none_flagged,,Source-linked wet claim retained; no clearance inferred.,excluded_wet_snapshot_alone_has_no_outcome,false
OBS-6b6e7014e9240e69,PASIG-20250721-2345,653ede578161,https://pasigcity.gov.ph/news-and-releases/flood-update-as-of-1145pm-july-21-2025-947,PASIG-2025-JUL21-25,Pasig,Dela Paz,Dela Paz,"Kabayanihan cor Karikitan St, Brgy. Dela Paz",2025-07-21T23:45:00+08:00,As of 11:45PM | 21 July 2025,11,"4. Kabayanihan cor Karikitan St, Brgy. Dela Paz | Water Level: 7-8 inches",flood_observed,7-8 inches,17.78,20.32,,candidate,,,2025-07-21,docs/evaluations/flood-duration-pilot-20261004,NCR-2025-07-21,,,,,,,,,,,,,docs/evaluations/flood-duration-pilot-20261004/sources/PASIG-20250721-2345.653ede578161.txt,true,usable,usable_reported_snapshot_clock,uncertain_cross_report_barangay_identity,Dela Paz,usable_reported_numeric,17.78,20.32,PASIG-2025-JUL21-25,TL-018c9725b41550f0,SNAP-2784a465f9132386,none_flagged,,"PASIG-20250721-2345 text lines 11-12 report Kabayanihan/Karikitan under Dela Paz; PASIG-20250723-0900 lines 21,30-31 and PASIG-20250723-1700 lines 13-15 give Manggahan. Retain source locality and hold cross-day identity join.",excluded_wet_snapshot_alone_has_no_outcome,false
OBS-5cefe485ad7edbf9,PASIG-20250721-2345,653ede578161,https://pasigcity.gov.ph/news-and-releases/flood-update-as-of-1145pm-july-21-2025-947,PASIG-2025-JUL21-25,Pasig,Sta.Lucia,Sta. Lucia,"Callos Compound, Brgy. Sta.Lucia",2025-07-21T23:45:00+08:00,As of 11:45PM | 21 July 2025,13,"5. Callos Compound, Brgy. Sta.Lucia | Water Level : 3 FT",flood_observed,3 FT,91.44,91.44,,candidate,,,2025-07-21,docs/evaluations/flood-duration-pilot-20261004,NCR-2025-07-21,,,,,,,,,,,,,docs/evaluations/flood-duration-pilot-20261004/sources/PASIG-20250721-2345.653ede578161.txt,true,usable,usable_reported_snapshot_clock,source_reported_locality,Sta. Lucia,usable_reported_numeric,91.44,91.44,PASIG-2025-JUL21-25,TL-798b530e3df993e5,SNAP-14cd9bbcf46404cc,none_flagged,,Source-linked wet claim retained; no clearance inferred.,excluded_wet_snapshot_alone_has_no_outcome,false
OBS-98de09913ecded9b,PASIG-20250721-2345,653ede578161,https://pasigcity.gov.ph/news-and-releases/flood-update-as-of-1145pm-july-21-2025-947,PASIG-2025-JUL21-25,Pasig,Manggahan,Manggahan,"Paris St. cor Soliven Ave., Brgy Manggahan",2025-07-21T23:45:00+08:00,As of 11:45PM | 21 July 2025,15,"6. Paris St. cor Soliven Ave., Brgy Manggahan | Water Level: 3-4 inches",flood_observed,3-4 inches,7.62,10.16,,candidate,,,2025-07-21,docs/evaluations/flood-duration-pilot-20261004,NCR-2025-07-21,,,,,,,,,,,,,docs/evaluations/flood-duration-pilot-20261004/sources/PASIG-20250721-2345.653ede578161.txt,true,usable,usable_reported_snapshot_clock,source_reported_locality,Manggahan,usable_reported_numeric,7.62,10.16,PASIG-2025-JUL21-25,TL-8ee8166b5f25f904,SNAP-9d52e9c4ace66f2b,none_flagged,,Source-linked wet claim retained; no clearance inferred.,excluded_wet_snapshot_alone_has_no_outcome,false
OBS-df27866e3582db3b,PASIG-20250721-2345,653ede578161,https://pasigcity.gov.ph/news-and-releases/flood-update-as-of-1145pm-july-21-2025-947,PASIG-2025-JUL21-25,Pasig,Manggahan,Manggahan,"Prague St., Brgy Manggahan",2025-07-21T23:45:00+08:00,As of 11:45PM | 21 July 2025,17,"7. Prague St., Brgy Manggahan | Water Level: 1 FT",flood_observed,1 FT,30.48,30.48,,candidate,,,2025-07-21,docs/evaluations/flood-duration-pilot-20261004,NCR-2025-07-21,,,,,,,,,,,,,docs/evaluations/flood-duration-pilot-20261004/sources/PASIG-20250721-2345.653ede578161.txt,true,usable,usable_reported_snapshot_clock,source_reported_locality,Manggahan,usable_reported_numeric,30.48,30.48,PASIG-2025-JUL21-25,TL-565b2ff73105a2a5,SNAP-a62e2f6620e3a98d,none_flagged,,Source-linked wet claim retained; no clearance inferred.,excluded_wet_snapshot_alone_has_no_outcome,false
OBS-f9ea7055090cf05c,PASIG-20250721-2345,653ede578161,https://pasigcity.gov.ph/news-and-releases/flood-update-as-of-1145pm-july-21-2025-947,PASIG-2025-JUL21-25,Pasig,Manggahan,Manggahan,"Prague St cor. Rome St., Brgy. Manggahan",2025-07-21T23:45:00+08:00,As of 11:45PM | 21 July 2025,19,"8. Prague St cor. Rome St., Brgy. Manggahan | Water Level: 1 FT and 2 inches",flood_observed,1 FT and 2 inches,35.56,35.56,,candidate,,,2025-07-21,docs/evaluations/flood-duration-pilot-20261004,NCR-2025-07-21,,,,,,,,,,,,,docs/evaluations/flood-duration-pilot-20261004/sources/PASIG-20250721-2345.653ede578161.txt,true,usable,usable_reported_snapshot_clock,source_reported_locality,Manggahan,usable_reported_numeric,35.56,35.56,PASIG-2025-JUL21-25,TL-1534b60ded97cec8,SNAP-3153b9f323be069e,none_flagged,,Source-linked wet claim retained; no clearance inferred.,excluded_wet_snapshot_alone_has_no_outcome,false
OBS-a23028d662501a20,PASIG-20250721-2345,653ede578161,https://pasigcity.gov.ph/news-and-releases/flood-update-as-of-1145pm-july-21-2025-947,PASIG-2025-JUL21-25,Pasig,Manggahan,Manggahan,"Guatemala St. cor. Rome St., Brgy. Manggahan",2025-07-21T23:45:00+08:00,As of 11:45PM | 21 July 2025,21,"9. Guatemala St. cor. Rome St., Brgy. Manggahan | Water Level: 1 FT",flood_observed,1 FT,30.48,30.48,,candidate,,,2025-07-21,docs/evaluations/flood-duration-pilot-20261004,NCR-2025-07-21,,,,,,,,,,,,,docs/evaluations/flood-duration-pilot-20261004/sources/PASIG-20250721-2345.653ede578161.txt,true,usable,usable_reported_snapshot_clock,source_reported_locality,Manggahan,usable_reported_numeric,30.48,30.48,PASIG-2025-JUL21-25,TL-d7ccd4c8de1d5f92,SNAP-758def37ffa6a2f2,none_flagged,,Source-linked wet claim retained; no clearance inferred.,excluded_wet_snapshot_alone_has_no_outcome,false
OBS-abe5d7e7154d7635,PASIG-20250721-2345,653ede578161,https://pasigcity.gov.ph/news-and-releases/flood-update-as-of-1145pm-july-21-2025-947,PASIG-2025-JUL21-25,Pasig,Manggahan,Manggahan,"Athens St. cor. Guatemala, Brgy. Manggahan",2025-07-21T23:45:00+08:00,As of 11:45PM | 21 July 2025,23,"10. Athens St. cor. Guatemala, Brgy. Manggahan | Water Level: 5-6 inches",flood_observed,5-6 inches,12.7,15.24,,candidate,,,2025-07-21,docs/evaluations/flood-duration-pilot-20261004,NCR-2025-07-21,,,,,,,,,,,,,docs/evaluations/flood-duration-pilot-20261004/sources/PASIG-20250721-2345.653ede578161.txt,true,usable,usable_reported_snapshot_clock,source_reported_locality,Manggahan,usable_reported_numeric,12.7,15.24,PASIG-2025-JUL21-25,TL-14982cd15966fa0a,SNAP-63b8e9ed6c9aec1d,none_flagged,,Source-linked wet claim retained; no clearance inferred.,excluded_wet_snapshot_alone_has_no_outcome,false
OBS-e5d421872d726acc,PASIG-20250721-2345,653ede578161,https://pasigcity.gov.ph/news-and-releases/flood-update-as-of-1145pm-july-21-2025-947,PASIG-2025-JUL21-25,Pasig,Santolan,Santolan,Masikap Brgy. Santolan.,2025-07-21T23:45:00+08:00,As of 11:45PM | 21 July 2025,25,11. Masikap Brgy. Santolan. | Water Level: 3 FT,flood_observed,3 FT,91.44,91.44,,candidate,,,2025-07-21,docs/evaluations/flood-duration-pilot-20261004,NCR-2025-07-21,,,,,,,,,,,,,docs/evaluations/flood-duration-pilot-20261004/sources/PASIG-20250721-2345.653ede578161.txt,true,usable,usable_reported_snapshot_clock,source_reported_locality,Santolan,usable_reported_numeric,91.44,91.44,PASIG-2025-JUL21-25,TL-878c4066d69bc799,SNAP-6608d398ab6ed06c,none_flagged,,Source-linked wet claim retained; no clearance inferred.,excluded_wet_snapshot_alone_has_no_outcome,false
OBS-d3834c14ba879278,PASIG-20250721-2345,653ede578161,https://pasigcity.gov.ph/news-and-releases/flood-update-as-of-1145pm-july-21-2025-947,PASIG-2025-JUL21-25,Pasig,Santolan,Santolan,Sgt. De Leon. Brgy. Santolan.,2025-07-21T23:45:00+08:00,As of 11:45PM | 21 July 2025,27,12. Sgt. De Leon. Brgy. Santolan. | Water Level: 5 inches,flood_observed,5 inches,12.7,12.7,,candidate,,,2025-07-21,docs/evaluations/flood-duration-pilot-20261004,NCR-2025-07-21,,,,,,,,,,,,,docs/evaluations/flood-duration-pilot-20261004/sources/PASIG-20250721-2345.653ede578161.txt,true,usable,usable_reported_snapshot_clock,source_reported_locality,Santolan,usable_reported_numeric,12.7,12.7,PASIG-2025-JUL21-25,TL-f64445703e78a2ee,SNAP-a348c3053d0ed4f4,none_flagged,,Source-linked wet claim retained; no clearance inferred.,excluded_wet_snapshot_alone_has_no_outcome,false
OBS-2d719c1817459b6b,PASIG-20250721-2345,653ede578161,https://pasigcity.gov.ph/news-and-releases/flood-update-as-of-1145pm-july-21-2025-947,PASIG-2025-JUL21-25,Pasig,Sta. Lucia,Sta. Lucia,"Tawi-tawi St., Brgy. Sta. Lucia",2025-07-21T23:45:00+08:00,As of 11:45PM | 21 July 2025,29,"13, Tawi-tawi St., Brgy. Sta. Lucia | Water Level: 15 inches",flood_observed,15 inches,38.1,38.1,,candidate,,,2025-07-21,docs/evaluations/flood-duration-pilot-20261004,NCR-2025-07-21,,,,,,,,,,,,,docs/evaluations/flood-duration-pilot-20261004/sources/PASIG-20250721-2345.653ede578161.txt,true,usable,usable_reported_snapshot_clock,source_reported_locality,Sta. Lucia,usable_reported_numeric,38.1,38.1,PASIG-2025-JUL21-25,TL-2481184770ae4dfc,SNAP-b81ad7e42b944555,none_flagged,,Source-linked wet claim retained; no clearance inferred.,excluded_wet_snapshot_alone_has_no_outcome,false
OBS-8d0cd582c458d7cc,PASIG-20250721-2345,653ede578161,https://pasigcity.gov.ph/news-and-releases/flood-update-as-of-1145pm-july-21-2025-947,PASIG-2025-JUL21-25,Pasig,Manggahan,Manggahan,"Metro Ville Karangalan, Brgy. Manggahan",2025-07-21T23:45:00+08:00,As of 11:45PM | 21 July 2025,31,"14. Metro Ville Karangalan, Brgy. Manggahan | Water Level: 15 inches",flood_observed,15 inches,38.1,38.1,,candidate,,,2025-07-21,docs/evaluations/flood-duration-pilot-20261004,NCR-2025-07-21,,,,,,,,,,,,,docs/evaluations/flood-duration-pilot-20261004/sources/PASIG-20250721-2345.653ede578161.txt,true,usable,usable_reported_snapshot_clock,source_reported_locality,Manggahan,usable_reported_numeric,38.1,38.1,PASIG-2025-JUL21-25,TL-1e185b484c932053,SNAP-a561b53b810f639b,none_flagged,,Source-linked wet claim retained; no clearance inferred.,excluded_wet_snapshot_alone_has_no_outcome,false
OBS-2da90874baa26472,PASIG-20250721-2345,653ede578161,https://pasigcity.gov.ph/news-and-releases/flood-update-as-of-1145pm-july-21-2025-947,PASIG-2025-JUL21-25,Pasig,Sta. Lucia,Sta. Lucia,"Bautista Compound, Brgy. Sta. Lucia",2025-07-21T23:45:00+08:00,As of 11:45PM | 21 July 2025,33,"15. Bautista Compound, Brgy. Sta. Lucia | Water Level: 2 FT",flood_observed,2 FT,60.96,60.96,,candidate,,,2025-07-21,docs/evaluations/flood-duration-pilot-20261004,NCR-2025-07-21,,,,,,,,,,,,,docs/evaluations/flood-duration-pilot-20261004/sources/PASIG-20250721-2345.653ede578161.txt,true,usable,usable_reported_snapshot_clock,source_reported_locality,Sta. Lucia,usable_reported_numeric,60.96,60.96,PASIG-2025-JUL21-25,TL-c22565191ee4c269,SNAP-361e01e1319fef9b,none_flagged,,Source-linked wet claim retained; no clearance inferred.,excluded_wet_snapshot_alone_has_no_outcome,false
OBS-7f7b4385f798fd18,PASIG-20250721-2345,653ede578161,https://pasigcity.gov.ph/news-and-releases/flood-update-as-of-1145pm-july-21-2025-947,PASIG-2025-JUL21-25,Pasig,Sta. Lucia,Sta. Lucia,"Morales Compound 5th St., Brgy. Sta. Lucia",2025-07-21T23:45:00+08:00,As of 11:45PM | 21 July 2025,35,"16. Morales Compound 5th St., Brgy. Sta. Lucia | Water Level: 15 inches",flood_observed,15 inches,38.1,38.1,,candidate,,,2025-07-21,docs/evaluations/flood-duration-pilot-20261004,NCR-2025-07-21,,,,,,,,,,,,,docs/evaluations/flood-duration-pilot-20261004/sources/PASIG-20250721-2345.653ede578161.txt,true,usable,usable_reported_snapshot_clock,source_reported_locality,Sta. Lucia,usable_reported_numeric,38.1,38.1,PASIG-2025-JUL21-25,TL-0c149c8f1c98b729,SNAP-525b40944d81ce05,none_flagged,,Source-linked wet claim retained; no clearance inferred.,excluded_wet_snapshot_alone_has_no_outcome,false
OBS-a2b85cd64bdeafb6,PASIG-20250721-2345,653ede578161,https://pasigcity.gov.ph/news-and-releases/flood-update-as-of-1145pm-july-21-2025-947,PASIG-2025-JUL21-25,Pasig,Santolan,Santolan,"Natasha St. (Sgt. De Leon), Brgy. Santolan",2025-07-21T23:45:00+08:00,As of 11:45PM | 21 July 2025,37,"17. Natasha St. (Sgt. De Leon), Brgy. Santolan | Water Level: knee level",flood_observed,knee level,,,,candidate,,qualitative_depth_no_numeric_conversion,2025-07-21,docs/evaluations/flood-duration-pilot-20261004,NCR-2025-07-21,,,,,,,,,,,,,docs/evaluations/flood-duration-pilot-20261004/sources/PASIG-20250721-2345.653ede578161.txt,true,usable,usable_reported_snapshot_clock,source_reported_locality,Santolan,qualitative_only,,,PASIG-2025-JUL21-25,TL-e4670961d81bfee2,SNAP-8dfc4915bc9b8ff2,none_flagged,,Source-linked wet claim retained; no clearance inferred.,excluded_wet_snapshot_alone_has_no_outcome,false
OBS-cf72099c4b83dacc,PASIG-20250721-2345,653ede578161,https://pasigcity.gov.ph/news-and-releases/flood-update-as-of-1145pm-july-21-2025-947,PASIG-2025-JUL21-25,Pasig,Santolan,Santolan,"Masikap St. Bangkaan (Tawiran), Brgy. Santolan",2025-07-21T23:45:00+08:00,As of 11:45PM | 21 July 2025,39,"18. Masikap St. Bangkaan (Tawiran), Brgy. Santolan | Water Level: (Above head level)",flood_observed,(Above head level),,,,candidate,,qualitative_depth_no_numeric_conversion,2025-07-21,docs/evaluations/flood-duration-pilot-20261004,NCR-2025-07-21,,,,,,,,,,,,,docs/evaluations/flood-duration-pilot-20261004/sources/PASIG-20250721-2345.653ede578161.txt,true,usable,usable_reported_snapshot_clock,source_reported_locality,Santolan,qualitative_only,,,PASIG-2025-JUL21-25,TL-97a99272f55c8ae8,SNAP-836837a151032035,none_flagged,,Source-linked wet claim retained; no clearance inferred.,excluded_wet_snapshot_alone_has_no_outcome,false
OBS-b0c6347af02d04bb,PASIG-20250721-2345,653ede578161,https://pasigcity.gov.ph/news-and-releases/flood-update-as-of-1145pm-july-21-2025-947,PASIG-2025-JUL21-25,Pasig,Santolan,Santolan,"Doroteo St., Brgy. Santolan",2025-07-21T23:45:00+08:00,As of 11:45PM | 21 July 2025,41,"19. Doroteo St., Brgy. Santolan | Water Level: 2 FT",flood_observed,2 FT,60.96,60.96,,candidate,,,2025-07-21,docs/evaluations/flood-duration-pilot-20261004,NCR-2025-07-21,,,,,,,,,,,,,docs/evaluations/flood-duration-pilot-20261004/sources/PASIG-20250721-2345.653ede578161.txt,true,usable,usable_reported_snapshot_clock,source_reported_locality,Santolan,usable_reported_numeric,60.96,60.96,PASIG-2025-JUL21-25,TL-5fa7caa20f79e2fc,SNAP-9d82d0dfc179ac0e,none_flagged,,Source-linked wet claim retained; no clearance inferred.,excluded_wet_snapshot_alone_has_no_outcome,false
OBS-a6f0bd685de2e376,PASIG-20250721-2345,653ede578161,https://pasigcity.gov.ph/news-and-releases/flood-update-as-of-1145pm-july-21-2025-947,PASIG-2025-JUL21-25,Pasig,Santolan,Santolan,"Marcelino St. (Tawiran), Brgy. Santolan",2025-07-21T23:45:00+08:00,As of 11:45PM | 21 July 2025,43,"20. Marcelino St. (Tawiran), Brgy. Santolan | Water Level: (Above head level)",flood_observed,(Above head level),,,,candidate,,qualitative_depth_no_numeric_conversion,2025-07-21,docs/evaluations/flood-duration-pilot-20261004,NCR-2025-07-21,,,,,,,,,,,,,docs/evaluations/flood-duration-pilot-20261004/sources/PASIG-20250721-2345.653ede578161.txt,true,usable,usable_reported_snapshot_clock,source_reported_locality,Santolan,qualitative_only,,,PASIG-2025-JUL21-25,TL-915bf559d3636422,SNAP-5e45ac5bd69abe3a,none_flagged,,Source-linked wet claim retained; no clearance inferred.,excluded_wet_snapshot_alone_has_no_outcome,false
OBS-ce9afe59b3ca842a,PASIG-20250721-2345,653ede578161,https://pasigcity.gov.ph/news-and-releases/flood-update-as-of-1145pm-july-21-2025-947,PASIG-2025-JUL21-25,Pasig,Santolan,Santolan,"Rafael St., Brgy. Santolan",2025-07-21T23:45:00+08:00,As of 11:45PM | 21 July 2025,45,"21. Rafael St., Brgy. Santolan | Water Level: knee deep",flood_observed,knee deep,,,,candidate,,qualitative_depth_no_numeric_conversion,2025-07-21,docs/evaluations/flood-duration-pilot-20261004,NCR-2025-07-21,,,,,,,,,,,,,docs/evaluations/flood-duration-pilot-20261004/sources/PASIG-20250721-2345.653ede578161.txt,true,usable,usable_reported_snapshot_clock,source_reported_locality,Santolan,qualitative_only,,,PASIG-2025-JUL21-25,TL-ce6e9e9bcdc048f7,SNAP-803fd5084ed0733b,none_flagged,,Source-linked wet claim retained; no clearance inferred.,excluded_wet_snapshot_alone_has_no_outcome,false
OBS-d1884c54bbf9ab45,PASIG-20250721-2345,653ede578161,https://pasigcity.gov.ph/news-and-releases/flood-update-as-of-1145pm-july-21-2025-947,PASIG-2025-JUL21-25,Pasig,Santolan,Santolan,"Victorino St., Brgy. Santolan",2025-07-21T23:45:00+08:00,As of 11:45PM | 21 July 2025,47,"22. Victorino St., Brgy. Santolan | Water Level: gutter deep",flood_observed,gutter deep,,,,candidate,,qualitative_depth_no_numeric_conversion,2025-07-21,docs/evaluations/flood-duration-pilot-20261004,NCR-2025-07-21,,,,,,,,,,,,,docs/evaluations/flood-duration-pilot-20261004/sources/PASIG-20250721-2345.653ede578161.txt,true,usable,usable_reported_snapshot_clock,source_reported_locality,Santolan,qualitative_only,,,PASIG-2025-JUL21-25,TL-8e502e6653c3fbb7,SNAP-dc6aea59472d27b5,none_flagged,,Source-linked wet claim retained; no clearance inferred.,excluded_wet_snapshot_alone_has_no_outcome,false
OBS-b042a6b13c5ec73b,PASIG-20250721-2345,653ede578161,https://pasigcity.gov.ph/news-and-releases/flood-update-as-of-1145pm-july-21-2025-947,PASIG-2025-JUL21-25,Pasig,Ugong,Ugong,"C. Santos 1-4, Brgy. Ugong",2025-07-21T23:45:00+08:00,As of 11:45PM | 21 July 2025,49,"23. C. Santos 1-4, Brgy. Ugong | Water Level: 5 inches",flood_observed,5 inches,12.7,12.7,,candidate,,,2025-07-21,docs/evaluations/flood-duration-pilot-20261004,NCR-2025-07-21,,,,,,,,,,,,,docs/evaluations/flood-duration-pilot-20261004/sources/PASIG-20250721-2345.653ede578161.txt,true,usable,usable_reported_snapshot_clock,source_reported_locality,Ugong,usable_reported_numeric,12.7,12.7,PASIG-2025-JUL21-25,TL-2b85df110e275db7,SNAP-4e7f7512695eccf6,none_flagged,,Source-linked wet claim retained; no clearance inferred.,excluded_wet_snapshot_alone_has_no_outcome,false
OBS-69de9fb020cb84bf,PASIG-20250721-2345,653ede578161,https://pasigcity.gov.ph/news-and-releases/flood-update-as-of-1145pm-july-21-2025-947,PASIG-2025-JUL21-25,Pasig,Manggahan,Manggahan,"Stockholms, Brgy. Manggahan",2025-07-21T23:45:00+08:00,As of 11:45PM | 21 July 2025,51,"24. Stockholms, Brgy. Manggahan | Water Level: gutter deep",flood_observed,gutter deep,,,,candidate,,qualitative_depth_no_numeric_conversion,2025-07-21,docs/evaluations/flood-duration-pilot-20261004,NCR-2025-07-21,,,,,,,,,,,,,docs/evaluations/flood-duration-pilot-20261004/sources/PASIG-20250721-2345.653ede578161.txt,true,usable,usable_reported_snapshot_clock,source_reported_locality,Manggahan,qualitative_only,,,PASIG-2025-JUL21-25,TL-500c1b38378a59a6,SNAP-f7fca4927e997e3b,none_flagged,,Source-linked wet claim retained; no clearance inferred.,excluded_wet_snapshot_alone_has_no_outcome,false
OBS-6b39951821c8661e,PASIG-20250721-2345,653ede578161,https://pasigcity.gov.ph/news-and-releases/flood-update-as-of-1145pm-july-21-2025-947,PASIG-2025-JUL21-25,Pasig,Manggahan,Manggahan,"Lower Dike, Brgy. Manggahan",2025-07-21T23:45:00+08:00,As of 11:45PM | 21 July 2025,53,"25. Lower Dike, Brgy. Manggahan | Water Level: 2 FT",flood_observed,2 FT,60.96,60.96,,candidate,,,2025-07-21,docs/evaluations/flood-duration-pilot-20261004,NCR-2025-07-21,,,,,,,,,,,,,docs/evaluations/flood-duration-pilot-20261004/sources/PASIG-20250721-2345.653ede578161.txt,true,usable,usable_reported_snapshot_clock,source_reported_locality,Manggahan,usable_reported_numeric,60.96,60.96,PASIG-2025-JUL21-25,TL-ac31918f9ee42108,SNAP-cec7391614dfbdb1,none_flagged,,Source-linked wet claim retained; no clearance inferred.,excluded_wet_snapshot_alone_has_no_outcome,false
OBS-9be14956d674146b,PASIG-20250721-2345,653ede578161,https://pasigcity.gov.ph/news-and-releases/flood-update-as-of-1145pm-july-21-2025-947,PASIG-2025-JUL21-25,Pasig,Dela Paz,Dela Paz,"Yap Compound Katipiran St., Brgy. Dela Paz",2025-07-21T23:45:00+08:00,As of 11:45PM | 21 July 2025,55,"26. Yap Compound Katipiran St., Brgy. Dela Paz | Water Level: 2 FT",flood_observed,2 FT,60.96,60.96,,candidate,,,2025-07-21,docs/evaluations/flood-duration-pilot-20261004,NCR-2025-07-21,,,,,,,,,,,,,docs/evaluations/flood-duration-pilot-20261004/sources/PASIG-20250721-2345.653ede578161.txt,true,usable,usable_reported_snapshot_clock,source_reported_locality,Dela Paz,usable_reported_numeric,60.96,60.96,PASIG-2025-JUL21-25,TL-f245e05fb4e502ba,SNAP-b6119c721a2f57d1,none_flagged,,Source-linked wet claim retained; no clearance inferred.,excluded_wet_snapshot_alone_has_no_outcome,false
OBS-63e7acea17f6f5eb,PASIG-20250721-2345,653ede578161,https://pasigcity.gov.ph/news-and-releases/flood-update-as-of-1145pm-july-21-2025-947,PASIG-2025-JUL21-25,Pasig,Sta. Lucia,Sta. Lucia,"Rosario Village Tramo St., Brgy. Sta. Lucia",2025-07-21T23:45:00+08:00,As of 11:45PM | 21 July 2025,57,"27. Rosario Village Tramo St., Brgy. Sta. Lucia | Water Level: 14 inches",flood_observed,14 inches,35.56,35.56,,candidate,,,2025-07-21,docs/evaluations/flood-duration-pilot-20261004,NCR-2025-07-21,,,,,,,,,,,,,docs/evaluations/flood-duration-pilot-20261004/sources/PASIG-20250721-2345.653ede578161.txt,true,usable,usable_reported_snapshot_clock,source_reported_locality,Sta. Lucia,usable_reported_numeric,35.56,35.56,PASIG-2025-JUL21-25,TL-0f9c7c81bfa8eae3,SNAP-510bca111afdba2a,none_flagged,,Source-linked wet claim retained; no clearance inferred.,excluded_wet_snapshot_alone_has_no_outcome,false
OBS-a7a8542a83f7c27f,PASIG-20250721-2345,653ede578161,https://pasigcity.gov.ph/news-and-releases/flood-update-as-of-1145pm-july-21-2025-947,PASIG-2025-JUL21-25,Pasig,Sta. Lucia,Sta. Lucia,"Metropolis 1, Brgy. Sta. Lucia",2025-07-21T23:45:00+08:00,As of 11:45PM | 21 July 2025,59,"28. Metropolis 1, Brgy. Sta. Lucia | Water Level: 2 FT",flood_observed,2 FT,60.96,60.96,,candidate,,,2025-07-21,docs/evaluations/flood-duration-pilot-20261004,NCR-2025-07-21,,,,,,,,,,,,,docs/evaluations/flood-duration-pilot-20261004/sources/PASIG-20250721-2345.653ede578161.txt,true,usable,usable_reported_snapshot_clock,source_reported_locality,Sta. Lucia,usable_reported_numeric,60.96,60.96,PASIG-2025-JUL21-25,TL-f8f9f43ad81a39eb,SNAP-e7d19396db1005ed,none_flagged,,Source-linked wet claim retained; no clearance inferred.,excluded_wet_snapshot_alone_has_no_outcome,false
OBS-564f827553810956,PASIG-20250721-2345,653ede578161,https://pasigcity.gov.ph/news-and-releases/flood-update-as-of-1145pm-july-21-2025-947,PASIG-2025-JUL21-25,Pasig,Sta. Lucia,Sta. Lucia,"Rosario 5&6, Brgy. Sta. Lucia",2025-07-21T23:45:00+08:00,As of 11:45PM | 21 July 2025,61,"29. Rosario 5&6, Brgy. Sta. Lucia | Water Level: 2 FT",flood_observed,2 FT,60.96,60.96,,candidate,,,2025-07-21,docs/evaluations/flood-duration-pilot-20261004,NCR-2025-07-21,,,,,,,,,,,,,docs/evaluations/flood-duration-pilot-20261004/sources/PASIG-20250721-2345.653ede578161.txt,true,usable,usable_reported_snapshot_clock,source_reported_locality,Sta. Lucia,usable_reported_numeric,60.96,60.96,PASIG-2025-JUL21-25,TL-59a86b37da48c185,SNAP-b455259c2017f493,none_flagged,,Source-linked wet claim retained; no clearance inferred.,excluded_wet_snapshot_alone_has_no_outcome,false
OBS-d54b20ecb3ba01de,PASIG-20250721-2345,653ede578161,https://pasigcity.gov.ph/news-and-releases/flood-update-as-of-1145pm-july-21-2025-947,PASIG-2025-JUL21-25,Pasig,Sta. Lucia,Sta. Lucia,"Champaca St., Brgy. Sta. Lucia",2025-07-21T23:45:00+08:00,As of 11:45PM | 21 July 2025,63,"30. Champaca St., Brgy. Sta. Lucia | Water Level: 2-3 inches",flood_observed,2-3 inches,5.08,7.62,,candidate,,,2025-07-21,docs/evaluations/flood-duration-pilot-20261004,NCR-2025-07-21,,,,,,,,,,,,,docs/evaluations/flood-duration-pilot-20261004/sources/PASIG-20250721-2345.653ede578161.txt,true,usable,usable_reported_snapshot_clock,source_reported_locality,Sta. Lucia,usable_reported_numeric,5.08,7.62,PASIG-2025-JUL21-25,TL-cf0e038045238189,SNAP-fbfe5b4b24e062da,none_flagged,,Source-linked wet claim retained; no clearance inferred.,excluded_wet_snapshot_alone_has_no_outcome,false
OBS-0ee953530e5ad73f,PASIG-20250721-2345,653ede578161,https://pasigcity.gov.ph/news-and-releases/flood-update-as-of-1145pm-july-21-2025-947,PASIG-2025-JUL21-25,Pasig,Sta. Lucia,Sta. Lucia,"Hawk St., Metro Green Village, Brgy. Sta. Lucia",2025-07-21T23:45:00+08:00,As of 11:45PM | 21 July 2025,65,"31. Hawk St., Metro Green Village, Brgy. Sta. Lucia | Water Level: 3-4 inches",flood_observed,3-4 inches,7.62,10.16,,candidate,,,2025-07-21,docs/evaluations/flood-duration-pilot-20261004,NCR-2025-07-21,,,,,,,,,,,,,docs/evaluations/flood-duration-pilot-20261004/sources/PASIG-20250721-2345.653ede578161.txt,true,usable,usable_reported_snapshot_clock,source_reported_locality,Sta. Lucia,usable_reported_numeric,7.62,10.16,PASIG-2025-JUL21-25,TL-b950ef1649ffac4a,SNAP-d6c9fd0dbd2dd73e,none_flagged,,Source-linked wet claim retained; no clearance inferred.,excluded_wet_snapshot_alone_has_no_outcome,false
OBS-eeb93c8ec9ce9cce,PASIG-20250723-1700,91cbbcf5b901,https://pasigcity.gov.ph/news-and-releases/flood-update-as-of-0500pm-july-23-2025-749,PASIG-2025-JUL21-25,Pasig,Rosario,Rosario,"Paraluman St. Dabba, Brgy. Rosario",2025-07-23T17:00:00+08:00,"July 23, 2025 | as of 5:00PM",6,"1. Paraluman St. Dabba, Brgy. Rosario | Water Level: 2 feet (0.61 m)",flood_observed,2 feet (0.61 m),60.96,60.96,,candidate,,,2025-07-23,docs/evaluations/flood-duration-pilot-20261004,NCR-2025-07-23,,,,,,,,,,,,,docs/evaluations/flood-duration-pilot-20261004/sources/PASIG-20250723-1700.91cbbcf5b901.txt,true,usable,usable_reported_snapshot_clock,source_reported_locality,Rosario,usable_reported_numeric,60.96,60.96,PASIG-2025-JUL21-25,TL-c2d786461e95a0b1,SNAP-1a059a82e64a273a,none_flagged,,Source-linked wet claim retained; no clearance inferred.,excluded_wet_snapshot_alone_has_no_outcome,false
OBS-1563dc1e5397ea87,PASIG-20250723-1700,91cbbcf5b901,https://pasigcity.gov.ph/news-and-releases/flood-update-as-of-0500pm-july-23-2025-749,PASIG-2025-JUL21-25,Pasig,Dela Paz,Dela Paz,"Karangalan Phase 2 A, Brgy. Dela Paz",2025-07-23T17:00:00+08:00,"July 23, 2025 | as of 5:00PM",10,"2. Karangalan Phase 2 A, Brgy. Dela Paz | Water Level: 2 feet (0.61 m)",flood_observed,2 feet (0.61 m),60.96,60.96,,candidate,,,2025-07-23,docs/evaluations/flood-duration-pilot-20261004,NCR-2025-07-23,,,,,,,,,,,,,docs/evaluations/flood-duration-pilot-20261004/sources/PASIG-20250723-1700.91cbbcf5b901.txt,true,usable,usable_reported_snapshot_clock,source_reported_locality,Dela Paz,usable_reported_numeric,60.96,60.96,PASIG-2025-JUL21-25,TL-9274a834cf4f5614,SNAP-3e694c3b63fc6f21,none_flagged,,Source-linked wet claim retained; no clearance inferred.,excluded_wet_snapshot_alone_has_no_outcome,false
OBS-a50d339eab66ef01,PASIG-20250723-1700,91cbbcf5b901,https://pasigcity.gov.ph/news-and-releases/flood-update-as-of-0500pm-july-23-2025-749,PASIG-2025-JUL21-25,Pasig,Manggahan,Manggahan,"Kabayanihan corner Karikitan, Karangalan Village, Brgy. Manggahan",2025-07-23T17:00:00+08:00,"July 23, 2025 | as of 5:00PM",14,"3. Kabayanihan corner Karikitan, Karangalan Village, Brgy. Manggahan | Water Level: 2 inches (5.08 cm)",flood_observed,2 inches (5.08 cm),5.08,5.08,,candidate,,,2025-07-23,docs/evaluations/flood-duration-pilot-20261004,NCR-2025-07-23,,,,,,,,,,,,,docs/evaluations/flood-duration-pilot-20261004/sources/PASIG-20250723-1700.91cbbcf5b901.txt,true,usable,usable_reported_snapshot_clock,uncertain_cross_report_barangay_identity,Manggahan,usable_reported_numeric,5.08,5.08,PASIG-2025-JUL21-25,TL-2d86116957a1ca8a,SNAP-f8f4e774c343ac25,none_flagged,,"PASIG-20250723-0900 text lines 21,30-31 give Manggahan; Jul 21 1900/2200/2345 captures lines 11-12 give Dela Paz for Kabayanihan/Karikitan. No unilateral locality correction.",excluded_wet_snapshot_alone_has_no_outcome,false
OBS-bf7df2347abe05b1,PASIG-20250723-1700,91cbbcf5b901,https://pasigcity.gov.ph/news-and-releases/flood-update-as-of-0500pm-july-23-2025-749,PASIG-2025-JUL21-25,Pasig,Manggahan,Manggahan,"St. Joseph Metro Ville Subd., Felix Avenue Brgy. Manggahan",2025-07-23T17:00:00+08:00,"July 23, 2025 | as of 5:00PM",16,"4. St. Joseph Metro Ville Subd., Felix Avenue Brgy. Manggahan | Water Level: 6 inches (15.24 cm)",flood_observed,6 inches (15.24 cm),15.24,15.24,,candidate,,,2025-07-23,docs/evaluations/flood-duration-pilot-20261004,NCR-2025-07-23,,,,,,,,,,,,,docs/evaluations/flood-duration-pilot-20261004/sources/PASIG-20250723-1700.91cbbcf5b901.txt,true,usable,usable_reported_snapshot_clock,source_reported_locality,Manggahan,usable_reported_numeric,15.24,15.24,PASIG-2025-JUL21-25,TL-34ee043fd3f20e74,SNAP-7a224d85a72f4fed,none_flagged,,Source-linked wet claim retained; no clearance inferred.,excluded_wet_snapshot_alone_has_no_outcome,false
OBS-c6115f5949d9b12d,PASIG-20250723-1700,91cbbcf5b901,https://pasigcity.gov.ph/news-and-releases/flood-update-as-of-0500pm-july-23-2025-749,PASIG-2025-JUL21-25,Pasig,,,A. Policarpio St.,2025-07-23T17:00:00+08:00,"July 23, 2025 | as of 5:00PM",20,5. A. Policarpio St. | Water Level: 2-3 inches (5.08 cm - 7.62 cm),flood_observed,2-3 inches (5.08 cm - 7.62 cm),,,,candidate,,source_alternate_units_disagree;missing_barangay,2025-07-23,docs/evaluations/flood-duration-pilot-20261004,NCR-2025-07-23,,,,,,,,,,,,,docs/evaluations/flood-duration-pilot-20261004/sources/PASIG-20250723-1700.91cbbcf5b901.txt,true,usable,usable_reported_snapshot_clock,source_reported_locality,San Joaquin,usable_consistent_reported_range,5.08,7.62,PASIG-2025-JUL21-25,TL-1fabe5d9043ca1e4,SNAP-c83ce664fccf8311,none_flagged,,"PASIG-20250723-1700 text lines 19-21 give San Joaquin heading and A. Policarpio 2-3 inches (5.08-7.62 cm), exactly consistent. Original missing-barangay/unit flags are parser artifacts; original values remain unchanged.",excluded_wet_snapshot_alone_has_no_outcome,false
OBS-3889296f03254877,PASIG-20260810-0030,f0de99330fb4,https://pasigcity.gov.ph/news-and-releases/southwest-monsoon-habagat-flood-update-as-of-1230-am-of-august-10-2026-588,PASIG-2026-AUG10-11,Pasig,Maybunga,Maybunga,"Block 1 Alley 8, Westbank Road Floodway",2026-08-10T00:30:00+08:00,"Southwest Monsoon (Habagat) | Flood Update as of 12:30 am of August 10, 2026",4,"1. Block 1 Alley 8, Westbank Road Floodway | Water Level: 38.1cm (15 inches) | Not passable to motorcycles and cars (sedan)",flood_observed,38.1cm (15 inches),38.1,38.1,Not passable to motorcycles and cars (sedan),candidate,,,2026-08-10,docs/evaluations/flood-duration-pilot-20261004,NCR-2026-08-10,,,,,,,,,,,,,docs/evaluations/flood-duration-pilot-20261004/sources/PASIG-20260810-0030.f0de99330fb4.txt,true,usable,usable_reported_snapshot_clock,source_reported_locality,Maybunga,usable_reported_numeric,38.1,38.1,PASIG-2026-AUG10-11,TL-faf8f49f29c0e7a3,SNAP-4f7470d21ac83a36,none_flagged,,Source-linked wet claim retained; no clearance inferred.,excluded_wet_snapshot_alone_has_no_outcome,false
OBS-ed98d22d5c02f05d,PASIG-20260810-0030,f0de99330fb4,https://pasigcity.gov.ph/news-and-releases/southwest-monsoon-habagat-flood-update-as-of-1230-am-of-august-10-2026-588,PASIG-2026-AUG10-11,Pasig,Maybunga,Maybunga,"Block 2 Alley 8, Westbank Road Floodway",2026-08-10T00:30:00+08:00,"Southwest Monsoon (Habagat) | Flood Update as of 12:30 am of August 10, 2026",7,"2. Block 2 Alley 8, Westbank Road Floodway | Water Level: 38.1cm (15 inches) | Not passable to motorcycles and cars (sedan)",flood_observed,38.1cm (15 inches),38.1,38.1,Not passable to motorcycles and cars (sedan),candidate,,,2026-08-10,docs/evaluations/flood-duration-pilot-20261004,NCR-2026-08-10,,,,,,,,,,,,,docs/evaluations/flood-duration-pilot-20261004/sources/PASIG-20260810-0030.f0de99330fb4.txt,true,usable,usable_reported_snapshot_clock,source_reported_locality,Maybunga,usable_reported_numeric,38.1,38.1,PASIG-2026-AUG10-11,TL-0ddb586c9a7a4da5,SNAP-240b5cda37976dac,none_flagged,,Source-linked wet claim retained; no clearance inferred.,excluded_wet_snapshot_alone_has_no_outcome,false
OBS-39434bb503e71dc8,PASIG-20260810-0030,f0de99330fb4,https://pasigcity.gov.ph/news-and-releases/southwest-monsoon-habagat-flood-update-as-of-1230-am-of-august-10-2026-588,PASIG-2026-AUG10-11,Pasig,Maybunga,Maybunga,"Block 3 Alley 8, Westbank Road Floodway",2026-08-10T00:30:00+08:00,"Southwest Monsoon (Habagat) | Flood Update as of 12:30 am of August 10, 2026",10,"3. Block 3 Alley 8, Westbank Road Floodway | Water Level: 38.1cm (15 inches) | Not passable to motorcycles and cars (sedan)",flood_observed,38.1cm (15 inches),38.1,38.1,Not passable to motorcycles and cars (sedan),candidate,,,2026-08-10,docs/evaluations/flood-duration-pilot-20261004,NCR-2026-08-10,,,,,,,,,,,,,docs/evaluations/flood-duration-pilot-20261004/sources/PASIG-20260810-0030.f0de99330fb4.txt,true,usable,usable_reported_snapshot_clock,source_reported_locality,Maybunga,usable_reported_numeric,38.1,38.1,PASIG-2026-AUG10-11,TL-060f07634ad5f9e9,SNAP-9e99c1d4372f4734,none_flagged,,Source-linked wet claim retained; no clearance inferred.,excluded_wet_snapshot_alone_has_no_outcome,false
OBS-97cb45f1b7557e1a,PASIG-20260810-0030,f0de99330fb4,https://pasigcity.gov.ph/news-and-releases/southwest-monsoon-habagat-flood-update-as-of-1230-am-of-august-10-2026-588,PASIG-2026-AUG10-11,Pasig,Maybunga,Maybunga,"Block 4 Alley 8, Westbank Road Floodway",2026-08-10T00:30:00+08:00,"Southwest Monsoon (Habagat) | Flood Update as of 12:30 am of August 10, 2026",13,"4. Block 4 Alley 8, Westbank Road Floodway | Water Level: 38.1cm (15 inches) | Not passable to motorcycles and cars (sedan)",flood_observed,38.1cm (15 inches),38.1,38.1,Not passable to motorcycles and cars (sedan),candidate,,,2026-08-10,docs/evaluations/flood-duration-pilot-20261004,NCR-2026-08-10,,,,,,,,,,,,,docs/evaluations/flood-duration-pilot-20261004/sources/PASIG-20260810-0030.f0de99330fb4.txt,true,usable,usable_reported_snapshot_clock,source_reported_locality,Maybunga,usable_reported_numeric,38.1,38.1,PASIG-2026-AUG10-11,TL-715357b38ffd7336,SNAP-d8c1683b4c73f469,none_flagged,,Source-linked wet claim retained; no clearance inferred.,excluded_wet_snapshot_alone_has_no_outcome,false
OBS-89bf4798fa270f3f,PASIG-20260810-0030,f0de99330fb4,https://pasigcity.gov.ph/news-and-releases/southwest-monsoon-habagat-flood-update-as-of-1230-am-of-august-10-2026-588,PASIG-2026-AUG10-11,Pasig,Maybunga,Maybunga,"Block 5 Alley 8, Westbank Road Floodway",2026-08-10T00:30:00+08:00,"Southwest Monsoon (Habagat) | Flood Update as of 12:30 am of August 10, 2026",16,"5. Block 5 Alley 8, Westbank Road Floodway | Water Level: 38.1cm (15 inches) | Not passable to motorcycles and cars (sedan)",flood_observed,38.1cm (15 inches),38.1,38.1,Not passable to motorcycles and cars (sedan),candidate,,,2026-08-10,docs/evaluations/flood-duration-pilot-20261004,NCR-2026-08-10,,,,,,,,,,,,,docs/evaluations/flood-duration-pilot-20261004/sources/PASIG-20260810-0030.f0de99330fb4.txt,true,usable,usable_reported_snapshot_clock,source_reported_locality,Maybunga,usable_reported_numeric,38.1,38.1,PASIG-2026-AUG10-11,TL-916dcfe05df7535e,SNAP-f490fb198e1e565b,none_flagged,,Source-linked wet claim retained; no clearance inferred.,excluded_wet_snapshot_alone_has_no_outcome,false
OBS-f41886e126a96c2a,PASIG-20260810-0030,f0de99330fb4,https://pasigcity.gov.ph/news-and-releases/southwest-monsoon-habagat-flood-update-as-of-1230-am-of-august-10-2026-588,PASIG-2026-AUG10-11,Pasig,Maybunga,Maybunga,"Block 6 Alley 8, Westbank Road Floodway",2026-08-10T00:30:00+08:00,"Southwest Monsoon (Habagat) | Flood Update as of 12:30 am of August 10, 2026",19,"6. Block 6 Alley 8, Westbank Road Floodway | Water Level: 38.1cm (15 inches) | Not passable to motorcycles and cars (sedan)",flood_observed,38.1cm (15 inches),38.1,38.1,Not passable to motorcycles and cars (sedan),candidate,,,2026-08-10,docs/evaluations/flood-duration-pilot-20261004,NCR-2026-08-10,,,,,,,,,,,,,docs/evaluations/flood-duration-pilot-20261004/sources/PASIG-20260810-0030.f0de99330fb4.txt,true,usable,usable_reported_snapshot_clock,source_reported_locality,Maybunga,usable_reported_numeric,38.1,38.1,PASIG-2026-AUG10-11,TL-525374d57277dbc5,SNAP-a254025d39f95a9f,none_flagged,,Source-linked wet claim retained; no clearance inferred.,excluded_wet_snapshot_alone_has_no_outcome,false
OBS-19425ffb8137a78e,PASIG-20260810-0030,f0de99330fb4,https://pasigcity.gov.ph/news-and-releases/southwest-monsoon-habagat-flood-update-as-of-1230-am-of-august-10-2026-588,PASIG-2026-AUG10-11,Pasig,Maybunga,Maybunga,"Block 7 Alley 8, Westbank Road Floodway",2026-08-10T00:30:00+08:00,"Southwest Monsoon (Habagat) | Flood Update as of 12:30 am of August 10, 2026",22,"7. Block 7 Alley 8, Westbank Road Floodway | Water Level: 38.1cm (15 inches) | Not passable to motorcycles and cars (sedan)",flood_observed,38.1cm (15 inches),38.1,38.1,Not passable to motorcycles and cars (sedan),candidate,,,2026-08-10,docs/evaluations/flood-duration-pilot-20261004,NCR-2026-08-10,,,,,,,,,,,,,docs/evaluations/flood-duration-pilot-20261004/sources/PASIG-20260810-0030.f0de99330fb4.txt,true,usable,usable_reported_snapshot_clock,source_reported_locality,Maybunga,usable_reported_numeric,38.1,38.1,PASIG-2026-AUG10-11,TL-8857b715c737cc4c,SNAP-21260dd0d7b9d33f,none_flagged,,Source-linked wet claim retained; no clearance inferred.,excluded_wet_snapshot_alone_has_no_outcome,false
OBS-5700995d9986365f,PASIG-20260810-0030,f0de99330fb4,https://pasigcity.gov.ph/news-and-releases/southwest-monsoon-habagat-flood-update-as-of-1230-am-of-august-10-2026-588,PASIG-2026-AUG10-11,Pasig,Maybunga,Maybunga,"Block 8 Alley 8, Westbank Road Floodway",2026-08-10T00:30:00+08:00,"Southwest Monsoon (Habagat) | Flood Update as of 12:30 am of August 10, 2026",25,"8. Block 8 Alley 8, Westbank Road Floodway | Water Level: 38.1cm (15 inches) | Not passable to motorcycles and cars (sedan)",flood_observed,38.1cm (15 inches),38.1,38.1,Not passable to motorcycles and cars (sedan),candidate,,,2026-08-10,docs/evaluations/flood-duration-pilot-20261004,NCR-2026-08-10,,,,,,,,,,,,,docs/evaluations/flood-duration-pilot-20261004/sources/PASIG-20260810-0030.f0de99330fb4.txt,true,usable,usable_reported_snapshot_clock,source_reported_locality,Maybunga,usable_reported_numeric,38.1,38.1,PASIG-2026-AUG10-11,TL-9ed40e0e39c43b65,SNAP-a8f9f0409afb6402,none_flagged,,Source-linked wet claim retained; no clearance inferred.,excluded_wet_snapshot_alone_has_no_outcome,false
OBS-975cdbec717681d9,PASIG-20260810-0030,f0de99330fb4,https://pasigcity.gov.ph/news-and-releases/southwest-monsoon-habagat-flood-update-as-of-1230-am-of-august-10-2026-588,PASIG-2026-AUG10-11,Pasig,Sta. Lucia,Sta. Lucia,Bautista Compound,2026-08-10T00:30:00+08:00,"Southwest Monsoon (Habagat) | Flood Update as of 12:30 am of August 10, 2026",29,1. Bautista Compound | Water Level: 7.62cm (3 inches) | Passable to motorcycles and cars,flood_observed,7.62cm (3 inches),7.62,7.62,Passable to motorcycles and cars,candidate,,,2026-08-10,docs/evaluations/flood-duration-pilot-20261004,NCR-2026-08-10,,,,,,,,,,,,,docs/evaluations/flood-duration-pilot-20261004/sources/PASIG-20260810-0030.f0de99330fb4.txt,true,usable,usable_reported_snapshot_clock,source_reported_locality,Sta. Lucia,usable_reported_numeric,7.62,7.62,PASIG-2026-AUG10-11,TL-a22f98840a59d737,SNAP-66cfcb77aba9e738,none_flagged,,Source-linked wet claim retained; no clearance inferred.,excluded_wet_snapshot_alone_has_no_outcome,false
OBS-69fb5b4549125180,PASIG-20260810-0030,f0de99330fb4,https://pasigcity.gov.ph/news-and-releases/southwest-monsoon-habagat-flood-update-as-of-1230-am-of-august-10-2026-588,PASIG-2026-AUG10-11,Pasig,Sta. Lucia,Sta. Lucia,Morales Compound,2026-08-10T00:30:00+08:00,"Southwest Monsoon (Habagat) | Flood Update as of 12:30 am of August 10, 2026",32,2. Morales Compound | Water Level: 7.62cm (3 inches) | Passable to motorcycles and cars,flood_observed,7.62cm (3 inches),7.62,7.62,Passable to motorcycles and cars,candidate,,,2026-08-10,docs/evaluations/flood-duration-pilot-20261004,NCR-2026-08-10,,,,,,,,,,,,,docs/evaluations/flood-duration-pilot-20261004/sources/PASIG-20260810-0030.f0de99330fb4.txt,true,usable,usable_reported_snapshot_clock,source_reported_locality,Sta. Lucia,usable_reported_numeric,7.62,7.62,PASIG-2026-AUG10-11,TL-b6d8f8b779c7d3b7,SNAP-8064407677395c76,none_flagged,,Source-linked wet claim retained; no clearance inferred.,excluded_wet_snapshot_alone_has_no_outcome,false
OBS-0b54b00ec16f2802,PASIG-20260810-0030,f0de99330fb4,https://pasigcity.gov.ph/news-and-releases/southwest-monsoon-habagat-flood-update-as-of-1230-am-of-august-10-2026-588,PASIG-2026-AUG10-11,Pasig,Sta. Lucia,Sta. Lucia,Metropolis Village 2,2026-08-10T00:30:00+08:00,"Southwest Monsoon (Habagat) | Flood Update as of 12:30 am of August 10, 2026",35,3. Metropolis Village 2 | Water Level: 7.62cm (3 inches) | Passable to motorcycles and cars,flood_observed,7.62cm (3 inches),7.62,7.62,Passable to motorcycles and cars,candidate,,,2026-08-10,docs/evaluations/flood-duration-pilot-20261004,NCR-2026-08-10,,,,,,,,,,,,,docs/evaluations/flood-duration-pilot-20261004/sources/PASIG-20260810-0030.f0de99330fb4.txt,true,usable,usable_reported_snapshot_clock,source_reported_locality,Sta. Lucia,usable_reported_numeric,7.62,7.62,PASIG-2026-AUG10-11,TL-65c68570a9e16f79,SNAP-43d3ea5973168c80,none_flagged,,Source-linked wet claim retained; no clearance inferred.,excluded_wet_snapshot_alone_has_no_outcome,false
OBS-81ab665b1c361ef3,PASIG-20260810-0030,f0de99330fb4,https://pasigcity.gov.ph/news-and-releases/southwest-monsoon-habagat-flood-update-as-of-1230-am-of-august-10-2026-588,PASIG-2026-AUG10-11,Pasig,Sta. Lucia,Sta. Lucia,Metropolis Village 1,2026-08-10T00:30:00+08:00,"Southwest Monsoon (Habagat) | Flood Update as of 12:30 am of August 10, 2026",38,4. Metropolis Village 1 | Water Level: 7.62cm (3 inches) | Passable to motorcycles and cars,flood_observed,7.62cm (3 inches),7.62,7.62,Passable to motorcycles and cars,candidate,,,2026-08-10,docs/evaluations/flood-duration-pilot-20261004,NCR-2026-08-10,,,,,,,,,,,,,docs/evaluations/flood-duration-pilot-20261004/sources/PASIG-20260810-0030.f0de99330fb4.txt,true,usable,usable_reported_snapshot_clock,source_reported_locality,Sta. Lucia,usable_reported_numeric,7.62,7.62,PASIG-2026-AUG10-11,TL-2978703902a8f4cc,SNAP-5c593b075c5f8a8f,none_flagged,,Source-linked wet claim retained; no clearance inferred.,excluded_wet_snapshot_alone_has_no_outcome,false
OBS-c1d927e56acb60ef,PASIG-20260811-0950,4223ec2f856d,https://pasigcity.gov.ph/news-and-releases/enhanced-southwest-monsoon-habagat-flood-update-as-of-950-am-of-august-11-2026-502,PASIG-2026-AUG10-11,Pasig,Maybunga,Maybunga,"Block 1 Alley 8, Westbank Road Floodway",2026-08-11T05:30:00+08:00,"August 11, 2026 | as of 05:30AM",10,"1. Block 1 Alley 8, Westbank Road Floodway | Water Level: 38.1cm (15 inches) | Not passable to motorcycles and cars (sedan)",flood_observed,38.1cm (15 inches),38.1,38.1,Not passable to motorcycles and cars (sedan),candidate,,,2026-08-11,docs/evaluations/flood-duration-pilot-20261004,NCR-2026-08-11,,,,,,,,,,,,,docs/evaluations/flood-duration-pilot-20261004/sources/PASIG-20260811-0950.4223ec2f856d.txt,true,usable,usable_reported_snapshot_clock,source_reported_locality,Maybunga,usable_reported_numeric,38.1,38.1,PASIG-2026-AUG10-11,TL-faf8f49f29c0e7a3,SNAP-a74116c7a45c543b,none_flagged,,Source-linked wet claim retained; no clearance inferred.,excluded_wet_snapshot_alone_has_no_outcome,false
OBS-ade97f6169b3fedf,PASIG-20260811-0950,4223ec2f856d,https://pasigcity.gov.ph/news-and-releases/enhanced-southwest-monsoon-habagat-flood-update-as-of-950-am-of-august-11-2026-502,PASIG-2026-AUG10-11,Pasig,Maybunga,Maybunga,"Block 2 Alley 8, Westbank Road Floodway",2026-08-11T05:30:00+08:00,"August 11, 2026 | as of 05:30AM",13,"2. Block 2 Alley 8, Westbank Road Floodway | Water Level: 38.1cm (15 inches) | Not passable to motorcycles and cars (sedan)",flood_observed,38.1cm (15 inches),38.1,38.1,Not passable to motorcycles and cars (sedan),candidate,,,2026-08-11,docs/evaluations/flood-duration-pilot-20261004,NCR-2026-08-11,,,,,,,,,,,,,docs/evaluations/flood-duration-pilot-20261004/sources/PASIG-20260811-0950.4223ec2f856d.txt,true,usable,usable_reported_snapshot_clock,source_reported_locality,Maybunga,usable_reported_numeric,38.1,38.1,PASIG-2026-AUG10-11,TL-0ddb586c9a7a4da5,SNAP-6df63670173bd8f6,none_flagged,,Source-linked wet claim retained; no clearance inferred.,excluded_wet_snapshot_alone_has_no_outcome,false
OBS-907875bacbcb20a7,PASIG-20260811-0950,4223ec2f856d,https://pasigcity.gov.ph/news-and-releases/enhanced-southwest-monsoon-habagat-flood-update-as-of-950-am-of-august-11-2026-502,PASIG-2026-AUG10-11,Pasig,Maybunga,Maybunga,"Block 3 Alley 8, Westbank Road Floodway",2026-08-11T05:30:00+08:00,"August 11, 2026 | as of 05:30AM",16,"3. Block 3 Alley 8, Westbank Road Floodway | Water Level: 38.1cm (15 inches) | Not passable to motorcycles and cars (sedan)",flood_observed,38.1cm (15 inches),38.1,38.1,Not passable to motorcycles and cars (sedan),candidate,,,2026-08-11,docs/evaluations/flood-duration-pilot-20261004,NCR-2026-08-11,,,,,,,,,,,,,docs/evaluations/flood-duration-pilot-20261004/sources/PASIG-20260811-0950.4223ec2f856d.txt,true,usable,usable_reported_snapshot_clock,source_reported_locality,Maybunga,usable_reported_numeric,38.1,38.1,PASIG-2026-AUG10-11,TL-060f07634ad5f9e9,SNAP-f3c8393a619809fd,none_flagged,,Source-linked wet claim retained; no clearance inferred.,excluded_wet_snapshot_alone_has_no_outcome,false
OBS-1d40068f99d1d9fb,PASIG-20260811-0950,4223ec2f856d,https://pasigcity.gov.ph/news-and-releases/enhanced-southwest-monsoon-habagat-flood-update-as-of-950-am-of-august-11-2026-502,PASIG-2026-AUG10-11,Pasig,Maybunga,Maybunga,"Block 4 Alley 8, Westbank Road Floodway",2026-08-11T05:30:00+08:00,"August 11, 2026 | as of 05:30AM",19,"4. Block 4 Alley 8, Westbank Road Floodway | Water Level: 38.1cm (15 inches) | Not passable to motorcycles and cars (sedan)",flood_observed,38.1cm (15 inches),38.1,38.1,Not passable to motorcycles and cars (sedan),candidate,,,2026-08-11,docs/evaluations/flood-duration-pilot-20261004,NCR-2026-08-11,,,,,,,,,,,,,docs/evaluations/flood-duration-pilot-20261004/sources/PASIG-20260811-0950.4223ec2f856d.txt,true,usable,usable_reported_snapshot_clock,source_reported_locality,Maybunga,usable_reported_numeric,38.1,38.1,PASIG-2026-AUG10-11,TL-715357b38ffd7336,SNAP-edb1ebe74cd4706c,none_flagged,,Source-linked wet claim retained; no clearance inferred.,excluded_wet_snapshot_alone_has_no_outcome,false
OBS-25a3818052372e45,PASIG-20260811-0950,4223ec2f856d,https://pasigcity.gov.ph/news-and-releases/enhanced-southwest-monsoon-habagat-flood-update-as-of-950-am-of-august-11-2026-502,PASIG-2026-AUG10-11,Pasig,Maybunga,Maybunga,"Block 5 Alley 8, Westbank Road Floodway",2026-08-11T05:30:00+08:00,"August 11, 2026 | as of 05:30AM",22,"5. Block 5 Alley 8, Westbank Road Floodway | Water Level: 38.1cm (15 inches) | Not passable to motorcycles and cars (sedan)",flood_observed,38.1cm (15 inches),38.1,38.1,Not passable to motorcycles and cars (sedan),candidate,,,2026-08-11,docs/evaluations/flood-duration-pilot-20261004,NCR-2026-08-11,,,,,,,,,,,,,docs/evaluations/flood-duration-pilot-20261004/sources/PASIG-20260811-0950.4223ec2f856d.txt,true,usable,usable_reported_snapshot_clock,source_reported_locality,Maybunga,usable_reported_numeric,38.1,38.1,PASIG-2026-AUG10-11,TL-916dcfe05df7535e,SNAP-a8efc491e80604c2,none_flagged,,Source-linked wet claim retained; no clearance inferred.,excluded_wet_snapshot_alone_has_no_outcome,false
OBS-e637689fb8869981,PASIG-20260811-0950,4223ec2f856d,https://pasigcity.gov.ph/news-and-releases/enhanced-southwest-monsoon-habagat-flood-update-as-of-950-am-of-august-11-2026-502,PASIG-2026-AUG10-11,Pasig,Maybunga,Maybunga,"Block 6 Alley 8, Westbank Road Floodway",2026-08-11T05:30:00+08:00,"August 11, 2026 | as of 05:30AM",25,"6. Block 6 Alley 8, Westbank Road Floodway | Water Level: 38.1cm (15 inches) | Not passable to motorcycles and cars (sedan)",flood_observed,38.1cm (15 inches),38.1,38.1,Not passable to motorcycles and cars (sedan),candidate,,,2026-08-11,docs/evaluations/flood-duration-pilot-20261004,NCR-2026-08-11,,,,,,,,,,,,,docs/evaluations/flood-duration-pilot-20261004/sources/PASIG-20260811-0950.4223ec2f856d.txt,true,usable,usable_reported_snapshot_clock,source_reported_locality,Maybunga,usable_reported_numeric,38.1,38.1,PASIG-2026-AUG10-11,TL-525374d57277dbc5,SNAP-cf3188beb771a8a0,none_flagged,,Source-linked wet claim retained; no clearance inferred.,excluded_wet_snapshot_alone_has_no_outcome,false
OBS-3fc2f781610b5d37,PASIG-20260811-0950,4223ec2f856d,https://pasigcity.gov.ph/news-and-releases/enhanced-southwest-monsoon-habagat-flood-update-as-of-950-am-of-august-11-2026-502,PASIG-2026-AUG10-11,Pasig,Maybunga,Maybunga,"Block 7 Alley 8, Westbank Road Floodway",2026-08-11T05:30:00+08:00,"August 11, 2026 | as of 05:30AM",28,"7. Block 7 Alley 8, Westbank Road Floodway | Water Level: 38.1cm (15 inches) | Not passable to motorcycles and cars (sedan)",flood_observed,38.1cm (15 inches),38.1,38.1,Not passable to motorcycles and cars (sedan),candidate,,,2026-08-11,docs/evaluations/flood-duration-pilot-20261004,NCR-2026-08-11,,,,,,,,,,,,,docs/evaluations/flood-duration-pilot-20261004/sources/PASIG-20260811-0950.4223ec2f856d.txt,true,usable,usable_reported_snapshot_clock,source_reported_locality,Maybunga,usable_reported_numeric,38.1,38.1,PASIG-2026-AUG10-11,TL-8857b715c737cc4c,SNAP-a94d9ab7c4446094,none_flagged,,Source-linked wet claim retained; no clearance inferred.,excluded_wet_snapshot_alone_has_no_outcome,false
OBS-9b27784b739e6111,PASIG-20260811-0950,4223ec2f856d,https://pasigcity.gov.ph/news-and-releases/enhanced-southwest-monsoon-habagat-flood-update-as-of-950-am-of-august-11-2026-502,PASIG-2026-AUG10-11,Pasig,Maybunga,Maybunga,"Block 8 Alley 8, Westbank Road Floodway",2026-08-11T05:30:00+08:00,"August 11, 2026 | as of 05:30AM",31,"8. Block 8 Alley 8, Westbank Road Floodway | Water Level: 38.1cm (15 inches) | Not passable to motorcycles and cars (sedan)",flood_observed,38.1cm (15 inches),38.1,38.1,Not passable to motorcycles and cars (sedan),candidate,,,2026-08-11,docs/evaluations/flood-duration-pilot-20261004,NCR-2026-08-11,,,,,,,,,,,,,docs/evaluations/flood-duration-pilot-20261004/sources/PASIG-20260811-0950.4223ec2f856d.txt,true,usable,usable_reported_snapshot_clock,source_reported_locality,Maybunga,usable_reported_numeric,38.1,38.1,PASIG-2026-AUG10-11,TL-9ed40e0e39c43b65,SNAP-4af8ac8f19e8ca6a,none_flagged,,Source-linked wet claim retained; no clearance inferred.,excluded_wet_snapshot_alone_has_no_outcome,false
OBS-0c7c4c55f74c9e02,PASIG-20260818-0030,0fb66bd2f64d,https://pasigcity.gov.ph/news-and-releases/southwest-monsoon-habagat-flood-update-as-of-1230-am-of-august-18-2026-430,PASIG-2026-AUG17-18,Pasig,Dela Paz,Dela Paz,Katipiran C Yap Compound,2026-08-18T00:30:00+08:00,"Southwest Monsoon (Habagat) | Flood Update as of 12:30 am of August 18, 2026",4,1. Katipiran C Yap Compound | Water Level: 91.44 cm (36 inches) | Not passable to motorcycles and cars (sedan),flood_observed,91.44 cm (36 inches),91.44,91.44,Not passable to motorcycles and cars (sedan),candidate,,,2026-08-18,docs/evaluations/flood-duration-pilot-20261004,NCR-2026-08-18,,,,,,,,,,,,,docs/evaluations/flood-duration-pilot-20261004/sources/PASIG-20260818-0030.0fb66bd2f64d.txt,true,usable,usable_reported_snapshot_clock,source_reported_locality,Dela Paz,usable_reported_numeric,91.44,91.44,PASIG-2026-AUG17-18,TL-52e35c87a76c696a,SNAP-0f2b88ca0af5a1db,none_flagged,,Source-linked wet claim retained; no clearance inferred.,excluded_wet_snapshot_alone_has_no_outcome,false
OBS-5fea7598b3b16691,PASIG-20260818-0030,0fb66bd2f64d,https://pasigcity.gov.ph/news-and-releases/southwest-monsoon-habagat-flood-update-as-of-1230-am-of-august-18-2026-430,PASIG-2026-AUG17-18,Pasig,Manggahan,Manggahan,F. Pasco Ave Metroville,2026-08-18T00:30:00+08:00,"Southwest Monsoon (Habagat) | Flood Update as of 12:30 am of August 18, 2026",8,1. F. Pasco Ave Metroville | Water Level: 7.62 cm (3 inches) | Passable to motorcycles and cars (sedan),flood_observed,7.62 cm (3 inches),7.62,7.62,Passable to motorcycles and cars (sedan),candidate,,,2026-08-18,docs/evaluations/flood-duration-pilot-20261004,NCR-2026-08-18,,,,,,,,,,,,,docs/evaluations/flood-duration-pilot-20261004/sources/PASIG-20260818-0030.0fb66bd2f64d.txt,true,usable,usable_reported_snapshot_clock,source_reported_locality,Manggahan,usable_reported_numeric,7.62,7.62,PASIG-2026-AUG17-18,TL-815bd450e1d72349,SNAP-65c378b6df1d5382,none_flagged,,Source-linked wet claim retained; no clearance inferred.,excluded_wet_snapshot_alone_has_no_outcome,false
OBS-571a4797bc5686c8,PASIG-20260818-0030,0fb66bd2f64d,https://pasigcity.gov.ph/news-and-releases/southwest-monsoon-habagat-flood-update-as-of-1230-am-of-august-18-2026-430,PASIG-2026-AUG17-18,Pasig,Manggahan,Manggahan,Infant Jesus St,2026-08-18T00:30:00+08:00,"Southwest Monsoon (Habagat) | Flood Update as of 12:30 am of August 18, 2026",11,2. Infant Jesus St | Water Level: 7.62cm (3 inches) | Passable to motorcycles and cars (sedan),flood_observed,7.62cm (3 inches),7.62,7.62,Passable to motorcycles and cars (sedan),candidate,,,2026-08-18,docs/evaluations/flood-duration-pilot-20261004,NCR-2026-08-18,,,,,,,,,,,,,docs/evaluations/flood-duration-pilot-20261004/sources/PASIG-20260818-0030.0fb66bd2f64d.txt,true,usable,usable_reported_snapshot_clock,source_reported_locality,Manggahan,usable_reported_numeric,7.62,7.62,PASIG-2026-AUG17-18,TL-3cb92b66ce44c62e,SNAP-982c4b267124f408,none_flagged,,Source-linked wet claim retained; no clearance inferred.,excluded_wet_snapshot_alone_has_no_outcome,false
OBS-d802041c57ddc936,PASIG-20260818-0030,0fb66bd2f64d,https://pasigcity.gov.ph/news-and-releases/southwest-monsoon-habagat-flood-update-as-of-1230-am-of-august-18-2026-430,PASIG-2026-AUG17-18,Pasig,Manggahan,Manggahan,Kabayanihan St.,2026-08-18T00:30:00+08:00,"Southwest Monsoon (Habagat) | Flood Update as of 12:30 am of August 18, 2026",14,3. Kabayanihan St. | Water Level: 12.7cm (5 inches) | Passable to motorcycles and cars (sedan),flood_observed,12.7cm (5 inches),12.7,12.7,Passable to motorcycles and cars (sedan),candidate,,,2026-08-18,docs/evaluations/flood-duration-pilot-20261004,NCR-2026-08-18,,,,,,,,,,,,,docs/evaluations/flood-duration-pilot-20261004/sources/PASIG-20260818-0030.0fb66bd2f64d.txt,true,usable,usable_reported_snapshot_clock,source_reported_locality,Manggahan,usable_reported_numeric,12.7,12.7,PASIG-2026-AUG17-18,TL-7e5c6eab2ddabd8a,SNAP-5a98bc41b629879c,none_flagged,,Source-linked wet claim retained; no clearance inferred.,excluded_wet_snapshot_alone_has_no_outcome,false
OBS-b1d226fe3c25c508,PASIG-20260818-0030,0fb66bd2f64d,https://pasigcity.gov.ph/news-and-releases/southwest-monsoon-habagat-flood-update-as-of-1230-am-of-august-18-2026-430,PASIG-2026-AUG17-18,Pasig,Manggahan,Manggahan,Karikitan St.,2026-08-18T00:30:00+08:00,"Southwest Monsoon (Habagat) | Flood Update as of 12:30 am of August 18, 2026",17,4. Karikitan St. | Water Level: 12.7cm (5 inches) | Passable to motorcycles and cars (sedan),flood_observed,12.7cm (5 inches),12.7,12.7,Passable to motorcycles and cars (sedan),candidate,,,2026-08-18,docs/evaluations/flood-duration-pilot-20261004,NCR-2026-08-18,,,,,,,,,,,,,docs/evaluations/flood-duration-pilot-20261004/sources/PASIG-20260818-0030.0fb66bd2f64d.txt,true,usable,usable_reported_snapshot_clock,source_reported_locality,Manggahan,usable_reported_numeric,12.7,12.7,PASIG-2026-AUG17-18,TL-8f723f8191d48d93,SNAP-a542aef330328299,none_flagged,,Source-linked wet claim retained; no clearance inferred.,excluded_wet_snapshot_alone_has_no_outcome,false
OBS-e3d7270778c53eec,PASIG-20260818-0030,0fb66bd2f64d,https://pasigcity.gov.ph/news-and-releases/southwest-monsoon-habagat-flood-update-as-of-1230-am-of-august-18-2026-430,PASIG-2026-AUG17-18,Pasig,Manggahan,Manggahan,Katiyagaan St.,2026-08-18T00:30:00+08:00,"Southwest Monsoon (Habagat) | Flood Update as of 12:30 am of August 18, 2026",20,5. Katiyagaan St. | Water Level: 12.7cm (5 inches) | Passable to motorcycles and cars (sedan),flood_observed,12.7cm (5 inches),12.7,12.7,Passable to motorcycles and cars (sedan),candidate,,,2026-08-18,docs/evaluations/flood-duration-pilot-20261004,NCR-2026-08-18,,,,,,,,,,,,,docs/evaluations/flood-duration-pilot-20261004/sources/PASIG-20260818-0030.0fb66bd2f64d.txt,true,usable,usable_reported_snapshot_clock,source_reported_locality,Manggahan,usable_reported_numeric,12.7,12.7,PASIG-2026-AUG17-18,TL-a32013d5e8ae7583,SNAP-3a23646f68cfb6ed,none_flagged,,Source-linked wet claim retained; no clearance inferred.,excluded_wet_snapshot_alone_has_no_outcome,false
OBS-5e7cb8780fdb465b,PASIG-20260818-0030,0fb66bd2f64d,https://pasigcity.gov.ph/news-and-releases/southwest-monsoon-habagat-flood-update-as-of-1230-am-of-august-18-2026-430,PASIG-2026-AUG17-18,Pasig,Maybunga,Maybunga,San Antonio Abad,2026-08-18T00:30:00+08:00,"Southwest Monsoon (Habagat) | Flood Update as of 12:30 am of August 18, 2026",24,1. San Antonio Abad | Water Level: 45.72 cm (18 inches) | Not passable to motorcycles and cars (sedan),flood_observed,45.72 cm (18 inches),45.72,45.72,Not passable to motorcycles and cars (sedan),candidate,,,2026-08-18,docs/evaluations/flood-duration-pilot-20261004,NCR-2026-08-18,,,,,,,,,,,,,docs/evaluations/flood-duration-pilot-20261004/sources/PASIG-20260818-0030.0fb66bd2f64d.txt,true,usable,usable_reported_snapshot_clock,source_reported_locality,Maybunga,usable_reported_numeric,45.72,45.72,PASIG-2026-AUG17-18,TL-df03987319abf294,SNAP-212055139da7191e,none_flagged,,Source-linked wet claim retained; no clearance inferred.,excluded_wet_snapshot_alone_has_no_outcome,false
OBS-6f784d1eccc27394,PASIG-20260818-0030,0fb66bd2f64d,https://pasigcity.gov.ph/news-and-releases/southwest-monsoon-habagat-flood-update-as-of-1230-am-of-august-18-2026-430,PASIG-2026-AUG17-18,Pasig,Maybunga,Maybunga,Damayan Homes,2026-08-18T00:30:00+08:00,"Southwest Monsoon (Habagat) | Flood Update as of 12:30 am of August 18, 2026",27,2. Damayan Homes | Water Level: 30.48 cm (12 inches) | Not passable to motorcycles and cars (sedan),flood_observed,30.48 cm (12 inches),30.48,30.48,Not passable to motorcycles and cars (sedan),candidate,,,2026-08-18,docs/evaluations/flood-duration-pilot-20261004,NCR-2026-08-18,,,,,,,,,,,,,docs/evaluations/flood-duration-pilot-20261004/sources/PASIG-20260818-0030.0fb66bd2f64d.txt,true,usable,usable_reported_snapshot_clock,source_reported_locality,Maybunga,usable_reported_numeric,30.48,30.48,PASIG-2026-AUG17-18,TL-d17d2179af1222cc,SNAP-2147b4b8c6a1a51e,none_flagged,,Source-linked wet claim retained; no clearance inferred.,excluded_wet_snapshot_alone_has_no_outcome,false
OBS-7516ec9b72990612,PASIG-20260818-0030,0fb66bd2f64d,https://pasigcity.gov.ph/news-and-releases/southwest-monsoon-habagat-flood-update-as-of-1230-am-of-august-18-2026-430,PASIG-2026-AUG17-18,Pasig,Maybunga,Maybunga,Jenny's Ave (in front of RESPSCI),2026-08-18T00:30:00+08:00,"Southwest Monsoon (Habagat) | Flood Update as of 12:30 am of August 18, 2026",30,3. Jenny's Ave (in front of RESPSCI) | Water Level: 7.62 cm (3 inches) | Passable to motorcycles and cars (sedan),flood_observed,7.62 cm (3 inches),7.62,7.62,Passable to motorcycles and cars (sedan),candidate,,,2026-08-18,docs/evaluations/flood-duration-pilot-20261004,NCR-2026-08-18,,,,,,,,,,,,,docs/evaluations/flood-duration-pilot-20261004/sources/PASIG-20260818-0030.0fb66bd2f64d.txt,true,usable,usable_reported_snapshot_clock,source_reported_locality,Maybunga,usable_reported_numeric,7.62,7.62,PASIG-2026-AUG17-18,TL-5f667bfca5b22f20,SNAP-5abba7dacb0c55d3,none_flagged,,Source-linked wet claim retained; no clearance inferred.,excluded_wet_snapshot_alone_has_no_outcome,false
OBS-c9ae0d5ba9e3de8e,PASIG-20260818-0030,0fb66bd2f64d,https://pasigcity.gov.ph/news-and-releases/southwest-monsoon-habagat-flood-update-as-of-1230-am-of-august-18-2026-430,PASIG-2026-AUG17-18,Pasig,Oranbo,Oranbo,Saint Francis St.,2026-08-18T00:30:00+08:00,"Southwest Monsoon (Habagat) | Flood Update as of 12:30 am of August 18, 2026",34,1. Saint Francis St. | Water Level: 10.16 cm (4 inches) | Passable to motorcycles and cars (sedan),flood_observed,10.16 cm (4 inches),10.16,10.16,Passable to motorcycles and cars (sedan),candidate,,,2026-08-18,docs/evaluations/flood-duration-pilot-20261004,NCR-2026-08-18,,,,,,,,,,,,,docs/evaluations/flood-duration-pilot-20261004/sources/PASIG-20260818-0030.0fb66bd2f64d.txt,true,usable,usable_reported_snapshot_clock,source_reported_locality,Oranbo,usable_reported_numeric,10.16,10.16,PASIG-2026-AUG17-18,TL-06cb82e8cd730832,SNAP-70e3fe0059290024,none_flagged,,Source-linked wet claim retained; no clearance inferred.,excluded_wet_snapshot_alone_has_no_outcome,false
OBS-468d0044a7287cb7,PASIG-20260818-0030,0fb66bd2f64d,https://pasigcity.gov.ph/news-and-releases/southwest-monsoon-habagat-flood-update-as-of-1230-am-of-august-18-2026-430,PASIG-2026-AUG17-18,Pasig,San Miguel,San Miguel,Parian Creek,2026-08-18T00:30:00+08:00,"Southwest Monsoon (Habagat) | Flood Update as of 12:30 am of August 18, 2026",38,1. Parian Creek | Water Level: 7.62 cm (3 inches) | Passable to motorcycles and cars (sedan),flood_observed,7.62 cm (3 inches),7.62,7.62,Passable to motorcycles and cars (sedan),candidate,,,2026-08-18,docs/evaluations/flood-duration-pilot-20261004,NCR-2026-08-18,,,,,,,,,,,,,docs/evaluations/flood-duration-pilot-20261004/sources/PASIG-20260818-0030.0fb66bd2f64d.txt,true,usable,usable_reported_snapshot_clock,source_reported_locality,San Miguel,usable_reported_numeric,7.62,7.62,PASIG-2026-AUG17-18,TL-16fbc7f9f0049c8d,SNAP-fc28d138324f8c10,none_flagged,,Source-linked wet claim retained; no clearance inferred.,excluded_wet_snapshot_alone_has_no_outcome,false
OBS-cd38dc43c84f6f7c,PASIG-20260818-0030,0fb66bd2f64d,https://pasigcity.gov.ph/news-and-releases/southwest-monsoon-habagat-flood-update-as-of-1230-am-of-august-18-2026-430,PASIG-2026-AUG17-18,Pasig,San Miguel,San Miguel,Villa Eusebio,2026-08-18T00:30:00+08:00,"Southwest Monsoon (Habagat) | Flood Update as of 12:30 am of August 18, 2026",41,2. Villa Eusebio | Water Level: 60.96 cm (24 inches) | Not passable to motorcycles and cars (sedan),flood_observed,60.96 cm (24 inches),60.96,60.96,Not passable to motorcycles and cars (sedan),candidate,,,2026-08-18,docs/evaluations/flood-duration-pilot-20261004,NCR-2026-08-18,,,,,,,,,,,,,docs/evaluations/flood-duration-pilot-20261004/sources/PASIG-20260818-0030.0fb66bd2f64d.txt,true,usable,usable_reported_snapshot_clock,source_reported_locality,San Miguel,usable_reported_numeric,60.96,60.96,PASIG-2026-AUG17-18,TL-ece60e732762a95d,SNAP-eb3cccb7fa91cd05,none_flagged,,Source-linked wet claim retained; no clearance inferred.,excluded_wet_snapshot_alone_has_no_outcome,false
OBS-5150169f708d92e2,PASIG-20260818-0030,0fb66bd2f64d,https://pasigcity.gov.ph/news-and-releases/southwest-monsoon-habagat-flood-update-as-of-1230-am-of-august-18-2026-430,PASIG-2026-AUG17-18,Pasig,San Miguel,San Miguel,Eusebio Ave.,2026-08-18T00:30:00+08:00,"Southwest Monsoon (Habagat) | Flood Update as of 12:30 am of August 18, 2026",44,3. Eusebio Ave. | Water Level: 5cm (2 inches) | Passable to motorcycles and cars (sedan),flood_observed,5cm (2 inches),5.0,5.0,Passable to motorcycles and cars (sedan),candidate,,,2026-08-18,docs/evaluations/flood-duration-pilot-20261004,NCR-2026-08-18,,,,,,,,,,,,,docs/evaluations/flood-duration-pilot-20261004/sources/PASIG-20260818-0030.0fb66bd2f64d.txt,true,usable,usable_reported_snapshot_clock,source_reported_locality,San Miguel,usable_reported_numeric,5.0,5.0,PASIG-2026-AUG17-18,TL-48197883096c5efa,SNAP-0125b92062142099,none_flagged,,Source-linked wet claim retained; no clearance inferred.,excluded_wet_snapshot_alone_has_no_outcome,false
OBS-5c97b0100ef47cda,PASIG-20260818-0030,0fb66bd2f64d,https://pasigcity.gov.ph/news-and-releases/southwest-monsoon-habagat-flood-update-as-of-1230-am-of-august-18-2026-430,PASIG-2026-AUG17-18,Pasig,San Miguel,San Miguel,Luis St,2026-08-18T00:30:00+08:00,"Southwest Monsoon (Habagat) | Flood Update as of 12:30 am of August 18, 2026",47,4. Luis St | Water Level: 5cm (2 inches) | Passable to motorcycles and cars (sedan),flood_observed,5cm (2 inches),5.0,5.0,Passable to motorcycles and cars (sedan),candidate,,,2026-08-18,docs/evaluations/flood-duration-pilot-20261004,NCR-2026-08-18,,,,,,,,,,,,,docs/evaluations/flood-duration-pilot-20261004/sources/PASIG-20260818-0030.0fb66bd2f64d.txt,true,usable,usable_reported_snapshot_clock,source_reported_locality,San Miguel,usable_reported_numeric,5.0,5.0,PASIG-2026-AUG17-18,TL-51b34648ee230e2f,SNAP-3c0972cd896e4d47,none_flagged,,Source-linked wet claim retained; no clearance inferred.,excluded_wet_snapshot_alone_has_no_outcome,false
OBS-1e0dbbd05a135b01,PASIG-20260818-0030,0fb66bd2f64d,https://pasigcity.gov.ph/news-and-releases/southwest-monsoon-habagat-flood-update-as-of-1230-am-of-august-18-2026-430,PASIG-2026-AUG17-18,Pasig,San Miguel,San Miguel,Market Ave to Chinese School,2026-08-18T00:30:00+08:00,"Southwest Monsoon (Habagat) | Flood Update as of 12:30 am of August 18, 2026",50,5. Market Ave to Chinese School | Water Level: 12.7cm (5 inches) | Passable to motorcycles and cars (sedan),flood_observed,12.7cm (5 inches),12.7,12.7,Passable to motorcycles and cars (sedan),candidate,,,2026-08-18,docs/evaluations/flood-duration-pilot-20261004,NCR-2026-08-18,,,,,,,,,,,,,docs/evaluations/flood-duration-pilot-20261004/sources/PASIG-20260818-0030.0fb66bd2f64d.txt,true,usable,usable_reported_snapshot_clock,source_reported_locality,San Miguel,usable_reported_numeric,12.7,12.7,PASIG-2026-AUG17-18,TL-ab1b105d9f96f84a,SNAP-51ce645e2ec50db2,none_flagged,,Source-linked wet claim retained; no clearance inferred.,excluded_wet_snapshot_alone_has_no_outcome,false
OBS-6cdfdf9e0797ebe2,PASIG-20260818-0030,0fb66bd2f64d,https://pasigcity.gov.ph/news-and-releases/southwest-monsoon-habagat-flood-update-as-of-1230-am-of-august-18-2026-430,PASIG-2026-AUG17-18,Pasig,San Miguel,San Miguel,Avocado St.,2026-08-18T00:30:00+08:00,"Southwest Monsoon (Habagat) | Flood Update as of 12:30 am of August 18, 2026",53,6. Avocado St. | Water Level: 12.7cm (5 inches) | Passable to motorcycles and cars (sedan),flood_observed,12.7cm (5 inches),12.7,12.7,Passable to motorcycles and cars (sedan),candidate,,,2026-08-18,docs/evaluations/flood-duration-pilot-20261004,NCR-2026-08-18,,,,,,,,,,,,,docs/evaluations/flood-duration-pilot-20261004/sources/PASIG-20260818-0030.0fb66bd2f64d.txt,true,usable,usable_reported_snapshot_clock,source_reported_locality,San Miguel,usable_reported_numeric,12.7,12.7,PASIG-2026-AUG17-18,TL-c6d1e6169fe18bb5,SNAP-ee3446e233ec90f8,none_flagged,,Source-linked wet claim retained; no clearance inferred.,excluded_wet_snapshot_alone_has_no_outcome,false
OBS-71e7c3d34a17b4e8,PASIG-20260818-0030,0fb66bd2f64d,https://pasigcity.gov.ph/news-and-releases/southwest-monsoon-habagat-flood-update-as-of-1230-am-of-august-18-2026-430,PASIG-2026-AUG17-18,Pasig,San Miguel,San Miguel,Lupang Pari,2026-08-18T00:30:00+08:00,"Southwest Monsoon (Habagat) | Flood Update as of 12:30 am of August 18, 2026",56,7. Lupang Pari | Water Level: 12.7cm (5 inches) | Passable to motorcycles and cars (sedan),flood_observed,12.7cm (5 inches),12.7,12.7,Passable to motorcycles and cars (sedan),candidate,,,2026-08-18,docs/evaluations/flood-duration-pilot-20261004,NCR-2026-08-18,,,,,,,,,,,,,docs/evaluations/flood-duration-pilot-20261004/sources/PASIG-20260818-0030.0fb66bd2f64d.txt,true,usable,usable_reported_snapshot_clock,source_reported_locality,San Miguel,usable_reported_numeric,12.7,12.7,PASIG-2026-AUG17-18,TL-6872ad71d5f4e594,SNAP-b933174936c6b0b1,none_flagged,,Source-linked wet claim retained; no clearance inferred.,excluded_wet_snapshot_alone_has_no_outcome,false
OBS-66d5369d55a4ca42,PASIG-20260818-0030,0fb66bd2f64d,https://pasigcity.gov.ph/news-and-releases/southwest-monsoon-habagat-flood-update-as-of-1230-am-of-august-18-2026-430,PASIG-2026-AUG17-18,Pasig,San Miguel,San Miguel,Bliss LP,2026-08-18T00:30:00+08:00,"Southwest Monsoon (Habagat) | Flood Update as of 12:30 am of August 18, 2026",59,8. Bliss LP | Water Level: 10.16 cm (4 inches) | Passable to motorcycles and cars (sedan),flood_observed,10.16 cm (4 inches),10.16,10.16,Passable to motorcycles and cars (sedan),candidate,,,2026-08-18,docs/evaluations/flood-duration-pilot-20261004,NCR-2026-08-18,,,,,,,,,,,,,docs/evaluations/flood-duration-pilot-20261004/sources/PASIG-20260818-0030.0fb66bd2f64d.txt,true,usable,usable_reported_snapshot_clock,source_reported_locality,San Miguel,usable_reported_numeric,10.16,10.16,PASIG-2026-AUG17-18,TL-5a78a1432204893a,SNAP-f9931ee764893af2,none_flagged,,Source-linked wet claim retained; no clearance inferred.,excluded_wet_snapshot_alone_has_no_outcome,false
OBS-bdbea47599b60a2b,PASIG-20260818-0030,0fb66bd2f64d,https://pasigcity.gov.ph/news-and-releases/southwest-monsoon-habagat-flood-update-as-of-1230-am-of-august-18-2026-430,PASIG-2026-AUG17-18,Pasig,San Miguel,San Miguel,JV Angles St.,2026-08-18T00:30:00+08:00,"Southwest Monsoon (Habagat) | Flood Update as of 12:30 am of August 18, 2026",62,9. JV Angles St. | Water Level: 10.16 cm (4 inches) | Passable to motorcycles and cars (sedan),flood_observed,10.16 cm (4 inches),10.16,10.16,Passable to motorcycles and cars (sedan),candidate,,,2026-08-18,docs/evaluations/flood-duration-pilot-20261004,NCR-2026-08-18,,,,,,,,,,,,,docs/evaluations/flood-duration-pilot-20261004/sources/PASIG-20260818-0030.0fb66bd2f64d.txt,true,usable,usable_reported_snapshot_clock,source_reported_locality,San Miguel,usable_reported_numeric,10.16,10.16,PASIG-2026-AUG17-18,TL-6982612ada584d69,SNAP-162da79bc712f068,none_flagged,,Source-linked wet claim retained; no clearance inferred.,excluded_wet_snapshot_alone_has_no_outcome,false
OBS-69743ee49a3d3aee,PASIG-20260818-0030,0fb66bd2f64d,https://pasigcity.gov.ph/news-and-releases/southwest-monsoon-habagat-flood-update-as-of-1230-am-of-august-18-2026-430,PASIG-2026-AUG17-18,Pasig,San Miguel,San Miguel,Dr. Pilapil Purok 1 to 2,2026-08-18T00:30:00+08:00,"Southwest Monsoon (Habagat) | Flood Update as of 12:30 am of August 18, 2026",65,10. Dr. Pilapil Purok 1 to 2 | Water Level: 10.16 cm (4 inches) | Passable to motorcycles and cars (sedan),flood_observed,10.16 cm (4 inches),10.16,10.16,Passable to motorcycles and cars (sedan),candidate,,,2026-08-18,docs/evaluations/flood-duration-pilot-20261004,NCR-2026-08-18,,,,,,,,,,,,,docs/evaluations/flood-duration-pilot-20261004/sources/PASIG-20260818-0030.0fb66bd2f64d.txt,true,usable,usable_reported_snapshot_clock,source_reported_locality,San Miguel,usable_reported_numeric,10.16,10.16,PASIG-2026-AUG17-18,TL-59bd02f7a8f37f44,SNAP-8c1306f1e914ca86,none_flagged,,Source-linked wet claim retained; no clearance inferred.,excluded_wet_snapshot_alone_has_no_outcome,false
OBS-faefac48e8d0e65c,PASIG-20260818-0030,0fb66bd2f64d,https://pasigcity.gov.ph/news-and-releases/southwest-monsoon-habagat-flood-update-as-of-1230-am-of-august-18-2026-430,PASIG-2026-AUG17-18,Pasig,Sta. Lucia,Sta. Lucia,Riverside,2026-08-18T00:30:00+08:00,"Southwest Monsoon (Habagat) | Flood Update as of 12:30 am of August 18, 2026",69,1. Riverside | Water Level: 10.16cm (4 inches) | Passable to motorcycles and cars (sedan),flood_observed,10.16cm (4 inches),10.16,10.16,Passable to motorcycles and cars (sedan),candidate,,,2026-08-18,docs/evaluations/flood-duration-pilot-20261004,NCR-2026-08-18,,,,,,,,,,,,,docs/evaluations/flood-duration-pilot-20261004/sources/PASIG-20260818-0030.0fb66bd2f64d.txt,true,usable,usable_reported_snapshot_clock,source_reported_locality,Sta. Lucia,usable_reported_numeric,10.16,10.16,PASIG-2026-AUG17-18,TL-cd23d990d28078b1,SNAP-96d4dbe721b35cde,none_flagged,,Source-linked wet claim retained; no clearance inferred.,excluded_wet_snapshot_alone_has_no_outcome,false
OBS-1f19fa53eb41ca05,PASIG-20260818-0030,0fb66bd2f64d,https://pasigcity.gov.ph/news-and-releases/southwest-monsoon-habagat-flood-update-as-of-1230-am-of-august-18-2026-430,PASIG-2026-AUG17-18,Pasig,Sta. Lucia,Sta. Lucia,Rosario 5,2026-08-18T00:30:00+08:00,"Southwest Monsoon (Habagat) | Flood Update as of 12:30 am of August 18, 2026",72,2. Rosario 5 | Water Level: 10.16cm (4 inches) | Passable to motorcycles and cars (sedan),flood_observed,10.16cm (4 inches),10.16,10.16,Passable to motorcycles and cars (sedan),candidate,,,2026-08-18,docs/evaluations/flood-duration-pilot-20261004,NCR-2026-08-18,,,,,,,,,,,,,docs/evaluations/flood-duration-pilot-20261004/sources/PASIG-20260818-0030.0fb66bd2f64d.txt,true,usable,usable_reported_snapshot_clock,source_reported_locality,Sta. Lucia,usable_reported_numeric,10.16,10.16,PASIG-2026-AUG17-18,TL-c58ea57ccc5a8f34,SNAP-52f054e302f117a7,none_flagged,,Source-linked wet claim retained; no clearance inferred.,excluded_wet_snapshot_alone_has_no_outcome,false
OBS-f46a6d2c75b6e014,PASIG-20260818-0030,0fb66bd2f64d,https://pasigcity.gov.ph/news-and-releases/southwest-monsoon-habagat-flood-update-as-of-1230-am-of-august-18-2026-430,PASIG-2026-AUG17-18,Pasig,Sta. Lucia,Sta. Lucia,Rosario 6,2026-08-18T00:30:00+08:00,"Southwest Monsoon (Habagat) | Flood Update as of 12:30 am of August 18, 2026",75,3. Rosario 6 | Water Level: 10.16cm (4 inches) | Passable to motorcycles and cars (sedan),flood_observed,10.16cm (4 inches),10.16,10.16,Passable to motorcycles and cars (sedan),candidate,,,2026-08-18,docs/evaluations/flood-duration-pilot-20261004,NCR-2026-08-18,,,,,,,,,,,,,docs/evaluations/flood-duration-pilot-20261004/sources/PASIG-20260818-0030.0fb66bd2f64d.txt,true,usable,usable_reported_snapshot_clock,source_reported_locality,Sta. Lucia,usable_reported_numeric,10.16,10.16,PASIG-2026-AUG17-18,TL-721177e7d1bba685,SNAP-4836cfd18afbf2a2,none_flagged,,Source-linked wet claim retained; no clearance inferred.,excluded_wet_snapshot_alone_has_no_outcome,false
OBS-9dec613f8251547d,PASIG-20260818-0030,0fb66bd2f64d,https://pasigcity.gov.ph/news-and-releases/southwest-monsoon-habagat-flood-update-as-of-1230-am-of-august-18-2026-430,PASIG-2026-AUG17-18,Pasig,Sta. Lucia,Sta. Lucia,Tawi-Tawi,2026-08-18T00:30:00+08:00,"Southwest Monsoon (Habagat) | Flood Update as of 12:30 am of August 18, 2026",78,4. Tawi-Tawi | Water Level: 10.16cm (4 inches) | Passable to motorcycles and cars (sedan),flood_observed,10.16cm (4 inches),10.16,10.16,Passable to motorcycles and cars (sedan),candidate,,,2026-08-18,docs/evaluations/flood-duration-pilot-20261004,NCR-2026-08-18,,,,,,,,,,,,,docs/evaluations/flood-duration-pilot-20261004/sources/PASIG-20260818-0030.0fb66bd2f64d.txt,true,usable,usable_reported_snapshot_clock,source_reported_locality,Sta. Lucia,usable_reported_numeric,10.16,10.16,PASIG-2026-AUG17-18,TL-0eec0c04ade72bc1,SNAP-697f0baaa979ec0f,none_flagged,,Source-linked wet claim retained; no clearance inferred.,excluded_wet_snapshot_alone_has_no_outcome,false
OBS-c38a5f0bfccd5cbb,PASIG-20260818-0030,0fb66bd2f64d,https://pasigcity.gov.ph/news-and-releases/southwest-monsoon-habagat-flood-update-as-of-1230-am-of-august-18-2026-430,PASIG-2026-AUG17-18,Pasig,Sta. Lucia,Sta. Lucia,Azucena St.,2026-08-18T00:30:00+08:00,"Southwest Monsoon (Habagat) | Flood Update as of 12:30 am of August 18, 2026",81,5. Azucena St. | Water Level: 10.16cm (4 inches) | Passable to motorcycles and cars (sedan),flood_observed,10.16cm (4 inches),10.16,10.16,Passable to motorcycles and cars (sedan),candidate,,,2026-08-18,docs/evaluations/flood-duration-pilot-20261004,NCR-2026-08-18,,,,,,,,,,,,,docs/evaluations/flood-duration-pilot-20261004/sources/PASIG-20260818-0030.0fb66bd2f64d.txt,true,usable,usable_reported_snapshot_clock,source_reported_locality,Sta. Lucia,usable_reported_numeric,10.16,10.16,PASIG-2026-AUG17-18,TL-f44ed8f6d47623aa,SNAP-513d1cfaf5c04439,none_flagged,,Source-linked wet claim retained; no clearance inferred.,excluded_wet_snapshot_alone_has_no_outcome,false
OBS-28cc11f80eaf955d,PASIG-20260818-0030,0fb66bd2f64d,https://pasigcity.gov.ph/news-and-releases/southwest-monsoon-habagat-flood-update-as-of-1230-am-of-august-18-2026-430,PASIG-2026-AUG17-18,Pasig,Sta. Lucia,Sta. Lucia,DMA Morales New Society,2026-08-18T00:30:00+08:00,"Southwest Monsoon (Habagat) | Flood Update as of 12:30 am of August 18, 2026",84,6. DMA Morales New Society | Water Level: 10.16cm (4 inches) | Passable to motorcycles and cars (sedan),flood_observed,10.16cm (4 inches),10.16,10.16,Passable to motorcycles and cars (sedan),candidate,,,2026-08-18,docs/evaluations/flood-duration-pilot-20261004,NCR-2026-08-18,,,,,,,,,,,,,docs/evaluations/flood-duration-pilot-20261004/sources/PASIG-20260818-0030.0fb66bd2f64d.txt,true,usable,usable_reported_snapshot_clock,source_reported_locality,Sta. Lucia,usable_reported_numeric,10.16,10.16,PASIG-2026-AUG17-18,TL-545f2ab69cb5066a,SNAP-8819d6c1236a510d,none_flagged,,Source-linked wet claim retained; no clearance inferred.,excluded_wet_snapshot_alone_has_no_outcome,false
OBS-b2e6f9585a2c914d,PASIG-20260818-0030,0fb66bd2f64d,https://pasigcity.gov.ph/news-and-releases/southwest-monsoon-habagat-flood-update-as-of-1230-am-of-august-18-2026-430,PASIG-2026-AUG17-18,Pasig,Sta. Lucia,Sta. Lucia,Metropolis Callos Compound,2026-08-18T00:30:00+08:00,"Southwest Monsoon (Habagat) | Flood Update as of 12:30 am of August 18, 2026",87,7. Metropolis Callos Compound | Water Level: 10.16cm (4 inches) | Passable to motorcycles and cars (sedan),flood_observed,10.16cm (4 inches),10.16,10.16,Passable to motorcycles and cars (sedan),candidate,,,2026-08-18,docs/evaluations/flood-duration-pilot-20261004,NCR-2026-08-18,,,,,,,,,,,,,docs/evaluations/flood-duration-pilot-20261004/sources/PASIG-20260818-0030.0fb66bd2f64d.txt,true,usable,usable_reported_snapshot_clock,source_reported_locality,Sta. Lucia,usable_reported_numeric,10.16,10.16,PASIG-2026-AUG17-18,TL-e15e666c659a6bb7,SNAP-d2ada0d3a9a452dc,none_flagged,,Source-linked wet claim retained; no clearance inferred.,excluded_wet_snapshot_alone_has_no_outcome,false
OBS-b6c8a83796741ad0,PASIG-20260818-0030,0fb66bd2f64d,https://pasigcity.gov.ph/news-and-releases/southwest-monsoon-habagat-flood-update-as-of-1230-am-of-august-18-2026-430,PASIG-2026-AUG17-18,Pasig,Sta. Lucia,Sta. Lucia,Champaca,2026-08-18T00:30:00+08:00,"Southwest Monsoon (Habagat) | Flood Update as of 12:30 am of August 18, 2026",90,8. Champaca | Water Level: 10.16cm (4 inches) | Passable to motorcycles and cars (sedan),flood_observed,10.16cm (4 inches),10.16,10.16,Passable to motorcycles and cars (sedan),candidate,,,2026-08-18,docs/evaluations/flood-duration-pilot-20261004,NCR-2026-08-18,,,,,,,,,,,,,docs/evaluations/flood-duration-pilot-20261004/sources/PASIG-20260818-0030.0fb66bd2f64d.txt,true,usable,usable_reported_snapshot_clock,source_reported_locality,Sta. Lucia,usable_reported_numeric,10.16,10.16,PASIG-2026-AUG17-18,TL-e18f96b1841a5d47,SNAP-3a3295de36176527,none_flagged,,Source-linked wet claim retained; no clearance inferred.,excluded_wet_snapshot_alone_has_no_outcome,false
OBS-041c36c4c912c778,PASIG-20260818-0030,0fb66bd2f64d,https://pasigcity.gov.ph/news-and-releases/southwest-monsoon-habagat-flood-update-as-of-1230-am-of-august-18-2026-430,PASIG-2026-AUG17-18,Pasig,Santolan,Santolan,Doroteo Court,2026-08-18T00:30:00+08:00,"Southwest Monsoon (Habagat) | Flood Update as of 12:30 am of August 18, 2026",94,1. Doroteo Court | Water Level: 40 cm (15.75 inches) | Not passable to motorcycles and cars (sedan),flood_observed,40 cm (15.75 inches),40.0,40.0,Not passable to motorcycles and cars (sedan),candidate,,,2026-08-18,docs/evaluations/flood-duration-pilot-20261004,NCR-2026-08-18,,,,,,,,,,,,,docs/evaluations/flood-duration-pilot-20261004/sources/PASIG-20260818-0030.0fb66bd2f64d.txt,true,usable,usable_reported_snapshot_clock,source_reported_locality,Santolan,usable_reported_numeric,40.0,40.0,PASIG-2026-AUG17-18,TL-e1317a30c79b0410,SNAP-34fdcc59d14c2ac7,none_flagged,,Source-linked wet claim retained; no clearance inferred.,excluded_wet_snapshot_alone_has_no_outcome,false
OBS-ae4cf92a7b6de3ac,PASIG-20260818-0030,0fb66bd2f64d,https://pasigcity.gov.ph/news-and-releases/southwest-monsoon-habagat-flood-update-as-of-1230-am-of-august-18-2026-430,PASIG-2026-AUG17-18,Pasig,Santolan,Santolan,Doroteo Ext. cor Villa Doroteo,2026-08-18T00:30:00+08:00,"Southwest Monsoon (Habagat) | Flood Update as of 12:30 am of August 18, 2026",97,2. Doroteo Ext. cor Villa Doroteo | Water Level: 40 cm (15.75 inches) | Not passable to motorcycles and cars (sedan),flood_observed,40 cm (15.75 inches),40.0,40.0,Not passable to motorcycles and cars (sedan),candidate,,,2026-08-18,docs/evaluations/flood-duration-pilot-20261004,NCR-2026-08-18,,,,,,,,,,,,,docs/evaluations/flood-duration-pilot-20261004/sources/PASIG-20260818-0030.0fb66bd2f64d.txt,true,usable,usable_reported_snapshot_clock,source_reported_locality,Santolan,usable_reported_numeric,40.0,40.0,PASIG-2026-AUG17-18,TL-ed304fbce2bf5403,SNAP-b7ad0765ab2eca7d,none_flagged,,Source-linked wet claim retained; no clearance inferred.,excluded_wet_snapshot_alone_has_no_outcome,false
OBS-862615125fdc3862,PASIG-20260818-0030,0fb66bd2f64d,https://pasigcity.gov.ph/news-and-releases/southwest-monsoon-habagat-flood-update-as-of-1230-am-of-august-18-2026-430,PASIG-2026-AUG17-18,Pasig,Santolan,Santolan,Camia St. (Sgt. De Leon),2026-08-18T00:30:00+08:00,"Southwest Monsoon (Habagat) | Flood Update as of 12:30 am of August 18, 2026",100,3. Camia St. (Sgt. De Leon) | Water Level: 40 cm (15.75 inches) | Not passable to motorcycles and cars (sedan),flood_observed,40 cm (15.75 inches),40.0,40.0,Not passable to motorcycles and cars (sedan),candidate,,,2026-08-18,docs/evaluations/flood-duration-pilot-20261004,NCR-2026-08-18,,,,,,,,,,,,,docs/evaluations/flood-duration-pilot-20261004/sources/PASIG-20260818-0030.0fb66bd2f64d.txt,true,usable,usable_reported_snapshot_clock,source_reported_locality,Santolan,usable_reported_numeric,40.0,40.0,PASIG-2026-AUG17-18,TL-1178417e636ae7f0,SNAP-1b1a74737c66ca4c,none_flagged,,Source-linked wet claim retained; no clearance inferred.,excluded_wet_snapshot_alone_has_no_outcome,false
OBS-ed707abee23f7da0,PASIG-20260818-0030,0fb66bd2f64d,https://pasigcity.gov.ph/news-and-releases/southwest-monsoon-habagat-flood-update-as-of-1230-am-of-august-18-2026-430,PASIG-2026-AUG17-18,Pasig,Santolan,Santolan,Rafael 3rd Street,2026-08-18T00:30:00+08:00,"Southwest Monsoon (Habagat) | Flood Update as of 12:30 am of August 18, 2026",103,4. Rafael 3rd Street | Water Level: 40 cm (15.75 inches) | Not passable to motorcycles and cars (sedan),flood_observed,40 cm (15.75 inches),40.0,40.0,Not passable to motorcycles and cars (sedan),candidate,,,2026-08-18,docs/evaluations/flood-duration-pilot-20261004,NCR-2026-08-18,,,,,,,,,,,,,docs/evaluations/flood-duration-pilot-20261004/sources/PASIG-20260818-0030.0fb66bd2f64d.txt,true,usable,usable_reported_snapshot_clock,source_reported_locality,Santolan,usable_reported_numeric,40.0,40.0,PASIG-2026-AUG17-18,TL-4bd9afaaba229571,SNAP-5192470cd2a9df39,none_flagged,,Source-linked wet claim retained; no clearance inferred.,excluded_wet_snapshot_alone_has_no_outcome,false
OBS-095fb0ef8ba88921,PASIG-20260818-0430,6b3b10b4ae3e,https://pasigcity.gov.ph/news-and-releases/southwest-monsoon-habagat-flood-update-as-of-430-am-of-august-18-2026-748,PASIG-2026-AUG17-18,Pasig,Dela Paz,Dela Paz,Katipiran C Yap Compound,2026-08-18T04:30:00+08:00,"Southwest Monsoon (Habagat) | Flood Update as of 4:30 am of August 18, 2026",4,1. Katipiran C Yap Compound | Water Level: 91.44 cm (36 inches) | Not passable to motorcycles and cars (sedan),flood_observed,91.44 cm (36 inches),91.44,91.44,Not passable to motorcycles and cars (sedan),candidate,,,2026-08-18,docs/evaluations/flood-duration-pilot-20261004,NCR-2026-08-18,,,,,,,,,,,,,docs/evaluations/flood-duration-pilot-20261004/sources/PASIG-20260818-0430.6b3b10b4ae3e.txt,true,usable,usable_reported_snapshot_clock,source_reported_locality,Dela Paz,usable_reported_numeric,91.44,91.44,PASIG-2026-AUG17-18,TL-52e35c87a76c696a,SNAP-744e23558604a2c6,none_flagged,,Source-linked wet claim retained; no clearance inferred.,excluded_wet_snapshot_alone_has_no_outcome,false
OBS-11b7d549df4c8297,PASIG-20260818-0430,6b3b10b4ae3e,https://pasigcity.gov.ph/news-and-releases/southwest-monsoon-habagat-flood-update-as-of-430-am-of-august-18-2026-748,PASIG-2026-AUG17-18,Pasig,Manggahan,Manggahan,F. Pasco Ave Metroville,2026-08-18T04:30:00+08:00,"Southwest Monsoon (Habagat) | Flood Update as of 4:30 am of August 18, 2026",8,1. F. Pasco Ave Metroville | Water Level: 7.62 cm (3 inches) | Passable to motorcycles and cars (sedan),flood_observed,7.62 cm (3 inches),7.62,7.62,Passable to motorcycles and cars (sedan),candidate,,,2026-08-18,docs/evaluations/flood-duration-pilot-20261004,NCR-2026-08-18,,,,,,,,,,,,,docs/evaluations/flood-duration-pilot-20261004/sources/PASIG-20260818-0430.6b3b10b4ae3e.txt,true,usable,usable_reported_snapshot_clock,source_reported_locality,Manggahan,usable_reported_numeric,7.62,7.62,PASIG-2026-AUG17-18,TL-815bd450e1d72349,SNAP-3a276493682a37b2,none_flagged,,Source-linked wet claim retained; no clearance inferred.,excluded_wet_snapshot_alone_has_no_outcome,false
OBS-14e7b163523eaa80,PASIG-20260818-0430,6b3b10b4ae3e,https://pasigcity.gov.ph/news-and-releases/southwest-monsoon-habagat-flood-update-as-of-430-am-of-august-18-2026-748,PASIG-2026-AUG17-18,Pasig,Manggahan,Manggahan,Infant Jesus St,2026-08-18T04:30:00+08:00,"Southwest Monsoon (Habagat) | Flood Update as of 4:30 am of August 18, 2026",11,2. Infant Jesus St | Water Level: 7.62cm (3 inches) | Passable to motorcycles and cars (sedan),flood_observed,7.62cm (3 inches),7.62,7.62,Passable to motorcycles and cars (sedan),candidate,,,2026-08-18,docs/evaluations/flood-duration-pilot-20261004,NCR-2026-08-18,,,,,,,,,,,,,docs/evaluations/flood-duration-pilot-20261004/sources/PASIG-20260818-0430.6b3b10b4ae3e.txt,true,usable,usable_reported_snapshot_clock,source_reported_locality,Manggahan,usable_reported_numeric,7.62,7.62,PASIG-2026-AUG17-18,TL-3cb92b66ce44c62e,SNAP-e9e895041e744835,none_flagged,,Source-linked wet claim retained; no clearance inferred.,excluded_wet_snapshot_alone_has_no_outcome,false
OBS-8aae0d61a82f274a,PASIG-20260818-0430,6b3b10b4ae3e,https://pasigcity.gov.ph/news-and-releases/southwest-monsoon-habagat-flood-update-as-of-430-am-of-august-18-2026-748,PASIG-2026-AUG17-18,Pasig,Manggahan,Manggahan,Kabayanihan St.,2026-08-18T04:30:00+08:00,"Southwest Monsoon (Habagat) | Flood Update as of 4:30 am of August 18, 2026",14,3. Kabayanihan St. | Water Level: 12.7cm (5 inches) | Passable to motorcycles and cars (sedan),flood_observed,12.7cm (5 inches),12.7,12.7,Passable to motorcycles and cars (sedan),candidate,,,2026-08-18,docs/evaluations/flood-duration-pilot-20261004,NCR-2026-08-18,,,,,,,,,,,,,docs/evaluations/flood-duration-pilot-20261004/sources/PASIG-20260818-0430.6b3b10b4ae3e.txt,true,usable,usable_reported_snapshot_clock,source_reported_locality,Manggahan,usable_reported_numeric,12.7,12.7,PASIG-2026-AUG17-18,TL-7e5c6eab2ddabd8a,SNAP-3fba4ec7d5afc89c,none_flagged,,Source-linked wet claim retained; no clearance inferred.,excluded_wet_snapshot_alone_has_no_outcome,false
OBS-7441487b5b6ccbbc,PASIG-20260818-0430,6b3b10b4ae3e,https://pasigcity.gov.ph/news-and-releases/southwest-monsoon-habagat-flood-update-as-of-430-am-of-august-18-2026-748,PASIG-2026-AUG17-18,Pasig,Manggahan,Manggahan,Karikitan St.,2026-08-18T04:30:00+08:00,"Southwest Monsoon (Habagat) | Flood Update as of 4:30 am of August 18, 2026",17,4. Karikitan St. | Water Level: 12.7cm (5 inches) | Passable to motorcycles and cars (sedan),flood_observed,12.7cm (5 inches),12.7,12.7,Passable to motorcycles and cars (sedan),candidate,,,2026-08-18,docs/evaluations/flood-duration-pilot-20261004,NCR-2026-08-18,,,,,,,,,,,,,docs/evaluations/flood-duration-pilot-20261004/sources/PASIG-20260818-0430.6b3b10b4ae3e.txt,true,usable,usable_reported_snapshot_clock,source_reported_locality,Manggahan,usable_reported_numeric,12.7,12.7,PASIG-2026-AUG17-18,TL-8f723f8191d48d93,SNAP-8609a29c8918279f,none_flagged,,Source-linked wet claim retained; no clearance inferred.,excluded_wet_snapshot_alone_has_no_outcome,false
OBS-d3038b5c313afe92,PASIG-20260818-0430,6b3b10b4ae3e,https://pasigcity.gov.ph/news-and-releases/southwest-monsoon-habagat-flood-update-as-of-430-am-of-august-18-2026-748,PASIG-2026-AUG17-18,Pasig,Manggahan,Manggahan,Katiyagaan St.,2026-08-18T04:30:00+08:00,"Southwest Monsoon (Habagat) | Flood Update as of 4:30 am of August 18, 2026",20,5. Katiyagaan St. | Water Level: 12.7cm (5 inches) | Passable to motorcycles and cars (sedan),flood_observed,12.7cm (5 inches),12.7,12.7,Passable to motorcycles and cars (sedan),candidate,,,2026-08-18,docs/evaluations/flood-duration-pilot-20261004,NCR-2026-08-18,,,,,,,,,,,,,docs/evaluations/flood-duration-pilot-20261004/sources/PASIG-20260818-0430.6b3b10b4ae3e.txt,true,usable,usable_reported_snapshot_clock,source_reported_locality,Manggahan,usable_reported_numeric,12.7,12.7,PASIG-2026-AUG17-18,TL-a32013d5e8ae7583,SNAP-86c35da2aa27786a,none_flagged,,Source-linked wet claim retained; no clearance inferred.,excluded_wet_snapshot_alone_has_no_outcome,false
OBS-ae6f2f640628331b,PASIG-20260818-0430,6b3b10b4ae3e,https://pasigcity.gov.ph/news-and-releases/southwest-monsoon-habagat-flood-update-as-of-430-am-of-august-18-2026-748,PASIG-2026-AUG17-18,Pasig,Sta. Lucia,Sta. Lucia,Metropolis Callos Compound,2026-08-18T04:30:00+08:00,"Southwest Monsoon (Habagat) | Flood Update as of 4:30 am of August 18, 2026",24,1. Metropolis Callos Compound | Water Level: 10.16cm (4 inches) | Passable to motorcycles and cars (sedan),flood_observed,10.16cm (4 inches),10.16,10.16,Passable to motorcycles and cars (sedan),candidate,,,2026-08-18,docs/evaluations/flood-duration-pilot-20261004,NCR-2026-08-18,,,,,,,,,,,,,docs/evaluations/flood-duration-pilot-20261004/sources/PASIG-20260818-0430.6b3b10b4ae3e.txt,true,usable,usable_reported_snapshot_clock,source_reported_locality,Sta. Lucia,usable_reported_numeric,10.16,10.16,PASIG-2026-AUG17-18,TL-e15e666c659a6bb7,SNAP-d0ae297827eba596,none_flagged,,Source-linked wet claim retained; no clearance inferred.,excluded_wet_snapshot_alone_has_no_outcome,false
OBS-2b0bfb8da09a2f5a,PASIG-20260818-1200,5f3ad14459ce,https://pasigcity.gov.ph/news-and-releases/southwest-monsoon-habagat-flood-update-as-of-1200-nn-of-august-18-2026-671,PASIG-2026-AUG17-18,Pasig,Dela Paz,Dela Paz,Katipiran C Yap Compound,2026-08-18T12:00:00+08:00,"Southwest Monsoon (Habagat) | Flood Update as of 12:00 nn of August 18, 2026",4,1. Katipiran C Yap Compound | Water Level: 30.48 cm (12 inches) | Not passable to motorcycles and cars (sedan),flood_observed,30.48 cm (12 inches),30.48,30.48,Not passable to motorcycles and cars (sedan),candidate,,,2026-08-18,docs/evaluations/flood-duration-pilot-20261004,NCR-2026-08-18,,,,,,,,,,,,,docs/evaluations/flood-duration-pilot-20261004/sources/PASIG-20260818-1200.5f3ad14459ce.txt,true,usable,usable_reported_snapshot_clock,source_reported_locality,Dela Paz,usable_reported_numeric,30.48,30.48,PASIG-2026-AUG17-18,TL-52e35c87a76c696a,SNAP-997a1a7e9466897e,none_flagged,,Source-linked wet claim retained; no clearance inferred.,excluded_wet_snapshot_alone_has_no_outcome,false
OBS-eeda5b4991aa2de9,PASIG-20260829-2230,acea8d66b823,https://pasigcity.gov.ph/news-and-releases/southwest-monsoon-habagat-flood-update-as-of-1030-pm-of-august-29-2026-757,PASIG-2026-AUG29-30,Pasig,Dela Paz,Dela Paz,Kabutihan St.,2026-08-29T22:30:00+08:00,"As of 10:30PM | August 29, 2026",6,1. Kabutihan St. | Water Level: 60.96 cm (24 inches) | Remarks: Not passable to motorcycles and cars (sedan),flood_observed,60.96 cm (24 inches),60.96,60.96,Remarks: Not passable to motorcycles and cars (sedan),candidate,,,2026-08-29,docs/evaluations/flood-duration-pilot-20261004,NCR-2026-08-29,,,,,,,,,,,,,docs/evaluations/flood-duration-pilot-20261004/sources/PASIG-20260829-2230.acea8d66b823.txt,true,usable,usable_reported_snapshot_clock,source_reported_locality,Dela Paz,usable_reported_numeric,60.96,60.96,PASIG-2026-AUG29-30,TL-971f905062066295,SNAP-007306c7d1d64b7c,none_flagged,,Source-linked wet claim retained; no clearance inferred.,excluded_wet_snapshot_alone_has_no_outcome,false
OBS-dcc81cf66722c859,PASIG-20260829-2230,acea8d66b823,https://pasigcity.gov.ph/news-and-releases/southwest-monsoon-habagat-flood-update-as-of-1030-pm-of-august-29-2026-757,PASIG-2026-AUG29-30,Pasig,Dela Paz,Dela Paz,Santiago Katipiran cor. Yap Compound,2026-08-29T22:30:00+08:00,"As of 10:30PM | August 29, 2026",9,2. Santiago Katipiran cor. Yap Compound | Water Level: 60.96 cm (24 inches) | Remarks: Not passable to motorcycles and cars (sedan),flood_observed,60.96 cm (24 inches),60.96,60.96,Remarks: Not passable to motorcycles and cars (sedan),candidate,,,2026-08-29,docs/evaluations/flood-duration-pilot-20261004,NCR-2026-08-29,,,,,,,,,,,,,docs/evaluations/flood-duration-pilot-20261004/sources/PASIG-20260829-2230.acea8d66b823.txt,true,usable,usable_reported_snapshot_clock,source_reported_locality,Dela Paz,usable_reported_numeric,60.96,60.96,PASIG-2026-AUG29-30,TL-51aa0fa556fdb4dc,SNAP-8c5f63dda6367e2b,none_flagged,,Source-linked wet claim retained; no clearance inferred.,excluded_wet_snapshot_alone_has_no_outcome,false
OBS-8b91f03bbc3428bd,PASIG-20260829-2230,acea8d66b823,https://pasigcity.gov.ph/news-and-releases/southwest-monsoon-habagat-flood-update-as-of-1030-pm-of-august-29-2026-757,PASIG-2026-AUG29-30,Pasig,Dela Paz,Dela Paz,Katipiran cor. K118 Dela Paz,2026-08-29T22:30:00+08:00,"As of 10:30PM | August 29, 2026",12,3. Katipiran cor. K118 Dela Paz | Water Level: 60.96 cm (24 inches) | Remarks: Not passable to motorcycles and cars (sedan),flood_observed,60.96 cm (24 inches),60.96,60.96,Remarks: Not passable to motorcycles and cars (sedan),candidate,,,2026-08-29,docs/evaluations/flood-duration-pilot-20261004,NCR-2026-08-29,,,,,,,,,,,,,docs/evaluations/flood-duration-pilot-20261004/sources/PASIG-20260829-2230.acea8d66b823.txt,true,usable,usable_reported_snapshot_clock,source_reported_locality,Dela Paz,usable_reported_numeric,60.96,60.96,PASIG-2026-AUG29-30,TL-07cd192646d1e9c6,SNAP-9484d143e7d262cd,none_flagged,,Source-linked wet claim retained; no clearance inferred.,excluded_wet_snapshot_alone_has_no_outcome,false
OBS-2780069cd5916ebb,PASIG-20260829-2230,acea8d66b823,https://pasigcity.gov.ph/news-and-releases/southwest-monsoon-habagat-flood-update-as-of-1030-pm-of-august-29-2026-757,PASIG-2026-AUG29-30,Pasig,Manggahan,Manggahan,Kabayanihan St.,2026-08-29T22:30:00+08:00,"As of 10:30PM | August 29, 2026",16,1. Kabayanihan St. | Water Level: 5.00cm (2 inches) | Remarks: Passable to motorcycles and cars (sedan),flood_observed,5.00cm (2 inches),5.0,5.0,Remarks: Passable to motorcycles and cars (sedan),candidate,,,2026-08-29,docs/evaluations/flood-duration-pilot-20261004,NCR-2026-08-29,,,,,,,,,,,,,docs/evaluations/flood-duration-pilot-20261004/sources/PASIG-20260829-2230.acea8d66b823.txt,true,usable,usable_reported_snapshot_clock,source_reported_locality,Manggahan,usable_reported_numeric,5.0,5.0,PASIG-2026-AUG29-30,TL-cffd34ff6493cef2,SNAP-a8d0184db6a45a42,none_flagged,,Source-linked wet claim retained; no clearance inferred.,excluded_wet_snapshot_alone_has_no_outcome,false
OBS-a83ff8cb3f8b2efe,PASIG-20260829-2230,acea8d66b823,https://pasigcity.gov.ph/news-and-releases/southwest-monsoon-habagat-flood-update-as-of-1030-pm-of-august-29-2026-757,PASIG-2026-AUG29-30,Pasig,Manggahan,Manggahan,Magsaysay St. (near INC Church),2026-08-29T22:30:00+08:00,"As of 10:30PM | August 29, 2026",19,2. Magsaysay St. (near INC Church) | Water Level: 5.00cm (2 inches) | Remarks: Passable to motorcycles and cars (sedan),flood_observed,5.00cm (2 inches),5.0,5.0,Remarks: Passable to motorcycles and cars (sedan),candidate,,,2026-08-29,docs/evaluations/flood-duration-pilot-20261004,NCR-2026-08-29,,,,,,,,,,,,,docs/evaluations/flood-duration-pilot-20261004/sources/PASIG-20260829-2230.acea8d66b823.txt,true,usable,usable_reported_snapshot_clock,source_reported_locality,Manggahan,usable_reported_numeric,5.0,5.0,PASIG-2026-AUG29-30,TL-476913efe7eef739,SNAP-61332eb29fd89528,none_flagged,,Source-linked wet claim retained; no clearance inferred.,excluded_wet_snapshot_alone_has_no_outcome,false
OBS-760ddb4b0bbb42b7,PASIG-20260829-2230,acea8d66b823,https://pasigcity.gov.ph/news-and-releases/southwest-monsoon-habagat-flood-update-as-of-1030-pm-of-august-29-2026-757,PASIG-2026-AUG29-30,Pasig,Manggahan,Manggahan,"Metroville Subd., Karangalan",2026-08-29T22:30:00+08:00,"As of 10:30PM | August 29, 2026",22,"3. Metroville Subd., Karangalan | Water Level: 10.64cm (4 inches) | Remarks: Passable to motorcycles and cars (sedan)",flood_observed,10.64cm (4 inches),10.64,10.64,Remarks: Passable to motorcycles and cars (sedan),candidate,,,2026-08-29,docs/evaluations/flood-duration-pilot-20261004,NCR-2026-08-29,,,,,,,,,,,,,docs/evaluations/flood-duration-pilot-20261004/sources/PASIG-20260829-2230.acea8d66b823.txt,true,usable,usable_reported_snapshot_clock,source_reported_locality,Manggahan,uncertain_new_alternate_units_conflict,,,PASIG-2026-AUG29-30,TL-d3122e85fec3ef7e,SNAP-bbc6fe0f1842a8e2,none_flagged,,PASIG-20260829-2230 text lines 22-24: Metroville 10.64cm (4 inches); four inches is 10.16 cm. Preserve wet/clock evidence and withhold numeric feature.,excluded_wet_snapshot_alone_has_no_outcome,false
OBS-6242091a148555b2,PASIG-20260829-2230,acea8d66b823,https://pasigcity.gov.ph/news-and-releases/southwest-monsoon-habagat-flood-update-as-of-1030-pm-of-august-29-2026-757,PASIG-2026-AUG29-30,Pasig,Manggahan,Manggahan,Metroville Pedro S. Pasco Ave.,2026-08-29T22:30:00+08:00,"As of 10:30PM | August 29, 2026",25,4. Metroville Pedro S. Pasco Ave. | Water Level: 12.7cm (5 inches) | Remarks: Passable to motorcycles and cars (sedan),flood_observed,12.7cm (5 inches),12.7,12.7,Remarks: Passable to motorcycles and cars (sedan),candidate,,,2026-08-29,docs/evaluations/flood-duration-pilot-20261004,NCR-2026-08-29,,,,,,,,,,,,,docs/evaluations/flood-duration-pilot-20261004/sources/PASIG-20260829-2230.acea8d66b823.txt,true,usable,usable_reported_snapshot_clock,source_reported_locality,Manggahan,usable_reported_numeric,12.7,12.7,PASIG-2026-AUG29-30,TL-8ac08f6203705360,SNAP-a1381b8582bc9671,none_flagged,,Source-linked wet claim retained; no clearance inferred.,excluded_wet_snapshot_alone_has_no_outcome,false
OBS-38ef84b31bde5630,PASIG-20260829-2230,acea8d66b823,https://pasigcity.gov.ph/news-and-releases/southwest-monsoon-habagat-flood-update-as-of-1030-pm-of-august-29-2026-757,PASIG-2026-AUG29-30,Pasig,Manggahan,Manggahan,Soliven cor. Prague,2026-08-29T22:30:00+08:00,"As of 10:30PM | August 29, 2026",28,5. Soliven cor. Prague | Water Level: 60.96 cm (24 inches) | Remarks: Not passable to motorcycles and cars (sedan),flood_observed,60.96 cm (24 inches),60.96,60.96,Remarks: Not passable to motorcycles and cars (sedan),candidate,,,2026-08-29,docs/evaluations/flood-duration-pilot-20261004,NCR-2026-08-29,,,,,,,,,,,,,docs/evaluations/flood-duration-pilot-20261004/sources/PASIG-20260829-2230.acea8d66b823.txt,true,usable,usable_reported_snapshot_clock,source_reported_locality,Manggahan,usable_reported_numeric,60.96,60.96,PASIG-2026-AUG29-30,TL-d5a29f9c0962e8b6,SNAP-8b55a0fe74415b2b,none_flagged,,Source-linked wet claim retained; no clearance inferred.,excluded_wet_snapshot_alone_has_no_outcome,false
OBS-213fe671e69861d8,PASIG-20260829-2230,acea8d66b823,https://pasigcity.gov.ph/news-and-releases/southwest-monsoon-habagat-flood-update-as-of-1030-pm-of-august-29-2026-757,PASIG-2026-AUG29-30,Pasig,Manggahan,Manggahan,Villa Luz St. cor. St. Paul St.,2026-08-29T22:30:00+08:00,"As of 10:30PM | August 29, 2026",31,6. Villa Luz St. cor. St. Paul St. | Water Level: 12.7cm (5 inches) | Remarks: Passable to motorcycles and cars (sedan),flood_observed,12.7cm (5 inches),12.7,12.7,Remarks: Passable to motorcycles and cars (sedan),candidate,,,2026-08-29,docs/evaluations/flood-duration-pilot-20261004,NCR-2026-08-29,,,,,,,,,,,,,docs/evaluations/flood-duration-pilot-20261004/sources/PASIG-20260829-2230.acea8d66b823.txt,true,usable,usable_reported_snapshot_clock,source_reported_locality,Manggahan,usable_reported_numeric,12.7,12.7,PASIG-2026-AUG29-30,TL-84f7047432671b20,SNAP-063fa728a8013d50,none_flagged,,Source-linked wet claim retained; no clearance inferred.,excluded_wet_snapshot_alone_has_no_outcome,false
OBS-30304e2ede3dabd9,PASIG-20260829-2230,acea8d66b823,https://pasigcity.gov.ph/news-and-releases/southwest-monsoon-habagat-flood-update-as-of-1030-pm-of-august-29-2026-757,PASIG-2026-AUG29-30,Pasig,Manggahan,Manggahan,Capetown cor. San Salvador,2026-08-29T22:30:00+08:00,"As of 10:30PM | August 29, 2026",34,7. Capetown cor. San Salvador | Water Level: 12.7cm (5 inches) | Remarks: Passable to motorcycles and cars (sedan),flood_observed,12.7cm (5 inches),12.7,12.7,Remarks: Passable to motorcycles and cars (sedan),candidate,,,2026-08-29,docs/evaluations/flood-duration-pilot-20261004,NCR-2026-08-29,,,,,,,,,,,,,docs/evaluations/flood-duration-pilot-20261004/sources/PASIG-20260829-2230.acea8d66b823.txt,true,usable,usable_reported_snapshot_clock,source_reported_locality,Manggahan,usable_reported_numeric,12.7,12.7,PASIG-2026-AUG29-30,TL-ea80f0497c6fa111,SNAP-d959451c4c693345,none_flagged,,Source-linked wet claim retained; no clearance inferred.,excluded_wet_snapshot_alone_has_no_outcome,false
OBS-f0855abeaa55f96b,PASIG-20260829-2230,acea8d66b823,https://pasigcity.gov.ph/news-and-releases/southwest-monsoon-habagat-flood-update-as-of-1030-pm-of-august-29-2026-757,PASIG-2026-AUG29-30,Pasig,Manggahan,Manggahan,Panama St. Cor Paris,2026-08-29T22:30:00+08:00,"As of 10:30PM | August 29, 2026",37,8. Panama St. Cor Paris | Water Level: 5.00cm (2 inches) | Remarks: Passable to motorcycles and cars (sedan),flood_observed,5.00cm (2 inches),5.0,5.0,Remarks: Passable to motorcycles and cars (sedan),candidate,,,2026-08-29,docs/evaluations/flood-duration-pilot-20261004,NCR-2026-08-29,,,,,,,,,,,,,docs/evaluations/flood-duration-pilot-20261004/sources/PASIG-20260829-2230.acea8d66b823.txt,true,usable,usable_reported_snapshot_clock,source_reported_locality,Manggahan,usable_reported_numeric,5.0,5.0,PASIG-2026-AUG29-30,TL-fc3c9c92b4628ba6,SNAP-16388fb9fa45d15e,none_flagged,,Source-linked wet claim retained; no clearance inferred.,excluded_wet_snapshot_alone_has_no_outcome,false
OBS-23e7f522a9169d00,PASIG-20260829-2230,acea8d66b823,https://pasigcity.gov.ph/news-and-releases/southwest-monsoon-habagat-flood-update-as-of-1030-pm-of-august-29-2026-757,PASIG-2026-AUG29-30,Pasig,Manggahan,Manggahan,"Soliven St. Cor Copenhagen, Greenpark",2026-08-29T22:30:00+08:00,"As of 10:30PM | August 29, 2026",40,"9. Soliven St. Cor Copenhagen, Greenpark | Water Level: 20 cm (8 inches) | Remarks: Passable to motorcycles and cars (sedan)",flood_observed,20 cm (8 inches),,,Remarks: Passable to motorcycles and cars (sedan),candidate,,source_alternate_units_disagree,2026-08-29,docs/evaluations/flood-duration-pilot-20261004,NCR-2026-08-29,,,,,,,,,,,,,docs/evaluations/flood-duration-pilot-20261004/sources/PASIG-20260829-2230.acea8d66b823.txt,true,usable,usable_reported_snapshot_clock,source_reported_locality,Manggahan,usable_reported_metric_with_rounding_qualifier,20,20,PASIG-2026-AUG29-30,TL-1aaf0fef4a7e4c67,SNAP-ab8a9451663bf218,none_flagged,,"Retain reported metric 20 cm as a qualified feature, not an exact measurement. Eight inches converts to 20.32 cm; plausible whole-centimeter rounding remains explicitly uncertain. Original conflicting-unit flag/value preserved.",excluded_wet_snapshot_alone_has_no_outcome,false
OBS-c52943314b6c1b63,PASIG-20260829-2230,acea8d66b823,https://pasigcity.gov.ph/news-and-releases/southwest-monsoon-habagat-flood-update-as-of-1030-pm-of-august-29-2026-757,PASIG-2026-AUG29-30,Pasig,Manggahan,Manggahan,"Kingstone St. cor Parish St., Greenpark",2026-08-29T22:30:00+08:00,"As of 10:30PM | August 29, 2026",43,"10. Kingstone St. cor Parish St., Greenpark | Water Level: 20 cm (8 inches) | Remarks: Passable to motorcycles and cars (sedan)",flood_observed,20 cm (8 inches),,,Remarks: Passable to motorcycles and cars (sedan),candidate,,source_alternate_units_disagree,2026-08-29,docs/evaluations/flood-duration-pilot-20261004,NCR-2026-08-29,,,,,,,,,,,,,docs/evaluations/flood-duration-pilot-20261004/sources/PASIG-20260829-2230.acea8d66b823.txt,true,usable,usable_reported_snapshot_clock,source_reported_locality,Manggahan,usable_reported_metric_with_rounding_qualifier,20,20,PASIG-2026-AUG29-30,TL-449e1d9d96624822,SNAP-c1033eb50a0d0691,none_flagged,,"Retain reported metric 20 cm as a qualified feature, not an exact measurement. Eight inches converts to 20.32 cm; plausible whole-centimeter rounding remains explicitly uncertain. Original conflicting-unit flag/value preserved.",excluded_wet_snapshot_alone_has_no_outcome,false
OBS-4142f7a15aa8ad6b,PASIG-20260829-2230,acea8d66b823,https://pasigcity.gov.ph/news-and-releases/southwest-monsoon-habagat-flood-update-as-of-1030-pm-of-august-29-2026-757,PASIG-2026-AUG29-30,Pasig,Manggahan,Manggahan,Panama cor. Stockholm,2026-08-29T22:30:00+08:00,"As of 10:30PM | August 29, 2026",46,11. Panama cor. Stockholm | Water Level: 20 cm (8 inches) | Remarks: Passable to motorcycles and cars (sedan),flood_observed,20 cm (8 inches),,,Remarks: Passable to motorcycles and cars (sedan),candidate,,source_alternate_units_disagree,2026-08-29,docs/evaluations/flood-duration-pilot-20261004,NCR-2026-08-29,,,,,,,,,,,,,docs/evaluations/flood-duration-pilot-20261004/sources/PASIG-20260829-2230.acea8d66b823.txt,true,usable,usable_reported_snapshot_clock,source_reported_locality,Manggahan,usable_reported_metric_with_rounding_qualifier,20,20,PASIG-2026-AUG29-30,TL-42e2ceb841b47695,SNAP-16f093171585f51d,none_flagged,,"Retain reported metric 20 cm as a qualified feature, not an exact measurement. Eight inches converts to 20.32 cm; plausible whole-centimeter rounding remains explicitly uncertain. Original conflicting-unit flag/value preserved.",excluded_wet_snapshot_alone_has_no_outcome,false
OBS-d1966d8582656f6b,PASIG-20260829-2230,acea8d66b823,https://pasigcity.gov.ph/news-and-releases/southwest-monsoon-habagat-flood-update-as-of-1030-pm-of-august-29-2026-757,PASIG-2026-AUG29-30,Pasig,Manggahan,Manggahan,"Moscow St. cor Brazil, Greenpark",2026-08-29T22:30:00+08:00,"As of 10:30PM | August 29, 2026",49,"12. Moscow St. cor Brazil, Greenpark | Water Level: 20 cm (8 inches) | Remarks: Passable to motorcycles and cars (sedan)",flood_observed,20 cm (8 inches),,,Remarks: Passable to motorcycles and cars (sedan),candidate,,source_alternate_units_disagree,2026-08-29,docs/evaluations/flood-duration-pilot-20261004,NCR-2026-08-29,,,,,,,,,,,,,docs/evaluations/flood-duration-pilot-20261004/sources/PASIG-20260829-2230.acea8d66b823.txt,true,usable,usable_reported_snapshot_clock,source_reported_locality,Manggahan,usable_reported_metric_with_rounding_qualifier,20,20,PASIG-2026-AUG29-30,TL-d7106f6de24f5f35,SNAP-2194289603778265,none_flagged,,"Retain reported metric 20 cm as a qualified feature, not an exact measurement. Eight inches converts to 20.32 cm; plausible whole-centimeter rounding remains explicitly uncertain. Original conflicting-unit flag/value preserved.",excluded_wet_snapshot_alone_has_no_outcome,false
OBS-5ba6cdf069989975,PASIG-20260829-2230,acea8d66b823,https://pasigcity.gov.ph/news-and-releases/southwest-monsoon-habagat-flood-update-as-of-1030-pm-of-august-29-2026-757,PASIG-2026-AUG29-30,Pasig,Manggahan,Manggahan,Belfast St.,2026-08-29T22:30:00+08:00,"As of 10:30PM | August 29, 2026",52,13. Belfast St. | Water Level: 20 cm (8 inches) | Remarks: Passable to motorcycles and cars (sedan),flood_observed,20 cm (8 inches),,,Remarks: Passable to motorcycles and cars (sedan),candidate,,source_alternate_units_disagree,2026-08-29,docs/evaluations/flood-duration-pilot-20261004,NCR-2026-08-29,,,,,,,,,,,,,docs/evaluations/flood-duration-pilot-20261004/sources/PASIG-20260829-2230.acea8d66b823.txt,true,usable,usable_reported_snapshot_clock,source_reported_locality,Manggahan,usable_reported_metric_with_rounding_qualifier,20,20,PASIG-2026-AUG29-30,TL-a7f3dca81a8d6a76,SNAP-5d8570d1d28b9acd,none_flagged,,"Retain reported metric 20 cm as a qualified feature, not an exact measurement. Eight inches converts to 20.32 cm; plausible whole-centimeter rounding remains explicitly uncertain. Original conflicting-unit flag/value preserved.",excluded_wet_snapshot_alone_has_no_outcome,false
OBS-ef45640a6c19fb46,PASIG-20260829-2230,acea8d66b823,https://pasigcity.gov.ph/news-and-releases/southwest-monsoon-habagat-flood-update-as-of-1030-pm-of-august-29-2026-757,PASIG-2026-AUG29-30,Pasig,Manggahan,Manggahan,Rome St.,2026-08-29T22:30:00+08:00,"As of 10:30PM | August 29, 2026",55,14. Rome St. | Water Level: 20 cm (8 inches) | Remarks: Passable to motorcycles and cars (sedan),flood_observed,20 cm (8 inches),,,Remarks: Passable to motorcycles and cars (sedan),candidate,,source_alternate_units_disagree,2026-08-29,docs/evaluations/flood-duration-pilot-20261004,NCR-2026-08-29,,,,,,,,,,,,,docs/evaluations/flood-duration-pilot-20261004/sources/PASIG-20260829-2230.acea8d66b823.txt,true,usable,usable_reported_snapshot_clock,source_reported_locality,Manggahan,usable_reported_metric_with_rounding_qualifier,20,20,PASIG-2026-AUG29-30,TL-91c918d54f755947,SNAP-f0a0ae3e01676a97,none_flagged,,"Retain reported metric 20 cm as a qualified feature, not an exact measurement. Eight inches converts to 20.32 cm; plausible whole-centimeter rounding remains explicitly uncertain. Original conflicting-unit flag/value preserved.",excluded_wet_snapshot_alone_has_no_outcome,false
OBS-7d063578f934607b,PASIG-20260829-2230,acea8d66b823,https://pasigcity.gov.ph/news-and-releases/southwest-monsoon-habagat-flood-update-as-of-1030-pm-of-august-29-2026-757,PASIG-2026-AUG29-30,Pasig,Manggahan,Manggahan,Moscow,2026-08-29T22:30:00+08:00,"As of 10:30PM | August 29, 2026",58,15. Moscow | Water Level: 20 cm (8 inches) | Remarks: Passable to motorcycles and cars (sedan),flood_observed,20 cm (8 inches),,,Remarks: Passable to motorcycles and cars (sedan),candidate,,source_alternate_units_disagree,2026-08-29,docs/evaluations/flood-duration-pilot-20261004,NCR-2026-08-29,,,,,,,,,,,,,docs/evaluations/flood-duration-pilot-20261004/sources/PASIG-20260829-2230.acea8d66b823.txt,true,usable,usable_reported_snapshot_clock,source_reported_locality,Manggahan,usable_reported_metric_with_rounding_qualifier,20,20,PASIG-2026-AUG29-30,TL-3f58b1a506289992,SNAP-6fea3292b5466eb1,none_flagged,,"Retain reported metric 20 cm as a qualified feature, not an exact measurement. Eight inches converts to 20.32 cm; plausible whole-centimeter rounding remains explicitly uncertain. Original conflicting-unit flag/value preserved.",excluded_wet_snapshot_alone_has_no_outcome,false
OBS-fad0d0668941907f,PASIG-20260829-2230,acea8d66b823,https://pasigcity.gov.ph/news-and-releases/southwest-monsoon-habagat-flood-update-as-of-1030-pm-of-august-29-2026-757,PASIG-2026-AUG29-30,Pasig,Manggahan,Manggahan,Kaginhawaan St. going to Felix Ave.,2026-08-29T22:30:00+08:00,"As of 10:30PM | August 29, 2026",61,16. Kaginhawaan St. going to Felix Ave. | Water Level: 10.16 cm (4 inches) | Remarks: Passable to motorcycles and cars (sedan),flood_observed,10.16 cm (4 inches),10.16,10.16,Remarks: Passable to motorcycles and cars (sedan),candidate,,,2026-08-29,docs/evaluations/flood-duration-pilot-20261004,NCR-2026-08-29,,,,,,,,,,,,,docs/evaluations/flood-duration-pilot-20261004/sources/PASIG-20260829-2230.acea8d66b823.txt,true,usable,usable_reported_snapshot_clock,source_reported_locality,Manggahan,usable_reported_numeric,10.16,10.16,PASIG-2026-AUG29-30,TL-694880cc27d8cf88,SNAP-b6d66bef191446b2,none_flagged,,Source-linked wet claim retained; no clearance inferred.,excluded_wet_snapshot_alone_has_no_outcome,false
OBS-e1931b6b0eb1001b,PASIG-20260829-2230,acea8d66b823,https://pasigcity.gov.ph/news-and-releases/southwest-monsoon-habagat-flood-update-as-of-1030-pm-of-august-29-2026-757,PASIG-2026-AUG29-30,Pasig,Pinagbuhatan,Pinagbuhatan,"Jupiter St., Nagpayong",2026-08-29T22:30:00+08:00,"As of 10:30PM | August 29, 2026",65,"1. Jupiter St., Nagpayong | Water Level: 60.96 cm (24 inches) | Remarks: Not passable to motorcycles and cars (sedan)",flood_observed,60.96 cm (24 inches),60.96,60.96,Remarks: Not passable to motorcycles and cars (sedan),candidate,,,2026-08-29,docs/evaluations/flood-duration-pilot-20261004,NCR-2026-08-29,,,,,,,,,,,,,docs/evaluations/flood-duration-pilot-20261004/sources/PASIG-20260829-2230.acea8d66b823.txt,true,usable,usable_reported_snapshot_clock,source_reported_locality,Pinagbuhatan,usable_reported_numeric,60.96,60.96,PASIG-2026-AUG29-30,TL-9d9aaa2f18717ab6,SNAP-5a00d601eeb43142,none_flagged,,Source-linked wet claim retained; no clearance inferred.,excluded_wet_snapshot_alone_has_no_outcome,false
OBS-47ef1b36c72b9bdf,PASIG-20260829-2230,acea8d66b823,https://pasigcity.gov.ph/news-and-releases/southwest-monsoon-habagat-flood-update-as-of-1030-pm-of-august-29-2026-757,PASIG-2026-AUG29-30,Pasig,Santolan,Santolan,Doroteo St. Court,2026-08-29T22:30:00+08:00,"As of 10:30PM | August 29, 2026",69,1. Doroteo St. Court | Water Level: 91.44cm (36 inches) | Remarks: Not passable to motorcycles and cars (sedan),flood_observed,91.44cm (36 inches),91.44,91.44,Remarks: Not passable to motorcycles and cars (sedan),candidate,,,2026-08-29,docs/evaluations/flood-duration-pilot-20261004,NCR-2026-08-29,,,,,,,,,,,,,docs/evaluations/flood-duration-pilot-20261004/sources/PASIG-20260829-2230.acea8d66b823.txt,true,usable,usable_reported_snapshot_clock,source_reported_locality,Santolan,usable_reported_numeric,91.44,91.44,PASIG-2026-AUG29-30,TL-2d970cca3949ccb5,SNAP-684354086462488f,none_flagged,,Source-linked wet claim retained; no clearance inferred.,excluded_wet_snapshot_alone_has_no_outcome,false
OBS-8f33ab3ffdc0200e,PASIG-20260829-2230,acea8d66b823,https://pasigcity.gov.ph/news-and-releases/southwest-monsoon-habagat-flood-update-as-of-1030-pm-of-august-29-2026-757,PASIG-2026-AUG29-30,Pasig,Santolan,Santolan,Doroteo St. Villa,2026-08-29T22:30:00+08:00,"As of 10:30PM | August 29, 2026",72,2. Doroteo St. Villa | Water Level: 30.48 cm (12 inches) | Remarks: Not passable to motorcycles and cars (sedan),flood_observed,30.48 cm (12 inches),30.48,30.48,Remarks: Not passable to motorcycles and cars (sedan),candidate,,,2026-08-29,docs/evaluations/flood-duration-pilot-20261004,NCR-2026-08-29,,,,,,,,,,,,,docs/evaluations/flood-duration-pilot-20261004/sources/PASIG-20260829-2230.acea8d66b823.txt,true,usable,usable_reported_snapshot_clock,source_reported_locality,Santolan,usable_reported_numeric,30.48,30.48,PASIG-2026-AUG29-30,TL-b1be8bf82d292f4a,SNAP-715b6337b575e339,none_flagged,,Source-linked wet claim retained; no clearance inferred.,excluded_wet_snapshot_alone_has_no_outcome,false
OBS-76a2ac6b67b1e88a,PASIG-20260829-2230,acea8d66b823,https://pasigcity.gov.ph/news-and-releases/southwest-monsoon-habagat-flood-update-as-of-1030-pm-of-august-29-2026-757,PASIG-2026-AUG29-30,Pasig,Santolan,Santolan,Doroteo St. Ext.,2026-08-29T22:30:00+08:00,"As of 10:30PM | August 29, 2026",75,3. Doroteo St. Ext. | Water Level: 10.16 cm (4 inches) | Remarks: Passable to motorcycles and cars (sedan),flood_observed,10.16 cm (4 inches),10.16,10.16,Remarks: Passable to motorcycles and cars (sedan),candidate,,,2026-08-29,docs/evaluations/flood-duration-pilot-20261004,NCR-2026-08-29,,,,,,,,,,,,,docs/evaluations/flood-duration-pilot-20261004/sources/PASIG-20260829-2230.acea8d66b823.txt,true,usable,usable_reported_snapshot_clock,source_reported_locality,Santolan,usable_reported_numeric,10.16,10.16,PASIG-2026-AUG29-30,TL-38f442eeac84e48d,SNAP-1b00c63275596c8d,none_flagged,,Source-linked wet claim retained; no clearance inferred.,excluded_wet_snapshot_alone_has_no_outcome,false
OBS-9abb5505d1172e79,PASIG-20260829-2230,acea8d66b823,https://pasigcity.gov.ph/news-and-releases/southwest-monsoon-habagat-flood-update-as-of-1030-pm-of-august-29-2026-757,PASIG-2026-AUG29-30,Pasig,Santolan,Santolan,Sgt.De Leon Mayana St.,2026-08-29T22:30:00+08:00,"As of 10:30PM | August 29, 2026",78,4. Sgt.De Leon Mayana St. | Water Level: 5.00 cm (2 inches) | Remarks: Passable to motorcycles and cars (sedan),flood_observed,5.00 cm (2 inches),5.0,5.0,Remarks: Passable to motorcycles and cars (sedan),candidate,,,2026-08-29,docs/evaluations/flood-duration-pilot-20261004,NCR-2026-08-29,,,,,,,,,,,,,docs/evaluations/flood-duration-pilot-20261004/sources/PASIG-20260829-2230.acea8d66b823.txt,true,usable,usable_reported_snapshot_clock,source_reported_locality,Santolan,usable_reported_numeric,5.0,5.0,PASIG-2026-AUG29-30,TL-40f9e4fcd12fb044,SNAP-5ce8a1e41a439667,none_flagged,,Source-linked wet claim retained; no clearance inferred.,excluded_wet_snapshot_alone_has_no_outcome,false
OBS-281a4396519aa6eb,PASIG-20260829-2230,acea8d66b823,https://pasigcity.gov.ph/news-and-releases/southwest-monsoon-habagat-flood-update-as-of-1030-pm-of-august-29-2026-757,PASIG-2026-AUG29-30,Pasig,Santolan,Santolan,Masikap St.,2026-08-29T22:30:00+08:00,"As of 10:30PM | August 29, 2026",81,5. Masikap St. | Water Level: 7.60 cm (3 inches) | Remarks: Passable to motorcycles and cars (sedan),flood_observed,7.60 cm (3 inches),7.6,7.6,Remarks: Passable to motorcycles and cars (sedan),candidate,,,2026-08-29,docs/evaluations/flood-duration-pilot-20261004,NCR-2026-08-29,,,,,,,,,,,,,docs/evaluations/flood-duration-pilot-20261004/sources/PASIG-20260829-2230.acea8d66b823.txt,true,usable,usable_reported_snapshot_clock,source_reported_locality,Santolan,usable_reported_numeric,7.6,7.6,PASIG-2026-AUG29-30,TL-b7ecf786b649428a,SNAP-84008bfcd0f9a1be,none_flagged,,Source-linked wet claim retained; no clearance inferred.,excluded_wet_snapshot_alone_has_no_outcome,false
OBS-7ff6462419b95ce9,PASIG-20260829-2230,acea8d66b823,https://pasigcity.gov.ph/news-and-releases/southwest-monsoon-habagat-flood-update-as-of-1030-pm-of-august-29-2026-757,PASIG-2026-AUG29-30,Pasig,Santolan,Santolan,Rafael Rd 3,2026-08-29T22:30:00+08:00,"As of 10:30PM | August 29, 2026",84,6. Rafael Rd 3 | Water Level: 7.60 cm (3 inches) | Remarks: Passable to motorcycles and cars (sedan),flood_observed,7.60 cm (3 inches),7.6,7.6,Remarks: Passable to motorcycles and cars (sedan),candidate,,,2026-08-29,docs/evaluations/flood-duration-pilot-20261004,NCR-2026-08-29,,,,,,,,,,,,,docs/evaluations/flood-duration-pilot-20261004/sources/PASIG-20260829-2230.acea8d66b823.txt,true,usable,usable_reported_snapshot_clock,source_reported_locality,Santolan,usable_reported_numeric,7.6,7.6,PASIG-2026-AUG29-30,TL-a108db90559a70ec,SNAP-9ccea1ba210c4377,none_flagged,,Source-linked wet claim retained; no clearance inferred.,excluded_wet_snapshot_alone_has_no_outcome,false
OBS-99a5dd7b286ccad1,PASIG-20260829-2230,acea8d66b823,https://pasigcity.gov.ph/news-and-releases/southwest-monsoon-habagat-flood-update-as-of-1030-pm-of-august-29-2026-757,PASIG-2026-AUG29-30,Pasig,Santolan,Santolan,Marcelino St.,2026-08-29T22:30:00+08:00,"As of 10:30PM | August 29, 2026",87,7. Marcelino St. | Water Level: 7.60cm (3 inches) | Remarks: Passable to motorcycles and cars (sedan),flood_observed,7.60cm (3 inches),7.6,7.6,Remarks: Passable to motorcycles and cars (sedan),candidate,,,2026-08-29,docs/evaluations/flood-duration-pilot-20261004,NCR-2026-08-29,,,,,,,,,,,,,docs/evaluations/flood-duration-pilot-20261004/sources/PASIG-20260829-2230.acea8d66b823.txt,true,usable,usable_reported_snapshot_clock,source_reported_locality,Santolan,usable_reported_numeric,7.6,7.6,PASIG-2026-AUG29-30,TL-499fcd88fb253cfd,SNAP-91a7de86c44f388b,none_flagged,,Source-linked wet claim retained; no clearance inferred.,excluded_wet_snapshot_alone_has_no_outcome,false
OBS-8ec75adef1d1c0bb,PASIG-20260829-2230,acea8d66b823,https://pasigcity.gov.ph/news-and-releases/southwest-monsoon-habagat-flood-update-as-of-1030-pm-of-august-29-2026-757,PASIG-2026-AUG29-30,Pasig,Santolan,Santolan,A. Victorino St.,2026-08-29T22:30:00+08:00,"As of 10:30PM | August 29, 2026",90,8. A. Victorino St. | Water Level: 7.60cm (3 inches) | Remarks: Passable to motorcycles and cars (sedan),flood_observed,7.60cm (3 inches),7.6,7.6,Remarks: Passable to motorcycles and cars (sedan),candidate,,,2026-08-29,docs/evaluations/flood-duration-pilot-20261004,NCR-2026-08-29,,,,,,,,,,,,,docs/evaluations/flood-duration-pilot-20261004/sources/PASIG-20260829-2230.acea8d66b823.txt,true,usable,usable_reported_snapshot_clock,source_reported_locality,Santolan,usable_reported_numeric,7.6,7.6,PASIG-2026-AUG29-30,TL-ec7d315160976ee0,SNAP-ef036834342999c0,none_flagged,,Source-linked wet claim retained; no clearance inferred.,excluded_wet_snapshot_alone_has_no_outcome,false
OBS-1b7230788bc3a39c,PASIG-20260829-2230,acea8d66b823,https://pasigcity.gov.ph/news-and-releases/southwest-monsoon-habagat-flood-update-as-of-1030-pm-of-august-29-2026-757,PASIG-2026-AUG29-30,Pasig,Santolan,Santolan,Gabriel Ext.,2026-08-29T22:30:00+08:00,"As of 10:30PM | August 29, 2026",93,9. Gabriel Ext. | Water Level: 60.96 cm (24 inches) | Remarks: Not passable to motorcycles and cars (sedan),flood_observed,60.96 cm (24 inches),60.96,60.96,Remarks: Not passable to motorcycles and cars (sedan),candidate,,,2026-08-29,docs/evaluations/flood-duration-pilot-20261004,NCR-2026-08-29,,,,,,,,,,,,,docs/evaluations/flood-duration-pilot-20261004/sources/PASIG-20260829-2230.acea8d66b823.txt,true,usable,usable_reported_snapshot_clock,source_reported_locality,Santolan,usable_reported_numeric,60.96,60.96,PASIG-2026-AUG29-30,TL-97f627cd0e028da4,SNAP-b675a5182c89f466,none_flagged,,Source-linked wet claim retained; no clearance inferred.,excluded_wet_snapshot_alone_has_no_outcome,false
OBS-7b9b82f57fbe005f,PASIG-20260829-2230,acea8d66b823,https://pasigcity.gov.ph/news-and-releases/southwest-monsoon-habagat-flood-update-as-of-1030-pm-of-august-29-2026-757,PASIG-2026-AUG29-30,Pasig,Sta Lucia,Sta. Lucia,Bagong Anyo St.,2026-08-29T22:30:00+08:00,"As of 10:30PM | August 29, 2026",97,1. Bagong Anyo St. | Water Level: 12.7 cm (5 inches) | Remarks: Passable to motorcycles and cars (sedan),flood_observed,12.7 cm (5 inches),12.7,12.7,Remarks: Passable to motorcycles and cars (sedan),candidate,,,2026-08-29,docs/evaluations/flood-duration-pilot-20261004,NCR-2026-08-29,,,,,,,,,,,,,docs/evaluations/flood-duration-pilot-20261004/sources/PASIG-20260829-2230.acea8d66b823.txt,true,usable,usable_reported_snapshot_clock,source_reported_locality,Sta. Lucia,usable_reported_numeric,12.7,12.7,PASIG-2026-AUG29-30,TL-52e66337b20a91b6,SNAP-9c9de76866e8ba0c,none_flagged,,Source-linked wet claim retained; no clearance inferred.,excluded_wet_snapshot_alone_has_no_outcome,false
OBS-bf37b8c390eabd7a,PASIG-20260829-2230,acea8d66b823,https://pasigcity.gov.ph/news-and-releases/southwest-monsoon-habagat-flood-update-as-of-1030-pm-of-august-29-2026-757,PASIG-2026-AUG29-30,Pasig,Sta Lucia,Sta. Lucia,Kaunluran St.,2026-08-29T22:30:00+08:00,"As of 10:30PM | August 29, 2026",100,2. Kaunluran St. | Water Level: 30.48cm (12 inches) | Remarks: Not passable to motorcycles and cars (sedan),flood_observed,30.48cm (12 inches),30.48,30.48,Remarks: Not passable to motorcycles and cars (sedan),candidate,,,2026-08-29,docs/evaluations/flood-duration-pilot-20261004,NCR-2026-08-29,,,,,,,,,,,,,docs/evaluations/flood-duration-pilot-20261004/sources/PASIG-20260829-2230.acea8d66b823.txt,true,usable,usable_reported_snapshot_clock,source_reported_locality,Sta. Lucia,usable_reported_numeric,30.48,30.48,PASIG-2026-AUG29-30,TL-23acbb2bdefbc5ab,SNAP-acf206438ba73c6a,none_flagged,,Source-linked wet claim retained; no clearance inferred.,excluded_wet_snapshot_alone_has_no_outcome,false
OBS-b08aff59a14b2921,PASIG-20260829-2230,acea8d66b823,https://pasigcity.gov.ph/news-and-releases/southwest-monsoon-habagat-flood-update-as-of-1030-pm-of-august-29-2026-757,PASIG-2026-AUG29-30,Pasig,Sta Lucia,Sta. Lucia,Bautista Comp.,2026-08-29T22:30:00+08:00,"As of 10:30PM | August 29, 2026",103,3. Bautista Comp. | Water Level: 25.4 cm (10 inches) | Remarks: Not passable to motorcycles and cars (sedan),flood_observed,25.4 cm (10 inches),25.4,25.4,Remarks: Not passable to motorcycles and cars (sedan),candidate,,,2026-08-29,docs/evaluations/flood-duration-pilot-20261004,NCR-2026-08-29,,,,,,,,,,,,,docs/evaluations/flood-duration-pilot-20261004/sources/PASIG-20260829-2230.acea8d66b823.txt,true,usable,usable_reported_snapshot_clock,source_reported_locality,Sta. Lucia,usable_reported_numeric,25.4,25.4,PASIG-2026-AUG29-30,TL-7c1c40ce48648fad,SNAP-acdad2f26d9f413c,none_flagged,,Source-linked wet claim retained; no clearance inferred.,excluded_wet_snapshot_alone_has_no_outcome,false
OBS-7226996ce7a4460f,PASIG-20260829-2230,acea8d66b823,https://pasigcity.gov.ph/news-and-releases/southwest-monsoon-habagat-flood-update-as-of-1030-pm-of-august-29-2026-757,PASIG-2026-AUG29-30,Pasig,Sta Lucia,Sta. Lucia,Tawi-tawi St.,2026-08-29T22:30:00+08:00,"As of 10:30PM | August 29, 2026",106,4. Tawi-tawi St. | Water Level: 15.24 cm (6 inches) | Remarks: Passable to motorcycles and cars (sedan),flood_observed,15.24 cm (6 inches),15.24,15.24,Remarks: Passable to motorcycles and cars (sedan),candidate,,,2026-08-29,docs/evaluations/flood-duration-pilot-20261004,NCR-2026-08-29,,,,,,,,,,,,,docs/evaluations/flood-duration-pilot-20261004/sources/PASIG-20260829-2230.acea8d66b823.txt,true,usable,usable_reported_snapshot_clock,source_reported_locality,Sta. Lucia,usable_reported_numeric,15.24,15.24,PASIG-2026-AUG29-30,TL-b1d053a6bf717037,SNAP-e3facb40c0acab2d,none_flagged,,Source-linked wet claim retained; no clearance inferred.,excluded_wet_snapshot_alone_has_no_outcome,false
OBS-cec95dbf8aaff41e,PASIG-20260829-2230,acea8d66b823,https://pasigcity.gov.ph/news-and-releases/southwest-monsoon-habagat-flood-update-as-of-1030-pm-of-august-29-2026-757,PASIG-2026-AUG29-30,Pasig,Sta Lucia,Sta. Lucia,Morales Compound,2026-08-29T22:30:00+08:00,"As of 10:30PM | August 29, 2026",109,5. Morales Compound | Water Level: 15.24 cm (6 inches) | Remarks: Passable to motorcycles and cars (sedan),flood_observed,15.24 cm (6 inches),15.24,15.24,Remarks: Passable to motorcycles and cars (sedan),candidate,,,2026-08-29,docs/evaluations/flood-duration-pilot-20261004,NCR-2026-08-29,,,,,,,,,,,,,docs/evaluations/flood-duration-pilot-20261004/sources/PASIG-20260829-2230.acea8d66b823.txt,true,usable,usable_reported_snapshot_clock,source_reported_locality,Sta. Lucia,usable_reported_numeric,15.24,15.24,PASIG-2026-AUG29-30,TL-b60e119da731dbab,SNAP-445eed0660ee7407,none_flagged,,Source-linked wet claim retained; no clearance inferred.,excluded_wet_snapshot_alone_has_no_outcome,false
OBS-68e1436994348314,PASIG-20260829-2230,acea8d66b823,https://pasigcity.gov.ph/news-and-releases/southwest-monsoon-habagat-flood-update-as-of-1030-pm-of-august-29-2026-757,PASIG-2026-AUG29-30,Pasig,Sta Lucia,Sta. Lucia,Liamzon Subd.,2026-08-29T22:30:00+08:00,"As of 10:30PM | August 29, 2026",112,6. Liamzon Subd. | Water Level: 15.24 cm (6 inches) | Remarks: Passable to motorcycles and cars (sedan),flood_observed,15.24 cm (6 inches),15.24,15.24,Remarks: Passable to motorcycles and cars (sedan),candidate,,,2026-08-29,docs/evaluations/flood-duration-pilot-20261004,NCR-2026-08-29,,,,,,,,,,,,,docs/evaluations/flood-duration-pilot-20261004/sources/PASIG-20260829-2230.acea8d66b823.txt,true,usable,usable_reported_snapshot_clock,source_reported_locality,Sta. Lucia,usable_reported_numeric,15.24,15.24,PASIG-2026-AUG29-30,TL-b7e8dc0fca5d44e7,SNAP-787d3c681fc55ddc,none_flagged,,Source-linked wet claim retained; no clearance inferred.,excluded_wet_snapshot_alone_has_no_outcome,false
OBS-bb1a46030041de99,PASIG-20260829-2230,acea8d66b823,https://pasigcity.gov.ph/news-and-releases/southwest-monsoon-habagat-flood-update-as-of-1030-pm-of-august-29-2026-757,PASIG-2026-AUG29-30,Pasig,Sta Lucia,Sta. Lucia,Asuzena St.,2026-08-29T22:30:00+08:00,"As of 10:30PM | August 29, 2026",115,7. Asuzena St. | Water Level: 15.24 cm (6 inches) | Remarks: Passable to motorcycles and cars (sedan),flood_observed,15.24 cm (6 inches),15.24,15.24,Remarks: Passable to motorcycles and cars (sedan),candidate,,,2026-08-29,docs/evaluations/flood-duration-pilot-20261004,NCR-2026-08-29,,,,,,,,,,,,,docs/evaluations/flood-duration-pilot-20261004/sources/PASIG-20260829-2230.acea8d66b823.txt,true,usable,usable_reported_snapshot_clock,source_reported_locality,Sta. Lucia,usable_reported_numeric,15.24,15.24,PASIG-2026-AUG29-30,TL-eee0c9aaa2fd8336,SNAP-44790bc5ed26a59c,none_flagged,,Source-linked wet claim retained; no clearance inferred.,excluded_wet_snapshot_alone_has_no_outcome,false
OBS-9c1dfe4137d9603d,PASIG-20260829-2230,acea8d66b823,https://pasigcity.gov.ph/news-and-releases/southwest-monsoon-habagat-flood-update-as-of-1030-pm-of-august-29-2026-757,PASIG-2026-AUG29-30,Pasig,Sta Lucia,Sta. Lucia,"New Society St., De Castro",2026-08-29T22:30:00+08:00,"As of 10:30PM | August 29, 2026",118,"8. New Society St., De Castro | Water Level: 60.96 cm (24 inches) | Remarks: Not passable to motorcycles and cars (sedan)",flood_observed,60.96 cm (24 inches),60.96,60.96,Remarks: Not passable to motorcycles and cars (sedan),candidate,,,2026-08-29,docs/evaluations/flood-duration-pilot-20261004,NCR-2026-08-29,,,,,,,,,,,,,docs/evaluations/flood-duration-pilot-20261004/sources/PASIG-20260829-2230.acea8d66b823.txt,true,usable,usable_reported_snapshot_clock,source_reported_locality,Sta. Lucia,usable_reported_numeric,60.96,60.96,PASIG-2026-AUG29-30,TL-0ecb42b2e2a4440d,SNAP-ed5707e7914cc5a4,none_flagged,,Source-linked wet claim retained; no clearance inferred.,excluded_wet_snapshot_alone_has_no_outcome,false
OBS-76208a5c4784abab,PASIG-20260829-2230,acea8d66b823,https://pasigcity.gov.ph/news-and-releases/southwest-monsoon-habagat-flood-update-as-of-1030-pm-of-august-29-2026-757,PASIG-2026-AUG29-30,Pasig,Sta Lucia,Sta. Lucia,Metropolis 1,2026-08-29T22:30:00+08:00,"As of 10:30PM | August 29, 2026",121,9. Metropolis 1 | Water Level: 10.16 cm (4 inches) | Remarks: Passable to motorcycles and cars (sedan),flood_observed,10.16 cm (4 inches),10.16,10.16,Remarks: Passable to motorcycles and cars (sedan),candidate,,,2026-08-29,docs/evaluations/flood-duration-pilot-20261004,NCR-2026-08-29,,,,,,,,,,,,,docs/evaluations/flood-duration-pilot-20261004/sources/PASIG-20260829-2230.acea8d66b823.txt,true,usable,usable_reported_snapshot_clock,source_reported_locality,Sta. Lucia,usable_reported_numeric,10.16,10.16,PASIG-2026-AUG29-30,TL-0e62f033cbb6894d,SNAP-66eee2948c86e834,none_flagged,,Source-linked wet claim retained; no clearance inferred.,excluded_wet_snapshot_alone_has_no_outcome,false
OBS-a692ba35f9008692,PASIG-20260829-2230,acea8d66b823,https://pasigcity.gov.ph/news-and-releases/southwest-monsoon-habagat-flood-update-as-of-1030-pm-of-august-29-2026-757,PASIG-2026-AUG29-30,Pasig,Sta Lucia,Sta. Lucia,Rosario 5 & 6 Masagana Ext.,2026-08-29T22:30:00+08:00,"As of 10:30PM | August 29, 2026",124,10. Rosario 5 & 6 Masagana Ext. | Water Level: 91.44 (36 inches) | Remarks: Not passable to motorcycles and cars (sedan),flood_observed,91.44 (36 inches),91.44,91.44,Remarks: Not passable to motorcycles and cars (sedan),candidate,,,2026-08-29,docs/evaluations/flood-duration-pilot-20261004,NCR-2026-08-29,,,,,,,,,,,,,docs/evaluations/flood-duration-pilot-20261004/sources/PASIG-20260829-2230.acea8d66b823.txt,true,usable,usable_reported_snapshot_clock,source_reported_locality,Sta. Lucia,usable_reported_numeric,91.44,91.44,PASIG-2026-AUG29-30,TL-e8cfba063fd2988f,SNAP-0dd0c5b9f8a4d6c8,none_flagged,,Source-linked wet claim retained; no clearance inferred.,excluded_wet_snapshot_alone_has_no_outcome,false
OBS-cfa86e82c6e3bbaa,PASIG-20260829-2230,acea8d66b823,https://pasigcity.gov.ph/news-and-releases/southwest-monsoon-habagat-flood-update-as-of-1030-pm-of-august-29-2026-757,PASIG-2026-AUG29-30,Pasig,Sta Lucia,Sta. Lucia,Maharlikha St.,2026-08-29T22:30:00+08:00,"As of 10:30PM | August 29, 2026",127,11. Maharlikha St. | Water Level: 15.24 cm (6 inches) | Remarks: Passable to motorcycles and cars (sedan),flood_observed,15.24 cm (6 inches),15.24,15.24,Remarks: Passable to motorcycles and cars (sedan),candidate,,,2026-08-29,docs/evaluations/flood-duration-pilot-20261004,NCR-2026-08-29,,,,,,,,,,,,,docs/evaluations/flood-duration-pilot-20261004/sources/PASIG-20260829-2230.acea8d66b823.txt,true,usable,usable_reported_snapshot_clock,source_reported_locality,Sta. Lucia,usable_reported_numeric,15.24,15.24,PASIG-2026-AUG29-30,TL-de1a7901da7294d1,SNAP-b38dea39df1bcf48,none_flagged,,Source-linked wet claim retained; no clearance inferred.,excluded_wet_snapshot_alone_has_no_outcome,false
OBS-0c3ba0b31a807bcd,PASIG-20260829-2230,acea8d66b823,https://pasigcity.gov.ph/news-and-releases/southwest-monsoon-habagat-flood-update-as-of-1030-pm-of-august-29-2026-757,PASIG-2026-AUG29-30,Pasig,Sta Lucia,Sta. Lucia,Mayumi St.,2026-08-29T22:30:00+08:00,"As of 10:30PM | August 29, 2026",130,12. Mayumi St. | Water Level: 15.24 cm (6 inches) | Remarks: Passable to motorcycles and cars (sedan),flood_observed,15.24 cm (6 inches),15.24,15.24,Remarks: Passable to motorcycles and cars (sedan),candidate,,,2026-08-29,docs/evaluations/flood-duration-pilot-20261004,NCR-2026-08-29,,,,,,,,,,,,,docs/evaluations/flood-duration-pilot-20261004/sources/PASIG-20260829-2230.acea8d66b823.txt,true,usable,usable_reported_snapshot_clock,source_reported_locality,Sta. Lucia,usable_reported_numeric,15.24,15.24,PASIG-2026-AUG29-30,TL-ee8f928885097b0a,SNAP-9ce8454cc470e69b,none_flagged,,Source-linked wet claim retained; no clearance inferred.,excluded_wet_snapshot_alone_has_no_outcome,false
OBS-6226f3977fc236f5,PASIG-20260829-2230,acea8d66b823,https://pasigcity.gov.ph/news-and-releases/southwest-monsoon-habagat-flood-update-as-of-1030-pm-of-august-29-2026-757,PASIG-2026-AUG29-30,Pasig,Sumilang,Sumilang,Katwiran St.,2026-08-29T22:30:00+08:00,"As of 10:30PM | August 29, 2026",134,1. Katwiran St. | Water Level: 12.7 cm (5 inches) | Remarks: Passable to motorcycles and cars (sedan),flood_observed,12.7 cm (5 inches),12.7,12.7,Remarks: Passable to motorcycles and cars (sedan),candidate,,,2026-08-29,docs/evaluations/flood-duration-pilot-20261004,NCR-2026-08-29,,,,,,,,,,,,,docs/evaluations/flood-duration-pilot-20261004/sources/PASIG-20260829-2230.acea8d66b823.txt,true,usable,usable_reported_snapshot_clock,source_reported_locality,Sumilang,usable_reported_numeric,12.7,12.7,PASIG-2026-AUG29-30,TL-e685e98b476ffdd8,SNAP-25ae57678f4afff4,none_flagged,,Source-linked wet claim retained; no clearance inferred.,excluded_wet_snapshot_alone_has_no_outcome,false
OBS-5c6efe2e15e91940,PASIG-20260829-2230,acea8d66b823,https://pasigcity.gov.ph/news-and-releases/southwest-monsoon-habagat-flood-update-as-of-1030-pm-of-august-29-2026-757,PASIG-2026-AUG29-30,Pasig,Sumilang,Sumilang,Magtanggol St.,2026-08-29T22:30:00+08:00,"As of 10:30PM | August 29, 2026",137,2. Magtanggol St. | Water Level: 12.7 cm (5 inches) | Remarks: Passable to motorcycles and cars (sedan),flood_observed,12.7 cm (5 inches),12.7,12.7,Remarks: Passable to motorcycles and cars (sedan),candidate,,,2026-08-29,docs/evaluations/flood-duration-pilot-20261004,NCR-2026-08-29,,,,,,,,,,,,,docs/evaluations/flood-duration-pilot-20261004/sources/PASIG-20260829-2230.acea8d66b823.txt,true,usable,usable_reported_snapshot_clock,source_reported_locality,Sumilang,usable_reported_numeric,12.7,12.7,PASIG-2026-AUG29-30,TL-f6340f1f41fa77e3,SNAP-d9b9f891947d46a6,none_flagged,,Source-linked wet claim retained; no clearance inferred.,excluded_wet_snapshot_alone_has_no_outcome,false
OBS-ddb6188a545381a7,PASIG-20260829-2230,acea8d66b823,https://pasigcity.gov.ph/news-and-releases/southwest-monsoon-habagat-flood-update-as-of-1030-pm-of-august-29-2026-757,PASIG-2026-AUG29-30,Pasig,Sumilang,Sumilang,Dos De Julio St.,2026-08-29T22:30:00+08:00,"As of 10:30PM | August 29, 2026",140,3. Dos De Julio St. | Water Level: 12.7 cm (5 inches) | Remarks: Passable to motorcycles and cars (sedan),flood_observed,12.7 cm (5 inches),12.7,12.7,Remarks: Passable to motorcycles and cars (sedan),candidate,,,2026-08-29,docs/evaluations/flood-duration-pilot-20261004,NCR-2026-08-29,,,,,,,,,,,,,docs/evaluations/flood-duration-pilot-20261004/sources/PASIG-20260829-2230.acea8d66b823.txt,true,usable,usable_reported_snapshot_clock,source_reported_locality,Sumilang,usable_reported_numeric,12.7,12.7,PASIG-2026-AUG29-30,TL-f3176d5a250ab6df,SNAP-9c8b018137886247,none_flagged,,Source-linked wet claim retained; no clearance inferred.,excluded_wet_snapshot_alone_has_no_outcome,false
OBS-0db2f25490e76200,PASIG-20260830-1100,f89215d1462c,https://pasigcity.gov.ph/news-and-releases/southwest-monsoon-habagat-flood-update-as-of-1100-am-of-august-30-2026-965,PASIG-2026-AUG29-30,Pasig,Dela Paz,Dela Paz,Kabutihan St.,2026-08-30T05:00:00+08:00,"As of 05:00AM | August 30, 2026",10,1. Kabutihan St. | Water Level: 60.96 cm (24 inches) | Remarks: Not passable to motorcycles and cars (sedan),flood_observed,60.96 cm (24 inches),60.96,60.96,Remarks: Not passable to motorcycles and cars (sedan),candidate,,,2026-08-30,docs/evaluations/flood-duration-pilot-20261004,NCR-2026-08-30,,,,,,,,,,,,,docs/evaluations/flood-duration-pilot-20261004/sources/PASIG-20260830-1100.f89215d1462c.txt,true,usable,usable_reported_snapshot_clock,source_reported_locality,Dela Paz,usable_reported_numeric,60.96,60.96,PASIG-2026-AUG29-30,TL-971f905062066295,SNAP-191525331850e997,none_flagged,,Source-linked wet claim retained; no clearance inferred.,excluded_wet_snapshot_alone_has_no_outcome,false
OBS-33c8cdb17b34d810,PASIG-20260830-1100,f89215d1462c,https://pasigcity.gov.ph/news-and-releases/southwest-monsoon-habagat-flood-update-as-of-1100-am-of-august-30-2026-965,PASIG-2026-AUG29-30,Pasig,Dela Paz,Dela Paz,Santiago Katipiran cor. Yap Compound,2026-08-30T05:00:00+08:00,"As of 05:00AM | August 30, 2026",13,2. Santiago Katipiran cor. Yap Compound | Water Level: 60.96 cm (24 inches) | Remarks: Not passable to motorcycles and cars (sedan),flood_observed,60.96 cm (24 inches),60.96,60.96,Remarks: Not passable to motorcycles and cars (sedan),candidate,,,2026-08-30,docs/evaluations/flood-duration-pilot-20261004,NCR-2026-08-30,,,,,,,,,,,,,docs/evaluations/flood-duration-pilot-20261004/sources/PASIG-20260830-1100.f89215d1462c.txt,true,usable,usable_reported_snapshot_clock,source_reported_locality,Dela Paz,usable_reported_numeric,60.96,60.96,PASIG-2026-AUG29-30,TL-51aa0fa556fdb4dc,SNAP-a670aa4566d6bc17,none_flagged,,Source-linked wet claim retained; no clearance inferred.,excluded_wet_snapshot_alone_has_no_outcome,false
OBS-bf0d8a5ea2240ae8,PASIG-20260830-1100,f89215d1462c,https://pasigcity.gov.ph/news-and-releases/southwest-monsoon-habagat-flood-update-as-of-1100-am-of-august-30-2026-965,PASIG-2026-AUG29-30,Pasig,Dela Paz,Dela Paz,Katipiran cor. K118 Dela Paz,2026-08-30T05:00:00+08:00,"As of 05:00AM | August 30, 2026",16,3. Katipiran cor. K118 Dela Paz | Water Level: 76.2 cm (30 inches) | Remarks: Not passable to motorcycles and cars (sedan),flood_observed,76.2 cm (30 inches),76.2,76.2,Remarks: Not passable to motorcycles and cars (sedan),candidate,,,2026-08-30,docs/evaluations/flood-duration-pilot-20261004,NCR-2026-08-30,,,,,,,,,,,,,docs/evaluations/flood-duration-pilot-20261004/sources/PASIG-20260830-1100.f89215d1462c.txt,true,usable,usable_reported_snapshot_clock,source_reported_locality,Dela Paz,usable_reported_numeric,76.2,76.2,PASIG-2026-AUG29-30,TL-07cd192646d1e9c6,SNAP-977bb6aacce78492,none_flagged,,Source-linked wet claim retained; no clearance inferred.,excluded_wet_snapshot_alone_has_no_outcome,false
OBS-bf3bea39927f5cfb,PASIG-20260830-1100,f89215d1462c,https://pasigcity.gov.ph/news-and-releases/southwest-monsoon-habagat-flood-update-as-of-1100-am-of-august-30-2026-965,PASIG-2026-AUG29-30,Pasig,Dela Paz,Dela Paz,Kalakasan St.,2026-08-30T05:00:00+08:00,"As of 05:00AM | August 30, 2026",19,4. Kalakasan St. | Water Level: 60.96 cm (24 inches) | Remarks: Not passable to motorcycles and cars (sedan),flood_observed,60.96 cm (24 inches),60.96,60.96,Remarks: Not passable to motorcycles and cars (sedan),candidate,,,2026-08-30,docs/evaluations/flood-duration-pilot-20261004,NCR-2026-08-30,,,,,,,,,,,,,docs/evaluations/flood-duration-pilot-20261004/sources/PASIG-20260830-1100.f89215d1462c.txt,true,usable,usable_reported_snapshot_clock,source_reported_locality,Dela Paz,usable_reported_numeric,60.96,60.96,PASIG-2026-AUG29-30,TL-3b35d644e8d238f4,SNAP-6829745d94ac8c1b,none_flagged,,Source-linked wet claim retained; no clearance inferred.,excluded_wet_snapshot_alone_has_no_outcome,false
OBS-971b5b35579531cd,PASIG-20260830-1100,f89215d1462c,https://pasigcity.gov.ph/news-and-releases/southwest-monsoon-habagat-flood-update-as-of-1100-am-of-august-30-2026-965,PASIG-2026-AUG29-30,Pasig,Dela Paz,Dela Paz,Kalusugan St.,2026-08-30T05:00:00+08:00,"As of 05:00AM | August 30, 2026",22,5. Kalusugan St. | Water Level: 60.96 cm (24 inches) | Remarks: Not passable to motorcycles and cars (sedan),flood_observed,60.96 cm (24 inches),60.96,60.96,Remarks: Not passable to motorcycles and cars (sedan),candidate,,,2026-08-30,docs/evaluations/flood-duration-pilot-20261004,NCR-2026-08-30,,,,,,,,,,,,,docs/evaluations/flood-duration-pilot-20261004/sources/PASIG-20260830-1100.f89215d1462c.txt,true,usable,usable_reported_snapshot_clock,source_reported_locality,Dela Paz,usable_reported_numeric,60.96,60.96,PASIG-2026-AUG29-30,TL-5ea11f9c32f8a8df,SNAP-f6b23bb935a932a9,none_flagged,,Source-linked wet claim retained; no clearance inferred.,excluded_wet_snapshot_alone_has_no_outcome,false
OBS-74c8fb587cf00f7f,PASIG-20260830-1100,f89215d1462c,https://pasigcity.gov.ph/news-and-releases/southwest-monsoon-habagat-flood-update-as-of-1100-am-of-august-30-2026-965,PASIG-2026-AUG29-30,Pasig,Santolan,Santolan,Doroteo St. Court,2026-08-30T05:00:00+08:00,"As of 05:00AM | August 30, 2026",26,1. Doroteo St. Court | Water Level: 182.88 cm (72 inches) | Remarks: Not passable to motorcycles and cars (sedan),flood_observed,182.88 cm (72 inches),182.88,182.88,Remarks: Not passable to motorcycles and cars (sedan),candidate,,,2026-08-30,docs/evaluations/flood-duration-pilot-20261004,NCR-2026-08-30,,,,,,,,,,,,,docs/evaluations/flood-duration-pilot-20261004/sources/PASIG-20260830-1100.f89215d1462c.txt,true,usable,usable_reported_snapshot_clock,source_reported_locality,Santolan,usable_reported_numeric,182.88,182.88,PASIG-2026-AUG29-30,TL-2d970cca3949ccb5,SNAP-22d91abd2d1dd900,none_flagged,,Source-linked wet claim retained; no clearance inferred.,excluded_wet_snapshot_alone_has_no_outcome,false
OBS-713569c75a4211c5,PASIG-20260830-1100,f89215d1462c,https://pasigcity.gov.ph/news-and-releases/southwest-monsoon-habagat-flood-update-as-of-1100-am-of-august-30-2026-965,PASIG-2026-AUG29-30,Pasig,Santolan,Santolan,Doroteo St. Villa,2026-08-30T05:00:00+08:00,"As of 05:00AM | August 30, 2026",29,2. Doroteo St. Villa | Water Level: 33.02 cm (13 inches) | Remarks: Not passable to motorcycles and cars (sedan),flood_observed,33.02 cm (13 inches),33.02,33.02,Remarks: Not passable to motorcycles and cars (sedan),candidate,,,2026-08-30,docs/evaluations/flood-duration-pilot-20261004,NCR-2026-08-30,,,,,,,,,,,,,docs/evaluations/flood-duration-pilot-20261004/sources/PASIG-20260830-1100.f89215d1462c.txt,true,usable,usable_reported_snapshot_clock,source_reported_locality,Santolan,usable_reported_numeric,33.02,33.02,PASIG-2026-AUG29-30,TL-b1be8bf82d292f4a,SNAP-fb8fb4b0e2ce367e,none_flagged,,Source-linked wet claim retained; no clearance inferred.,excluded_wet_snapshot_alone_has_no_outcome,false
OBS-f6990330739aabcc,PASIG-20260830-1100,f89215d1462c,https://pasigcity.gov.ph/news-and-releases/southwest-monsoon-habagat-flood-update-as-of-1100-am-of-august-30-2026-965,PASIG-2026-AUG29-30,Pasig,Santolan,Santolan,Doroteo St. Ext.,2026-08-30T05:00:00+08:00,"As of 05:00AM | August 30, 2026",32,3. Doroteo St. Ext. | Water Level: 30.48 cm (12 inches) | Remarks: Passable to motorcycles and cars (sedan),flood_observed,30.48 cm (12 inches),30.48,30.48,Remarks: Passable to motorcycles and cars (sedan),candidate,,,2026-08-30,docs/evaluations/flood-duration-pilot-20261004,NCR-2026-08-30,,,,,,,,,,,,,docs/evaluations/flood-duration-pilot-20261004/sources/PASIG-20260830-1100.f89215d1462c.txt,true,usable,usable_reported_snapshot_clock,source_reported_locality,Santolan,usable_reported_numeric,30.48,30.48,PASIG-2026-AUG29-30,TL-38f442eeac84e48d,SNAP-2c7cfc837c7cee17,none_flagged,,Source-linked wet claim retained; no clearance inferred.,excluded_wet_snapshot_alone_has_no_outcome,false
OBS-52f3c3e29ee61565,PASIG-20260830-1100,f89215d1462c,https://pasigcity.gov.ph/news-and-releases/southwest-monsoon-habagat-flood-update-as-of-1100-am-of-august-30-2026-965,PASIG-2026-AUG29-30,Pasig,Santolan,Santolan,Sgt.De Leon Mayana St.,2026-08-30T05:00:00+08:00,"As of 05:00AM | August 30, 2026",35,4. Sgt.De Leon Mayana St. | Water Level: 5.00 cm (2 inches) | Remarks: Passable to motorcycles and cars (sedan),flood_observed,5.00 cm (2 inches),5.0,5.0,Remarks: Passable to motorcycles and cars (sedan),candidate,,,2026-08-30,docs/evaluations/flood-duration-pilot-20261004,NCR-2026-08-30,,,,,,,,,,,,,docs/evaluations/flood-duration-pilot-20261004/sources/PASIG-20260830-1100.f89215d1462c.txt,true,usable,usable_reported_snapshot_clock,source_reported_locality,Santolan,usable_reported_numeric,5.0,5.0,PASIG-2026-AUG29-30,TL-40f9e4fcd12fb044,SNAP-444de77141959288,none_flagged,,Source-linked wet claim retained; no clearance inferred.,excluded_wet_snapshot_alone_has_no_outcome,false
OBS-04ee59ef9abfbaed,PASIG-20260830-1100,f89215d1462c,https://pasigcity.gov.ph/news-and-releases/southwest-monsoon-habagat-flood-update-as-of-1100-am-of-august-30-2026-965,PASIG-2026-AUG29-30,Pasig,Santolan,Santolan,Masikap St.,2026-08-30T05:00:00+08:00,"As of 05:00AM | August 30, 2026",38,5. Masikap St. | Water Level: 7.60 cm (3 inches) | Remarks: Passable to motorcycles and cars (sedan),flood_observed,7.60 cm (3 inches),7.6,7.6,Remarks: Passable to motorcycles and cars (sedan),candidate,,,2026-08-30,docs/evaluations/flood-duration-pilot-20261004,NCR-2026-08-30,,,,,,,,,,,,,docs/evaluations/flood-duration-pilot-20261004/sources/PASIG-20260830-1100.f89215d1462c.txt,true,usable,usable_reported_snapshot_clock,source_reported_locality,Santolan,usable_reported_numeric,7.6,7.6,PASIG-2026-AUG29-30,TL-b7ecf786b649428a,SNAP-27473be0a747c58d,none_flagged,,Source-linked wet claim retained; no clearance inferred.,excluded_wet_snapshot_alone_has_no_outcome,false
OBS-299ee63370b2fbfd,PASIG-20260830-1100,f89215d1462c,https://pasigcity.gov.ph/news-and-releases/southwest-monsoon-habagat-flood-update-as-of-1100-am-of-august-30-2026-965,PASIG-2026-AUG29-30,Pasig,Santolan,Santolan,Rafael Rd 3,2026-08-30T05:00:00+08:00,"As of 05:00AM | August 30, 2026",41,6. Rafael Rd 3 | Water Level: 12.7 cm (5 inches) | Remarks: Passable to motorcycles and cars (sedan),flood_observed,12.7 cm (5 inches),12.7,12.7,Remarks: Passable to motorcycles and cars (sedan),candidate,,,2026-08-30,docs/evaluations/flood-duration-pilot-20261004,NCR-2026-08-30,,,,,,,,,,,,,docs/evaluations/flood-duration-pilot-20261004/sources/PASIG-20260830-1100.f89215d1462c.txt,true,usable,usable_reported_snapshot_clock,source_reported_locality,Santolan,usable_reported_numeric,12.7,12.7,PASIG-2026-AUG29-30,TL-a108db90559a70ec,SNAP-29fb8bd563437c1a,none_flagged,,Source-linked wet claim retained; no clearance inferred.,excluded_wet_snapshot_alone_has_no_outcome,false
OBS-c2ccfe7b0c65c55d,PASIG-20260830-1100,f89215d1462c,https://pasigcity.gov.ph/news-and-releases/southwest-monsoon-habagat-flood-update-as-of-1100-am-of-august-30-2026-965,PASIG-2026-AUG29-30,Pasig,Santolan,Santolan,Marcelino St.,2026-08-30T05:00:00+08:00,"As of 05:00AM | August 30, 2026",44,7. Marcelino St. | Water Level: 12.7 cm (5 inches) | Remarks: Passable to motorcycles and cars (sedan),flood_observed,12.7 cm (5 inches),12.7,12.7,Remarks: Passable to motorcycles and cars (sedan),candidate,,,2026-08-30,docs/evaluations/flood-duration-pilot-20261004,NCR-2026-08-30,,,,,,,,,,,,,docs/evaluations/flood-duration-pilot-20261004/sources/PASIG-20260830-1100.f89215d1462c.txt,true,usable,usable_reported_snapshot_clock,source_reported_locality,Santolan,usable_reported_numeric,12.7,12.7,PASIG-2026-AUG29-30,TL-499fcd88fb253cfd,SNAP-5015d7cc8a845d57,none_flagged,,Source-linked wet claim retained; no clearance inferred.,excluded_wet_snapshot_alone_has_no_outcome,false
OBS-2a550348b4987cf0,PASIG-20260830-1100,f89215d1462c,https://pasigcity.gov.ph/news-and-releases/southwest-monsoon-habagat-flood-update-as-of-1100-am-of-august-30-2026-965,PASIG-2026-AUG29-30,Pasig,Santolan,Santolan,A. Victorino St.,2026-08-30T05:00:00+08:00,"As of 05:00AM | August 30, 2026",47,8. A. Victorino St. | Water Level: 12.7 cm (5 inches) | Remarks: Passable to motorcycles and cars (sedan),flood_observed,12.7 cm (5 inches),12.7,12.7,Remarks: Passable to motorcycles and cars (sedan),candidate,,,2026-08-30,docs/evaluations/flood-duration-pilot-20261004,NCR-2026-08-30,,,,,,,,,,,,,docs/evaluations/flood-duration-pilot-20261004/sources/PASIG-20260830-1100.f89215d1462c.txt,true,usable,usable_reported_snapshot_clock,source_reported_locality,Santolan,usable_reported_numeric,12.7,12.7,PASIG-2026-AUG29-30,TL-ec7d315160976ee0,SNAP-a3fa36bac00d8701,none_flagged,,Source-linked wet claim retained; no clearance inferred.,excluded_wet_snapshot_alone_has_no_outcome,false
OBS-bc1de76ca9a186c4,PASIG-20260830-1100,f89215d1462c,https://pasigcity.gov.ph/news-and-releases/southwest-monsoon-habagat-flood-update-as-of-1100-am-of-august-30-2026-965,PASIG-2026-AUG29-30,Pasig,Santolan,Santolan,Gabriel Ext.,2026-08-30T05:00:00+08:00,"As of 05:00AM | August 30, 2026",50,9. Gabriel Ext. | Water Level: 60.96 cm (24 inches) | Remarks: Not passable to motorcycles and cars (sedan),flood_observed,60.96 cm (24 inches),60.96,60.96,Remarks: Not passable to motorcycles and cars (sedan),candidate,,,2026-08-30,docs/evaluations/flood-duration-pilot-20261004,NCR-2026-08-30,,,,,,,,,,,,,docs/evaluations/flood-duration-pilot-20261004/sources/PASIG-20260830-1100.f89215d1462c.txt,true,usable,usable_reported_snapshot_clock,source_reported_locality,Santolan,usable_reported_numeric,60.96,60.96,PASIG-2026-AUG29-30,TL-97f627cd0e028da4,SNAP-3b5fc77e847d1865,none_flagged,,Source-linked wet claim retained; no clearance inferred.,excluded_wet_snapshot_alone_has_no_outcome,false
OBS-f1530ea1b5f35efe,PASIG-20260830-1100,f89215d1462c,https://pasigcity.gov.ph/news-and-releases/southwest-monsoon-habagat-flood-update-as-of-1100-am-of-august-30-2026-965,PASIG-2026-AUG29-30,Pasig,Santolan,Santolan,Sgt. De Leon Natasha St.,2026-08-30T05:00:00+08:00,"As of 05:00AM | August 30, 2026",53,10. Sgt. De Leon Natasha St. | Water Level: 60.96 cm (24 inches) | Remarks: Not passable to motorcycles and cars (sedan),flood_observed,60.96 cm (24 inches),60.96,60.96,Remarks: Not passable to motorcycles and cars (sedan),candidate,,,2026-08-30,docs/evaluations/flood-duration-pilot-20261004,NCR-2026-08-30,,,,,,,,,,,,,docs/evaluations/flood-duration-pilot-20261004/sources/PASIG-20260830-1100.f89215d1462c.txt,true,usable,usable_reported_snapshot_clock,source_reported_locality,Santolan,usable_reported_numeric,60.96,60.96,PASIG-2026-AUG29-30,TL-8d7aa485fa901f6b,SNAP-65828042b9887989,none_flagged,,Source-linked wet claim retained; no clearance inferred.,excluded_wet_snapshot_alone_has_no_outcome,false
OBS-7e2ffae9d0234d9d,PASIG-20260830-1100,f89215d1462c,https://pasigcity.gov.ph/news-and-releases/southwest-monsoon-habagat-flood-update-as-of-1100-am-of-august-30-2026-965,PASIG-2026-AUG29-30,Pasig,Santolan,Santolan,Sgt. De Leon Camia St.,2026-08-30T05:00:00+08:00,"As of 05:00AM | August 30, 2026",56,11. Sgt. De Leon Camia St. | Water Level: 60.96 cm (24 inches) | Remarks: Not passable to motorcycles and cars (sedan),flood_observed,60.96 cm (24 inches),60.96,60.96,Remarks: Not passable to motorcycles and cars (sedan),candidate,,,2026-08-30,docs/evaluations/flood-duration-pilot-20261004,NCR-2026-08-30,,,,,,,,,,,,,docs/evaluations/flood-duration-pilot-20261004/sources/PASIG-20260830-1100.f89215d1462c.txt,true,usable,usable_reported_snapshot_clock,source_reported_locality,Santolan,usable_reported_numeric,60.96,60.96,PASIG-2026-AUG29-30,TL-0388b79da6476ddd,SNAP-82b74be15e96f8df,none_flagged,,Source-linked wet claim retained; no clearance inferred.,excluded_wet_snapshot_alone_has_no_outcome,false
OBS-b399b041f65b7c2f,PASIG-20260830-1100,f89215d1462c,https://pasigcity.gov.ph/news-and-releases/southwest-monsoon-habagat-flood-update-as-of-1100-am-of-august-30-2026-965,PASIG-2026-AUG29-30,Pasig,Sta Lucia,Sta. Lucia,Bagong Anyo St.,2026-08-30T05:00:00+08:00,"As of 05:00AM | August 30, 2026",60,1. Bagong Anyo St. | Water Level: 12.7 cm (5 inches) | Remarks: Passable to motorcycles and cars (sedan),flood_observed,12.7 cm (5 inches),12.7,12.7,Remarks: Passable to motorcycles and cars (sedan),candidate,,,2026-08-30,docs/evaluations/flood-duration-pilot-20261004,NCR-2026-08-30,,,,,,,,,,,,,docs/evaluations/flood-duration-pilot-20261004/sources/PASIG-20260830-1100.f89215d1462c.txt,true,usable,usable_reported_snapshot_clock,source_reported_locality,Sta. Lucia,usable_reported_numeric,12.7,12.7,PASIG-2026-AUG29-30,TL-52e66337b20a91b6,SNAP-175c0c40b5acd639,none_flagged,,Source-linked wet claim retained; no clearance inferred.,excluded_wet_snapshot_alone_has_no_outcome,false
OBS-09bd97ef469b2987,PASIG-20260830-1100,f89215d1462c,https://pasigcity.gov.ph/news-and-releases/southwest-monsoon-habagat-flood-update-as-of-1100-am-of-august-30-2026-965,PASIG-2026-AUG29-30,Pasig,Sta Lucia,Sta. Lucia,Kaunluran St.,2026-08-30T05:00:00+08:00,"As of 05:00AM | August 30, 2026",63,2. Kaunluran St. | Water Level: 30.48cm (12 inches) | Remarks: Not passable to motorcycles and cars (sedan),flood_observed,30.48cm (12 inches),30.48,30.48,Remarks: Not passable to motorcycles and cars (sedan),candidate,,,2026-08-30,docs/evaluations/flood-duration-pilot-20261004,NCR-2026-08-30,,,,,,,,,,,,,docs/evaluations/flood-duration-pilot-20261004/sources/PASIG-20260830-1100.f89215d1462c.txt,true,usable,usable_reported_snapshot_clock,source_reported_locality,Sta. Lucia,usable_reported_numeric,30.48,30.48,PASIG-2026-AUG29-30,TL-23acbb2bdefbc5ab,SNAP-8bbc7872ff2a1495,none_flagged,,Source-linked wet claim retained; no clearance inferred.,excluded_wet_snapshot_alone_has_no_outcome,false
OBS-74603d8def2d5f7b,PASIG-20260830-1100,f89215d1462c,https://pasigcity.gov.ph/news-and-releases/southwest-monsoon-habagat-flood-update-as-of-1100-am-of-august-30-2026-965,PASIG-2026-AUG29-30,Pasig,Sta Lucia,Sta. Lucia,Bautista Comp.,2026-08-30T05:00:00+08:00,"As of 05:00AM | August 30, 2026",66,3. Bautista Comp. | Water Level: 25.4 cm (10 inches) | Remarks: Not passable to motorcycles and cars (sedan),flood_observed,25.4 cm (10 inches),25.4,25.4,Remarks: Not passable to motorcycles and cars (sedan),candidate,,,2026-08-30,docs/evaluations/flood-duration-pilot-20261004,NCR-2026-08-30,,,,,,,,,,,,,docs/evaluations/flood-duration-pilot-20261004/sources/PASIG-20260830-1100.f89215d1462c.txt,true,usable,usable_reported_snapshot_clock,source_reported_locality,Sta. Lucia,usable_reported_numeric,25.4,25.4,PASIG-2026-AUG29-30,TL-7c1c40ce48648fad,SNAP-8285235f9d39f7ae,none_flagged,,Source-linked wet claim retained; no clearance inferred.,excluded_wet_snapshot_alone_has_no_outcome,false
OBS-72e049aa936c7bed,PASIG-20260830-1100,f89215d1462c,https://pasigcity.gov.ph/news-and-releases/southwest-monsoon-habagat-flood-update-as-of-1100-am-of-august-30-2026-965,PASIG-2026-AUG29-30,Pasig,Sta Lucia,Sta. Lucia,Tawi-tawi St.,2026-08-30T05:00:00+08:00,"As of 05:00AM | August 30, 2026",69,4. Tawi-tawi St. | Water Level: 15.24 cm (6 inches) | Remarks: Passable to motorcycles and cars (sedan),flood_observed,15.24 cm (6 inches),15.24,15.24,Remarks: Passable to motorcycles and cars (sedan),candidate,,,2026-08-30,docs/evaluations/flood-duration-pilot-20261004,NCR-2026-08-30,,,,,,,,,,,,,docs/evaluations/flood-duration-pilot-20261004/sources/PASIG-20260830-1100.f89215d1462c.txt,true,usable,usable_reported_snapshot_clock,source_reported_locality,Sta. Lucia,usable_reported_numeric,15.24,15.24,PASIG-2026-AUG29-30,TL-b1d053a6bf717037,SNAP-e8fafb30fb520070,none_flagged,,Source-linked wet claim retained; no clearance inferred.,excluded_wet_snapshot_alone_has_no_outcome,false
OBS-12d9c893225eb299,PASIG-20260830-1100,f89215d1462c,https://pasigcity.gov.ph/news-and-releases/southwest-monsoon-habagat-flood-update-as-of-1100-am-of-august-30-2026-965,PASIG-2026-AUG29-30,Pasig,Sta Lucia,Sta. Lucia,Morales Compound,2026-08-30T05:00:00+08:00,"As of 05:00AM | August 30, 2026",72,5. Morales Compound | Water Level: 15.24 cm (6 inches) | Remarks: Passable to motorcycles and cars (sedan),flood_observed,15.24 cm (6 inches),15.24,15.24,Remarks: Passable to motorcycles and cars (sedan),candidate,,,2026-08-30,docs/evaluations/flood-duration-pilot-20261004,NCR-2026-08-30,,,,,,,,,,,,,docs/evaluations/flood-duration-pilot-20261004/sources/PASIG-20260830-1100.f89215d1462c.txt,true,usable,usable_reported_snapshot_clock,source_reported_locality,Sta. Lucia,usable_reported_numeric,15.24,15.24,PASIG-2026-AUG29-30,TL-b60e119da731dbab,SNAP-28c1514d5e70140b,none_flagged,,Source-linked wet claim retained; no clearance inferred.,excluded_wet_snapshot_alone_has_no_outcome,false
OBS-3e6130d586655cc7,PASIG-20260830-1100,f89215d1462c,https://pasigcity.gov.ph/news-and-releases/southwest-monsoon-habagat-flood-update-as-of-1100-am-of-august-30-2026-965,PASIG-2026-AUG29-30,Pasig,Sta Lucia,Sta. Lucia,Liamzon Subd.,2026-08-30T05:00:00+08:00,"As of 05:00AM | August 30, 2026",75,6. Liamzon Subd. | Water Level: 15.24 cm (6 inches) | Remarks: Passable to motorcycles and cars (sedan),flood_observed,15.24 cm (6 inches),15.24,15.24,Remarks: Passable to motorcycles and cars (sedan),candidate,,,2026-08-30,docs/evaluations/flood-duration-pilot-20261004,NCR-2026-08-30,,,,,,,,,,,,,docs/evaluations/flood-duration-pilot-20261004/sources/PASIG-20260830-1100.f89215d1462c.txt,true,usable,usable_reported_snapshot_clock,source_reported_locality,Sta. Lucia,usable_reported_numeric,15.24,15.24,PASIG-2026-AUG29-30,TL-b7e8dc0fca5d44e7,SNAP-3081121e3a882006,none_flagged,,Source-linked wet claim retained; no clearance inferred.,excluded_wet_snapshot_alone_has_no_outcome,false
OBS-72b9688b1eb350a9,PASIG-20260830-1100,f89215d1462c,https://pasigcity.gov.ph/news-and-releases/southwest-monsoon-habagat-flood-update-as-of-1100-am-of-august-30-2026-965,PASIG-2026-AUG29-30,Pasig,Sta Lucia,Sta. Lucia,Asuzena St.,2026-08-30T05:00:00+08:00,"As of 05:00AM | August 30, 2026",78,7. Asuzena St. | Water Level: 15.24 cm (6 inches) | Remarks: Passable to motorcycles and cars (sedan),flood_observed,15.24 cm (6 inches),15.24,15.24,Remarks: Passable to motorcycles and cars (sedan),candidate,,,2026-08-30,docs/evaluations/flood-duration-pilot-20261004,NCR-2026-08-30,,,,,,,,,,,,,docs/evaluations/flood-duration-pilot-20261004/sources/PASIG-20260830-1100.f89215d1462c.txt,true,usable,usable_reported_snapshot_clock,source_reported_locality,Sta. Lucia,usable_reported_numeric,15.24,15.24,PASIG-2026-AUG29-30,TL-eee0c9aaa2fd8336,SNAP-5a90734baaca4259,none_flagged,,Source-linked wet claim retained; no clearance inferred.,excluded_wet_snapshot_alone_has_no_outcome,false
OBS-7088da65213740d8,PASIG-20260830-1100,f89215d1462c,https://pasigcity.gov.ph/news-and-releases/southwest-monsoon-habagat-flood-update-as-of-1100-am-of-august-30-2026-965,PASIG-2026-AUG29-30,Pasig,Sta Lucia,Sta. Lucia,"New Society St., De Castro",2026-08-30T05:00:00+08:00,"As of 05:00AM | August 30, 2026",81,"8. New Society St., De Castro | Water Level: 60.96 cm (24 inches) | Remarks: Not passable to motorcycles and cars (sedan)",flood_observed,60.96 cm (24 inches),60.96,60.96,Remarks: Not passable to motorcycles and cars (sedan),candidate,,,2026-08-30,docs/evaluations/flood-duration-pilot-20261004,NCR-2026-08-30,,,,,,,,,,,,,docs/evaluations/flood-duration-pilot-20261004/sources/PASIG-20260830-1100.f89215d1462c.txt,true,usable,usable_reported_snapshot_clock,source_reported_locality,Sta. Lucia,usable_reported_numeric,60.96,60.96,PASIG-2026-AUG29-30,TL-0ecb42b2e2a4440d,SNAP-2bd0052690c0c4bb,none_flagged,,Source-linked wet claim retained; no clearance inferred.,excluded_wet_snapshot_alone_has_no_outcome,false
OBS-cdb29e5b51b3188d,PASIG-20260830-1100,f89215d1462c,https://pasigcity.gov.ph/news-and-releases/southwest-monsoon-habagat-flood-update-as-of-1100-am-of-august-30-2026-965,PASIG-2026-AUG29-30,Pasig,Sta Lucia,Sta. Lucia,Metropolis 1,2026-08-30T05:00:00+08:00,"As of 05:00AM | August 30, 2026",84,9. Metropolis 1 | Water Level: 15.24 cm (6 inches) | Remarks: Passable to motorcycles and cars (sedan),flood_observed,15.24 cm (6 inches),15.24,15.24,Remarks: Passable to motorcycles and cars (sedan),candidate,,,2026-08-30,docs/evaluations/flood-duration-pilot-20261004,NCR-2026-08-30,,,,,,,,,,,,,docs/evaluations/flood-duration-pilot-20261004/sources/PASIG-20260830-1100.f89215d1462c.txt,true,usable,usable_reported_snapshot_clock,source_reported_locality,Sta. Lucia,usable_reported_numeric,15.24,15.24,PASIG-2026-AUG29-30,TL-0e62f033cbb6894d,SNAP-b63d6fa6ad9efb4e,none_flagged,,Source-linked wet claim retained; no clearance inferred.,excluded_wet_snapshot_alone_has_no_outcome,false
OBS-7d8ac0bb869c59bb,PASIG-20260830-1100,f89215d1462c,https://pasigcity.gov.ph/news-and-releases/southwest-monsoon-habagat-flood-update-as-of-1100-am-of-august-30-2026-965,PASIG-2026-AUG29-30,Pasig,Sta Lucia,Sta. Lucia,Rosario 5 & 6 Masagana Ext.,2026-08-30T05:00:00+08:00,"As of 05:00AM | August 30, 2026",87,10. Rosario 5 & 6 Masagana Ext. | Water Level: 91.44 (36 inches) | Remarks: Not passable to motorcycles and cars (sedan),flood_observed,91.44 (36 inches),91.44,91.44,Remarks: Not passable to motorcycles and cars (sedan),candidate,,,2026-08-30,docs/evaluations/flood-duration-pilot-20261004,NCR-2026-08-30,,,,,,,,,,,,,docs/evaluations/flood-duration-pilot-20261004/sources/PASIG-20260830-1100.f89215d1462c.txt,true,usable,usable_reported_snapshot_clock,source_reported_locality,Sta. Lucia,usable_reported_numeric,91.44,91.44,PASIG-2026-AUG29-30,TL-e8cfba063fd2988f,SNAP-06918cb5de8c99fe,none_flagged,,Source-linked wet claim retained; no clearance inferred.,excluded_wet_snapshot_alone_has_no_outcome,false
OBS-4ce9969fc0763a85,PASIG-20260830-1100,f89215d1462c,https://pasigcity.gov.ph/news-and-releases/southwest-monsoon-habagat-flood-update-as-of-1100-am-of-august-30-2026-965,PASIG-2026-AUG29-30,Pasig,Sta Lucia,Sta. Lucia,Maharlikha St.,2026-08-30T05:00:00+08:00,"As of 05:00AM | August 30, 2026",90,11. Maharlikha St. | Water Level: 15.24 cm (6 inches) | Remarks: Passable to motorcycles and cars (sedan),flood_observed,15.24 cm (6 inches),15.24,15.24,Remarks: Passable to motorcycles and cars (sedan),candidate,,,2026-08-30,docs/evaluations/flood-duration-pilot-20261004,NCR-2026-08-30,,,,,,,,,,,,,docs/evaluations/flood-duration-pilot-20261004/sources/PASIG-20260830-1100.f89215d1462c.txt,true,usable,usable_reported_snapshot_clock,source_reported_locality,Sta. Lucia,usable_reported_numeric,15.24,15.24,PASIG-2026-AUG29-30,TL-de1a7901da7294d1,SNAP-4369b0a55ccbd751,none_flagged,,Source-linked wet claim retained; no clearance inferred.,excluded_wet_snapshot_alone_has_no_outcome,false
OBS-16f58b9b466d6695,PASIG-20260830-1100,f89215d1462c,https://pasigcity.gov.ph/news-and-releases/southwest-monsoon-habagat-flood-update-as-of-1100-am-of-august-30-2026-965,PASIG-2026-AUG29-30,Pasig,Sta Lucia,Sta. Lucia,Mayumi St.,2026-08-30T05:00:00+08:00,"As of 05:00AM | August 30, 2026",93,12. Mayumi St. | Water Level: 15.24 cm (6 inches) | Remarks: Passable to motorcycles and cars (sedan),flood_observed,15.24 cm (6 inches),15.24,15.24,Remarks: Passable to motorcycles and cars (sedan),candidate,,,2026-08-30,docs/evaluations/flood-duration-pilot-20261004,NCR-2026-08-30,,,,,,,,,,,,,docs/evaluations/flood-duration-pilot-20261004/sources/PASIG-20260830-1100.f89215d1462c.txt,true,usable,usable_reported_snapshot_clock,source_reported_locality,Sta. Lucia,usable_reported_numeric,15.24,15.24,PASIG-2026-AUG29-30,TL-ee8f928885097b0a,SNAP-9c5e07fd2f9512a3,none_flagged,,Source-linked wet claim retained; no clearance inferred.,excluded_wet_snapshot_alone_has_no_outcome,false
OBS-b28a173c2c6ed0d3,PASIG-20240902-2100,c67d2bdf1831,https://pasigcity.gov.ph/news-and-releases/flood-update-september-2-2024-929,PASIG-2024-SEP02-03,Pasig,Dela Paz,Dela Paz,"Kabutihan St, Brgy. Dela Paz",2024-09-02T15:00:00+08:00,"September 2, 2024 | 03:00PM",52,"Please be advised that the following roads are NOT PASSABLE to light vehicles due to significant flooding in the areas: | - Kabutihan St, Brgy. Dela Paz",flood_observed,,,,NOT PASSABLE to light vehicles,candidate,,depth_not_reported,2024-09-02,docs/evaluations/flood-duration-pilot-20261004,NCR-2024-09-02,,,,,,,,,,,,,docs/evaluations/flood-duration-pilot-20261004/sources/PASIG-20240902-2100.c67d2bdf1831.txt,true,usable,usable_reported_snapshot_clock,source_reported_locality,Dela Paz,not_reported,,,PASIG-2024-SEP02-03,TL-ad9b2777546bc8e3,SNAP-beba30f5f8938fbe,none_flagged,,Source-linked wet claim retained; no clearance inferred.,excluded_wet_snapshot_alone_has_no_outcome,false
OBS-f4c393f63d90adf1,PASIG-20240902-2100,c67d2bdf1831,https://pasigcity.gov.ph/news-and-releases/flood-update-september-2-2024-929,PASIG-2024-SEP02-03,Pasig,Manggahan,Manggahan,"Amsterdam cor. Stockholm, Brgy. Manggahan",2024-09-02T15:00:00+08:00,"September 2, 2024 | 03:00PM",53,"Please be advised that the following roads are NOT PASSABLE to light vehicles due to significant flooding in the areas: | - Amsterdam cor. Stockholm, Brgy. Manggahan",flood_observed,,,,NOT PASSABLE to light vehicles,candidate,,depth_not_reported,2024-09-02,docs/evaluations/flood-duration-pilot-20261004,NCR-2024-09-02,,,,,,,,,,,,,docs/evaluations/flood-duration-pilot-20261004/sources/PASIG-20240902-2100.c67d2bdf1831.txt,true,usable,usable_reported_snapshot_clock,source_reported_locality,Manggahan,not_reported,,,PASIG-2024-SEP02-03,TL-d2b62134b17a3c3b,SNAP-325cb9f23a3b05e2,none_flagged,,Source-linked wet claim retained; no clearance inferred.,excluded_wet_snapshot_alone_has_no_outcome,false
OBS-ffa40c71dc44f8f6,PASIG-20240902-2100,c67d2bdf1831,https://pasigcity.gov.ph/news-and-releases/flood-update-september-2-2024-929,PASIG-2024-SEP02-03,Pasig,Manggahan,Manggahan,"Washington cor. Bern, Brgy. Manggahan",2024-09-02T15:00:00+08:00,"September 2, 2024 | 03:00PM",54,"Please be advised that the following roads are NOT PASSABLE to light vehicles due to significant flooding in the areas: | - Washington cor. Bern, Brgy. Manggahan",flood_observed,,,,NOT PASSABLE to light vehicles,candidate,,depth_not_reported,2024-09-02,docs/evaluations/flood-duration-pilot-20261004,NCR-2024-09-02,,,,,,,,,,,,,docs/evaluations/flood-duration-pilot-20261004/sources/PASIG-20240902-2100.c67d2bdf1831.txt,true,usable,usable_reported_snapshot_clock,source_reported_locality,Manggahan,not_reported,,,PASIG-2024-SEP02-03,TL-f3556e41b4bf3515,SNAP-e1207566e2566115,none_flagged,,Source-linked wet claim retained; no clearance inferred.,excluded_wet_snapshot_alone_has_no_outcome,false
OBS-f359ae757a400fb3,PASIG-20240902-2100,c67d2bdf1831,https://pasigcity.gov.ph/news-and-releases/flood-update-september-2-2024-929,PASIG-2024-SEP02-03,Pasig,Manggahan,Manggahan,"Karangalan Gate 1 to Gate 5, Brgy. Manggahan",2024-09-02T15:00:00+08:00,"September 2, 2024 | 03:00PM",55,"Please be advised that the following roads are NOT PASSABLE to light vehicles due to significant flooding in the areas: | - Karangalan Gate 1 to Gate 5, Brgy. Manggahan",flood_observed,,,,NOT PASSABLE to light vehicles,candidate,,depth_not_reported,2024-09-02,docs/evaluations/flood-duration-pilot-20261004,NCR-2024-09-02,,,,,,,,,,,,,docs/evaluations/flood-duration-pilot-20261004/sources/PASIG-20240902-2100.c67d2bdf1831.txt,true,usable,usable_reported_snapshot_clock,source_reported_locality,Manggahan,not_reported,,,PASIG-2024-SEP02-03,TL-1b9a3e22074d3025,SNAP-588377ade046b48c,none_flagged,,Source-linked wet claim retained; no clearance inferred.,excluded_wet_snapshot_alone_has_no_outcome,false
OBS-8a1efc8b541c1a73,PASIG-20240902-2100,c67d2bdf1831,https://pasigcity.gov.ph/news-and-releases/flood-update-september-2-2024-929,PASIG-2024-SEP02-03,Pasig,Manggahan,Manggahan,"Infant Jesus St., Metroville, Brgy. Manggahan",2024-09-02T15:00:00+08:00,"September 2, 2024 | 03:00PM",56,"Please be advised that the following roads are NOT PASSABLE to light vehicles due to significant flooding in the areas: | - Infant Jesus St., Metroville, Brgy. Manggahan",flood_observed,,,,NOT PASSABLE to light vehicles,candidate,,depth_not_reported,2024-09-02,docs/evaluations/flood-duration-pilot-20261004,NCR-2024-09-02,,,,,,,,,,,,,docs/evaluations/flood-duration-pilot-20261004/sources/PASIG-20240902-2100.c67d2bdf1831.txt,true,usable,usable_reported_snapshot_clock,source_reported_locality,Manggahan,not_reported,,,PASIG-2024-SEP02-03,TL-3e261493f3cd2ae5,SNAP-8feac49645581493,none_flagged,,Source-linked wet claim retained; no clearance inferred.,excluded_wet_snapshot_alone_has_no_outcome,false
OBS-1e2015b221abf546,PASIG-20240902-2100,c67d2bdf1831,https://pasigcity.gov.ph/news-and-releases/flood-update-september-2-2024-929,PASIG-2024-SEP02-03,Pasig,Dela Paz,Dela Paz,"Kabutihan St, Brgy. Dela Paz",2024-09-02T14:00:00+08:00,"September 2, 2024 | 02:00PM",66,"Please be advised that the following roads are NOT PASSABLE to light vehicles due to significant flooding in the areas: | - Kabutihan St, Brgy. Dela Paz",flood_observed,,,,NOT PASSABLE to light vehicles,candidate,,depth_not_reported,2024-09-02,docs/evaluations/flood-duration-pilot-20261004,NCR-2024-09-02,,,,,,,,,,,,,docs/evaluations/flood-duration-pilot-20261004/sources/PASIG-20240902-2100.c67d2bdf1831.txt,true,usable,usable_reported_snapshot_clock,source_reported_locality,Dela Paz,not_reported,,,PASIG-2024-SEP02-03,TL-ad9b2777546bc8e3,SNAP-aa3f5ec10caba69d,none_flagged,,Source-linked wet claim retained; no clearance inferred.,excluded_wet_snapshot_alone_has_no_outcome,false
OBS-a27238a20e523e26,PASIG-20240902-2100,c67d2bdf1831,https://pasigcity.gov.ph/news-and-releases/flood-update-september-2-2024-929,PASIG-2024-SEP02-03,Pasig,Manggahan,Manggahan,"Amsterdam cor. Stockholm, Brgy. Manggahan",2024-09-02T14:00:00+08:00,"September 2, 2024 | 02:00PM",67,"Please be advised that the following roads are NOT PASSABLE to light vehicles due to significant flooding in the areas: | - Amsterdam cor. Stockholm, Brgy. Manggahan",flood_observed,,,,NOT PASSABLE to light vehicles,candidate,,depth_not_reported,2024-09-02,docs/evaluations/flood-duration-pilot-20261004,NCR-2024-09-02,,,,,,,,,,,,,docs/evaluations/flood-duration-pilot-20261004/sources/PASIG-20240902-2100.c67d2bdf1831.txt,true,usable,usable_reported_snapshot_clock,source_reported_locality,Manggahan,not_reported,,,PASIG-2024-SEP02-03,TL-d2b62134b17a3c3b,SNAP-831edf2ac0fe9d86,none_flagged,,Source-linked wet claim retained; no clearance inferred.,excluded_wet_snapshot_alone_has_no_outcome,false
OBS-0d5b73669dcb3e92,PASIG-20240902-2100,c67d2bdf1831,https://pasigcity.gov.ph/news-and-releases/flood-update-september-2-2024-929,PASIG-2024-SEP02-03,Pasig,Manggahan,Manggahan,"Washington cor. Bern, Brgy. Manggahan",2024-09-02T14:00:00+08:00,"September 2, 2024 | 02:00PM",68,"Please be advised that the following roads are NOT PASSABLE to light vehicles due to significant flooding in the areas: | - Washington cor. Bern, Brgy. Manggahan",flood_observed,,,,NOT PASSABLE to light vehicles,candidate,,depth_not_reported,2024-09-02,docs/evaluations/flood-duration-pilot-20261004,NCR-2024-09-02,,,,,,,,,,,,,docs/evaluations/flood-duration-pilot-20261004/sources/PASIG-20240902-2100.c67d2bdf1831.txt,true,usable,usable_reported_snapshot_clock,source_reported_locality,Manggahan,not_reported,,,PASIG-2024-SEP02-03,TL-f3556e41b4bf3515,SNAP-4be4c9266f0691eb,none_flagged,,Source-linked wet claim retained; no clearance inferred.,excluded_wet_snapshot_alone_has_no_outcome,false
OBS-0ab241e5eb1758ff,PASIG-20240902-2100,c67d2bdf1831,https://pasigcity.gov.ph/news-and-releases/flood-update-september-2-2024-929,PASIG-2024-SEP02-03,Pasig,Manggahan,Manggahan,"Karangalan Gate 1 to Gate 5, Brgy. Manggahan",2024-09-02T14:00:00+08:00,"September 2, 2024 | 02:00PM",69,"Please be advised that the following roads are NOT PASSABLE to light vehicles due to significant flooding in the areas: | - Karangalan Gate 1 to Gate 5, Brgy. Manggahan",flood_observed,,,,NOT PASSABLE to light vehicles,candidate,,depth_not_reported,2024-09-02,docs/evaluations/flood-duration-pilot-20261004,NCR-2024-09-02,,,,,,,,,,,,,docs/evaluations/flood-duration-pilot-20261004/sources/PASIG-20240902-2100.c67d2bdf1831.txt,true,usable,usable_reported_snapshot_clock,source_reported_locality,Manggahan,not_reported,,,PASIG-2024-SEP02-03,TL-1b9a3e22074d3025,SNAP-d02e73ba192fce30,none_flagged,,Source-linked wet claim retained; no clearance inferred.,excluded_wet_snapshot_alone_has_no_outcome,false
OBS-ccc3b99b5ddb6722,PASIG-20240902-2100,c67d2bdf1831,https://pasigcity.gov.ph/news-and-releases/flood-update-september-2-2024-929,PASIG-2024-SEP02-03,Pasig,Manggahan,Manggahan,"Infant Jesus St., Metroville, Brgy. Manggahan",2024-09-02T14:00:00+08:00,"September 2, 2024 | 02:00PM",70,"Please be advised that the following roads are NOT PASSABLE to light vehicles due to significant flooding in the areas: | - Infant Jesus St., Metroville, Brgy. Manggahan",flood_observed,,,,NOT PASSABLE to light vehicles,candidate,,depth_not_reported,2024-09-02,docs/evaluations/flood-duration-pilot-20261004,NCR-2024-09-02,,,,,,,,,,,,,docs/evaluations/flood-duration-pilot-20261004/sources/PASIG-20240902-2100.c67d2bdf1831.txt,true,usable,usable_reported_snapshot_clock,source_reported_locality,Manggahan,not_reported,,,PASIG-2024-SEP02-03,TL-3e261493f3cd2ae5,SNAP-beeda0eeab84a2e9,none_flagged,,Source-linked wet claim retained; no clearance inferred.,excluded_wet_snapshot_alone_has_no_outcome,false
OBS-d3a152b2e396548c,PASIG-20240902-2100,c67d2bdf1831,https://pasigcity.gov.ph/news-and-releases/flood-update-september-2-2024-929,PASIG-2024-SEP02-03,Pasig,Dela Paz,Dela Paz,"Kahabaan ng F. Mariano, Brgy. Dela Paz",2024-09-02T13:00:00+08:00,"September 2, 2024 | 01:00PM",80,"Please be advised that the following roads are NOT PASSABLE to light vehicles due to significant flooding in the areas: | - Kahabaan ng F. Mariano, Brgy. Dela Paz",flood_observed,,,,NOT PASSABLE to light vehicles,candidate,,depth_not_reported,2024-09-02,docs/evaluations/flood-duration-pilot-20261004,NCR-2024-09-02,,,,,,,,,,,,,docs/evaluations/flood-duration-pilot-20261004/sources/PASIG-20240902-2100.c67d2bdf1831.txt,true,usable,usable_reported_snapshot_clock,source_reported_locality,Dela Paz,not_reported,,,PASIG-2024-SEP02-03,TL-fdbf7d918e79a42f,SNAP-4e765ea3b5dc0df9,none_flagged,,Source-linked wet claim retained; no clearance inferred.,excluded_wet_snapshot_alone_has_no_outcome,false
OBS-de27a1bc6a692461,PASIG-20240902-2100,c67d2bdf1831,https://pasigcity.gov.ph/news-and-releases/flood-update-september-2-2024-929,PASIG-2024-SEP02-03,Pasig,Dela Paz,Dela Paz,"Kabutihan street, Brgy. Dela Paz",2024-09-02T13:00:00+08:00,"September 2, 2024 | 01:00PM",81,"Please be advised that the following roads are NOT PASSABLE to light vehicles due to significant flooding in the areas: | - Kabutihan street, Brgy. Dela Paz",flood_observed,,,,NOT PASSABLE to light vehicles,candidate,,depth_not_reported,2024-09-02,docs/evaluations/flood-duration-pilot-20261004,NCR-2024-09-02,,,,,,,,,,,,,docs/evaluations/flood-duration-pilot-20261004/sources/PASIG-20240902-2100.c67d2bdf1831.txt,true,usable,usable_reported_snapshot_clock,source_reported_locality,Dela Paz,not_reported,,,PASIG-2024-SEP02-03,TL-66c2b1468c4f446d,SNAP-10887f3aed626ec5,none_flagged,,Source-linked wet claim retained; no clearance inferred.,excluded_wet_snapshot_alone_has_no_outcome,false
OBS-8eb71100f75a9e5d,PASIG-20240902-2100,c67d2bdf1831,https://pasigcity.gov.ph/news-and-releases/flood-update-september-2-2024-929,PASIG-2024-SEP02-03,Pasig,Santolan,Santolan,"Tawiran, Brgy. Santolan",2024-09-02T13:00:00+08:00,"September 2, 2024 | 01:00PM",82,"Please be advised that the following roads are NOT PASSABLE to light vehicles due to significant flooding in the areas: | - Tawiran, Brgy. Santolan",flood_observed,,,,NOT PASSABLE to light vehicles,candidate,,depth_not_reported,2024-09-02,docs/evaluations/flood-duration-pilot-20261004,NCR-2024-09-02,,,,,,,,,,,,,docs/evaluations/flood-duration-pilot-20261004/sources/PASIG-20240902-2100.c67d2bdf1831.txt,true,usable,usable_reported_snapshot_clock,source_reported_locality,Santolan,not_reported,,,PASIG-2024-SEP02-03,TL-3a962a5fa4c03da1,SNAP-497f8744b119442f,none_flagged,,Source-linked wet claim retained; no clearance inferred.,excluded_wet_snapshot_alone_has_no_outcome,false
OBS-1a20fefcab15c4a9,PASIG-20240902-2100,c67d2bdf1831,https://pasigcity.gov.ph/news-and-releases/flood-update-september-2-2024-929,PASIG-2024-SEP02-03,Pasig,Manggahan,Manggahan,"Amsterdam corner Stockholm, Brgy. Manggahan",2024-09-02T13:00:00+08:00,"September 2, 2024 | 01:00PM",83,"Please be advised that the following roads are NOT PASSABLE to light vehicles due to significant flooding in the areas: | - Amsterdam corner Stockholm, Brgy. Manggahan",flood_observed,,,,NOT PASSABLE to light vehicles,candidate,,depth_not_reported,2024-09-02,docs/evaluations/flood-duration-pilot-20261004,NCR-2024-09-02,,,,,,,,,,,,,docs/evaluations/flood-duration-pilot-20261004/sources/PASIG-20240902-2100.c67d2bdf1831.txt,true,usable,usable_reported_snapshot_clock,source_reported_locality,Manggahan,not_reported,,,PASIG-2024-SEP02-03,TL-5c767dc29da45e0e,SNAP-7ffbeb3231d314b5,none_flagged,,Source-linked wet claim retained; no clearance inferred.,excluded_wet_snapshot_alone_has_no_outcome,false
OBS-1509332edb448d0f,PASIG-20240902-2100,c67d2bdf1831,https://pasigcity.gov.ph/news-and-releases/flood-update-september-2-2024-929,PASIG-2024-SEP02-03,Pasig,Manggahan,Manggahan,"Washington cor Bern, Brgy. Manggahan",2024-09-02T13:00:00+08:00,"September 2, 2024 | 01:00PM",84,"Please be advised that the following roads are NOT PASSABLE to light vehicles due to significant flooding in the areas: | - Washington cor Bern, Brgy. Manggahan",flood_observed,,,,NOT PASSABLE to light vehicles,candidate,,depth_not_reported,2024-09-02,docs/evaluations/flood-duration-pilot-20261004,NCR-2024-09-02,,,,,,,,,,,,,docs/evaluations/flood-duration-pilot-20261004/sources/PASIG-20240902-2100.c67d2bdf1831.txt,true,usable,usable_reported_snapshot_clock,source_reported_locality,Manggahan,not_reported,,,PASIG-2024-SEP02-03,TL-f3556e41b4bf3515,SNAP-66283f0507729124,none_flagged,,Source-linked wet claim retained; no clearance inferred.,excluded_wet_snapshot_alone_has_no_outcome,false
OBS-777a188f8a1abc9a,PASIG-20240902-2100,c67d2bdf1831,https://pasigcity.gov.ph/news-and-releases/flood-update-september-2-2024-929,PASIG-2024-SEP02-03,Pasig,Manggahan,Manggahan,"Karangalan Gate 1 to Gate 5, Brgy. Manggahan",2024-09-02T13:00:00+08:00,"September 2, 2024 | 01:00PM",85,"Please be advised that the following roads are NOT PASSABLE to light vehicles due to significant flooding in the areas: | - Karangalan Gate 1 to Gate 5, Brgy. Manggahan",flood_observed,,,,NOT PASSABLE to light vehicles,candidate,,depth_not_reported,2024-09-02,docs/evaluations/flood-duration-pilot-20261004,NCR-2024-09-02,,,,,,,,,,,,,docs/evaluations/flood-duration-pilot-20261004/sources/PASIG-20240902-2100.c67d2bdf1831.txt,true,usable,usable_reported_snapshot_clock,source_reported_locality,Manggahan,not_reported,,,PASIG-2024-SEP02-03,TL-1b9a3e22074d3025,SNAP-343a3011a8b4c155,none_flagged,,Source-linked wet claim retained; no clearance inferred.,excluded_wet_snapshot_alone_has_no_outcome,false
OBS-6983cf4080fb3282,PASIG-20240902-2100,c67d2bdf1831,https://pasigcity.gov.ph/news-and-releases/flood-update-september-2-2024-929,PASIG-2024-SEP02-03,Pasig,Manggahan,Manggahan,"Infant Jesus St., Metroville, Brgy. Manggahan",2024-09-02T13:00:00+08:00,"September 2, 2024 | 01:00PM",86,"Please be advised that the following roads are NOT PASSABLE to light vehicles due to significant flooding in the areas: | - Infant Jesus St., Metroville, Brgy. Manggahan",flood_observed,,,,NOT PASSABLE to light vehicles,candidate,,depth_not_reported,2024-09-02,docs/evaluations/flood-duration-pilot-20261004,NCR-2024-09-02,,,,,,,,,,,,,docs/evaluations/flood-duration-pilot-20261004/sources/PASIG-20240902-2100.c67d2bdf1831.txt,true,usable,usable_reported_snapshot_clock,source_reported_locality,Manggahan,not_reported,,,PASIG-2024-SEP02-03,TL-3e261493f3cd2ae5,SNAP-8d59716a660a774c,none_flagged,,Source-linked wet claim retained; no clearance inferred.,excluded_wet_snapshot_alone_has_no_outcome,false
OBS-053736b8b63c4228,PASIG-20240902-2100,c67d2bdf1831,https://pasigcity.gov.ph/news-and-releases/flood-update-september-2-2024-929,PASIG-2024-SEP02-03,Pasig,Maybunga,Maybunga,"F. Legaspi (Maybunga Rainforest Park), Brgy. Maybunga",2024-09-02T11:30:00+08:00,"September 2, 2024 | 11:30AM",96,"Please be advised that the following roads are NOT PASSABLE to light vehicles due to significant flooding in the areas: | - F. Legaspi (Maybunga Rainforest Park), Brgy. Maybunga",flood_observed,,,,NOT PASSABLE to light vehicles,candidate,,depth_not_reported,2024-09-02,docs/evaluations/flood-duration-pilot-20261004,NCR-2024-09-02,,,,,,,,,,,,,docs/evaluations/flood-duration-pilot-20261004/sources/PASIG-20240902-2100.c67d2bdf1831.txt,true,usable,usable_reported_snapshot_clock,source_reported_locality,Maybunga,not_reported,,,PASIG-2024-SEP02-03,TL-cbbbe28bee09f113,SNAP-8f54e987e1cb3d2b,none_flagged,,Source-linked wet claim retained; no clearance inferred.,excluded_wet_snapshot_alone_has_no_outcome,false
OBS-c7c3d8590df9c7b1,PASIG-20240902-2100,c67d2bdf1831,https://pasigcity.gov.ph/news-and-releases/flood-update-september-2-2024-929,PASIG-2024-SEP02-03,Pasig,Dela Paz,Dela Paz,"Along F. Mariano, Brgy. Dela Paz",2024-09-02T11:30:00+08:00,"September 2, 2024 | 11:30AM",98,"Please be advised that the following roads are NOT PASSABLE to light vehicles due to significant flooding in the areas: | - Along F. Mariano, Brgy. Dela Paz",flood_observed,,,,NOT PASSABLE to light vehicles,candidate,,depth_not_reported,2024-09-02,docs/evaluations/flood-duration-pilot-20261004,NCR-2024-09-02,,,,,,,,,,,,,docs/evaluations/flood-duration-pilot-20261004/sources/PASIG-20240902-2100.c67d2bdf1831.txt,true,usable,usable_reported_snapshot_clock,source_reported_locality,Dela Paz,not_reported,,,PASIG-2024-SEP02-03,TL-ec91d1a585cb47e2,SNAP-f432b97492459301,none_flagged,,Source-linked wet claim retained; no clearance inferred.,excluded_wet_snapshot_alone_has_no_outcome,false
OBS-5694ed4c6d51406e,PASIG-20240902-2100,c67d2bdf1831,https://pasigcity.gov.ph/news-and-releases/flood-update-september-2-2024-929,PASIG-2024-SEP02-03,Pasig,Dela Paz,Dela Paz,"Kabutihan St., Brgy. Dela Paz",2024-09-02T11:30:00+08:00,"September 2, 2024 | 11:30AM",99,"Please be advised that the following roads are NOT PASSABLE to light vehicles due to significant flooding in the areas: | - Kabutihan St., Brgy. Dela Paz",flood_observed,,,,NOT PASSABLE to light vehicles,candidate,,depth_not_reported,2024-09-02,docs/evaluations/flood-duration-pilot-20261004,NCR-2024-09-02,,,,,,,,,,,,,docs/evaluations/flood-duration-pilot-20261004/sources/PASIG-20240902-2100.c67d2bdf1831.txt,true,usable,usable_reported_snapshot_clock,source_reported_locality,Dela Paz,not_reported,,,PASIG-2024-SEP02-03,TL-ad9b2777546bc8e3,SNAP-b7985b62b9118d93,none_flagged,,Source-linked wet claim retained; no clearance inferred.,excluded_wet_snapshot_alone_has_no_outcome,false
OBS-9dbb1df8fc4703db,PASIG-20240902-2100,c67d2bdf1831,https://pasigcity.gov.ph/news-and-releases/flood-update-september-2-2024-929,PASIG-2024-SEP02-03,Pasig,Santolan,Santolan,"Tawiran, Brgy. Santolan",2024-09-02T11:30:00+08:00,"September 2, 2024 | 11:30AM",100,"Please be advised that the following roads are NOT PASSABLE to light vehicles due to significant flooding in the areas: | - Tawiran, Brgy. Santolan",flood_observed,,,,NOT PASSABLE to light vehicles,candidate,,depth_not_reported,2024-09-02,docs/evaluations/flood-duration-pilot-20261004,NCR-2024-09-02,,,,,,,,,,,,,docs/evaluations/flood-duration-pilot-20261004/sources/PASIG-20240902-2100.c67d2bdf1831.txt,true,usable,usable_reported_snapshot_clock,source_reported_locality,Santolan,not_reported,,,PASIG-2024-SEP02-03,TL-3a962a5fa4c03da1,SNAP-89f559eb233c63b9,none_flagged,,Source-linked wet claim retained; no clearance inferred.,excluded_wet_snapshot_alone_has_no_outcome,false
OBS-8eee57e568cd77f9,PASIG-20240902-2100,c67d2bdf1831,https://pasigcity.gov.ph/news-and-releases/flood-update-september-2-2024-929,PASIG-2024-SEP02-03,Pasig,Manggahan,Manggahan,"Amsterdam corner Stockholm, Brgy. Manggahan",2024-09-02T11:30:00+08:00,"September 2, 2024 | 11:30AM",101,"Please be advised that the following roads are NOT PASSABLE to light vehicles due to significant flooding in the areas: | - Amsterdam corner Stockholm, Brgy. Manggahan",flood_observed,,,,NOT PASSABLE to light vehicles,candidate,,depth_not_reported,2024-09-02,docs/evaluations/flood-duration-pilot-20261004,NCR-2024-09-02,,,,,,,,,,,,,docs/evaluations/flood-duration-pilot-20261004/sources/PASIG-20240902-2100.c67d2bdf1831.txt,true,usable,usable_reported_snapshot_clock,source_reported_locality,Manggahan,not_reported,,,PASIG-2024-SEP02-03,TL-5c767dc29da45e0e,SNAP-9905e2eafc792eb6,none_flagged,,Source-linked wet claim retained; no clearance inferred.,excluded_wet_snapshot_alone_has_no_outcome,false
OBS-0b8567caffa56fa6,PASIG-20240902-2100,c67d2bdf1831,https://pasigcity.gov.ph/news-and-releases/flood-update-september-2-2024-929,PASIG-2024-SEP02-03,Pasig,Manggahan,Manggahan,"Washington cor Bern, Brgy. Manggahan",2024-09-02T11:30:00+08:00,"September 2, 2024 | 11:30AM",102,"Please be advised that the following roads are NOT PASSABLE to light vehicles due to significant flooding in the areas: | - Washington cor Bern, Brgy. Manggahan",flood_observed,,,,NOT PASSABLE to light vehicles,candidate,,depth_not_reported,2024-09-02,docs/evaluations/flood-duration-pilot-20261004,NCR-2024-09-02,,,,,,,,,,,,,docs/evaluations/flood-duration-pilot-20261004/sources/PASIG-20240902-2100.c67d2bdf1831.txt,true,usable,usable_reported_snapshot_clock,source_reported_locality,Manggahan,not_reported,,,PASIG-2024-SEP02-03,TL-f3556e41b4bf3515,SNAP-e5dd9462394f4c37,none_flagged,,Source-linked wet claim retained; no clearance inferred.,excluded_wet_snapshot_alone_has_no_outcome,false
OBS-9a7cbb32d416551d,PASIG-20240902-2100,c67d2bdf1831,https://pasigcity.gov.ph/news-and-releases/flood-update-september-2-2024-929,PASIG-2024-SEP02-03,Pasig,Manggahan,Manggahan,"Karangalan Gate 1 to Gate 5, Brgy. Manggahan",2024-09-02T11:30:00+08:00,"September 2, 2024 | 11:30AM",103,"Please be advised that the following roads are NOT PASSABLE to light vehicles due to significant flooding in the areas: | - Karangalan Gate 1 to Gate 5, Brgy. Manggahan",flood_observed,,,,NOT PASSABLE to light vehicles,candidate,,depth_not_reported,2024-09-02,docs/evaluations/flood-duration-pilot-20261004,NCR-2024-09-02,,,,,,,,,,,,,docs/evaluations/flood-duration-pilot-20261004/sources/PASIG-20240902-2100.c67d2bdf1831.txt,true,usable,usable_reported_snapshot_clock,source_reported_locality,Manggahan,not_reported,,,PASIG-2024-SEP02-03,TL-1b9a3e22074d3025,SNAP-da4fad0dd37f39e4,none_flagged,,Source-linked wet claim retained; no clearance inferred.,excluded_wet_snapshot_alone_has_no_outcome,false
OBS-15b893cbb93e5baa,PASIG-20240902-2100,c67d2bdf1831,https://pasigcity.gov.ph/news-and-releases/flood-update-september-2-2024-929,PASIG-2024-SEP02-03,Pasig,Maybunga,Maybunga,"F. Legaspi (Maybunga Rainforest Park), Brgy. Maybunga",2024-09-02T10:30:00+08:00,"September 2, 2024 | 10:30AM",113,"Please be advised that the following roads are NOT PASSABLE to light vehicles due to significant flooding in the areas: | - F. Legaspi (Maybunga Rainforest Park), Brgy. Maybunga",flood_observed,,,,NOT PASSABLE to light vehicles,candidate,,depth_not_reported,2024-09-02,docs/evaluations/flood-duration-pilot-20261004,NCR-2024-09-02,,,,,,,,,,,,,docs/evaluations/flood-duration-pilot-20261004/sources/PASIG-20240902-2100.c67d2bdf1831.txt,true,usable,usable_reported_snapshot_clock,source_reported_locality,Maybunga,not_reported,,,PASIG-2024-SEP02-03,TL-cbbbe28bee09f113,SNAP-3dcdcd529e151644,none_flagged,,Source-linked wet claim retained; no clearance inferred.,excluded_wet_snapshot_alone_has_no_outcome,false
OBS-fd6bd18c70e0c59b,PASIG-20240902-2100,c67d2bdf1831,https://pasigcity.gov.ph/news-and-releases/flood-update-september-2-2024-929,PASIG-2024-SEP02-03,Pasig,Dela Paz,Dela Paz,"Along F. Mariano, Brgy. Dela Paz",2024-09-02T10:30:00+08:00,"September 2, 2024 | 10:30AM",115,"Please be advised that the following roads are NOT PASSABLE to light vehicles due to significant flooding in the areas: | - Along F. Mariano, Brgy. Dela Paz",flood_observed,,,,NOT PASSABLE to light vehicles,candidate,,depth_not_reported,2024-09-02,docs/evaluations/flood-duration-pilot-20261004,NCR-2024-09-02,,,,,,,,,,,,,docs/evaluations/flood-duration-pilot-20261004/sources/PASIG-20240902-2100.c67d2bdf1831.txt,true,usable,usable_reported_snapshot_clock,source_reported_locality,Dela Paz,not_reported,,,PASIG-2024-SEP02-03,TL-ec91d1a585cb47e2,SNAP-e6e421922922e431,none_flagged,,Source-linked wet claim retained; no clearance inferred.,excluded_wet_snapshot_alone_has_no_outcome,false
OBS-2832dc9cc96b24f1,PASIG-20240902-2100,c67d2bdf1831,https://pasigcity.gov.ph/news-and-releases/flood-update-september-2-2024-929,PASIG-2024-SEP02-03,Pasig,Dela Paz,Dela Paz,"Kabutihan St., Brgy. Dela Paz",2024-09-02T10:30:00+08:00,"September 2, 2024 | 10:30AM",116,"Please be advised that the following roads are NOT PASSABLE to light vehicles due to significant flooding in the areas: | - Kabutihan St., Brgy. Dela Paz",flood_observed,,,,NOT PASSABLE to light vehicles,candidate,,depth_not_reported,2024-09-02,docs/evaluations/flood-duration-pilot-20261004,NCR-2024-09-02,,,,,,,,,,,,,docs/evaluations/flood-duration-pilot-20261004/sources/PASIG-20240902-2100.c67d2bdf1831.txt,true,usable,usable_reported_snapshot_clock,source_reported_locality,Dela Paz,not_reported,,,PASIG-2024-SEP02-03,TL-ad9b2777546bc8e3,SNAP-597376a010de9793,none_flagged,,Source-linked wet claim retained; no clearance inferred.,excluded_wet_snapshot_alone_has_no_outcome,false
OBS-334be5b3e2a0bfba,PASIG-20240902-2100,c67d2bdf1831,https://pasigcity.gov.ph/news-and-releases/flood-update-september-2-2024-929,PASIG-2024-SEP02-03,Pasig,Santolan,Santolan,"Tawiran, Brgy. Santolan",2024-09-02T10:30:00+08:00,"September 2, 2024 | 10:30AM",117,"Please be advised that the following roads are NOT PASSABLE to light vehicles due to significant flooding in the areas: | - Tawiran, Brgy. Santolan",flood_observed,,,,NOT PASSABLE to light vehicles,candidate,,depth_not_reported,2024-09-02,docs/evaluations/flood-duration-pilot-20261004,NCR-2024-09-02,,,,,,,,,,,,,docs/evaluations/flood-duration-pilot-20261004/sources/PASIG-20240902-2100.c67d2bdf1831.txt,true,usable,usable_reported_snapshot_clock,source_reported_locality,Santolan,not_reported,,,PASIG-2024-SEP02-03,TL-3a962a5fa4c03da1,SNAP-efb5547956c2c66e,none_flagged,,Source-linked wet claim retained; no clearance inferred.,excluded_wet_snapshot_alone_has_no_outcome,false
OBS-5a0cd546fdc1853e,PASIG-20240902-2100,c67d2bdf1831,https://pasigcity.gov.ph/news-and-releases/flood-update-september-2-2024-929,PASIG-2024-SEP02-03,Pasig,Manggahan,Manggahan,"Amsterdam corner Stockholm, Brgy. Manggahan",2024-09-02T10:30:00+08:00,"September 2, 2024 | 10:30AM",118,"Please be advised that the following roads are NOT PASSABLE to light vehicles due to significant flooding in the areas: | - Amsterdam corner Stockholm, Brgy. Manggahan",flood_observed,,,,NOT PASSABLE to light vehicles,candidate,,depth_not_reported,2024-09-02,docs/evaluations/flood-duration-pilot-20261004,NCR-2024-09-02,,,,,,,,,,,,,docs/evaluations/flood-duration-pilot-20261004/sources/PASIG-20240902-2100.c67d2bdf1831.txt,true,usable,usable_reported_snapshot_clock,source_reported_locality,Manggahan,not_reported,,,PASIG-2024-SEP02-03,TL-5c767dc29da45e0e,SNAP-46587cac791df242,none_flagged,,Source-linked wet claim retained; no clearance inferred.,excluded_wet_snapshot_alone_has_no_outcome,false
OBS-c6edb9da89360906,PASIG-20240902-2100,c67d2bdf1831,https://pasigcity.gov.ph/news-and-releases/flood-update-september-2-2024-929,PASIG-2024-SEP02-03,Pasig,Manggahan,Manggahan,"Washington cor Bern, Brgy. Manggahan",2024-09-02T10:30:00+08:00,"September 2, 2024 | 10:30AM",119,"Please be advised that the following roads are NOT PASSABLE to light vehicles due to significant flooding in the areas: | - Washington cor Bern, Brgy. Manggahan",flood_observed,,,,NOT PASSABLE to light vehicles,candidate,,depth_not_reported,2024-09-02,docs/evaluations/flood-duration-pilot-20261004,NCR-2024-09-02,,,,,,,,,,,,,docs/evaluations/flood-duration-pilot-20261004/sources/PASIG-20240902-2100.c67d2bdf1831.txt,true,usable,usable_reported_snapshot_clock,source_reported_locality,Manggahan,not_reported,,,PASIG-2024-SEP02-03,TL-f3556e41b4bf3515,SNAP-d9a609c24b08fada,none_flagged,,Source-linked wet claim retained; no clearance inferred.,excluded_wet_snapshot_alone_has_no_outcome,false
OBS-11e9532e7dab7cae,PASIG-20240902-2100,c67d2bdf1831,https://pasigcity.gov.ph/news-and-releases/flood-update-september-2-2024-929,PASIG-2024-SEP02-03,Pasig,Manggahan,Manggahan,"Karangalan Gate 1 to Gate 5, Brgy. Manggahan",2024-09-02T10:30:00+08:00,"September 2, 2024 | 10:30AM",120,"Please be advised that the following roads are NOT PASSABLE to light vehicles due to significant flooding in the areas: | - Karangalan Gate 1 to Gate 5, Brgy. Manggahan",flood_observed,,,,NOT PASSABLE to light vehicles,candidate,,depth_not_reported,2024-09-02,docs/evaluations/flood-duration-pilot-20261004,NCR-2024-09-02,,,,,,,,,,,,,docs/evaluations/flood-duration-pilot-20261004/sources/PASIG-20240902-2100.c67d2bdf1831.txt,true,usable,usable_reported_snapshot_clock,source_reported_locality,Manggahan,not_reported,,,PASIG-2024-SEP02-03,TL-1b9a3e22074d3025,SNAP-4087fedd1911edfb,none_flagged,,Source-linked wet claim retained; no clearance inferred.,excluded_wet_snapshot_alone_has_no_outcome,false
OBS-d451a589bbca5010,PASIG-20250723-0900,4a6617896d3e,https://pasigcity.gov.ph/news-and-releases/flood-update-as-of-0900am-july-23-2025-580,PASIG-2025-JUL21-25,Pasig,Rosario (in front of SM East Ortigas),Rosario,Dabba Brgy. Rosario (in front of SM East Ortigas),2025-07-23T09:00:00+08:00,"July 23, 2025 | as of 9:00AM",6,1. Dabba Brgy. Rosario (in front of SM East Ortigas) | Water Level: 1-2 inches,flood_observed,1-2 inches,2.54,5.08,,candidate,,,2025-07-23,docs/evaluations/flood-duration-pilot-20261004,NCR-2025-07-23,,,,,,,,,,,,,docs/evaluations/flood-duration-pilot-20261004/sources/PASIG-20250723-0900.4a6617896d3e.txt,true,usable,usable_reported_snapshot_clock,source_reported_locality,Rosario,usable_reported_numeric,2.54,5.08,PASIG-2025-JUL21-25,TL-6e427c57b8f7d6cd,SNAP-6b77033c56814c6f,none_flagged,,Source-linked wet claim retained; no clearance inferred.,excluded_wet_snapshot_alone_has_no_outcome,false
OBS-a89e862f04c333c3,PASIG-20250723-0900,4a6617896d3e,https://pasigcity.gov.ph/news-and-releases/flood-update-as-of-0900am-july-23-2025-580,PASIG-2025-JUL21-25,Pasig,Maybunga,Maybunga,"Blk. 1 to 9, Alley 1 to 40, Westbank Floodway, Brgy. Maybunga",2025-07-23T09:00:00+08:00,"July 23, 2025 | as of 9:00AM",10,"2. Blk. 1 to 9, Alley 1 to 40, Westbank Floodway, Brgy. Maybunga | Water Level: 12 inches",flood_observed,12 inches,30.48,30.48,,candidate,,,2025-07-23,docs/evaluations/flood-duration-pilot-20261004,NCR-2025-07-23,,,,,,,,,,,,,docs/evaluations/flood-duration-pilot-20261004/sources/PASIG-20250723-0900.4a6617896d3e.txt,true,usable,usable_reported_snapshot_clock,source_reported_locality,Maybunga,usable_reported_numeric,30.48,30.48,PASIG-2025-JUL21-25,TL-6937011fbd6fabea,SNAP-fb2447caa79a2bfa,none_flagged,,Source-linked wet claim retained; no clearance inferred.,excluded_wet_snapshot_alone_has_no_outcome,false
OBS-b3265151318ff4f7,PASIG-20250723-0900,4a6617896d3e,https://pasigcity.gov.ph/news-and-releases/flood-update-as-of-0900am-july-23-2025-580,PASIG-2025-JUL21-25,Pasig,Dela Paz,Dela Paz,Karangalan Phase 2 A Brgy. Dela Paz,2025-07-23T09:00:00+08:00,"July 23, 2025 | as of 9:00AM",14,3. Karangalan Phase 2 A Brgy. Dela Paz | Water Level: 2 feet,flood_observed,2 feet,60.96,60.96,,candidate,,,2025-07-23,docs/evaluations/flood-duration-pilot-20261004,NCR-2025-07-23,,,,,,,,,,,,,docs/evaluations/flood-duration-pilot-20261004/sources/PASIG-20250723-0900.4a6617896d3e.txt,true,usable,usable_reported_snapshot_clock,source_reported_locality,Dela Paz,usable_reported_numeric,60.96,60.96,PASIG-2025-JUL21-25,TL-9274a834cf4f5614,SNAP-359f8d450a912dac,none_flagged,,Source-linked wet claim retained; no clearance inferred.,excluded_wet_snapshot_alone_has_no_outcome,false
OBS-3975374ae73c57c5,PASIG-20250723-0900,4a6617896d3e,https://pasigcity.gov.ph/news-and-releases/flood-update-as-of-0900am-july-23-2025-580,PASIG-2025-JUL21-25,Pasig,San Miguel,San Miguel,"M. Eusebio Avenue, Brgy. San Miguel",2025-07-23T09:00:00+08:00,"July 23, 2025 | as of 9:00AM",18,"4. M. Eusebio Avenue, Brgy. San Miguel | Water Level: 4 - 5 inches",flood_observed,4 - 5 inches,10.16,12.7,,candidate,,,2025-07-23,docs/evaluations/flood-duration-pilot-20261004,NCR-2025-07-23,,,,,,,,,,,,,docs/evaluations/flood-duration-pilot-20261004/sources/PASIG-20250723-0900.4a6617896d3e.txt,true,usable,usable_reported_snapshot_clock,source_reported_locality,San Miguel,usable_reported_numeric,10.16,12.7,PASIG-2025-JUL21-25,TL-68b976a97580d84d,SNAP-249f0b59e5b25ebf,none_flagged,,Source-linked wet claim retained; no clearance inferred.,excluded_wet_snapshot_alone_has_no_outcome,false
OBS-dd6ec37ebc196926,PASIG-20250723-0900,4a6617896d3e,https://pasigcity.gov.ph/news-and-releases/flood-update-as-of-0900am-july-23-2025-580,PASIG-2025-JUL21-25,Pasig,Manggahan,Manggahan,"Kaginhawaan Gate 5, Brgy. Manggahan",2025-07-23T09:00:00+08:00,"July 23, 2025 | as of 9:00AM",22,"5. Kaginhawaan Gate 5, Brgy. Manggahan | Water Level: Gutter deep",flood_observed,Gutter deep,,,,candidate,,qualitative_depth_no_numeric_conversion,2025-07-23,docs/evaluations/flood-duration-pilot-20261004,NCR-2025-07-23,,,,,,,,,,,,,docs/evaluations/flood-duration-pilot-20261004/sources/PASIG-20250723-0900.4a6617896d3e.txt,true,usable,usable_reported_snapshot_clock,source_reported_locality,Manggahan,qualitative_only,,,PASIG-2025-JUL21-25,TL-70028bc70ee67925,SNAP-29b8b7319f039067,none_flagged,,Source-linked wet claim retained; no clearance inferred.,excluded_wet_snapshot_alone_has_no_outcome,false
OBS-4bbd1d1c11a33cba,PASIG-20250723-0900,4a6617896d3e,https://pasigcity.gov.ph/news-and-releases/flood-update-as-of-0900am-july-23-2025-580,PASIG-2025-JUL21-25,Pasig,Manggahan,Manggahan,"Kaunlaran St., Brgy. Manggahan",2025-07-23T09:00:00+08:00,"July 23, 2025 | as of 9:00AM",24,"6. Kaunlaran St., Brgy. Manggahan | Water Level: Gutter deep",flood_observed,Gutter deep,,,,candidate,,qualitative_depth_no_numeric_conversion,2025-07-23,docs/evaluations/flood-duration-pilot-20261004,NCR-2025-07-23,,,,,,,,,,,,,docs/evaluations/flood-duration-pilot-20261004/sources/PASIG-20250723-0900.4a6617896d3e.txt,true,usable,usable_reported_snapshot_clock,source_reported_locality,Manggahan,qualitative_only,,,PASIG-2025-JUL21-25,TL-f8064811f4609003,SNAP-4bd95d827f019cc6,none_flagged,,Source-linked wet claim retained; no clearance inferred.,excluded_wet_snapshot_alone_has_no_outcome,false
OBS-183ecb93c89b72b0,PASIG-20250723-0900,4a6617896d3e,https://pasigcity.gov.ph/news-and-releases/flood-update-as-of-0900am-july-23-2025-580,PASIG-2025-JUL21-25,Pasig,Manggahan,Manggahan,"1st Street, Trinidad Homes, Brgy. Manggahan",2025-07-23T09:00:00+08:00,"July 23, 2025 | as of 9:00AM",26,"7. 1st Street, Trinidad Homes, Brgy. Manggahan | Water Level: Gutter deep",flood_observed,Gutter deep,,,,candidate,,qualitative_depth_no_numeric_conversion,2025-07-23,docs/evaluations/flood-duration-pilot-20261004,NCR-2025-07-23,,,,,,,,,,,,,docs/evaluations/flood-duration-pilot-20261004/sources/PASIG-20250723-0900.4a6617896d3e.txt,true,usable,usable_reported_snapshot_clock,source_reported_locality,Manggahan,qualitative_only,,,PASIG-2025-JUL21-25,TL-e5e01ac8c32df92d,SNAP-9159d8154d9d9dc0,none_flagged,,Source-linked wet claim retained; no clearance inferred.,excluded_wet_snapshot_alone_has_no_outcome,false
OBS-a7143827b25c0a07,PASIG-20250723-0900,4a6617896d3e,https://pasigcity.gov.ph/news-and-releases/flood-update-as-of-0900am-july-23-2025-580,PASIG-2025-JUL21-25,Pasig,Manggahan,Manggahan,"2nd Street, Trinidad Homes, Brgy. Manggahan",2025-07-23T09:00:00+08:00,"July 23, 2025 | as of 9:00AM",28,"8. 2nd Street, Trinidad Homes, Brgy. Manggahan | Water Level: Gutter deep",flood_observed,Gutter deep,,,,candidate,,qualitative_depth_no_numeric_conversion,2025-07-23,docs/evaluations/flood-duration-pilot-20261004,NCR-2025-07-23,,,,,,,,,,,,,docs/evaluations/flood-duration-pilot-20261004/sources/PASIG-20250723-0900.4a6617896d3e.txt,true,usable,usable_reported_snapshot_clock,source_reported_locality,Manggahan,qualitative_only,,,PASIG-2025-JUL21-25,TL-b81a7a466ff130ba,SNAP-2d845e790ba7ab2b,none_flagged,,Source-linked wet claim retained; no clearance inferred.,excluded_wet_snapshot_alone_has_no_outcome,false
OBS-c1ab7cbdb9ba37e9,PASIG-20250723-0900,4a6617896d3e,https://pasigcity.gov.ph/news-and-releases/flood-update-as-of-0900am-july-23-2025-580,PASIG-2025-JUL21-25,Pasig,Manggahan,Manggahan,"Kabayanihan corner Karikitan, Karangalan Village, Brgy. Manggahan",2025-07-23T09:00:00+08:00,"July 23, 2025 | as of 9:00AM",30,"9. Kabayanihan corner Karikitan, Karangalan Village, Brgy. Manggahan | Water Level: Gutter deep",flood_observed,Gutter deep,,,,candidate,,qualitative_depth_no_numeric_conversion,2025-07-23,docs/evaluations/flood-duration-pilot-20261004,NCR-2025-07-23,,,,,,,,,,,,,docs/evaluations/flood-duration-pilot-20261004/sources/PASIG-20250723-0900.4a6617896d3e.txt,true,usable,usable_reported_snapshot_clock,uncertain_cross_report_barangay_identity,Manggahan,qualitative_only,,,PASIG-2025-JUL21-25,TL-2d86116957a1ca8a,SNAP-c4ab09d9251838a4,none_flagged,,PASIG-20250723-1700 text lines 13-15 give Manggahan; Jul 21 1900/2200/2345 captures lines 11-12 give Dela Paz for Kabayanihan/Karikitan. No unilateral locality correction.,excluded_wet_snapshot_alone_has_no_outcome,false
OBS-2bc36c2ba28267f4,PASIG-20250723-0900,4a6617896d3e,https://pasigcity.gov.ph/news-and-releases/flood-update-as-of-0900am-july-23-2025-580,PASIG-2025-JUL21-25,Pasig,Manggahan,Manggahan,Buenas Market Imelda Ave. Brgy. Manggahan,2025-07-23T09:00:00+08:00,"July 23, 2025 | as of 9:00AM",32,10. Buenas Market Imelda Ave. Brgy. Manggahan | Water Level: Gutter deep,flood_observed,Gutter deep,,,,candidate,,qualitative_depth_no_numeric_conversion,2025-07-23,docs/evaluations/flood-duration-pilot-20261004,NCR-2025-07-23,,,,,,,,,,,,,docs/evaluations/flood-duration-pilot-20261004/sources/PASIG-20250723-0900.4a6617896d3e.txt,true,usable,usable_reported_snapshot_clock,source_reported_locality,Manggahan,qualitative_only,,,PASIG-2025-JUL21-25,TL-0ab2eb681eb70f7e,SNAP-9fc846f383847094,none_flagged,,Source-linked wet claim retained; no clearance inferred.,excluded_wet_snapshot_alone_has_no_outcome,false
OBS-4f61e9720e7f0c10,PASIG-20250723-0900,4a6617896d3e,https://pasigcity.gov.ph/news-and-releases/flood-update-as-of-0900am-july-23-2025-580,PASIG-2025-JUL21-25,Pasig,Rosario (in front of SM East Ortigas),Rosario,Dabba Brgy. Rosario (in front of SM East Ortigas),2025-07-23T08:00:00+08:00,"July 23, 2025 | as of 8:00AM",39,1. Dabba Brgy. Rosario (in front of SM East Ortigas) | Water Level: 1-2 inches,flood_observed,1-2 inches,2.54,5.08,,candidate,,,2025-07-23,docs/evaluations/flood-duration-pilot-20261004,NCR-2025-07-23,,,,,,,,,,,,,docs/evaluations/flood-duration-pilot-20261004/sources/PASIG-20250723-0900.4a6617896d3e.txt,true,usable,usable_reported_snapshot_clock,source_reported_locality,Rosario,usable_reported_numeric,2.54,5.08,PASIG-2025-JUL21-25,TL-6e427c57b8f7d6cd,SNAP-d2bec3d3001a3f3a,none_flagged,,Source-linked wet claim retained; no clearance inferred.,excluded_wet_snapshot_alone_has_no_outcome,false
OBS-67506f6cb148c643,PASIG-20250723-0900,4a6617896d3e,https://pasigcity.gov.ph/news-and-releases/flood-update-as-of-0900am-july-23-2025-580,PASIG-2025-JUL21-25,Pasig,Maybunga,Maybunga,"Blk. 1 to 9, Alley 1 to 40, Westbank Floodway, Brgy. Maybunga",2025-07-23T08:00:00+08:00,"July 23, 2025 | as of 8:00AM",43,"2. Blk. 1 to 9, Alley 1 to 40, Westbank Floodway, Brgy. Maybunga | Water Level: 12 inches",flood_observed,12 inches,30.48,30.48,,candidate,,,2025-07-23,docs/evaluations/flood-duration-pilot-20261004,NCR-2025-07-23,,,,,,,,,,,,,docs/evaluations/flood-duration-pilot-20261004/sources/PASIG-20250723-0900.4a6617896d3e.txt,true,usable,usable_reported_snapshot_clock,source_reported_locality,Maybunga,usable_reported_numeric,30.48,30.48,PASIG-2025-JUL21-25,TL-6937011fbd6fabea,SNAP-8f7eaf11bf4109a2,none_flagged,,Source-linked wet claim retained; no clearance inferred.,excluded_wet_snapshot_alone_has_no_outcome,false
OBS-8794485b381db443,PASIG-20250723-0900,4a6617896d3e,https://pasigcity.gov.ph/news-and-releases/flood-update-as-of-0900am-july-23-2025-580,PASIG-2025-JUL21-25,Pasig,Dela Paz,Dela Paz,Karangalan Phase 2 A Brgy. Dela Paz,2025-07-23T08:00:00+08:00,"July 23, 2025 | as of 8:00AM",47,3. Karangalan Phase 2 A Brgy. Dela Paz | Water Level: 2 feet,flood_observed,2 feet,60.96,60.96,,candidate,,,2025-07-23,docs/evaluations/flood-duration-pilot-20261004,NCR-2025-07-23,,,,,,,,,,,,,docs/evaluations/flood-duration-pilot-20261004/sources/PASIG-20250723-0900.4a6617896d3e.txt,true,usable,usable_reported_snapshot_clock,source_reported_locality,Dela Paz,usable_reported_numeric,60.96,60.96,PASIG-2025-JUL21-25,TL-9274a834cf4f5614,SNAP-c287f14bafaf74b5,none_flagged,,Source-linked wet claim retained; no clearance inferred.,excluded_wet_snapshot_alone_has_no_outcome,false
OBS-22eb424ef418e485,PASIG-20250723-0900,4a6617896d3e,https://pasigcity.gov.ph/news-and-releases/flood-update-as-of-0900am-july-23-2025-580,PASIG-2025-JUL21-25,Pasig,San Miguel,San Miguel,"M.Eusebio Avenue, Brgy. San Miguel",2025-07-23T08:00:00+08:00,"July 23, 2025 | as of 8:00AM",51,"4. M.Eusebio Avenue, Brgy. San Miguel | Water Level: 4 - 5 inches",flood_observed,4 - 5 inches,10.16,12.7,,candidate,,,2025-07-23,docs/evaluations/flood-duration-pilot-20261004,NCR-2025-07-23,,,,,,,,,,,,,docs/evaluations/flood-duration-pilot-20261004/sources/PASIG-20250723-0900.4a6617896d3e.txt,true,usable,usable_reported_snapshot_clock,source_reported_locality,San Miguel,usable_reported_numeric,10.16,12.7,PASIG-2025-JUL21-25,TL-68b976a97580d84d,SNAP-9113e6cd9914fe36,none_flagged,,Source-linked wet claim retained; no clearance inferred.,excluded_wet_snapshot_alone_has_no_outcome,false
OBS-e0be5b5c397527ab,PASIG-20250725-2330,70611da8f9e6,https://pasigcity.gov.ph/news-and-releases/flood-update-as-of-1130pm-july-25-2025-533,PASIG-2025-JUL21-25,Pasig,Sumilang,Sumilang,"Dos De Julio, Brgy. Sumilang",2025-07-25T23:30:00+08:00,"July 25, 2025 | as of 11:30PM",5,"1. Dos De Julio, Brgy. Sumilang | Water Level: 3 - 4 inches (7.62 - 10.16 cm)",flood_observed,3 - 4 inches (7.62 - 10.16 cm),7.62,10.16,,candidate,,,2025-07-25,docs/evaluations/flood-duration-pilot-20261004,NCR-2025-07-25,,,,,,,,,,,,,docs/evaluations/flood-duration-pilot-20261004/sources/PASIG-20250725-2330.70611da8f9e6.txt,true,usable,usable_reported_snapshot_clock,source_reported_locality,Sumilang,usable_reported_numeric,7.62,10.16,PASIG-2025-JUL21-25,TL-7a9ed642d55cb290,SNAP-6c98ba42ffddb5bd,none_flagged,,Source-linked wet claim retained; no clearance inferred.,excluded_wet_snapshot_alone_has_no_outcome,false
OBS-ef5d6fd264e72320,PASIG-20250725-2330,70611da8f9e6,https://pasigcity.gov.ph/news-and-releases/flood-update-as-of-1130pm-july-25-2025-533,PASIG-2025-JUL21-25,Pasig,Sumilang,Sumilang,"Katwiran St., Brgy. Sumilang",2025-07-25T23:30:00+08:00,"July 25, 2025 | as of 11:30PM",7,"2. Katwiran St., Brgy. Sumilang | Water Level: 3 - 4 inches (7.62 - 10.16 cm)",flood_observed,3 - 4 inches (7.62 - 10.16 cm),7.62,10.16,,candidate,,,2025-07-25,docs/evaluations/flood-duration-pilot-20261004,NCR-2025-07-25,,,,,,,,,,,,,docs/evaluations/flood-duration-pilot-20261004/sources/PASIG-20250725-2330.70611da8f9e6.txt,true,usable,usable_reported_snapshot_clock,source_reported_locality,Sumilang,usable_reported_numeric,7.62,10.16,PASIG-2025-JUL21-25,TL-bcf9fbeb16f2b839,SNAP-146d6e6ce0a1913a,none_flagged,,Source-linked wet claim retained; no clearance inferred.,excluded_wet_snapshot_alone_has_no_outcome,false
OBS-40cf10db436496d0,PASIG-20250725-2330,70611da8f9e6,https://pasigcity.gov.ph/news-and-releases/flood-update-as-of-1130pm-july-25-2025-533,PASIG-2025-JUL21-25,Pasig,Sumilang,Sumilang,"Magtanggol St., Brgy. Sumilang",2025-07-25T23:30:00+08:00,"July 25, 2025 | as of 11:30PM",9,"3. Magtanggol St., Brgy. Sumilang | Water Level: 3 - 4 inches (7.62 - 10.16 cm)",flood_observed,3 - 4 inches (7.62 - 10.16 cm),7.62,10.16,,candidate,,,2025-07-25,docs/evaluations/flood-duration-pilot-20261004,NCR-2025-07-25,,,,,,,,,,,,,docs/evaluations/flood-duration-pilot-20261004/sources/PASIG-20250725-2330.70611da8f9e6.txt,true,usable,usable_reported_snapshot_clock,source_reported_locality,Sumilang,usable_reported_numeric,7.62,10.16,PASIG-2025-JUL21-25,TL-8c6dd7ab577005d5,SNAP-4fd51ec57754cc1b,none_flagged,,Source-linked wet claim retained; no clearance inferred.,excluded_wet_snapshot_alone_has_no_outcome,false
OBS-c34db11e8e26600d,PASIG-20250725-2330,70611da8f9e6,https://pasigcity.gov.ph/news-and-releases/flood-update-as-of-1130pm-july-25-2025-533,PASIG-2025-JUL21-25,Pasig,Bagong Ilog,Bagong Ilog,"Sgt. Pascua St., Tawiran, Brgy. Bagong Ilog",2025-07-25T23:30:00+08:00,"July 25, 2025 | as of 11:30PM",11,"4. Sgt. Pascua St., Tawiran, Brgy. Bagong Ilog | Water Level: 7 inches (17.78 cm)",flood_observed,7 inches (17.78 cm),17.78,17.78,,candidate,,,2025-07-25,docs/evaluations/flood-duration-pilot-20261004,NCR-2025-07-25,,,,,,,,,,,,,docs/evaluations/flood-duration-pilot-20261004/sources/PASIG-20250725-2330.70611da8f9e6.txt,true,usable,usable_reported_snapshot_clock,source_reported_locality,Bagong Ilog,usable_reported_numeric,17.78,17.78,PASIG-2025-JUL21-25,TL-9bfbd96c9cbfccb7,SNAP-60829d8b5e4eea94,none_flagged,,Source-linked wet claim retained; no clearance inferred.,excluded_wet_snapshot_alone_has_no_outcome,false
OBS-9f63859eaa1fc0f7,PASIG-20250725-2330,70611da8f9e6,https://pasigcity.gov.ph/news-and-releases/flood-update-as-of-1130pm-july-25-2025-533,PASIG-2025-JUL21-25,Pasig,Sumilang,Sumilang,"Dos De Julio, Brgy. Sumilang",2025-07-25T21:30:00+08:00,"July 25, 2025 | as of 09:30PM",17,"1. Dos De Julio, Brgy. Sumilang | Water Level: 7 inches (17.78 cm)",flood_observed,7 inches (17.78 cm),17.78,17.78,,candidate,,,2025-07-25,docs/evaluations/flood-duration-pilot-20261004,NCR-2025-07-25,,,,,,,,,,,,,docs/evaluations/flood-duration-pilot-20261004/sources/PASIG-20250725-2330.70611da8f9e6.txt,true,usable,usable_reported_snapshot_clock,source_reported_locality,Sumilang,usable_reported_numeric,17.78,17.78,PASIG-2025-JUL21-25,TL-7a9ed642d55cb290,SNAP-cd573207dedb8835,none_flagged,,Source-linked wet claim retained; no clearance inferred.,excluded_wet_snapshot_alone_has_no_outcome,false
OBS-e27463d641bb793a,PASIG-20250725-2330,70611da8f9e6,https://pasigcity.gov.ph/news-and-releases/flood-update-as-of-1130pm-july-25-2025-533,PASIG-2025-JUL21-25,Pasig,Sumilang,Sumilang,"Katwiran St., Brgy. Sumilang",2025-07-25T21:30:00+08:00,"July 25, 2025 | as of 09:30PM",19,"2. Katwiran St., Brgy. Sumilang | Water Level: 7 inches (17.78 cm)",flood_observed,7 inches (17.78 cm),17.78,17.78,,candidate,,,2025-07-25,docs/evaluations/flood-duration-pilot-20261004,NCR-2025-07-25,,,,,,,,,,,,,docs/evaluations/flood-duration-pilot-20261004/sources/PASIG-20250725-2330.70611da8f9e6.txt,true,usable,usable_reported_snapshot_clock,source_reported_locality,Sumilang,usable_reported_numeric,17.78,17.78,PASIG-2025-JUL21-25,TL-bcf9fbeb16f2b839,SNAP-43f9777543ad24b9,none_flagged,,Source-linked wet claim retained; no clearance inferred.,excluded_wet_snapshot_alone_has_no_outcome,false
OBS-b70c0bb95977640f,PASIG-20250725-2330,70611da8f9e6,https://pasigcity.gov.ph/news-and-releases/flood-update-as-of-1130pm-july-25-2025-533,PASIG-2025-JUL21-25,Pasig,Sumilang,Sumilang,"Kalayaan St., Brgy. Sumilang",2025-07-25T21:30:00+08:00,"July 25, 2025 | as of 09:30PM",21,"3. Kalayaan St., Brgy. Sumilang | Water Level: 7 inches (17.78 cm)",flood_observed,7 inches (17.78 cm),17.78,17.78,,candidate,,,2025-07-25,docs/evaluations/flood-duration-pilot-20261004,NCR-2025-07-25,,,,,,,,,,,,,docs/evaluations/flood-duration-pilot-20261004/sources/PASIG-20250725-2330.70611da8f9e6.txt,true,usable,usable_reported_snapshot_clock,source_reported_locality,Sumilang,usable_reported_numeric,17.78,17.78,PASIG-2025-JUL21-25,TL-01fb5eca29a0524e,SNAP-191b18e3b59a97e9,none_flagged,,Source-linked wet claim retained; no clearance inferred.,excluded_wet_snapshot_alone_has_no_outcome,false
OBS-c5ced1b3960bb8a6,PASIG-20250725-2330,70611da8f9e6,https://pasigcity.gov.ph/news-and-releases/flood-update-as-of-1130pm-july-25-2025-533,PASIG-2025-JUL21-25,Pasig,Sumilang,Sumilang,"Magtanggol St., Brgy. Sumilang",2025-07-25T21:30:00+08:00,"July 25, 2025 | as of 09:30PM",23,"4. Magtanggol St., Brgy. Sumilang | Water Level: 3 inches (7.62 cm)",flood_observed,3 inches (7.62 cm),7.62,7.62,,candidate,,,2025-07-25,docs/evaluations/flood-duration-pilot-20261004,NCR-2025-07-25,,,,,,,,,,,,,docs/evaluations/flood-duration-pilot-20261004/sources/PASIG-20250725-2330.70611da8f9e6.txt,true,usable,usable_reported_snapshot_clock,source_reported_locality,Sumilang,usable_reported_numeric,7.62,7.62,PASIG-2025-JUL21-25,TL-8c6dd7ab577005d5,SNAP-2a7d5bcc20d089b2,none_flagged,,Source-linked wet claim retained; no clearance inferred.,excluded_wet_snapshot_alone_has_no_outcome,false
OBS-b67d22f589292a23,PASIG-20250725-2330,70611da8f9e6,https://pasigcity.gov.ph/news-and-releases/flood-update-as-of-1130pm-july-25-2025-533,PASIG-2025-JUL21-25,Pasig,Bagong Ilog,Bagong Ilog,"Sgt. Pascua St., Tawiran, Brgy. Bagong Ilog",2025-07-25T21:30:00+08:00,"July 25, 2025 | as of 09:30PM",25,"5. Sgt. Pascua St., Tawiran, Brgy. Bagong Ilog | Water Level: 7 inches (17.78 cm)",flood_observed,7 inches (17.78 cm),17.78,17.78,,candidate,,,2025-07-25,docs/evaluations/flood-duration-pilot-20261004,NCR-2025-07-25,,,,,,,,,,,,,docs/evaluations/flood-duration-pilot-20261004/sources/PASIG-20250725-2330.70611da8f9e6.txt,true,usable,usable_reported_snapshot_clock,source_reported_locality,Bagong Ilog,usable_reported_numeric,17.78,17.78,PASIG-2025-JUL21-25,TL-9bfbd96c9cbfccb7,SNAP-ebfb78356b0bf251,none_flagged,,Source-linked wet claim retained; no clearance inferred.,excluded_wet_snapshot_alone_has_no_outcome,false
OBS-15ee6e5de233ea7d,PASIG-20250725-2330,70611da8f9e6,https://pasigcity.gov.ph/news-and-releases/flood-update-as-of-1130pm-july-25-2025-533,PASIG-2025-JUL21-25,Pasig,Sumilang,Sumilang,"Purok 6, Brgy. Sumilang",2025-07-25T20:30:00+08:00,"July 25, 2025 | as of 08:30PM",31,"1. Purok 6, Brgy. Sumilang | Water Level: 7 inches (17.78 cm)",flood_observed,7 inches (17.78 cm),17.78,17.78,,candidate,,,2025-07-25,docs/evaluations/flood-duration-pilot-20261004,NCR-2025-07-25,,,,,,,,,,,,,docs/evaluations/flood-duration-pilot-20261004/sources/PASIG-20250725-2330.70611da8f9e6.txt,true,usable,usable_reported_snapshot_clock,source_reported_locality,Sumilang,usable_reported_numeric,17.78,17.78,PASIG-2025-JUL21-25,TL-63a5f92c738829d2,SNAP-0b7ff9d6d93192f3,none_flagged,,Source-linked wet claim retained; no clearance inferred.,excluded_wet_snapshot_alone_has_no_outcome,false
OBS-df11df5079d1e334,PASIG-20250725-2330,70611da8f9e6,https://pasigcity.gov.ph/news-and-releases/flood-update-as-of-1130pm-july-25-2025-533,PASIG-2025-JUL21-25,Pasig,Sumilang,Sumilang,"Dos De Julio, Brgy. Sumilang",2025-07-25T20:30:00+08:00,"July 25, 2025 | as of 08:30PM",33,"2. Dos De Julio, Brgy. Sumilang | Water Level: 7 inches (17.78 cm)",flood_observed,7 inches (17.78 cm),17.78,17.78,,candidate,,,2025-07-25,docs/evaluations/flood-duration-pilot-20261004,NCR-2025-07-25,,,,,,,,,,,,,docs/evaluations/flood-duration-pilot-20261004/sources/PASIG-20250725-2330.70611da8f9e6.txt,true,usable,usable_reported_snapshot_clock,source_reported_locality,Sumilang,usable_reported_numeric,17.78,17.78,PASIG-2025-JUL21-25,TL-7a9ed642d55cb290,SNAP-2e1b578c7c0eaabc,none_flagged,,Source-linked wet claim retained; no clearance inferred.,excluded_wet_snapshot_alone_has_no_outcome,false
OBS-b28e87c7fad7bdf3,PASIG-20250725-2330,70611da8f9e6,https://pasigcity.gov.ph/news-and-releases/flood-update-as-of-1130pm-july-25-2025-533,PASIG-2025-JUL21-25,Pasig,Sumilang,Sumilang,"Katwiran St., Brgy. Sumilang",2025-07-25T20:30:00+08:00,"July 25, 2025 | as of 08:30PM",35,"3. Katwiran St., Brgy. Sumilang | Water Level: 7 inches (17.78 cm)",flood_observed,7 inches (17.78 cm),17.78,17.78,,candidate,,,2025-07-25,docs/evaluations/flood-duration-pilot-20261004,NCR-2025-07-25,,,,,,,,,,,,,docs/evaluations/flood-duration-pilot-20261004/sources/PASIG-20250725-2330.70611da8f9e6.txt,true,usable,usable_reported_snapshot_clock,source_reported_locality,Sumilang,usable_reported_numeric,17.78,17.78,PASIG-2025-JUL21-25,TL-bcf9fbeb16f2b839,SNAP-493c8d67cb17a6c3,none_flagged,,Source-linked wet claim retained; no clearance inferred.,excluded_wet_snapshot_alone_has_no_outcome,false
OBS-e88df515e4177597,PASIG-20250725-2330,70611da8f9e6,https://pasigcity.gov.ph/news-and-releases/flood-update-as-of-1130pm-july-25-2025-533,PASIG-2025-JUL21-25,Pasig,Sumilang,Sumilang,"Kalayaan St., Brgy. Sumilang",2025-07-25T20:30:00+08:00,"July 25, 2025 | as of 08:30PM",37,"4. Kalayaan St., Brgy. Sumilang | Water Level: 7 inches (17.78 cm)",flood_observed,7 inches (17.78 cm),17.78,17.78,,candidate,,,2025-07-25,docs/evaluations/flood-duration-pilot-20261004,NCR-2025-07-25,,,,,,,,,,,,,docs/evaluations/flood-duration-pilot-20261004/sources/PASIG-20250725-2330.70611da8f9e6.txt,true,usable,usable_reported_snapshot_clock,source_reported_locality,Sumilang,usable_reported_numeric,17.78,17.78,PASIG-2025-JUL21-25,TL-01fb5eca29a0524e,SNAP-4a2679a49cceedbd,none_flagged,,Source-linked wet claim retained; no clearance inferred.,excluded_wet_snapshot_alone_has_no_outcome,false
OBS-5d83a861288edeb2,PASIG-20250725-2330,70611da8f9e6,https://pasigcity.gov.ph/news-and-releases/flood-update-as-of-1130pm-july-25-2025-533,PASIG-2025-JUL21-25,Pasig,Sumilang,Sumilang,"Magtanggol St., Brgy. Sumilang",2025-07-25T20:30:00+08:00,"July 25, 2025 | as of 08:30PM",39,"5. Magtanggol St., Brgy. Sumilang | Water Level: 7 inches (17.78 cm)",flood_observed,7 inches (17.78 cm),17.78,17.78,,candidate,,,2025-07-25,docs/evaluations/flood-duration-pilot-20261004,NCR-2025-07-25,,,,,,,,,,,,,docs/evaluations/flood-duration-pilot-20261004/sources/PASIG-20250725-2330.70611da8f9e6.txt,true,usable,usable_reported_snapshot_clock,source_reported_locality,Sumilang,usable_reported_numeric,17.78,17.78,PASIG-2025-JUL21-25,TL-8c6dd7ab577005d5,SNAP-ff10b1818c66281d,none_flagged,,Source-linked wet claim retained; no clearance inferred.,excluded_wet_snapshot_alone_has_no_outcome,false
OBS-713d35da3e1cbdb7,PASIG-20250725-2330,70611da8f9e6,https://pasigcity.gov.ph/news-and-releases/flood-update-as-of-1130pm-july-25-2025-533,PASIG-2025-JUL21-25,Pasig,Bagong Ilog,Bagong Ilog,"Sgt. Pascua St., Tawiran, Brgy. Bagong Ilog",2025-07-25T20:30:00+08:00,"July 25, 2025 | as of 08:30PM",41,"6. Sgt. Pascua St., Tawiran, Brgy. Bagong Ilog | Water Level: 7 inches (17.78 cm)",flood_observed,7 inches (17.78 cm),17.78,17.78,,candidate,,,2025-07-25,docs/evaluations/flood-duration-pilot-20261004,NCR-2025-07-25,,,,,,,,,,,,,docs/evaluations/flood-duration-pilot-20261004/sources/PASIG-20250725-2330.70611da8f9e6.txt,true,usable,usable_reported_snapshot_clock,source_reported_locality,Bagong Ilog,usable_reported_numeric,17.78,17.78,PASIG-2025-JUL21-25,TL-9bfbd96c9cbfccb7,SNAP-6f3ddd9ead0856ef,none_flagged,,Source-linked wet claim retained; no clearance inferred.,excluded_wet_snapshot_alone_has_no_outcome,false
OBS-72d7ae1c5615d91d,PASIG-20250725-2330,70611da8f9e6,https://pasigcity.gov.ph/news-and-releases/flood-update-as-of-1130pm-july-25-2025-533,PASIG-2025-JUL21-25,Pasig,Sumilang,Sumilang,"Purok 6, Brgy. Sumilang",2025-07-25T18:30:00+08:00,"July 25, 2025 | as of 06:30PM",47,"1. Purok 6, Brgy. Sumilang | Water Level: 7 inches (17.78 cm)",flood_observed,7 inches (17.78 cm),17.78,17.78,,candidate,,,2025-07-25,docs/evaluations/flood-duration-pilot-20261004,NCR-2025-07-25,,,,,,,,,,,,,docs/evaluations/flood-duration-pilot-20261004/sources/PASIG-20250725-2330.70611da8f9e6.txt,true,usable,usable_reported_snapshot_clock,source_reported_locality,Sumilang,usable_reported_numeric,17.78,17.78,PASIG-2025-JUL21-25,TL-63a5f92c738829d2,SNAP-b1f48f02b590b1cb,none_flagged,,Source-linked wet claim retained; no clearance inferred.,excluded_wet_snapshot_alone_has_no_outcome,false
OBS-e2a01e7fef9548a9,PASIG-20250725-2330,70611da8f9e6,https://pasigcity.gov.ph/news-and-releases/flood-update-as-of-1130pm-july-25-2025-533,PASIG-2025-JUL21-25,Pasig,Sumilang,Sumilang,"Dos De Julio, Brgy. Sumilang",2025-07-25T18:30:00+08:00,"July 25, 2025 | as of 06:30PM",49,"2. Dos De Julio, Brgy. Sumilang | Water Level: 7 inches (17.78 cm)",flood_observed,7 inches (17.78 cm),17.78,17.78,,candidate,,,2025-07-25,docs/evaluations/flood-duration-pilot-20261004,NCR-2025-07-25,,,,,,,,,,,,,docs/evaluations/flood-duration-pilot-20261004/sources/PASIG-20250725-2330.70611da8f9e6.txt,true,usable,usable_reported_snapshot_clock,source_reported_locality,Sumilang,usable_reported_numeric,17.78,17.78,PASIG-2025-JUL21-25,TL-7a9ed642d55cb290,SNAP-c254b1d63c3e77c7,none_flagged,,Source-linked wet claim retained; no clearance inferred.,excluded_wet_snapshot_alone_has_no_outcome,false
OBS-0f98b33dc3999445,PASIG-20250725-2330,70611da8f9e6,https://pasigcity.gov.ph/news-and-releases/flood-update-as-of-1130pm-july-25-2025-533,PASIG-2025-JUL21-25,Pasig,Sumilang,Sumilang,"Katwiran St., Brgy. Sumilang",2025-07-25T18:30:00+08:00,"July 25, 2025 | as of 06:30PM",51,"3. Katwiran St., Brgy. Sumilang | Water Level: 7 inches (17.78 cm)",flood_observed,7 inches (17.78 cm),17.78,17.78,,candidate,,,2025-07-25,docs/evaluations/flood-duration-pilot-20261004,NCR-2025-07-25,,,,,,,,,,,,,docs/evaluations/flood-duration-pilot-20261004/sources/PASIG-20250725-2330.70611da8f9e6.txt,true,usable,usable_reported_snapshot_clock,source_reported_locality,Sumilang,usable_reported_numeric,17.78,17.78,PASIG-2025-JUL21-25,TL-bcf9fbeb16f2b839,SNAP-4247844483c0412a,none_flagged,,Source-linked wet claim retained; no clearance inferred.,excluded_wet_snapshot_alone_has_no_outcome,false
OBS-fd6bf967c25aef14,PASIG-20250725-2330,70611da8f9e6,https://pasigcity.gov.ph/news-and-releases/flood-update-as-of-1130pm-july-25-2025-533,PASIG-2025-JUL21-25,Pasig,Sumilang,Sumilang,"Kalayaan St., Brgy. Sumilang",2025-07-25T18:30:00+08:00,"July 25, 2025 | as of 06:30PM",53,"4. Kalayaan St., Brgy. Sumilang | Water Level: 7 inches (17.78 cm)",flood_observed,7 inches (17.78 cm),17.78,17.78,,candidate,,,2025-07-25,docs/evaluations/flood-duration-pilot-20261004,NCR-2025-07-25,,,,,,,,,,,,,docs/evaluations/flood-duration-pilot-20261004/sources/PASIG-20250725-2330.70611da8f9e6.txt,true,usable,usable_reported_snapshot_clock,source_reported_locality,Sumilang,usable_reported_numeric,17.78,17.78,PASIG-2025-JUL21-25,TL-01fb5eca29a0524e,SNAP-ccc5c240958cc006,none_flagged,,Source-linked wet claim retained; no clearance inferred.,excluded_wet_snapshot_alone_has_no_outcome,false
OBS-34b07eca464a22d0,PASIG-20250725-2330,70611da8f9e6,https://pasigcity.gov.ph/news-and-releases/flood-update-as-of-1130pm-july-25-2025-533,PASIG-2025-JUL21-25,Pasig,Sumilang,Sumilang,"Magtanggol St., Brgy. Sumilang",2025-07-25T18:30:00+08:00,"July 25, 2025 | as of 06:30PM",55,"5. Magtanggol St., Brgy. Sumilang | Water Level: 7 inches (17.78 cm)",flood_observed,7 inches (17.78 cm),17.78,17.78,,candidate,,,2025-07-25,docs/evaluations/flood-duration-pilot-20261004,NCR-2025-07-25,,,,,,,,,,,,,docs/evaluations/flood-duration-pilot-20261004/sources/PASIG-20250725-2330.70611da8f9e6.txt,true,usable,usable_reported_snapshot_clock,source_reported_locality,Sumilang,usable_reported_numeric,17.78,17.78,PASIG-2025-JUL21-25,TL-8c6dd7ab577005d5,SNAP-db6541e7d9f5b353,none_flagged,,Source-linked wet claim retained; no clearance inferred.,excluded_wet_snapshot_alone_has_no_outcome,false
OBS-e7867df23e58f800,PASIG-20260829-2030,83cb52829260,https://pasigcity.gov.ph/news-and-releases/southwest-monsoon-habagat-flood-update-as-of-830-pm-of-august-29-2026-903,PASIG-2026-AUG29-30,Pasig,Dela Paz,Dela Paz,Kabutihan St.,2026-08-29T20:30:00+08:00,"As of 08:30PM | August 29, 2026",6,1. Kabutihan St. | Water Level: 12.7 cm (6 inches) | Remarks: Passable to motorcycles and cars (sedan),flood_observed,12.7 cm (6 inches),,,Remarks: Passable to motorcycles and cars (sedan),candidate,,source_alternate_units_disagree,2026-08-29,docs/evaluations/flood-duration-pilot-20261004,NCR-2026-08-29,,,,,,,,,,,,,docs/evaluations/flood-duration-pilot-20261004/sources/PASIG-20260829-2030.83cb52829260.txt,true,usable,usable_reported_snapshot_clock,source_reported_locality,Dela Paz,uncertain_alternate_units,,,PASIG-2026-AUG29-30,TL-971f905062066295,SNAP-f2c21dc736597b23,none_flagged,,Source-linked wet claim retained; no clearance inferred.,excluded_wet_snapshot_alone_has_no_outcome,false
OBS-487c6f56317e33a0,PASIG-20260829-2030,83cb52829260,https://pasigcity.gov.ph/news-and-releases/southwest-monsoon-habagat-flood-update-as-of-830-pm-of-august-29-2026-903,PASIG-2026-AUG29-30,Pasig,Dela Paz,Dela Paz,Santiago Katipiran cor. Yap Compound,2026-08-29T20:30:00+08:00,"As of 08:30PM | August 29, 2026",9,2. Santiago Katipiran cor. Yap Compound | Water Level: 60.96 cm (24 inches) | Remarks: Not passable to motorcycles and cars (sedan),flood_observed,60.96 cm (24 inches),60.96,60.96,Remarks: Not passable to motorcycles and cars (sedan),candidate,,,2026-08-29,docs/evaluations/flood-duration-pilot-20261004,NCR-2026-08-29,,,,,,,,,,,,,docs/evaluations/flood-duration-pilot-20261004/sources/PASIG-20260829-2030.83cb52829260.txt,true,usable,usable_reported_snapshot_clock,source_reported_locality,Dela Paz,usable_reported_numeric,60.96,60.96,PASIG-2026-AUG29-30,TL-51aa0fa556fdb4dc,SNAP-d4964757df832668,none_flagged,,Source-linked wet claim retained; no clearance inferred.,excluded_wet_snapshot_alone_has_no_outcome,false
OBS-a2c71aed901c649b,PASIG-20260829-2030,83cb52829260,https://pasigcity.gov.ph/news-and-releases/southwest-monsoon-habagat-flood-update-as-of-830-pm-of-august-29-2026-903,PASIG-2026-AUG29-30,Pasig,Dela Paz,Dela Paz,Katipiran cor. K118 Dela Paz,2026-08-29T20:30:00+08:00,"As of 08:30PM | August 29, 2026",12,3. Katipiran cor. K118 Dela Paz | Water Level: 10.16 cm (4 inches) | Remarks: Passable to motorcycles and cars (sedan),flood_observed,10.16 cm (4 inches),10.16,10.16,Remarks: Passable to motorcycles and cars (sedan),candidate,,,2026-08-29,docs/evaluations/flood-duration-pilot-20261004,NCR-2026-08-29,,,,,,,,,,,,,docs/evaluations/flood-duration-pilot-20261004/sources/PASIG-20260829-2030.83cb52829260.txt,true,usable,usable_reported_snapshot_clock,source_reported_locality,Dela Paz,usable_reported_numeric,10.16,10.16,PASIG-2026-AUG29-30,TL-07cd192646d1e9c6,SNAP-3a4351ae9cb67467,none_flagged,,Source-linked wet claim retained; no clearance inferred.,excluded_wet_snapshot_alone_has_no_outcome,false
OBS-31cac35d3c82127e,PASIG-20260829-2030,83cb52829260,https://pasigcity.gov.ph/news-and-releases/southwest-monsoon-habagat-flood-update-as-of-830-pm-of-august-29-2026-903,PASIG-2026-AUG29-30,Pasig,Manggahan,Manggahan,Kabayanihan St.,2026-08-29T20:30:00+08:00,"As of 08:30PM | August 29, 2026",16,1. Kabayanihan St. | Water Level: 5.00cm (2 inches) | Remarks: Passable to motorcycles and cars (sedan),flood_observed,5.00cm (2 inches),5.0,5.0,Remarks: Passable to motorcycles and cars (sedan),candidate,,,2026-08-29,docs/evaluations/flood-duration-pilot-20261004,NCR-2026-08-29,,,,,,,,,,,,,docs/evaluations/flood-duration-pilot-20261004/sources/PASIG-20260829-2030.83cb52829260.txt,true,usable,usable_reported_snapshot_clock,source_reported_locality,Manggahan,usable_reported_numeric,5.0,5.0,PASIG-2026-AUG29-30,TL-cffd34ff6493cef2,SNAP-a5c67c5c7e2d787a,none_flagged,,Source-linked wet claim retained; no clearance inferred.,excluded_wet_snapshot_alone_has_no_outcome,false
OBS-6149773b4430e7b9,PASIG-20260829-2030,83cb52829260,https://pasigcity.gov.ph/news-and-releases/southwest-monsoon-habagat-flood-update-as-of-830-pm-of-august-29-2026-903,PASIG-2026-AUG29-30,Pasig,Manggahan,Manggahan,Magsaysay St. (near INC Church),2026-08-29T20:30:00+08:00,"As of 08:30PM | August 29, 2026",19,2. Magsaysay St. (near INC Church) | Water Level: 5.00cm (2 inches) | Remarks: Passable to motorcycles and cars (sedan),flood_observed,5.00cm (2 inches),5.0,5.0,Remarks: Passable to motorcycles and cars (sedan),candidate,,,2026-08-29,docs/evaluations/flood-duration-pilot-20261004,NCR-2026-08-29,,,,,,,,,,,,,docs/evaluations/flood-duration-pilot-20261004/sources/PASIG-20260829-2030.83cb52829260.txt,true,usable,usable_reported_snapshot_clock,source_reported_locality,Manggahan,usable_reported_numeric,5.0,5.0,PASIG-2026-AUG29-30,TL-476913efe7eef739,SNAP-b663d8146736752c,none_flagged,,Source-linked wet claim retained; no clearance inferred.,excluded_wet_snapshot_alone_has_no_outcome,false
OBS-7580c0b7733fff5e,PASIG-20260829-2030,83cb52829260,https://pasigcity.gov.ph/news-and-releases/southwest-monsoon-habagat-flood-update-as-of-830-pm-of-august-29-2026-903,PASIG-2026-AUG29-30,Pasig,Manggahan,Manggahan,"Metroville Subd., Karangalan",2026-08-29T20:30:00+08:00,"As of 08:30PM | August 29, 2026",22,"3. Metroville Subd., Karangalan | Water Level: 10.64cm (4 inches) | Remarks: Passable to motorcycles and cars (sedan)",flood_observed,10.64cm (4 inches),10.64,10.64,Remarks: Passable to motorcycles and cars (sedan),candidate,,,2026-08-29,docs/evaluations/flood-duration-pilot-20261004,NCR-2026-08-29,,,,,,,,,,,,,docs/evaluations/flood-duration-pilot-20261004/sources/PASIG-20260829-2030.83cb52829260.txt,true,usable,usable_reported_snapshot_clock,source_reported_locality,Manggahan,uncertain_new_alternate_units_conflict,,,PASIG-2026-AUG29-30,TL-d3122e85fec3ef7e,SNAP-dc985e4da7e5665d,none_flagged,,PASIG-20260829-2030 text lines 22-24: Metroville 10.64cm (4 inches); four inches is 10.16 cm. Existing parser missed digit-adjacent cm; withhold numeric feature without selecting a correction.,excluded_wet_snapshot_alone_has_no_outcome,false
OBS-7ed929e634d83fdd,PASIG-20260829-2030,83cb52829260,https://pasigcity.gov.ph/news-and-releases/southwest-monsoon-habagat-flood-update-as-of-830-pm-of-august-29-2026-903,PASIG-2026-AUG29-30,Pasig,Manggahan,Manggahan,Metroville Pedro S. Pasco Ave.,2026-08-29T20:30:00+08:00,"As of 08:30PM | August 29, 2026",25,4. Metroville Pedro S. Pasco Ave. | Water Level: 12.7cm (5 inches) | Remarks: Passable to motorcycles and cars (sedan),flood_observed,12.7cm (5 inches),12.7,12.7,Remarks: Passable to motorcycles and cars (sedan),candidate,,,2026-08-29,docs/evaluations/flood-duration-pilot-20261004,NCR-2026-08-29,,,,,,,,,,,,,docs/evaluations/flood-duration-pilot-20261004/sources/PASIG-20260829-2030.83cb52829260.txt,true,usable,usable_reported_snapshot_clock,source_reported_locality,Manggahan,usable_reported_numeric,12.7,12.7,PASIG-2026-AUG29-30,TL-8ac08f6203705360,SNAP-eb0bf37d901af848,none_flagged,,Source-linked wet claim retained; no clearance inferred.,excluded_wet_snapshot_alone_has_no_outcome,false
OBS-c758b35f15734624,PASIG-20260829-2030,83cb52829260,https://pasigcity.gov.ph/news-and-releases/southwest-monsoon-habagat-flood-update-as-of-830-pm-of-august-29-2026-903,PASIG-2026-AUG29-30,Pasig,Manggahan,Manggahan,Soliven cor. Prague,2026-08-29T20:30:00+08:00,"As of 08:30PM | August 29, 2026",28,5. Soliven cor. Prague | Water Level: 60.96 cm (24 inches) | Remarks: Not passable to motorcycles and cars (sedan),flood_observed,60.96 cm (24 inches),60.96,60.96,Remarks: Not passable to motorcycles and cars (sedan),candidate,,,2026-08-29,docs/evaluations/flood-duration-pilot-20261004,NCR-2026-08-29,,,,,,,,,,,,,docs/evaluations/flood-duration-pilot-20261004/sources/PASIG-20260829-2030.83cb52829260.txt,true,usable,usable_reported_snapshot_clock,source_reported_locality,Manggahan,usable_reported_numeric,60.96,60.96,PASIG-2026-AUG29-30,TL-d5a29f9c0962e8b6,SNAP-1091e22ba8902d08,none_flagged,,Source-linked wet claim retained; no clearance inferred.,excluded_wet_snapshot_alone_has_no_outcome,false
OBS-87d5aee2b6f5c60e,PASIG-20260829-2030,83cb52829260,https://pasigcity.gov.ph/news-and-releases/southwest-monsoon-habagat-flood-update-as-of-830-pm-of-august-29-2026-903,PASIG-2026-AUG29-30,Pasig,Manggahan,Manggahan,Villa Luz St. cor. St. Paul St.,2026-08-29T20:30:00+08:00,"As of 08:30PM | August 29, 2026",31,6. Villa Luz St. cor. St. Paul St. | Water Level: 12.7cm (5 inches) | Remarks: Passable to motorcycles and cars (sedan),flood_observed,12.7cm (5 inches),12.7,12.7,Remarks: Passable to motorcycles and cars (sedan),candidate,,,2026-08-29,docs/evaluations/flood-duration-pilot-20261004,NCR-2026-08-29,,,,,,,,,,,,,docs/evaluations/flood-duration-pilot-20261004/sources/PASIG-20260829-2030.83cb52829260.txt,true,usable,usable_reported_snapshot_clock,source_reported_locality,Manggahan,usable_reported_numeric,12.7,12.7,PASIG-2026-AUG29-30,TL-84f7047432671b20,SNAP-5d4ad37dd8bd4a68,none_flagged,,Source-linked wet claim retained; no clearance inferred.,excluded_wet_snapshot_alone_has_no_outcome,false
OBS-7de7c79f35f64fc1,PASIG-20260829-2030,83cb52829260,https://pasigcity.gov.ph/news-and-releases/southwest-monsoon-habagat-flood-update-as-of-830-pm-of-august-29-2026-903,PASIG-2026-AUG29-30,Pasig,Manggahan,Manggahan,Capetown cor. San Salvador,2026-08-29T20:30:00+08:00,"As of 08:30PM | August 29, 2026",34,7. Capetown cor. San Salvador | Water Level: 12.7cm (5 inches) | Remarks: Passable to motorcycles and cars (sedan),flood_observed,12.7cm (5 inches),12.7,12.7,Remarks: Passable to motorcycles and cars (sedan),candidate,,,2026-08-29,docs/evaluations/flood-duration-pilot-20261004,NCR-2026-08-29,,,,,,,,,,,,,docs/evaluations/flood-duration-pilot-20261004/sources/PASIG-20260829-2030.83cb52829260.txt,true,usable,usable_reported_snapshot_clock,source_reported_locality,Manggahan,usable_reported_numeric,12.7,12.7,PASIG-2026-AUG29-30,TL-ea80f0497c6fa111,SNAP-5a0e591f457f70da,none_flagged,,Source-linked wet claim retained; no clearance inferred.,excluded_wet_snapshot_alone_has_no_outcome,false
OBS-abaf5fcd91345e9a,PASIG-20260829-2030,83cb52829260,https://pasigcity.gov.ph/news-and-releases/southwest-monsoon-habagat-flood-update-as-of-830-pm-of-august-29-2026-903,PASIG-2026-AUG29-30,Pasig,Manggahan,Manggahan,Panama St. Cor Paris,2026-08-29T20:30:00+08:00,"As of 08:30PM | August 29, 2026",37,8. Panama St. Cor Paris | Water Level: 5.00cm (2 inches) | Remarks: Passable to motorcycles and cars (sedan),flood_observed,5.00cm (2 inches),5.0,5.0,Remarks: Passable to motorcycles and cars (sedan),candidate,,,2026-08-29,docs/evaluations/flood-duration-pilot-20261004,NCR-2026-08-29,,,,,,,,,,,,,docs/evaluations/flood-duration-pilot-20261004/sources/PASIG-20260829-2030.83cb52829260.txt,true,usable,usable_reported_snapshot_clock,source_reported_locality,Manggahan,usable_reported_numeric,5.0,5.0,PASIG-2026-AUG29-30,TL-fc3c9c92b4628ba6,SNAP-d70b1071cfca0387,none_flagged,,Source-linked wet claim retained; no clearance inferred.,excluded_wet_snapshot_alone_has_no_outcome,false
OBS-9050084ebdb55850,PASIG-20260829-2030,83cb52829260,https://pasigcity.gov.ph/news-and-releases/southwest-monsoon-habagat-flood-update-as-of-830-pm-of-august-29-2026-903,PASIG-2026-AUG29-30,Pasig,Manggahan,Manggahan,"Soliven St. Cor Copenhagen, Greenpark",2026-08-29T20:30:00+08:00,"As of 08:30PM | August 29, 2026",40,"9. Soliven St. Cor Copenhagen, Greenpark | Water Level: 20 cm (8 inches) | Remarks: Passable to motorcycles and cars (sedan)",flood_observed,20 cm (8 inches),,,Remarks: Passable to motorcycles and cars (sedan),candidate,,source_alternate_units_disagree,2026-08-29,docs/evaluations/flood-duration-pilot-20261004,NCR-2026-08-29,,,,,,,,,,,,,docs/evaluations/flood-duration-pilot-20261004/sources/PASIG-20260829-2030.83cb52829260.txt,true,usable,usable_reported_snapshot_clock,source_reported_locality,Manggahan,usable_reported_metric_with_rounding_qualifier,20,20,PASIG-2026-AUG29-30,TL-1aaf0fef4a7e4c67,SNAP-f80b2133be8491bc,none_flagged,,"Retain reported metric 20 cm as a qualified feature, not an exact measurement. Eight inches converts to 20.32 cm; plausible whole-centimeter rounding remains explicitly uncertain. Original conflicting-unit flag/value preserved.",excluded_wet_snapshot_alone_has_no_outcome,false
OBS-f9c79020337403d9,PASIG-20260829-2030,83cb52829260,https://pasigcity.gov.ph/news-and-releases/southwest-monsoon-habagat-flood-update-as-of-830-pm-of-august-29-2026-903,PASIG-2026-AUG29-30,Pasig,Manggahan,Manggahan,"Kingstone St. cor Parish St., Greenpark",2026-08-29T20:30:00+08:00,"As of 08:30PM | August 29, 2026",43,"10. Kingstone St. cor Parish St., Greenpark | Water Level: 20 cm (8 inches) | Remarks: Passable to motorcycles and cars (sedan)",flood_observed,20 cm (8 inches),,,Remarks: Passable to motorcycles and cars (sedan),candidate,,source_alternate_units_disagree,2026-08-29,docs/evaluations/flood-duration-pilot-20261004,NCR-2026-08-29,,,,,,,,,,,,,docs/evaluations/flood-duration-pilot-20261004/sources/PASIG-20260829-2030.83cb52829260.txt,true,usable,usable_reported_snapshot_clock,source_reported_locality,Manggahan,usable_reported_metric_with_rounding_qualifier,20,20,PASIG-2026-AUG29-30,TL-449e1d9d96624822,SNAP-91c9e31c23050c39,none_flagged,,"Retain reported metric 20 cm as a qualified feature, not an exact measurement. Eight inches converts to 20.32 cm; plausible whole-centimeter rounding remains explicitly uncertain. Original conflicting-unit flag/value preserved.",excluded_wet_snapshot_alone_has_no_outcome,false
OBS-3b7133df1d78e26b,PASIG-20260829-2030,83cb52829260,https://pasigcity.gov.ph/news-and-releases/southwest-monsoon-habagat-flood-update-as-of-830-pm-of-august-29-2026-903,PASIG-2026-AUG29-30,Pasig,Manggahan,Manggahan,Panama cor. Stockholm,2026-08-29T20:30:00+08:00,"As of 08:30PM | August 29, 2026",46,11. Panama cor. Stockholm | Water Level: 20 cm (8 inches) | Remarks: Passable to motorcycles and cars (sedan),flood_observed,20 cm (8 inches),,,Remarks: Passable to motorcycles and cars (sedan),candidate,,source_alternate_units_disagree,2026-08-29,docs/evaluations/flood-duration-pilot-20261004,NCR-2026-08-29,,,,,,,,,,,,,docs/evaluations/flood-duration-pilot-20261004/sources/PASIG-20260829-2030.83cb52829260.txt,true,usable,usable_reported_snapshot_clock,source_reported_locality,Manggahan,usable_reported_metric_with_rounding_qualifier,20,20,PASIG-2026-AUG29-30,TL-42e2ceb841b47695,SNAP-07739164bbb7e373,none_flagged,,"Retain reported metric 20 cm as a qualified feature, not an exact measurement. Eight inches converts to 20.32 cm; plausible whole-centimeter rounding remains explicitly uncertain. Original conflicting-unit flag/value preserved.",excluded_wet_snapshot_alone_has_no_outcome,false
OBS-53c2955706defee1,PASIG-20260829-2030,83cb52829260,https://pasigcity.gov.ph/news-and-releases/southwest-monsoon-habagat-flood-update-as-of-830-pm-of-august-29-2026-903,PASIG-2026-AUG29-30,Pasig,Manggahan,Manggahan,"Moscow St. cor Brazil, Greenpark",2026-08-29T20:30:00+08:00,"As of 08:30PM | August 29, 2026",49,"12. Moscow St. cor Brazil, Greenpark | Water Level: 20 cm (8 inches) | Remarks: Passable to motorcycles and cars (sedan)",flood_observed,20 cm (8 inches),,,Remarks: Passable to motorcycles and cars (sedan),candidate,,source_alternate_units_disagree,2026-08-29,docs/evaluations/flood-duration-pilot-20261004,NCR-2026-08-29,,,,,,,,,,,,,docs/evaluations/flood-duration-pilot-20261004/sources/PASIG-20260829-2030.83cb52829260.txt,true,usable,usable_reported_snapshot_clock,source_reported_locality,Manggahan,usable_reported_metric_with_rounding_qualifier,20,20,PASIG-2026-AUG29-30,TL-d7106f6de24f5f35,SNAP-3484d590a5ad5cde,none_flagged,,"Retain reported metric 20 cm as a qualified feature, not an exact measurement. Eight inches converts to 20.32 cm; plausible whole-centimeter rounding remains explicitly uncertain. Original conflicting-unit flag/value preserved.",excluded_wet_snapshot_alone_has_no_outcome,false
OBS-8dd152706a6cdde9,PASIG-20260829-2030,83cb52829260,https://pasigcity.gov.ph/news-and-releases/southwest-monsoon-habagat-flood-update-as-of-830-pm-of-august-29-2026-903,PASIG-2026-AUG29-30,Pasig,Manggahan,Manggahan,Belfast St.,2026-08-29T20:30:00+08:00,"As of 08:30PM | August 29, 2026",52,13. Belfast St. | Water Level: 20 cm (8 inches) | Remarks: Passable to motorcycles and cars (sedan),flood_observed,20 cm (8 inches),,,Remarks: Passable to motorcycles and cars (sedan),candidate,,source_alternate_units_disagree,2026-08-29,docs/evaluations/flood-duration-pilot-20261004,NCR-2026-08-29,,,,,,,,,,,,,docs/evaluations/flood-duration-pilot-20261004/sources/PASIG-20260829-2030.83cb52829260.txt,true,usable,usable_reported_snapshot_clock,source_reported_locality,Manggahan,usable_reported_metric_with_rounding_qualifier,20,20,PASIG-2026-AUG29-30,TL-a7f3dca81a8d6a76,SNAP-80f213074e7787bf,none_flagged,,"Retain reported metric 20 cm as a qualified feature, not an exact measurement. Eight inches converts to 20.32 cm; plausible whole-centimeter rounding remains explicitly uncertain. Original conflicting-unit flag/value preserved.",excluded_wet_snapshot_alone_has_no_outcome,false
OBS-f47cddde43ac8cbc,PASIG-20260829-2030,83cb52829260,https://pasigcity.gov.ph/news-and-releases/southwest-monsoon-habagat-flood-update-as-of-830-pm-of-august-29-2026-903,PASIG-2026-AUG29-30,Pasig,Manggahan,Manggahan,Rome St.,2026-08-29T20:30:00+08:00,"As of 08:30PM | August 29, 2026",55,14. Rome St. | Water Level: 20 cm (8 inches) | Remarks: Passable to motorcycles and cars (sedan),flood_observed,20 cm (8 inches),,,Remarks: Passable to motorcycles and cars (sedan),candidate,,source_alternate_units_disagree,2026-08-29,docs/evaluations/flood-duration-pilot-20261004,NCR-2026-08-29,,,,,,,,,,,,,docs/evaluations/flood-duration-pilot-20261004/sources/PASIG-20260829-2030.83cb52829260.txt,true,usable,usable_reported_snapshot_clock,source_reported_locality,Manggahan,usable_reported_metric_with_rounding_qualifier,20,20,PASIG-2026-AUG29-30,TL-91c918d54f755947,SNAP-f426797024fe4562,none_flagged,,"Retain reported metric 20 cm as a qualified feature, not an exact measurement. Eight inches converts to 20.32 cm; plausible whole-centimeter rounding remains explicitly uncertain. Original conflicting-unit flag/value preserved.",excluded_wet_snapshot_alone_has_no_outcome,false
OBS-440c06f7ffae64b3,PASIG-20260829-2030,83cb52829260,https://pasigcity.gov.ph/news-and-releases/southwest-monsoon-habagat-flood-update-as-of-830-pm-of-august-29-2026-903,PASIG-2026-AUG29-30,Pasig,Manggahan,Manggahan,Moscow,2026-08-29T20:30:00+08:00,"As of 08:30PM | August 29, 2026",58,15. Moscow | Water Level: 20 cm (8 inches) | Remarks: Passable to motorcycles and cars (sedan),flood_observed,20 cm (8 inches),,,Remarks: Passable to motorcycles and cars (sedan),candidate,,source_alternate_units_disagree,2026-08-29,docs/evaluations/flood-duration-pilot-20261004,NCR-2026-08-29,,,,,,,,,,,,,docs/evaluations/flood-duration-pilot-20261004/sources/PASIG-20260829-2030.83cb52829260.txt,true,usable,usable_reported_snapshot_clock,source_reported_locality,Manggahan,usable_reported_metric_with_rounding_qualifier,20,20,PASIG-2026-AUG29-30,TL-3f58b1a506289992,SNAP-bc47b518ba4dc5e7,none_flagged,,"Retain reported metric 20 cm as a qualified feature, not an exact measurement. Eight inches converts to 20.32 cm; plausible whole-centimeter rounding remains explicitly uncertain. Original conflicting-unit flag/value preserved.",excluded_wet_snapshot_alone_has_no_outcome,false
OBS-02ddcc95c26f6e4a,PASIG-20260829-2030,83cb52829260,https://pasigcity.gov.ph/news-and-releases/southwest-monsoon-habagat-flood-update-as-of-830-pm-of-august-29-2026-903,PASIG-2026-AUG29-30,Pasig,Manggahan,Manggahan,Kaginhawaan St. going to Felix Ave.,2026-08-29T20:30:00+08:00,"As of 08:30PM | August 29, 2026",61,16. Kaginhawaan St. going to Felix Ave. | Water Level: 10.16 cm (4 inches) | Remarks: Passable to motorcycles and cars (sedan),flood_observed,10.16 cm (4 inches),10.16,10.16,Remarks: Passable to motorcycles and cars (sedan),candidate,,,2026-08-29,docs/evaluations/flood-duration-pilot-20261004,NCR-2026-08-29,,,,,,,,,,,,,docs/evaluations/flood-duration-pilot-20261004/sources/PASIG-20260829-2030.83cb52829260.txt,true,usable,usable_reported_snapshot_clock,source_reported_locality,Manggahan,usable_reported_numeric,10.16,10.16,PASIG-2026-AUG29-30,TL-694880cc27d8cf88,SNAP-bfd703c4c75a3c7d,none_flagged,,Source-linked wet claim retained; no clearance inferred.,excluded_wet_snapshot_alone_has_no_outcome,false
OBS-5ef38a2f688ef4e5,PASIG-20260829-2030,83cb52829260,https://pasigcity.gov.ph/news-and-releases/southwest-monsoon-habagat-flood-update-as-of-830-pm-of-august-29-2026-903,PASIG-2026-AUG29-30,Pasig,Maybunga,Maybunga,F. Legaspi St.,2026-08-29T20:30:00+08:00,"As of 08:30PM | August 29, 2026",65,1. F. Legaspi St. | Water Level: 45.72 cm (18 inches) | Remarks: Not passable to motorcycles and cars (sedan),flood_observed,45.72 cm (18 inches),45.72,45.72,Remarks: Not passable to motorcycles and cars (sedan),candidate,,,2026-08-29,docs/evaluations/flood-duration-pilot-20261004,NCR-2026-08-29,,,,,,,,,,,,,docs/evaluations/flood-duration-pilot-20261004/sources/PASIG-20260829-2030.83cb52829260.txt,true,usable,usable_reported_snapshot_clock,source_reported_locality,Maybunga,usable_reported_numeric,45.72,45.72,PASIG-2026-AUG29-30,TL-71fd8deb9fd6b66e,SNAP-24da0a2e2d9c0877,none_flagged,,Source-linked wet claim retained; no clearance inferred.,excluded_wet_snapshot_alone_has_no_outcome,false
OBS-a55c8f4051228428,PASIG-20260829-2030,83cb52829260,https://pasigcity.gov.ph/news-and-releases/southwest-monsoon-habagat-flood-update-as-of-830-pm-of-august-29-2026-903,PASIG-2026-AUG29-30,Pasig,Pinagbuhatan,Pinagbuhatan,Acacia Gahit,2026-08-29T20:30:00+08:00,"As of 08:30PM | August 29, 2026",69,1. Acacia Gahit | Water Level: 15.24cm (6 inches) | Remarks: Passable to motorcycles and cars (sedan),flood_observed,15.24cm (6 inches),15.24,15.24,Remarks: Passable to motorcycles and cars (sedan),candidate,,,2026-08-29,docs/evaluations/flood-duration-pilot-20261004,NCR-2026-08-29,,,,,,,,,,,,,docs/evaluations/flood-duration-pilot-20261004/sources/PASIG-20260829-2030.83cb52829260.txt,true,usable,usable_reported_snapshot_clock,source_reported_locality,Pinagbuhatan,usable_reported_numeric,15.24,15.24,PASIG-2026-AUG29-30,TL-56878e4fb7fd95c0,SNAP-ba5ea836e0db3401,none_flagged,,Source-linked wet claim retained; no clearance inferred.,excluded_wet_snapshot_alone_has_no_outcome,false
OBS-2b6f010f613b1532,PASIG-20260829-2030,83cb52829260,https://pasigcity.gov.ph/news-and-releases/southwest-monsoon-habagat-flood-update-as-of-830-pm-of-august-29-2026-903,PASIG-2026-AUG29-30,Pasig,Pinagbuhatan,Pinagbuhatan,Molave St. (Sikat Araw),2026-08-29T20:30:00+08:00,"As of 08:30PM | August 29, 2026",72,2. Molave St. (Sikat Araw) | Water Level: 15.24cm (6 inches) | Remarks: Passable to motorcycles and cars (sedan),flood_observed,15.24cm (6 inches),15.24,15.24,Remarks: Passable to motorcycles and cars (sedan),candidate,,,2026-08-29,docs/evaluations/flood-duration-pilot-20261004,NCR-2026-08-29,,,,,,,,,,,,,docs/evaluations/flood-duration-pilot-20261004/sources/PASIG-20260829-2030.83cb52829260.txt,true,usable,usable_reported_snapshot_clock,source_reported_locality,Pinagbuhatan,usable_reported_numeric,15.24,15.24,PASIG-2026-AUG29-30,TL-1f624a57f245628e,SNAP-28f9f1eae13afc22,none_flagged,,Source-linked wet claim retained; no clearance inferred.,excluded_wet_snapshot_alone_has_no_outcome,false
OBS-b86b2fcab539335f,PASIG-20260829-2030,83cb52829260,https://pasigcity.gov.ph/news-and-releases/southwest-monsoon-habagat-flood-update-as-of-830-pm-of-august-29-2026-903,PASIG-2026-AUG29-30,Pasig,Pinagbuhatan,Pinagbuhatan,"Jupiter St., Nagpayong",2026-08-29T20:30:00+08:00,"As of 08:30PM | August 29, 2026",75,"3. Jupiter St., Nagpayong | Water Level: 60.96 cm (24 inches) | Remarks: Not passable to motorcycles and cars (sedan)",flood_observed,60.96 cm (24 inches),60.96,60.96,Remarks: Not passable to motorcycles and cars (sedan),candidate,,,2026-08-29,docs/evaluations/flood-duration-pilot-20261004,NCR-2026-08-29,,,,,,,,,,,,,docs/evaluations/flood-duration-pilot-20261004/sources/PASIG-20260829-2030.83cb52829260.txt,true,usable,usable_reported_snapshot_clock,source_reported_locality,Pinagbuhatan,usable_reported_numeric,60.96,60.96,PASIG-2026-AUG29-30,TL-9d9aaa2f18717ab6,SNAP-54248bf9f18ce250,none_flagged,,Source-linked wet claim retained; no clearance inferred.,excluded_wet_snapshot_alone_has_no_outcome,false
OBS-e3a3e70608200c3f,PASIG-20260829-2030,83cb52829260,https://pasigcity.gov.ph/news-and-releases/southwest-monsoon-habagat-flood-update-as-of-830-pm-of-august-29-2026-903,PASIG-2026-AUG29-30,Pasig,Pinagbuhatan,Pinagbuhatan,"Molave Vila Maria, Nagpayong",2026-08-29T20:30:00+08:00,"As of 08:30PM | August 29, 2026",78,"4. Molave Vila Maria, Nagpayong | Water Level: 15.24cm (6 inches) | Remarks: Passable to motorcycles and cars (sedan)",flood_observed,15.24cm (6 inches),15.24,15.24,Remarks: Passable to motorcycles and cars (sedan),candidate,,,2026-08-29,docs/evaluations/flood-duration-pilot-20261004,NCR-2026-08-29,,,,,,,,,,,,,docs/evaluations/flood-duration-pilot-20261004/sources/PASIG-20260829-2030.83cb52829260.txt,true,usable,usable_reported_snapshot_clock,source_reported_locality,Pinagbuhatan,usable_reported_numeric,15.24,15.24,PASIG-2026-AUG29-30,TL-87e4d94523ac3ad5,SNAP-e3f9cc514422be59,none_flagged,,Source-linked wet claim retained; no clearance inferred.,excluded_wet_snapshot_alone_has_no_outcome,false
OBS-1f801b5fe3e3539d,PASIG-20260829-2030,83cb52829260,https://pasigcity.gov.ph/news-and-releases/southwest-monsoon-habagat-flood-update-as-of-830-pm-of-august-29-2026-903,PASIG-2026-AUG29-30,Pasig,Pinagbuhatan,Pinagbuhatan,Caliwag St.,2026-08-29T20:30:00+08:00,"As of 08:30PM | August 29, 2026",81,5 . Caliwag St. | Water Level: 15.24cm (6 inches) | Remarks: Passable to motorcycles and cars (sedan),flood_observed,15.24cm (6 inches),15.24,15.24,Remarks: Passable to motorcycles and cars (sedan),candidate,,,2026-08-29,docs/evaluations/flood-duration-pilot-20261004,NCR-2026-08-29,,,,,,,,,,,,,docs/evaluations/flood-duration-pilot-20261004/sources/PASIG-20260829-2030.83cb52829260.txt,true,usable,usable_reported_snapshot_clock,source_reported_locality,Pinagbuhatan,usable_reported_numeric,15.24,15.24,PASIG-2026-AUG29-30,TL-a3f81c0187bd26ed,SNAP-718f4a01d21f8282,none_flagged,,Source-linked wet claim retained; no clearance inferred.,excluded_wet_snapshot_alone_has_no_outcome,false
OBS-f2ecc1174ca56fa3,PASIG-20260829-2030,83cb52829260,https://pasigcity.gov.ph/news-and-releases/southwest-monsoon-habagat-flood-update-as-of-830-pm-of-august-29-2026-903,PASIG-2026-AUG29-30,Pasig,Pinagbuhatan,Pinagbuhatan,Esguerra cor Urbano Velasco,2026-08-29T20:30:00+08:00,"As of 08:30PM | August 29, 2026",84,6. Esguerra cor Urbano Velasco | Water Level: 15.24cm (6 inches) | Remarks: Passable to motorcycles and cars (sedan),flood_observed,15.24cm (6 inches),15.24,15.24,Remarks: Passable to motorcycles and cars (sedan),candidate,,,2026-08-29,docs/evaluations/flood-duration-pilot-20261004,NCR-2026-08-29,,,,,,,,,,,,,docs/evaluations/flood-duration-pilot-20261004/sources/PASIG-20260829-2030.83cb52829260.txt,true,usable,usable_reported_snapshot_clock,source_reported_locality,Pinagbuhatan,usable_reported_numeric,15.24,15.24,PASIG-2026-AUG29-30,TL-081370a74fce23f9,SNAP-038e63692bb3b132,none_flagged,,Source-linked wet claim retained; no clearance inferred.,excluded_wet_snapshot_alone_has_no_outcome,false
OBS-72a12ccbafa8fadc,PASIG-20260829-2030,83cb52829260,https://pasigcity.gov.ph/news-and-releases/southwest-monsoon-habagat-flood-update-as-of-830-pm-of-august-29-2026-903,PASIG-2026-AUG29-30,Pasig,San Miguel,San Miguel,Villa Eusebio,2026-08-29T20:30:00+08:00,"As of 08:30PM | August 29, 2026",88,1. Villa Eusebio | Water Level: 30.48 cm (12 inches) | Remarks: Not passable to motorcycles and cars (sedan),flood_observed,30.48 cm (12 inches),30.48,30.48,Remarks: Not passable to motorcycles and cars (sedan),candidate,,,2026-08-29,docs/evaluations/flood-duration-pilot-20261004,NCR-2026-08-29,,,,,,,,,,,,,docs/evaluations/flood-duration-pilot-20261004/sources/PASIG-20260829-2030.83cb52829260.txt,true,usable,usable_reported_snapshot_clock,source_reported_locality,San Miguel,usable_reported_numeric,30.48,30.48,PASIG-2026-AUG29-30,TL-0ed40ac955f493d7,SNAP-106403b09551769b,none_flagged,,Source-linked wet claim retained; no clearance inferred.,excluded_wet_snapshot_alone_has_no_outcome,false
OBS-9e1e51cddc16771b,PASIG-20260829-2030,83cb52829260,https://pasigcity.gov.ph/news-and-releases/southwest-monsoon-habagat-flood-update-as-of-830-pm-of-august-29-2026-903,PASIG-2026-AUG29-30,Pasig,San Miguel,San Miguel,Sandoval Ave. (UNITOP),2026-08-29T20:30:00+08:00,"As of 08:30PM | August 29, 2026",91,2. Sandoval Ave. (UNITOP) | Water Level: 5 cm (2 inches) | Remarks: Passable to motorcycles and cars (sedan),flood_observed,5 cm (2 inches),5.0,5.0,Remarks: Passable to motorcycles and cars (sedan),candidate,,,2026-08-29,docs/evaluations/flood-duration-pilot-20261004,NCR-2026-08-29,,,,,,,,,,,,,docs/evaluations/flood-duration-pilot-20261004/sources/PASIG-20260829-2030.83cb52829260.txt,true,usable,usable_reported_snapshot_clock,source_reported_locality,San Miguel,usable_reported_numeric,5.0,5.0,PASIG-2026-AUG29-30,TL-637b48ca7275fc5b,SNAP-331d2635e379f266,none_flagged,,Source-linked wet claim retained; no clearance inferred.,excluded_wet_snapshot_alone_has_no_outcome,false
OBS-1afb2d10ebe909b4,PASIG-20260829-2030,83cb52829260,https://pasigcity.gov.ph/news-and-releases/southwest-monsoon-habagat-flood-update-as-of-830-pm-of-august-29-2026-903,PASIG-2026-AUG29-30,Pasig,Santolan,Santolan,Doroteo St.,2026-08-29T20:30:00+08:00,"As of 08:30PM | August 29, 2026",95,1. Doroteo St. | Water Level: 7.60 cm (3 inches) | Remarks: Passable to motorcycles and cars (sedan),flood_observed,7.60 cm (3 inches),7.6,7.6,Remarks: Passable to motorcycles and cars (sedan),candidate,,,2026-08-29,docs/evaluations/flood-duration-pilot-20261004,NCR-2026-08-29,,,,,,,,,,,,,docs/evaluations/flood-duration-pilot-20261004/sources/PASIG-20260829-2030.83cb52829260.txt,true,usable,usable_reported_snapshot_clock,source_reported_locality,Santolan,usable_reported_numeric,7.6,7.6,PASIG-2026-AUG29-30,TL-e99d9f877e5d7d15,SNAP-0b3080c5d22d64d6,none_flagged,,Source-linked wet claim retained; no clearance inferred.,excluded_wet_snapshot_alone_has_no_outcome,false
OBS-b9c5bb37940c401b,PASIG-20260829-2030,83cb52829260,https://pasigcity.gov.ph/news-and-releases/southwest-monsoon-habagat-flood-update-as-of-830-pm-of-august-29-2026-903,PASIG-2026-AUG29-30,Pasig,Santolan,Santolan,Sgt.De Leon Mayana St.,2026-08-29T20:30:00+08:00,"As of 08:30PM | August 29, 2026",98,2. Sgt.De Leon Mayana St. | Water Level: 5.00 cm (2 inches) | Remarks: Passable to motorcycles and cars (sedan),flood_observed,5.00 cm (2 inches),5.0,5.0,Remarks: Passable to motorcycles and cars (sedan),candidate,,,2026-08-29,docs/evaluations/flood-duration-pilot-20261004,NCR-2026-08-29,,,,,,,,,,,,,docs/evaluations/flood-duration-pilot-20261004/sources/PASIG-20260829-2030.83cb52829260.txt,true,usable,usable_reported_snapshot_clock,source_reported_locality,Santolan,usable_reported_numeric,5.0,5.0,PASIG-2026-AUG29-30,TL-40f9e4fcd12fb044,SNAP-f3d0c5b09545298f,none_flagged,,Source-linked wet claim retained; no clearance inferred.,excluded_wet_snapshot_alone_has_no_outcome,false
OBS-b0807d99fa79ac61,PASIG-20260829-2030,83cb52829260,https://pasigcity.gov.ph/news-and-releases/southwest-monsoon-habagat-flood-update-as-of-830-pm-of-august-29-2026-903,PASIG-2026-AUG29-30,Pasig,Santolan,Santolan,Sgt. De Leon Natasha St.,2026-08-29T20:30:00+08:00,"As of 08:30PM | August 29, 2026",101,3. Sgt. De Leon Natasha St. | Water Level: 5.00 cm (2 inches) | Remarks: Passable to motorcycles and cars (sedan),flood_observed,5.00 cm (2 inches),5.0,5.0,Remarks: Passable to motorcycles and cars (sedan),candidate,,,2026-08-29,docs/evaluations/flood-duration-pilot-20261004,NCR-2026-08-29,,,,,,,,,,,,,docs/evaluations/flood-duration-pilot-20261004/sources/PASIG-20260829-2030.83cb52829260.txt,true,usable,usable_reported_snapshot_clock,source_reported_locality,Santolan,usable_reported_numeric,5.0,5.0,PASIG-2026-AUG29-30,TL-8d7aa485fa901f6b,SNAP-f89fb1fb5fbdbe08,none_flagged,,Source-linked wet claim retained; no clearance inferred.,excluded_wet_snapshot_alone_has_no_outcome,false
OBS-7bee19ee2fd13e39,PASIG-20260829-2030,83cb52829260,https://pasigcity.gov.ph/news-and-releases/southwest-monsoon-habagat-flood-update-as-of-830-pm-of-august-29-2026-903,PASIG-2026-AUG29-30,Pasig,Santolan,Santolan,Sgt. De Leon Camia St.,2026-08-29T20:30:00+08:00,"As of 08:30PM | August 29, 2026",104,4. Sgt. De Leon Camia St. | Water Level: 5.00 cm (2 inches) | Remarks: Passable to motorcycles and cars (sedan),flood_observed,5.00 cm (2 inches),5.0,5.0,Remarks: Passable to motorcycles and cars (sedan),candidate,,,2026-08-29,docs/evaluations/flood-duration-pilot-20261004,NCR-2026-08-29,,,,,,,,,,,,,docs/evaluations/flood-duration-pilot-20261004/sources/PASIG-20260829-2030.83cb52829260.txt,true,usable,usable_reported_snapshot_clock,source_reported_locality,Santolan,usable_reported_numeric,5.0,5.0,PASIG-2026-AUG29-30,TL-0388b79da6476ddd,SNAP-d963ed2a53b4d7ad,none_flagged,,Source-linked wet claim retained; no clearance inferred.,excluded_wet_snapshot_alone_has_no_outcome,false
OBS-faf0f9e6b551e28f,PASIG-20260829-2030,83cb52829260,https://pasigcity.gov.ph/news-and-releases/southwest-monsoon-habagat-flood-update-as-of-830-pm-of-august-29-2026-903,PASIG-2026-AUG29-30,Pasig,Santolan,Santolan,Masikap St.,2026-08-29T20:30:00+08:00,"As of 08:30PM | August 29, 2026",107,5. Masikap St. | Water Level: 12.7 cm (5 inches) | Remarks: Passable to motorcycles and cars (sedan),flood_observed,12.7 cm (5 inches),12.7,12.7,Remarks: Passable to motorcycles and cars (sedan),candidate,,,2026-08-29,docs/evaluations/flood-duration-pilot-20261004,NCR-2026-08-29,,,,,,,,,,,,,docs/evaluations/flood-duration-pilot-20261004/sources/PASIG-20260829-2030.83cb52829260.txt,true,usable,usable_reported_snapshot_clock,source_reported_locality,Santolan,usable_reported_numeric,12.7,12.7,PASIG-2026-AUG29-30,TL-b7ecf786b649428a,SNAP-684788500997833b,none_flagged,,Source-linked wet claim retained; no clearance inferred.,excluded_wet_snapshot_alone_has_no_outcome,false
OBS-c93a6383b8b89b21,PASIG-20260829-2030,83cb52829260,https://pasigcity.gov.ph/news-and-releases/southwest-monsoon-habagat-flood-update-as-of-830-pm-of-august-29-2026-903,PASIG-2026-AUG29-30,Pasig,Santolan,Santolan,Rafael Rd 3,2026-08-29T20:30:00+08:00,"As of 08:30PM | August 29, 2026",110,6. Rafael Rd 3 | Water Level: 12.7 cm (5 inches) | Remarks: Passable to motorcycles and cars (sedan),flood_observed,12.7 cm (5 inches),12.7,12.7,Remarks: Passable to motorcycles and cars (sedan),candidate,,,2026-08-29,docs/evaluations/flood-duration-pilot-20261004,NCR-2026-08-29,,,,,,,,,,,,,docs/evaluations/flood-duration-pilot-20261004/sources/PASIG-20260829-2030.83cb52829260.txt,true,usable,usable_reported_snapshot_clock,source_reported_locality,Santolan,usable_reported_numeric,12.7,12.7,PASIG-2026-AUG29-30,TL-a108db90559a70ec,SNAP-ddc93df1f0fc2582,none_flagged,,Source-linked wet claim retained; no clearance inferred.,excluded_wet_snapshot_alone_has_no_outcome,false
OBS-e51fce6360b9b3be,PASIG-20260829-2030,83cb52829260,https://pasigcity.gov.ph/news-and-releases/southwest-monsoon-habagat-flood-update-as-of-830-pm-of-august-29-2026-903,PASIG-2026-AUG29-30,Pasig,Santolan,Santolan,Marcelino St.,2026-08-29T20:30:00+08:00,"As of 08:30PM | August 29, 2026",113,7. Marcelino St. | Water Level: 7.60cm (3 inches) | Remarks: Passable to motorcycles and cars (sedan),flood_observed,7.60cm (3 inches),7.6,7.6,Remarks: Passable to motorcycles and cars (sedan),candidate,,,2026-08-29,docs/evaluations/flood-duration-pilot-20261004,NCR-2026-08-29,,,,,,,,,,,,,docs/evaluations/flood-duration-pilot-20261004/sources/PASIG-20260829-2030.83cb52829260.txt,true,usable,usable_reported_snapshot_clock,source_reported_locality,Santolan,usable_reported_numeric,7.6,7.6,PASIG-2026-AUG29-30,TL-499fcd88fb253cfd,SNAP-9fcd22c131edcf98,none_flagged,,Source-linked wet claim retained; no clearance inferred.,excluded_wet_snapshot_alone_has_no_outcome,false
OBS-0b788fda06cf64fe,PASIG-20260829-2030,83cb52829260,https://pasigcity.gov.ph/news-and-releases/southwest-monsoon-habagat-flood-update-as-of-830-pm-of-august-29-2026-903,PASIG-2026-AUG29-30,Pasig,Santolan,Santolan,A. Victorino St.,2026-08-29T20:30:00+08:00,"As of 08:30PM | August 29, 2026",116,8. A. Victorino St. | Water Level: 60.96 cm (24 inches) | Remarks: Not passable to motorcycles and cars (sedan),flood_observed,60.96 cm (24 inches),60.96,60.96,Remarks: Not passable to motorcycles and cars (sedan),candidate,,,2026-08-29,docs/evaluations/flood-duration-pilot-20261004,NCR-2026-08-29,,,,,,,,,,,,,docs/evaluations/flood-duration-pilot-20261004/sources/PASIG-20260829-2030.83cb52829260.txt,true,usable,usable_reported_snapshot_clock,source_reported_locality,Santolan,usable_reported_numeric,60.96,60.96,PASIG-2026-AUG29-30,TL-ec7d315160976ee0,SNAP-9ddfab6715b23049,none_flagged,,Source-linked wet claim retained; no clearance inferred.,excluded_wet_snapshot_alone_has_no_outcome,false
OBS-da48f9c4379cd7eb,PASIG-20260829-2030,83cb52829260,https://pasigcity.gov.ph/news-and-releases/southwest-monsoon-habagat-flood-update-as-of-830-pm-of-august-29-2026-903,PASIG-2026-AUG29-30,Pasig,Santolan,Santolan,Gabriel St.,2026-08-29T20:30:00+08:00,"As of 08:30PM | August 29, 2026",119,9. Gabriel St. | Water Level: 60.96 cm (24 inches) | Remarks: Not passable to motorcycles and cars (sedan),flood_observed,60.96 cm (24 inches),60.96,60.96,Remarks: Not passable to motorcycles and cars (sedan),candidate,,,2026-08-29,docs/evaluations/flood-duration-pilot-20261004,NCR-2026-08-29,,,,,,,,,,,,,docs/evaluations/flood-duration-pilot-20261004/sources/PASIG-20260829-2030.83cb52829260.txt,true,usable,usable_reported_snapshot_clock,source_reported_locality,Santolan,usable_reported_numeric,60.96,60.96,PASIG-2026-AUG29-30,TL-8051a1d6ae013e09,SNAP-a53293fe5961dd94,none_flagged,,Source-linked wet claim retained; no clearance inferred.,excluded_wet_snapshot_alone_has_no_outcome,false
OBS-cca8efbac8861172,PASIG-20260829-2030,83cb52829260,https://pasigcity.gov.ph/news-and-releases/southwest-monsoon-habagat-flood-update-as-of-830-pm-of-august-29-2026-903,PASIG-2026-AUG29-30,Pasig,Santolan,Santolan,E. Conception St.,2026-08-29T20:30:00+08:00,"As of 08:30PM | August 29, 2026",122,10. E. Conception St. | Water Level: 60.96 cm (24 inches) | Remarks: Not passable to motorcycles and cars (sedan),flood_observed,60.96 cm (24 inches),60.96,60.96,Remarks: Not passable to motorcycles and cars (sedan),candidate,,,2026-08-29,docs/evaluations/flood-duration-pilot-20261004,NCR-2026-08-29,,,,,,,,,,,,,docs/evaluations/flood-duration-pilot-20261004/sources/PASIG-20260829-2030.83cb52829260.txt,true,usable,usable_reported_snapshot_clock,source_reported_locality,Santolan,usable_reported_numeric,60.96,60.96,PASIG-2026-AUG29-30,TL-efab35624d61a259,SNAP-04fc47c7369f3cfc,none_flagged,,Source-linked wet claim retained; no clearance inferred.,excluded_wet_snapshot_alone_has_no_outcome,false
OBS-45a2c9f4b09a1663,PASIG-20260829-2030,83cb52829260,https://pasigcity.gov.ph/news-and-releases/southwest-monsoon-habagat-flood-update-as-of-830-pm-of-august-29-2026-903,PASIG-2026-AUG29-30,Pasig,Sta Lucia,Sta. Lucia,9th Ave. Riverside Village,2026-08-29T20:30:00+08:00,"As of 08:30PM | August 29, 2026",126,1. 9th Ave. Riverside Village | Water Level: 7.60 cm (3inches) | Remarks: Passable to motorcycles and cars (sedan),flood_observed,7.60 cm (3inches),7.6,7.6,Remarks: Passable to motorcycles and cars (sedan),candidate,,,2026-08-29,docs/evaluations/flood-duration-pilot-20261004,NCR-2026-08-29,,,,,,,,,,,,,docs/evaluations/flood-duration-pilot-20261004/sources/PASIG-20260829-2030.83cb52829260.txt,true,usable,usable_reported_snapshot_clock,source_reported_locality,Sta. Lucia,usable_reported_numeric,7.6,7.6,PASIG-2026-AUG29-30,TL-638c6a7b60d75736,SNAP-84897acd7830008a,none_flagged,,Source-linked wet claim retained; no clearance inferred.,excluded_wet_snapshot_alone_has_no_outcome,false
OBS-16f9c3b6f3386a07,PASIG-20260829-2030,83cb52829260,https://pasigcity.gov.ph/news-and-releases/southwest-monsoon-habagat-flood-update-as-of-830-pm-of-august-29-2026-903,PASIG-2026-AUG29-30,Pasig,Sta Lucia,Sta. Lucia,10th Ave. Riverside Village,2026-08-29T20:30:00+08:00,"As of 08:30PM | August 29, 2026",129,2. 10th Ave. Riverside Village | Water Level: 7.60 cm (3inches) | Remarks: Passable to motorcycles and cars (sedan),flood_observed,7.60 cm (3inches),7.6,7.6,Remarks: Passable to motorcycles and cars (sedan),candidate,,,2026-08-29,docs/evaluations/flood-duration-pilot-20261004,NCR-2026-08-29,,,,,,,,,,,,,docs/evaluations/flood-duration-pilot-20261004/sources/PASIG-20260829-2030.83cb52829260.txt,true,usable,usable_reported_snapshot_clock,source_reported_locality,Sta. Lucia,usable_reported_numeric,7.6,7.6,PASIG-2026-AUG29-30,TL-0db4e9fe5b752d36,SNAP-21b71063b3724b47,none_flagged,,Source-linked wet claim retained; no clearance inferred.,excluded_wet_snapshot_alone_has_no_outcome,false
OBS-617398ae5261b346,PASIG-20260829-2030,83cb52829260,https://pasigcity.gov.ph/news-and-releases/southwest-monsoon-habagat-flood-update-as-of-830-pm-of-august-29-2026-903,PASIG-2026-AUG29-30,Pasig,Sta Lucia,Sta. Lucia,Calios Comp.,2026-08-29T20:30:00+08:00,"As of 08:30PM | August 29, 2026",132,3. Calios Comp. | Water Level: 7.60 cm (3inches) | Remarks: Passable to motorcycles and cars (sedan),flood_observed,7.60 cm (3inches),7.6,7.6,Remarks: Passable to motorcycles and cars (sedan),candidate,,,2026-08-29,docs/evaluations/flood-duration-pilot-20261004,NCR-2026-08-29,,,,,,,,,,,,,docs/evaluations/flood-duration-pilot-20261004/sources/PASIG-20260829-2030.83cb52829260.txt,true,usable,usable_reported_snapshot_clock,source_reported_locality,Sta. Lucia,usable_reported_numeric,7.6,7.6,PASIG-2026-AUG29-30,TL-34e17c48824a68be,SNAP-bd45376da0116153,none_flagged,,Source-linked wet claim retained; no clearance inferred.,excluded_wet_snapshot_alone_has_no_outcome,false
OBS-38b5c5c0de3a6aac,PASIG-20260829-2030,83cb52829260,https://pasigcity.gov.ph/news-and-releases/southwest-monsoon-habagat-flood-update-as-of-830-pm-of-august-29-2026-903,PASIG-2026-AUG29-30,Pasig,Sta Lucia,Sta. Lucia,Bagong Anyo St.,2026-08-29T20:30:00+08:00,"As of 08:30PM | August 29, 2026",135,4. Bagong Anyo St. | Water Level: 12.7 cm (5 inches) | Remarks: Passable to motorcycles and cars (sedan),flood_observed,12.7 cm (5 inches),12.7,12.7,Remarks: Passable to motorcycles and cars (sedan),candidate,,,2026-08-29,docs/evaluations/flood-duration-pilot-20261004,NCR-2026-08-29,,,,,,,,,,,,,docs/evaluations/flood-duration-pilot-20261004/sources/PASIG-20260829-2030.83cb52829260.txt,true,usable,usable_reported_snapshot_clock,source_reported_locality,Sta. Lucia,usable_reported_numeric,12.7,12.7,PASIG-2026-AUG29-30,TL-52e66337b20a91b6,SNAP-711496e105cd16f9,none_flagged,,Source-linked wet claim retained; no clearance inferred.,excluded_wet_snapshot_alone_has_no_outcome,false
OBS-588c15ae51856611,PASIG-20260829-2030,83cb52829260,https://pasigcity.gov.ph/news-and-releases/southwest-monsoon-habagat-flood-update-as-of-830-pm-of-august-29-2026-903,PASIG-2026-AUG29-30,Pasig,Sta Lucia,Sta. Lucia,Kaunluran St.,2026-08-29T20:30:00+08:00,"As of 08:30PM | August 29, 2026",138,5. Kaunluran St. | Water Level: 12.7 cm (5 inches) | Remarks: Passable to motorcycles and cars (sedan),flood_observed,12.7 cm (5 inches),12.7,12.7,Remarks: Passable to motorcycles and cars (sedan),candidate,,,2026-08-29,docs/evaluations/flood-duration-pilot-20261004,NCR-2026-08-29,,,,,,,,,,,,,docs/evaluations/flood-duration-pilot-20261004/sources/PASIG-20260829-2030.83cb52829260.txt,true,usable,usable_reported_snapshot_clock,source_reported_locality,Sta. Lucia,usable_reported_numeric,12.7,12.7,PASIG-2026-AUG29-30,TL-23acbb2bdefbc5ab,SNAP-9334167ee192f199,none_flagged,,Source-linked wet claim retained; no clearance inferred.,excluded_wet_snapshot_alone_has_no_outcome,false
OBS-81fe55f5c0c26563,PASIG-20260829-2030,83cb52829260,https://pasigcity.gov.ph/news-and-releases/southwest-monsoon-habagat-flood-update-as-of-830-pm-of-august-29-2026-903,PASIG-2026-AUG29-30,Pasig,Sta Lucia,Sta. Lucia,Bautista Comp.,2026-08-29T20:30:00+08:00,"As of 08:30PM | August 29, 2026",141,6. Bautista Comp. | Water Level: 25.4 cm (10 inches) | Remarks: Not passable to motorcycles and cars (sedan),flood_observed,25.4 cm (10 inches),25.4,25.4,Remarks: Not passable to motorcycles and cars (sedan),candidate,,,2026-08-29,docs/evaluations/flood-duration-pilot-20261004,NCR-2026-08-29,,,,,,,,,,,,,docs/evaluations/flood-duration-pilot-20261004/sources/PASIG-20260829-2030.83cb52829260.txt,true,usable,usable_reported_snapshot_clock,source_reported_locality,Sta. Lucia,usable_reported_numeric,25.4,25.4,PASIG-2026-AUG29-30,TL-7c1c40ce48648fad,SNAP-c97fe364bf1340ad,none_flagged,,Source-linked wet claim retained; no clearance inferred.,excluded_wet_snapshot_alone_has_no_outcome,false
OBS-db4c806da0405db1,PASIG-20260829-2030,83cb52829260,https://pasigcity.gov.ph/news-and-releases/southwest-monsoon-habagat-flood-update-as-of-830-pm-of-august-29-2026-903,PASIG-2026-AUG29-30,Pasig,Sta Lucia,Sta. Lucia,Tawi-tawi St.,2026-08-29T20:30:00+08:00,"As of 08:30PM | August 29, 2026",144,7. Tawi-tawi St. | Water Level: 60.96 cm (24 inches) | Remarks: Not passable to motorcycles and cars (sedan),flood_observed,60.96 cm (24 inches),60.96,60.96,Remarks: Not passable to motorcycles and cars (sedan),candidate,,,2026-08-29,docs/evaluations/flood-duration-pilot-20261004,NCR-2026-08-29,,,,,,,,,,,,,docs/evaluations/flood-duration-pilot-20261004/sources/PASIG-20260829-2030.83cb52829260.txt,true,usable,usable_reported_snapshot_clock,source_reported_locality,Sta. Lucia,usable_reported_numeric,60.96,60.96,PASIG-2026-AUG29-30,TL-b1d053a6bf717037,SNAP-7bec2a2f8c234498,none_flagged,,Source-linked wet claim retained; no clearance inferred.,excluded_wet_snapshot_alone_has_no_outcome,false
OBS-6184e265fea16fdb,PASIG-20260829-2030,83cb52829260,https://pasigcity.gov.ph/news-and-releases/southwest-monsoon-habagat-flood-update-as-of-830-pm-of-august-29-2026-903,PASIG-2026-AUG29-30,Pasig,Sta Lucia,Sta. Lucia,Morales Compound,2026-08-29T20:30:00+08:00,"As of 08:30PM | August 29, 2026",147,8. Morales Compound | Water Level: 25.4 cm (10 inches) | Remarks: Not passable to motorcycles and cars (sedan),flood_observed,25.4 cm (10 inches),25.4,25.4,Remarks: Not passable to motorcycles and cars (sedan),candidate,,,2026-08-29,docs/evaluations/flood-duration-pilot-20261004,NCR-2026-08-29,,,,,,,,,,,,,docs/evaluations/flood-duration-pilot-20261004/sources/PASIG-20260829-2030.83cb52829260.txt,true,usable,usable_reported_snapshot_clock,source_reported_locality,Sta. Lucia,usable_reported_numeric,25.4,25.4,PASIG-2026-AUG29-30,TL-b60e119da731dbab,SNAP-b968ccebdeb1d698,none_flagged,,Source-linked wet claim retained; no clearance inferred.,excluded_wet_snapshot_alone_has_no_outcome,false
OBS-57ed94777a9c8537,PASIG-20260829-2030,83cb52829260,https://pasigcity.gov.ph/news-and-releases/southwest-monsoon-habagat-flood-update-as-of-830-pm-of-august-29-2026-903,PASIG-2026-AUG29-30,Pasig,Sta Lucia,Sta. Lucia,Liamzon Subd.,2026-08-29T20:30:00+08:00,"As of 08:30PM | August 29, 2026",150,9. Liamzon Subd. | Water Level: 60.96 cm (24 inches) | Remarks: Not passable to motorcycles and cars (sedan),flood_observed,60.96 cm (24 inches),60.96,60.96,Remarks: Not passable to motorcycles and cars (sedan),candidate,,,2026-08-29,docs/evaluations/flood-duration-pilot-20261004,NCR-2026-08-29,,,,,,,,,,,,,docs/evaluations/flood-duration-pilot-20261004/sources/PASIG-20260829-2030.83cb52829260.txt,true,usable,usable_reported_snapshot_clock,source_reported_locality,Sta. Lucia,usable_reported_numeric,60.96,60.96,PASIG-2026-AUG29-30,TL-b7e8dc0fca5d44e7,SNAP-cd07f701b3d99028,none_flagged,,Source-linked wet claim retained; no clearance inferred.,excluded_wet_snapshot_alone_has_no_outcome,false
OBS-67a2b83b5151e7a8,PASIG-20260829-2030,83cb52829260,https://pasigcity.gov.ph/news-and-releases/southwest-monsoon-habagat-flood-update-as-of-830-pm-of-august-29-2026-903,PASIG-2026-AUG29-30,Pasig,Sta Lucia,Sta. Lucia,Asuzena St.,2026-08-29T20:30:00+08:00,"As of 08:30PM | August 29, 2026",153,10. Asuzena St. | Water Level: 12.7 cm (5 inches) | Remarks: Passable to motorcycles and cars (sedan),flood_observed,12.7 cm (5 inches),12.7,12.7,Remarks: Passable to motorcycles and cars (sedan),candidate,,,2026-08-29,docs/evaluations/flood-duration-pilot-20261004,NCR-2026-08-29,,,,,,,,,,,,,docs/evaluations/flood-duration-pilot-20261004/sources/PASIG-20260829-2030.83cb52829260.txt,true,usable,usable_reported_snapshot_clock,source_reported_locality,Sta. Lucia,usable_reported_numeric,12.7,12.7,PASIG-2026-AUG29-30,TL-eee0c9aaa2fd8336,SNAP-44c8287a8fa09b09,none_flagged,,Source-linked wet claim retained; no clearance inferred.,excluded_wet_snapshot_alone_has_no_outcome,false
OBS-fa6659e81843e26f,PASIG-20260829-2030,83cb52829260,https://pasigcity.gov.ph/news-and-releases/southwest-monsoon-habagat-flood-update-as-of-830-pm-of-august-29-2026-903,PASIG-2026-AUG29-30,Pasig,Sta Lucia,Sta. Lucia,Rara St.,2026-08-29T20:30:00+08:00,"As of 08:30PM | August 29, 2026",156,11. Rara St. | Water Level: 12.7 cm (5 inches) | Remarks: Passable to motorcycles and cars (sedan),flood_observed,12.7 cm (5 inches),12.7,12.7,Remarks: Passable to motorcycles and cars (sedan),candidate,,,2026-08-29,docs/evaluations/flood-duration-pilot-20261004,NCR-2026-08-29,,,,,,,,,,,,,docs/evaluations/flood-duration-pilot-20261004/sources/PASIG-20260829-2030.83cb52829260.txt,true,usable,usable_reported_snapshot_clock,source_reported_locality,Sta. Lucia,usable_reported_numeric,12.7,12.7,PASIG-2026-AUG29-30,TL-57f6fb1ba11bba72,SNAP-05f1cdc59b598db5,none_flagged,,Source-linked wet claim retained; no clearance inferred.,excluded_wet_snapshot_alone_has_no_outcome,false
OBS-1ddfe265a7abcc0d,PASIG-20260829-2030,83cb52829260,https://pasigcity.gov.ph/news-and-releases/southwest-monsoon-habagat-flood-update-as-of-830-pm-of-august-29-2026-903,PASIG-2026-AUG29-30,Pasig,Sta Lucia,Sta. Lucia,"New Society St., De Castro",2026-08-29T20:30:00+08:00,"As of 08:30PM | August 29, 2026",159,"12. New Society St., De Castro | Water Level: 60.96 cm (24 inches) | Remarks: Not passable to motorcycles and cars (sedan)",flood_observed,60.96 cm (24 inches),60.96,60.96,Remarks: Not passable to motorcycles and cars (sedan),candidate,,,2026-08-29,docs/evaluations/flood-duration-pilot-20261004,NCR-2026-08-29,,,,,,,,,,,,,docs/evaluations/flood-duration-pilot-20261004/sources/PASIG-20260829-2030.83cb52829260.txt,true,usable,usable_reported_snapshot_clock,source_reported_locality,Sta. Lucia,usable_reported_numeric,60.96,60.96,PASIG-2026-AUG29-30,TL-0ecb42b2e2a4440d,SNAP-edab1bc4c942c185,none_flagged,,Source-linked wet claim retained; no clearance inferred.,excluded_wet_snapshot_alone_has_no_outcome,false
OBS-796b1c56217cdbc1,PASIG-20260829-2030,83cb52829260,https://pasigcity.gov.ph/news-and-releases/southwest-monsoon-habagat-flood-update-as-of-830-pm-of-august-29-2026-903,PASIG-2026-AUG29-30,Pasig,Sta Lucia,Sta. Lucia,Metropolis 1,2026-08-29T20:30:00+08:00,"As of 08:30PM | August 29, 2026",162,13. Metropolis 1 | Water Level: 10.16 cm (4 inches) | Remarks: Passable to motorcycles and cars (sedan),flood_observed,10.16 cm (4 inches),10.16,10.16,Remarks: Passable to motorcycles and cars (sedan),candidate,,,2026-08-29,docs/evaluations/flood-duration-pilot-20261004,NCR-2026-08-29,,,,,,,,,,,,,docs/evaluations/flood-duration-pilot-20261004/sources/PASIG-20260829-2030.83cb52829260.txt,true,usable,usable_reported_snapshot_clock,source_reported_locality,Sta. Lucia,usable_reported_numeric,10.16,10.16,PASIG-2026-AUG29-30,TL-0e62f033cbb6894d,SNAP-68b50c6488ad92d1,none_flagged,,Source-linked wet claim retained; no clearance inferred.,excluded_wet_snapshot_alone_has_no_outcome,false
OBS-be9b1aa427654a5d,PASIG-20260829-2030,83cb52829260,https://pasigcity.gov.ph/news-and-releases/southwest-monsoon-habagat-flood-update-as-of-830-pm-of-august-29-2026-903,PASIG-2026-AUG29-30,Pasig,Sta Lucia,Sta. Lucia,Rosario 5 & 6 Masagana Ext.,2026-08-29T20:30:00+08:00,"As of 08:30PM | August 29, 2026",165,14. Rosario 5 & 6 Masagana Ext. | Water Level: 38.1 cm (15 inches) | Remarks: Not passable to motorcycles and cars (sedan),flood_observed,38.1 cm (15 inches),38.1,38.1,Remarks: Not passable to motorcycles and cars (sedan),candidate,,,2026-08-29,docs/evaluations/flood-duration-pilot-20261004,NCR-2026-08-29,,,,,,,,,,,,,docs/evaluations/flood-duration-pilot-20261004/sources/PASIG-20260829-2030.83cb52829260.txt,true,usable,usable_reported_snapshot_clock,source_reported_locality,Sta. Lucia,usable_reported_numeric,38.1,38.1,PASIG-2026-AUG29-30,TL-e8cfba063fd2988f,SNAP-0736439a7e01733a,none_flagged,,Source-linked wet claim retained; no clearance inferred.,excluded_wet_snapshot_alone_has_no_outcome,false
OBS-c98cb99ba55d1b16,PASIG-20260829-2030,83cb52829260,https://pasigcity.gov.ph/news-and-releases/southwest-monsoon-habagat-flood-update-as-of-830-pm-of-august-29-2026-903,PASIG-2026-AUG29-30,Pasig,Sta Lucia,Sta. Lucia,Maharlikha St.,2026-08-29T20:30:00+08:00,"As of 08:30PM | August 29, 2026",168,15. Maharlikha St. | Water Level: 50.8 cm (20 inches) | Remarks: Not passable to motorcycles and cars (sedan),flood_observed,50.8 cm (20 inches),50.8,50.8,Remarks: Not passable to motorcycles and cars (sedan),candidate,,,2026-08-29,docs/evaluations/flood-duration-pilot-20261004,NCR-2026-08-29,,,,,,,,,,,,,docs/evaluations/flood-duration-pilot-20261004/sources/PASIG-20260829-2030.83cb52829260.txt,true,usable,usable_reported_snapshot_clock,source_reported_locality,Sta. Lucia,usable_reported_numeric,50.8,50.8,PASIG-2026-AUG29-30,TL-de1a7901da7294d1,SNAP-deb4c8b75376a4f3,none_flagged,,Source-linked wet claim retained; no clearance inferred.,excluded_wet_snapshot_alone_has_no_outcome,false
OBS-8a0586bf0f128304,PASIG-20260829-2030,83cb52829260,https://pasigcity.gov.ph/news-and-releases/southwest-monsoon-habagat-flood-update-as-of-830-pm-of-august-29-2026-903,PASIG-2026-AUG29-30,Pasig,Sta Lucia,Sta. Lucia,Mayumi St.,2026-08-29T20:30:00+08:00,"As of 08:30PM | August 29, 2026",171,16. Mayumi St. | Water Level: 38.1 cm (15 inches) | Remarks: Not passable to motorcycles and cars (sedan),flood_observed,38.1 cm (15 inches),38.1,38.1,Remarks: Not passable to motorcycles and cars (sedan),candidate,,,2026-08-29,docs/evaluations/flood-duration-pilot-20261004,NCR-2026-08-29,,,,,,,,,,,,,docs/evaluations/flood-duration-pilot-20261004/sources/PASIG-20260829-2030.83cb52829260.txt,true,usable,usable_reported_snapshot_clock,source_reported_locality,Sta. Lucia,usable_reported_numeric,38.1,38.1,PASIG-2026-AUG29-30,TL-ee8f928885097b0a,SNAP-c9d670821c268d8a,none_flagged,,Source-linked wet claim retained; no clearance inferred.,excluded_wet_snapshot_alone_has_no_outcome,false
OBS-8bd73bbf73a6f02b,PASIG-20260829-2030,83cb52829260,https://pasigcity.gov.ph/news-and-releases/southwest-monsoon-habagat-flood-update-as-of-830-pm-of-august-29-2026-903,PASIG-2026-AUG29-30,Pasig,Sumilang,Sumilang,Katwiran St.,2026-08-29T20:30:00+08:00,"As of 08:30PM | August 29, 2026",175,1. Katwiran St. | Water Level: 12.7 cm (5 inches) | Remarks: Passable to motorcycles and cars (sedan),flood_observed,12.7 cm (5 inches),12.7,12.7,Remarks: Passable to motorcycles and cars (sedan),candidate,,,2026-08-29,docs/evaluations/flood-duration-pilot-20261004,NCR-2026-08-29,,,,,,,,,,,,,docs/evaluations/flood-duration-pilot-20261004/sources/PASIG-20260829-2030.83cb52829260.txt,true,usable,usable_reported_snapshot_clock,source_reported_locality,Sumilang,usable_reported_numeric,12.7,12.7,PASIG-2026-AUG29-30,TL-e685e98b476ffdd8,SNAP-d768470e0c0b0a68,none_flagged,,Source-linked wet claim retained; no clearance inferred.,excluded_wet_snapshot_alone_has_no_outcome,false
OBS-832f91fb886095a1,PASIG-20260829-2030,83cb52829260,https://pasigcity.gov.ph/news-and-releases/southwest-monsoon-habagat-flood-update-as-of-830-pm-of-august-29-2026-903,PASIG-2026-AUG29-30,Pasig,Sumilang,Sumilang,Magtanggol St.,2026-08-29T20:30:00+08:00,"As of 08:30PM | August 29, 2026",178,2. Magtanggol St. | Water Level: 12.7 cm (5 inches) | Remarks: Passable to motorcycles and cars (sedan),flood_observed,12.7 cm (5 inches),12.7,12.7,Remarks: Passable to motorcycles and cars (sedan),candidate,,,2026-08-29,docs/evaluations/flood-duration-pilot-20261004,NCR-2026-08-29,,,,,,,,,,,,,docs/evaluations/flood-duration-pilot-20261004/sources/PASIG-20260829-2030.83cb52829260.txt,true,usable,usable_reported_snapshot_clock,source_reported_locality,Sumilang,usable_reported_numeric,12.7,12.7,PASIG-2026-AUG29-30,TL-f6340f1f41fa77e3,SNAP-27c3d65f29c66526,none_flagged,,Source-linked wet claim retained; no clearance inferred.,excluded_wet_snapshot_alone_has_no_outcome,false
OBS-85ef363f3cf4b975,PASIG-20260829-2030,83cb52829260,https://pasigcity.gov.ph/news-and-releases/southwest-monsoon-habagat-flood-update-as-of-830-pm-of-august-29-2026-903,PASIG-2026-AUG29-30,Pasig,Sumilang,Sumilang,Dos De Julio St.,2026-08-29T20:30:00+08:00,"As of 08:30PM | August 29, 2026",181,3. Dos De Julio St. | Water Level: 12.7 cm (5 inches) | Remarks: Passable to motorcycles and cars (sedan),flood_observed,12.7 cm (5 inches),12.7,12.7,Remarks: Passable to motorcycles and cars (sedan),candidate,,,2026-08-29,docs/evaluations/flood-duration-pilot-20261004,NCR-2026-08-29,,,,,,,,,,,,,docs/evaluations/flood-duration-pilot-20261004/sources/PASIG-20260829-2030.83cb52829260.txt,true,usable,usable_reported_snapshot_clock,source_reported_locality,Sumilang,usable_reported_numeric,12.7,12.7,PASIG-2026-AUG29-30,TL-f3176d5a250ab6df,SNAP-2d152616db735282,none_flagged,,Source-linked wet claim retained; no clearance inferred.,excluded_wet_snapshot_alone_has_no_outcome,false
OBS-8dce85ed0ae538fd,GMA-20210725-796691,ac9d7a5f858b,https://www.gmanetwork.com/news/topstories/metro/796691/list-flooded-areas-in-metro-manila-on-sunday-july-25-2021/story/,NCR-2021-JUL-HABAGAT,Pasig,,,Kalusugan de la paz,2021-07-25T12:00:00+08:00,Explicit as-of clock with same-day dated publication/report context; publication clock is never onset or clearance.,24,"Pasig City, as of 12 noon | Kalusugan de la paz - Knee deep",flood_observed,Knee deep,,,,source_reviewed_candidate_not_training_admitted,,qualitative_or_missing_depth_no_numeric_conversion,2021-07-25,docs/evaluations/metro-manila-flood-duration-20261004,NCR-2021-07-25,explicit publisher city section,"""datePublished"":""2021-07-25T",24;25,GMA-20210725-796691-R0016,,,,,,,,,docs/evaluations/metro-manila-flood-duration-20261004/sources/GMA-20210725-796691.ac9d7a5f858b.txt,true,usable,usable_reported_snapshot_clock,source_reported_locality,,qualitative_only,,,PASIG-2021-JUL23-25-CANDIDATE,TL-9197c343d9adc042,SNAP-8cb241647ab4c1a9,none_flagged,,Source-linked wet claim retained; no clearance inferred.,excluded_wet_snapshot_alone_has_no_outcome,false
OBS-fc057989a33b8563,GMA-20210725-796691,ac9d7a5f858b,https://www.gmanetwork.com/news/topstories/metro/796691/list-flooded-areas-in-metro-manila-on-sunday-july-25-2021/story/,NCR-2021-JUL-HABAGAT,Pasig,,,St. Mary Manggahan,2021-07-25T12:00:00+08:00,Explicit as-of clock with same-day dated publication/report context; publication clock is never onset or clearance.,24,"Pasig City, as of 12 noon | St. Mary Manggahan - Gutter deep",flood_observed,Gutter deep,,,,source_reviewed_candidate_not_training_admitted,,qualitative_or_missing_depth_no_numeric_conversion,2021-07-25,docs/evaluations/metro-manila-flood-duration-20261004,NCR-2021-07-25,explicit publisher city section,"""datePublished"":""2021-07-25T",24;26,GMA-20210725-796691-R0017,,,,,,,,,docs/evaluations/metro-manila-flood-duration-20261004/sources/GMA-20210725-796691.ac9d7a5f858b.txt,true,usable,usable_reported_snapshot_clock,source_reported_locality,,qualitative_only,,,PASIG-2021-JUL23-25-CANDIDATE,TL-01f667e19f4c889c,SNAP-ee83c0574359d88e,none_flagged,,Source-linked wet claim retained; no clearance inferred.,excluded_wet_snapshot_alone_has_no_outcome,false
OBS-02e3f65a67acf4e4,GMA-20210723-796470,cbab2b72a552,https://www.gmanetwork.com/news/topstories/nation/796470/floods-landslides-hit-luzon-areas-amid-habagat-rains/story/,NCR-2021-JUL-HABAGAT,Pasig,,,Metroville,2021-07-23T06:00:00+08:00,Explicit as-of clock with same-day dated publication/report context; publication clock is never onset or clearance.,9,"In Pasig City, up to three inches of floodwater was reported on Metroville, PSP Avenue, St. Joseph as of 6 a.m.",flood_observed,up to 3 inches,,7.62,,source_reviewed_candidate_not_training_admitted,,shared_area_depth_upper_bound,2021-07-23,docs/evaluations/metro-manila-flood-duration-20261004,NCR-2021-07-23,explicit publisher city section,"""datePublished"":""2021-07-23T",9,GMA-20210723-796470-R0037,,,,,,,,,docs/evaluations/metro-manila-flood-duration-20261004/sources/GMA-20210723-796470.cbab2b72a552.txt,true,usable,usable_reported_snapshot_clock,source_reported_locality,,usable_shared_upper_bound_not_road_measurement,,7.62,PASIG-2021-JUL23-25-CANDIDATE,TL-56da05b707fc11b7,SNAP-1f4f29acfcd4239a,none_flagged,,Source-linked wet claim retained; no clearance inferred.,excluded_wet_snapshot_alone_has_no_outcome,false
OBS-6a1981b90025e587,GMA-20210723-796470,cbab2b72a552,https://www.gmanetwork.com/news/topstories/nation/796470/floods-landslides-hit-luzon-areas-amid-habagat-rains/story/,NCR-2021-JUL-HABAGAT,Pasig,,,PSP Avenue,2021-07-23T06:00:00+08:00,Explicit as-of clock with same-day dated publication/report context; publication clock is never onset or clearance.,9,"In Pasig City, up to three inches of floodwater was reported on Metroville, PSP Avenue, St. Joseph as of 6 a.m.",flood_observed,up to 3 inches,,7.62,,source_reviewed_candidate_not_training_admitted,,shared_area_depth_upper_bound,2021-07-23,docs/evaluations/metro-manila-flood-duration-20261004,NCR-2021-07-23,explicit publisher city section,"""datePublished"":""2021-07-23T",9,GMA-20210723-796470-R0038,,,,,,,,,docs/evaluations/metro-manila-flood-duration-20261004/sources/GMA-20210723-796470.cbab2b72a552.txt,true,usable,usable_reported_snapshot_clock,source_reported_locality,,usable_shared_upper_bound_not_road_measurement,,7.62,PASIG-2021-JUL23-25-CANDIDATE,TL-7658e476b1166816,SNAP-bf84019f520286c4,none_flagged,,Source-linked wet claim retained; no clearance inferred.,excluded_wet_snapshot_alone_has_no_outcome,false
OBS-0c395afcfd5d0b83,GMA-20210723-796470,cbab2b72a552,https://www.gmanetwork.com/news/topstories/nation/796470/floods-landslides-hit-luzon-areas-amid-habagat-rains/story/,NCR-2021-JUL-HABAGAT,Pasig,,,St. Joseph,2021-07-23T06:00:00+08:00,Explicit as-of clock with same-day dated publication/report context; publication clock is never onset or clearance.,9,"In Pasig City, up to three inches of floodwater was reported on Metroville, PSP Avenue, St. Joseph as of 6 a.m.",flood_observed,up to 3 inches,,7.62,,source_reviewed_candidate_not_training_admitted,,shared_area_depth_upper_bound,2021-07-23,docs/evaluations/metro-manila-flood-duration-20261004,NCR-2021-07-23,explicit publisher city section,"""datePublished"":""2021-07-23T",9,GMA-20210723-796470-R0039,,,,,,,,,docs/evaluations/metro-manila-flood-duration-20261004/sources/GMA-20210723-796470.cbab2b72a552.txt,true,usable,usable_reported_snapshot_clock,source_reported_locality,,usable_shared_upper_bound_not_road_measurement,,7.62,PASIG-2021-JUL23-25-CANDIDATE,TL-7791b93db2d8102b,SNAP-2cc32c318eb5863c,none_flagged,,Source-linked wet claim retained; no clearance inferred.,excluded_wet_snapshot_alone_has_no_outcome,false
OBS-ec5fcf563c793430,GMA-20220730-839934,298401874cd4,https://www.gmanetwork.com/news/topstories/world/839934/ester-enhanced-habagat-rain-floods-several-metro-manila-areas/story/,NCR-2022-JUL30-ESTER,Pasig,,,C5 Ortigas Service Road (both bounds),2022-07-30T12:44:00+08:00,Explicit as-of clock with same-day dated publication/report context; publication clock is never onset or clearance.,6,"— Official MMDA (@MMDA) July 30, 2022 | Both directions of the C5 Ortigas Service Road also had gutter-deep floods as of 12:44 p.m. But the section was also still passable to light vehicles.",flood_observed,gutter-deep,,,Both directions of the C5 Ortigas Service Road also had gutter-deep floods as of 12:44 p.m. But the section was also still passable to light vehicles.,source_reviewed_candidate_not_training_admitted,,city_from_corroborating_road_geography;street_alias_requires_review;qualitative_or_missing_depth_no_numeric_conversion,2022-07-30,docs/evaluations/metro-manila-flood-duration-20261004,NCR-2022-07-30,"City geography corroboration, not source city wording: https://pasigcity.gov.ph/news-and-releases/flood-update-as-of-0400am-july-25-2024-601 (Eagle St Cor C5 Rd Brgy Ugong); https://www.pna.gov.ph/articles/1248174 (C5/Ortigas service road in Pasig). Preserve raw road name; no training admission.","""datePublished"":""2022-07-30T",6;7,GMA-20220730-839934-R0045,,,,,,,,,docs/evaluations/metro-manila-flood-duration-20261004/sources/GMA-20220730-839934.298401874cd4.txt,true,usable,usable_reported_snapshot_clock,uncertain_section_or_alias,,qualitative_only,,,NCR-2022-JUL30-ESTER,TL-1819c83fb5709e3c,SNAP-2730d9167cf0880f,none_flagged,,Location context retained; no verified road-section correspondence.,excluded_wet_snapshot_alone_has_no_outcome,false
OBS-6c745cd6bb2fd191,GMA-20220730-839934,298401874cd4,https://www.gmanetwork.com/news/topstories/world/839934/ester-enhanced-habagat-rain-floods-several-metro-manila-areas/story/,NCR-2022-JUL30-ESTER,Pasig,,,C5 Eagle Ave (northbound),2022-07-30T13:18:00+08:00,Explicit as-of clock with same-day dated publication/report context; publication clock is never onset or clearance.,6,"— Official MMDA (@MMDA) July 30, 2022 | As of 1:18 p.m., the northbound lanes of C5 Eagle Ave had knee-deep floods and were not passable to light vehicles.",flood_observed,knee-deep,,,"As of 1:18 p.m., the northbound lanes of C5 Eagle Ave had knee-deep floods and were not passable to light vehicles.",source_reviewed_candidate_not_training_admitted,,city_from_corroborating_road_geography;street_alias_requires_review;qualitative_or_missing_depth_no_numeric_conversion,2022-07-30,docs/evaluations/metro-manila-flood-duration-20261004,NCR-2022-07-30,"City geography corroboration, not source city wording: https://pasigcity.gov.ph/news-and-releases/flood-update-as-of-0400am-july-25-2024-601 (Eagle St Cor C5 Rd Brgy Ugong); https://www.pna.gov.ph/articles/1248174 (C5/Ortigas service road in Pasig). Preserve raw road name; no training admission.","""datePublished"":""2022-07-30T",6;13,GMA-20220730-839934-R0046,,,,,,,,,docs/evaluations/metro-manila-flood-duration-20261004/sources/GMA-20220730-839934.298401874cd4.txt,true,usable,usable_reported_snapshot_clock,uncertain_section_or_alias,,qualitative_only,,,NCR-2022-JUL30-ESTER,TL-f76bbb52660f0b45,SNAP-b1650bbfead745c8,none_flagged,,Location context retained; no verified road-section correspondence.,excluded_wet_snapshot_alone_has_no_outcome,false
OBS-493d5828adea09ee,GMA-20260710-994434,bfd9d195d38c,https://www.gmanetwork.com/news/topstories/metro/994434/list-flooded-areas-in-metro-manila-on-july-10-2026/story/,NCR-2026-JUL10,Pasig,,,Valle Verde VI,2026-07-10T14:50:00+08:00,Explicit as-of clock with same-day dated publication/report context; publication clock is never onset or clearance.,15,"Earlier at 2:50 p.m., the MMDA issued a flood alert in the following areas: | Pasig City | Valle Verde VI (Outermost Lane) - Above knee level; not passable to all types of vehicles",flood_observed,(Outermost Lane) - Above knee level; not passable to all types of vehicles,,,Valle Verde VI (Outermost Lane) - Above knee level; not passable to all types of vehicles,source_reviewed_candidate_not_training_admitted,,qualitative_or_missing_depth_no_numeric_conversion,2026-07-10,docs/evaluations/metro-manila-flood-duration-20261004,NCR-2026-07-10,explicit publisher city section,"""datePublished"":""2026-07-10T",15;32;33,GMA-20260710-994434-R0223,,,,,,,,,docs/evaluations/metro-manila-flood-duration-20261004/sources/GMA-20260710-994434.bfd9d195d38c.txt,true,usable,usable_reported_snapshot_clock,source_reported_locality,,qualitative_only,,,NCR-2026-JUL10,TL-6e383b75ecac8868,SNAP-f179f628bd4235b5,none_flagged,,Source-linked wet claim retained; no clearance inferred.,excluded_wet_snapshot_alone_has_no_outcome,false
OBS-dfa46984d7886e0a,GMA-20260710-994434,bfd9d195d38c,https://www.gmanetwork.com/news/topstories/metro/994434/list-flooded-areas-in-metro-manila-on-july-10-2026/story/,NCR-2026-JUL10,Pasig,,,C5 Ortigas Valle Verde 6,2026-07-10T14:50:00+08:00,Explicit as-of clock with same-day dated publication/report context; publication clock is never onset or clearance.,15,"Earlier at 2:50 p.m., the MMDA issued a flood alert in the following areas: | Pasig City | C5 Ortigas Valle Verde 6 (southbound, innermost lane) - Above gutter level; not passable to light vehicles",flood_observed,"(southbound, innermost lane) - Above gutter level; not passable to light vehicles",,,"C5 Ortigas Valle Verde 6 (southbound, innermost lane) - Above gutter level; not passable to light vehicles",source_reviewed_candidate_not_training_admitted,,qualitative_or_missing_depth_no_numeric_conversion,2026-07-10,docs/evaluations/metro-manila-flood-duration-20261004,NCR-2026-07-10,explicit publisher city section,"""datePublished"":""2026-07-10T",15;32;34,GMA-20260710-994434-R0224,,,,,,,,,docs/evaluations/metro-manila-flood-duration-20261004/sources/GMA-20260710-994434.bfd9d195d38c.txt,true,usable,usable_reported_snapshot_clock,source_reported_locality,,qualitative_only,,,NCR-2026-JUL10,TL-973c7fa1c33fa53a,SNAP-8c9d2b12b75e0398,none_flagged,,Source-linked wet claim retained; no clearance inferred.,excluded_wet_snapshot_alone_has_no_outcome,false
OBS-b17303cc873095f3,GMA-20240902-918977,15153a2a97a3,https://www.gmanetwork.com/news/topstories/metro/918977/up-to-chest-deep-floods-hit-some-metro-manila-areas-due-to-enteng/story/,NCR-2024-SEP02-ENTENG,Pasig,,,"Kabutihan St, Brgy. Dela Paz",2024-09-02T17:00:00+08:00,Explicit as-of clock with same-day dated publication/report context; publication clock is never onset or clearance.,12,"Pasig City (as of 5 p.m.) | Kabutihan St, Brgy. Dela Paz",flood_observed,,,,,source_reviewed_candidate_not_training_admitted,,qualitative_or_missing_depth_no_numeric_conversion,2024-09-02,docs/evaluations/metro-manila-flood-duration-20261004,NCR-2024-09-02,explicit publisher city section,"""datePublished"":""2024-09-02T",12;13,GMA-20240902-918977-R0240,,,,,,,,,docs/evaluations/metro-manila-flood-duration-20261004/sources/GMA-20240902-918977.15153a2a97a3.txt,true,usable,usable_reported_snapshot_clock,source_reported_locality,,not_reported,,,PASIG-2024-SEP02-03,TL-ab0a4208a1b259a5,SNAP-bfe8785d2ace6f7a,none_flagged,,Source-linked wet claim retained; no clearance inferred.,excluded_wet_snapshot_alone_has_no_outcome,false
OBS-e14650e2e8196c0e,GMA-20240902-918977,15153a2a97a3,https://www.gmanetwork.com/news/topstories/metro/918977/up-to-chest-deep-floods-hit-some-metro-manila-areas-due-to-enteng/story/,NCR-2024-SEP02-ENTENG,Pasig,,,"Karangalan Gate 1 to Gate 5, Brgy. Manggahan",2024-09-02T17:00:00+08:00,Explicit as-of clock with same-day dated publication/report context; publication clock is never onset or clearance.,12,"Pasig City (as of 5 p.m.) | Karangalan Gate 1 to Gate 5, Brgy. Manggahan",flood_observed,,,,,source_reviewed_candidate_not_training_admitted,,qualitative_or_missing_depth_no_numeric_conversion,2024-09-02,docs/evaluations/metro-manila-flood-duration-20261004,NCR-2024-09-02,explicit publisher city section,"""datePublished"":""2024-09-02T",12;14,GMA-20240902-918977-R0241,,,,,,,,,docs/evaluations/metro-manila-flood-duration-20261004/sources/GMA-20240902-918977.15153a2a97a3.txt,true,usable,usable_reported_snapshot_clock,source_reported_locality,,not_reported,,,PASIG-2024-SEP02-03,TL-d182009c6ea46b4d,SNAP-70c3d5b9f3194452,none_flagged,,Source-linked wet claim retained; no clearance inferred.,excluded_wet_snapshot_alone_has_no_outcome,false
OBS-fb23e7c13c450f13,GMA-20240902-918977,15153a2a97a3,https://www.gmanetwork.com/news/topstories/metro/918977/up-to-chest-deep-floods-hit-some-metro-manila-areas-due-to-enteng/story/,NCR-2024-SEP02-ENTENG,Pasig,,,"Infant Jesus St., Metroville, Brgy. Manggahan",2024-09-02T17:00:00+08:00,Explicit as-of clock with same-day dated publication/report context; publication clock is never onset or clearance.,12,"Pasig City (as of 5 p.m.) | Infant Jesus St., Metroville, Brgy. Manggahan",flood_observed,,,,,source_reviewed_candidate_not_training_admitted,,qualitative_or_missing_depth_no_numeric_conversion,2024-09-02,docs/evaluations/metro-manila-flood-duration-20261004,NCR-2024-09-02,explicit publisher city section,"""datePublished"":""2024-09-02T",12;15,GMA-20240902-918977-R0242,,,,,,,,,docs/evaluations/metro-manila-flood-duration-20261004/sources/GMA-20240902-918977.15153a2a97a3.txt,true,usable,usable_reported_snapshot_clock,source_reported_locality,,not_reported,,,PASIG-2024-SEP02-03,TL-5e681ef2a68abbda,SNAP-b66bc879222b969f,none_flagged,,Source-linked wet claim retained; no clearance inferred.,excluded_wet_snapshot_alone_has_no_outcome,false
OBS-0554751b6f33336d,GMA-20260817-998778,f746dffb4918,https://www.gmanetwork.com/news/topstories/metro/998778/list-flooded-roads-in-metro-manila-on-monday-morning/story/,NCR-2026-AUG17-18,Pasig,Bagong Ilog,Bagong Ilog,E. Mejia,2026-08-17T20:30:00+08:00,Explicit as-of clock with same-day dated publication/report context; publication clock is never onset or clearance.,28,Pasig City | Barangay Bagong Ilog | E. Mejia | Water Level: 12 cm (4.72 inches) | Passable to motorcycles and cars (sedan) | As of 8:30 p.m. city government posted the status of the flooding in some areas:,flood_observed,12 cm (4.72 inches),12.0,12.0,Passable to motorcycles and cars (sedan),source_reviewed_candidate_not_training_admitted,,,2026-08-17,docs/evaluations/metro-manila-flood-duration-20261004,NCR-2026-08-17,explicit publisher city section,"""datePublished"":""2026-08-17T",28;29;30;31;32;33,GMA-20260817-998778-R0248,,,,,,,,,docs/evaluations/metro-manila-flood-duration-20261004/sources/GMA-20260817-998778.f746dffb4918.txt,true,usable,usable_reported_snapshot_clock,source_reported_locality,Bagong Ilog,usable_reported_numeric,12.0,12.0,PASIG-2026-AUG17-18,TL-673cf89fe83b9e0c,SNAP-d235cb716e961596,none_flagged,,Source-linked wet claim retained; no clearance inferred.,excluded_wet_snapshot_alone_has_no_outcome,false
OBS-77365c8b5f4f7fed,GMA-20260817-998778,f746dffb4918,https://www.gmanetwork.com/news/topstories/metro/998778/list-flooded-roads-in-metro-manila-on-monday-morning/story/,NCR-2026-AUG17-18,Pasig,Bagong Ilog,Bagong Ilog,Felipe Pike St.,2026-08-17T20:30:00+08:00,Explicit as-of clock with same-day dated publication/report context; publication clock is never onset or clearance.,28,Pasig City | Barangay Bagong Ilog | Felipe Pike St. | Water Level: 12 cm (4.72 inches) | Passable to motorcycles and cars (sedan) | As of 8:30 p.m. city government posted the status of the flooding in some areas:,flood_observed,12 cm (4.72 inches),12.0,12.0,Passable to motorcycles and cars (sedan),source_reviewed_candidate_not_training_admitted,,,2026-08-17,docs/evaluations/metro-manila-flood-duration-20261004,NCR-2026-08-17,explicit publisher city section,"""datePublished"":""2026-08-17T",28;29;30;34;35;36,GMA-20260817-998778-R0249,,,,,,,,,docs/evaluations/metro-manila-flood-duration-20261004/sources/GMA-20260817-998778.f746dffb4918.txt,true,usable,usable_reported_snapshot_clock,source_reported_locality,Bagong Ilog,usable_reported_numeric,12.0,12.0,PASIG-2026-AUG17-18,TL-c1aea3df4179158c,SNAP-3e2d442436562228,none_flagged,,Source-linked wet claim retained; no clearance inferred.,excluded_wet_snapshot_alone_has_no_outcome,false
OBS-509db871de008473,GMA-20260817-998778,f746dffb4918,https://www.gmanetwork.com/news/topstories/metro/998778/list-flooded-roads-in-metro-manila-on-monday-morning/story/,NCR-2026-AUG17-18,Pasig,Bagong Ilog,Bagong Ilog,Yakal St.,2026-08-17T20:30:00+08:00,Explicit as-of clock with same-day dated publication/report context; publication clock is never onset or clearance.,28,Pasig City | Barangay Bagong Ilog | Yakal St. | Water Level: 12 cm (4.72 inches) | Passable to motorcycles and cars (sedan) | As of 8:30 p.m. city government posted the status of the flooding in some areas:,flood_observed,12 cm (4.72 inches),12.0,12.0,Passable to motorcycles and cars (sedan),source_reviewed_candidate_not_training_admitted,,,2026-08-17,docs/evaluations/metro-manila-flood-duration-20261004,NCR-2026-08-17,explicit publisher city section,"""datePublished"":""2026-08-17T",28;29;30;37;38;39,GMA-20260817-998778-R0250,,,,,,,,,docs/evaluations/metro-manila-flood-duration-20261004/sources/GMA-20260817-998778.f746dffb4918.txt,true,usable,usable_reported_snapshot_clock,source_reported_locality,Bagong Ilog,usable_reported_numeric,12.0,12.0,PASIG-2026-AUG17-18,TL-006e1bb31234c9c4,SNAP-95614c41fadf0045,none_flagged,,Source-linked wet claim retained; no clearance inferred.,excluded_wet_snapshot_alone_has_no_outcome,false
OBS-2c5d90329491e205,GMA-20260817-998778,f746dffb4918,https://www.gmanetwork.com/news/topstories/metro/998778/list-flooded-roads-in-metro-manila-on-monday-morning/story/,NCR-2026-AUG17-18,Pasig,Bagong Ilog,Bagong Ilog,Lanite St.,2026-08-17T20:30:00+08:00,Explicit as-of clock with same-day dated publication/report context; publication clock is never onset or clearance.,28,Pasig City | Barangay Bagong Ilog | Lanite St. | Water Level: 12 cm (4.72 inches) | Passable to motorcycles and cars (sedan) | As of 8:30 p.m. city government posted the status of the flooding in some areas:,flood_observed,12 cm (4.72 inches),12.0,12.0,Passable to motorcycles and cars (sedan),source_reviewed_candidate_not_training_admitted,,,2026-08-17,docs/evaluations/metro-manila-flood-duration-20261004,NCR-2026-08-17,explicit publisher city section,"""datePublished"":""2026-08-17T",28;29;30;40;41;42,GMA-20260817-998778-R0251,,,,,,,,,docs/evaluations/metro-manila-flood-duration-20261004/sources/GMA-20260817-998778.f746dffb4918.txt,true,usable,usable_reported_snapshot_clock,source_reported_locality,Bagong Ilog,usable_reported_numeric,12.0,12.0,PASIG-2026-AUG17-18,TL-a39f01d41f9ebcb2,SNAP-6bbeb883ff0a1746,none_flagged,,Source-linked wet claim retained; no clearance inferred.,excluded_wet_snapshot_alone_has_no_outcome,false
OBS-5ef6770e7aa76157,GMA-20260817-998778,f746dffb4918,https://www.gmanetwork.com/news/topstories/metro/998778/list-flooded-roads-in-metro-manila-on-monday-morning/story/,NCR-2026-AUG17-18,Pasig,Bagong Ilog,Bagong Ilog,Canley Road St.,2026-08-17T20:30:00+08:00,Explicit as-of clock with same-day dated publication/report context; publication clock is never onset or clearance.,28,Pasig City | Barangay Bagong Ilog | Canley Road St. | Water Level: 12 cm (4.72 inches) | Passable to motorcycles and cars (sedan) | As of 8:30 p.m. city government posted the status of the flooding in some areas:,flood_observed,12 cm (4.72 inches),12.0,12.0,Passable to motorcycles and cars (sedan),source_reviewed_candidate_not_training_admitted,,,2026-08-17,docs/evaluations/metro-manila-flood-duration-20261004,NCR-2026-08-17,explicit publisher city section,"""datePublished"":""2026-08-17T",28;29;30;43;44;45,GMA-20260817-998778-R0252,,,,,,,,,docs/evaluations/metro-manila-flood-duration-20261004/sources/GMA-20260817-998778.f746dffb4918.txt,true,usable,usable_reported_snapshot_clock,source_reported_locality,Bagong Ilog,usable_reported_numeric,12.0,12.0,PASIG-2026-AUG17-18,TL-a2fc2eb8432d52c3,SNAP-ef01868ff534f6ef,none_flagged,,Source-linked wet claim retained; no clearance inferred.,excluded_wet_snapshot_alone_has_no_outcome,false
OBS-57b8b851b0e48ff2,GMA-20260817-998778,f746dffb4918,https://www.gmanetwork.com/news/topstories/metro/998778/list-flooded-roads-in-metro-manila-on-monday-morning/story/,NCR-2026-AUG17-18,Pasig,Bagong Katipunan,Bagong Katipunan,A. Bonifacio St.,2026-08-17T20:30:00+08:00,Explicit as-of clock with same-day dated publication/report context; publication clock is never onset or clearance.,28,Pasig City | Barangay Bagong Katipunan | A. Bonifacio St. | Water Level: 10.16 cm (4 inches) | Passable to motorcycles and cars (sedan) | As of 8:30 p.m. city government posted the status of the flooding in some areas:,flood_observed,10.16 cm (4 inches),10.16,10.16,Passable to motorcycles and cars (sedan),source_reviewed_candidate_not_training_admitted,,,2026-08-17,docs/evaluations/metro-manila-flood-duration-20261004,NCR-2026-08-17,explicit publisher city section,"""datePublished"":""2026-08-17T",28;29;46;47;48;49,GMA-20260817-998778-R0253,,,,,,,,,docs/evaluations/metro-manila-flood-duration-20261004/sources/GMA-20260817-998778.f746dffb4918.txt,true,usable,usable_reported_snapshot_clock,source_reported_locality,Bagong Katipunan,usable_reported_numeric,10.16,10.16,PASIG-2026-AUG17-18,TL-fdd4a279346e1a19,SNAP-ad7b8197e4351d66,none_flagged,,Source-linked wet claim retained; no clearance inferred.,excluded_wet_snapshot_alone_has_no_outcome,false
OBS-ca955cbf0a76b396,GMA-20260817-998778,f746dffb4918,https://www.gmanetwork.com/news/topstories/metro/998778/list-flooded-roads-in-metro-manila-on-monday-morning/story/,NCR-2026-AUG17-18,Pasig,dela Paz,dela Paz,Katipiran C Yap Compound,2026-08-17T20:30:00+08:00,Explicit as-of clock with same-day dated publication/report context; publication clock is never onset or clearance.,28,Pasig City | Barangay dela Paz | Katipiran C Yap Compound | Water Level: 91.44 cm (36 inches) | Not passable to motorcycles and cars (sedan) | As of 8:30 p.m. city government posted the status of the flooding in some areas:,flood_observed,91.44 cm (36 inches),91.44,91.44,Not passable to motorcycles and cars (sedan),source_reviewed_candidate_not_training_admitted,,,2026-08-17,docs/evaluations/metro-manila-flood-duration-20261004,NCR-2026-08-17,explicit publisher city section,"""datePublished"":""2026-08-17T",28;29;50;51;52;53,GMA-20260817-998778-R0254,,,,,,,,,docs/evaluations/metro-manila-flood-duration-20261004/sources/GMA-20260817-998778.f746dffb4918.txt,true,usable,usable_reported_snapshot_clock,source_reported_locality,dela Paz,usable_reported_numeric,91.44,91.44,PASIG-2026-AUG17-18,TL-52e35c87a76c696a,SNAP-eeee5c7478fa4929,none_flagged,,Source-linked wet claim retained; no clearance inferred.,excluded_wet_snapshot_alone_has_no_outcome,false
OBS-c6523e52514cff43,GMA-20260817-998778,f746dffb4918,https://www.gmanetwork.com/news/topstories/metro/998778/list-flooded-roads-in-metro-manila-on-monday-morning/story/,NCR-2026-AUG17-18,Pasig,Palatiw,Palatiw,E. Santos (Verbum),2026-08-17T20:30:00+08:00,Explicit as-of clock with same-day dated publication/report context; publication clock is never onset or clearance.,28,Pasig City | Barangay Palatiw | E. Santos (Verbum) | Water Level: 12 cm (4.72 inches) | Passable to motorcycles and cars (sedan) | As of 8:30 p.m. city government posted the status of the flooding in some areas:,flood_observed,12 cm (4.72 inches),12.0,12.0,Passable to motorcycles and cars (sedan),source_reviewed_candidate_not_training_admitted,,,2026-08-17,docs/evaluations/metro-manila-flood-duration-20261004,NCR-2026-08-17,explicit publisher city section,"""datePublished"":""2026-08-17T",28;29;54;55;56;57,GMA-20260817-998778-R0255,,,,,,,,,docs/evaluations/metro-manila-flood-duration-20261004/sources/GMA-20260817-998778.f746dffb4918.txt,true,usable,usable_reported_snapshot_clock,source_reported_locality,Palatiw,usable_reported_numeric,12.0,12.0,PASIG-2026-AUG17-18,TL-c34353e3e35d05e5,SNAP-55bec828bb5b02d1,none_flagged,,Source-linked wet claim retained; no clearance inferred.,excluded_wet_snapshot_alone_has_no_outcome,false
OBS-d5ac98c7a0a442a5,GMA-20260817-998778,f746dffb4918,https://www.gmanetwork.com/news/topstories/metro/998778/list-flooded-roads-in-metro-manila-on-monday-morning/story/,NCR-2026-AUG17-18,Pasig,Palatiw,Palatiw,F. Soriano - Bolante,2026-08-17T20:30:00+08:00,Explicit as-of clock with same-day dated publication/report context; publication clock is never onset or clearance.,28,Pasig City | Barangay Palatiw | F. Soriano - Bolante | Water Level: 10.16 cm (4 inches) | Passable to motorcycles and cars (sedan) | As of 8:30 p.m. city government posted the status of the flooding in some areas:,flood_observed,10.16 cm (4 inches),10.16,10.16,Passable to motorcycles and cars (sedan),source_reviewed_candidate_not_training_admitted,,,2026-08-17,docs/evaluations/metro-manila-flood-duration-20261004,NCR-2026-08-17,explicit publisher city section,"""datePublished"":""2026-08-17T",28;29;54;58;59;60,GMA-20260817-998778-R0256,,,,,,,,,docs/evaluations/metro-manila-flood-duration-20261004/sources/GMA-20260817-998778.f746dffb4918.txt,true,usable,usable_reported_snapshot_clock,source_reported_locality,Palatiw,usable_reported_numeric,10.16,10.16,PASIG-2026-AUG17-18,TL-d9de63abf43f2b99,SNAP-5ed978ac5f4a1021,none_flagged,,Source-linked wet claim retained; no clearance inferred.,excluded_wet_snapshot_alone_has_no_outcome,false
OBS-972d6972519e6c95,GMA-20260817-998778,f746dffb4918,https://www.gmanetwork.com/news/topstories/metro/998778/list-flooded-roads-in-metro-manila-on-monday-morning/story/,NCR-2026-AUG17-18,Pasig,Palatiw,Palatiw,F. Soriano (all the way to Bolante),2026-08-17T20:30:00+08:00,Explicit as-of clock with same-day dated publication/report context; publication clock is never onset or clearance.,28,Pasig City | Barangay Palatiw | F. Soriano (all the way to Bolante) | Water Level: 10 cm (4 inches) | Passable to motorcycles and cars (sedan) | As of 8:30 p.m. city government posted the status of the flooding in some areas:,flood_observed,10 cm (4 inches),10.0,10.0,Passable to motorcycles and cars (sedan),source_reviewed_candidate_not_training_admitted,,,2026-08-17,docs/evaluations/metro-manila-flood-duration-20261004,NCR-2026-08-17,explicit publisher city section,"""datePublished"":""2026-08-17T",28;29;54;61;62;63,GMA-20260817-998778-R0257,,,,,,,,,docs/evaluations/metro-manila-flood-duration-20261004/sources/GMA-20260817-998778.f746dffb4918.txt,true,usable,usable_reported_snapshot_clock,source_reported_locality,Palatiw,usable_reported_numeric,10.0,10.0,PASIG-2026-AUG17-18,TL-2f1b73a45b145e1c,SNAP-eb0a584df8dccd6a,none_flagged,,Source-linked wet claim retained; no clearance inferred.,excluded_wet_snapshot_alone_has_no_outcome,false
OBS-e8b2f125feb9cf58,GMA-20260817-998778,f746dffb4918,https://www.gmanetwork.com/news/topstories/metro/998778/list-flooded-roads-in-metro-manila-on-monday-morning/story/,NCR-2026-AUG17-18,Pasig,Manggahan,Manggahan,F. Pasco Ave Metroville,2026-08-17T20:30:00+08:00,Explicit as-of clock with same-day dated publication/report context; publication clock is never onset or clearance.,28,Pasig City | Barangay Manggahan | F. Pasco Ave Metroville | Water Level: 7.62 cm (3 inches) | Passable to motorcycles and cars (sedan) | As of 8:30 p.m. city government posted the status of the flooding in some areas:,flood_observed,7.62 cm (3 inches),7.62,7.62,Passable to motorcycles and cars (sedan),source_reviewed_candidate_not_training_admitted,,,2026-08-17,docs/evaluations/metro-manila-flood-duration-20261004,NCR-2026-08-17,explicit publisher city section,"""datePublished"":""2026-08-17T",28;29;64;65;66;67,GMA-20260817-998778-R0258,,,,,,,,,docs/evaluations/metro-manila-flood-duration-20261004/sources/GMA-20260817-998778.f746dffb4918.txt,true,usable,usable_reported_snapshot_clock,source_reported_locality,Manggahan,usable_reported_numeric,7.62,7.62,PASIG-2026-AUG17-18,TL-815bd450e1d72349,SNAP-7e1b122afed843e1,none_flagged,,Source-linked wet claim retained; no clearance inferred.,excluded_wet_snapshot_alone_has_no_outcome,false
OBS-d54d7f627a526a4b,GMA-20260817-998778,f746dffb4918,https://www.gmanetwork.com/news/topstories/metro/998778/list-flooded-roads-in-metro-manila-on-monday-morning/story/,NCR-2026-AUG17-18,Pasig,Manggahan,Manggahan,Infant Jesus St,2026-08-17T20:30:00+08:00,Explicit as-of clock with same-day dated publication/report context; publication clock is never onset or clearance.,28,Pasig City | Barangay Manggahan | Infant Jesus St | Water Level: 7.62cm (3 inches) | Passable to motorcycles and cars (sedan) | As of 8:30 p.m. city government posted the status of the flooding in some areas:,flood_observed,7.62cm (3 inches),7.62,7.62,Passable to motorcycles and cars (sedan),source_reviewed_candidate_not_training_admitted,,,2026-08-17,docs/evaluations/metro-manila-flood-duration-20261004,NCR-2026-08-17,explicit publisher city section,"""datePublished"":""2026-08-17T",28;29;64;68;69;70,GMA-20260817-998778-R0259,,,,,,,,,docs/evaluations/metro-manila-flood-duration-20261004/sources/GMA-20260817-998778.f746dffb4918.txt,true,usable,usable_reported_snapshot_clock,source_reported_locality,Manggahan,usable_reported_numeric,7.62,7.62,PASIG-2026-AUG17-18,TL-3cb92b66ce44c62e,SNAP-8d8b69c28c6e2670,none_flagged,,Source-linked wet claim retained; no clearance inferred.,excluded_wet_snapshot_alone_has_no_outcome,false
OBS-8ac52dad97127474,GMA-20260817-998778,f746dffb4918,https://www.gmanetwork.com/news/topstories/metro/998778/list-flooded-roads-in-metro-manila-on-monday-morning/story/,NCR-2026-AUG17-18,Pasig,Manggahan,Manggahan,Kabayanihan St.,2026-08-17T20:30:00+08:00,Explicit as-of clock with same-day dated publication/report context; publication clock is never onset or clearance.,28,Pasig City | Barangay Manggahan | Kabayanihan St. | Water Level: 12.7cm (5 inches) | Passable to motorcycles and cars (sedan) | As of 8:30 p.m. city government posted the status of the flooding in some areas:,flood_observed,12.7cm (5 inches),12.7,12.7,Passable to motorcycles and cars (sedan),source_reviewed_candidate_not_training_admitted,,,2026-08-17,docs/evaluations/metro-manila-flood-duration-20261004,NCR-2026-08-17,explicit publisher city section,"""datePublished"":""2026-08-17T",28;29;64;71;72;73,GMA-20260817-998778-R0260,,,,,,,,,docs/evaluations/metro-manila-flood-duration-20261004/sources/GMA-20260817-998778.f746dffb4918.txt,true,usable,usable_reported_snapshot_clock,source_reported_locality,Manggahan,usable_reported_numeric,12.7,12.7,PASIG-2026-AUG17-18,TL-7e5c6eab2ddabd8a,SNAP-cea114decb2dab57,none_flagged,,Source-linked wet claim retained; no clearance inferred.,excluded_wet_snapshot_alone_has_no_outcome,false
OBS-39c2550d7f3bc97b,GMA-20260817-998778,f746dffb4918,https://www.gmanetwork.com/news/topstories/metro/998778/list-flooded-roads-in-metro-manila-on-monday-morning/story/,NCR-2026-AUG17-18,Pasig,Manggahan,Manggahan,Karikitan St.,2026-08-17T20:30:00+08:00,Explicit as-of clock with same-day dated publication/report context; publication clock is never onset or clearance.,28,Pasig City | Barangay Manggahan | Karikitan St. | Water Level: 12.7cm (5 inches) | Passable to motorcycles and cars (sedan) | As of 8:30 p.m. city government posted the status of the flooding in some areas:,flood_observed,12.7cm (5 inches),12.7,12.7,Passable to motorcycles and cars (sedan),source_reviewed_candidate_not_training_admitted,,,2026-08-17,docs/evaluations/metro-manila-flood-duration-20261004,NCR-2026-08-17,explicit publisher city section,"""datePublished"":""2026-08-17T",28;29;64;74;75;76,GMA-20260817-998778-R0261,,,,,,,,,docs/evaluations/metro-manila-flood-duration-20261004/sources/GMA-20260817-998778.f746dffb4918.txt,true,usable,usable_reported_snapshot_clock,source_reported_locality,Manggahan,usable_reported_numeric,12.7,12.7,PASIG-2026-AUG17-18,TL-8f723f8191d48d93,SNAP-2e0eeee5861dd846,none_flagged,,Source-linked wet claim retained; no clearance inferred.,excluded_wet_snapshot_alone_has_no_outcome,false
OBS-c98cec2d054985dc,GMA-20260817-998778,f746dffb4918,https://www.gmanetwork.com/news/topstories/metro/998778/list-flooded-roads-in-metro-manila-on-monday-morning/story/,NCR-2026-AUG17-18,Pasig,Manggahan,Manggahan,Katiyagaan St.,2026-08-17T20:30:00+08:00,Explicit as-of clock with same-day dated publication/report context; publication clock is never onset or clearance.,28,Pasig City | Barangay Manggahan | Katiyagaan St. | Water Level: 12.7cm (5 inches) | Passable to motorcycles and cars (sedan) | As of 8:30 p.m. city government posted the status of the flooding in some areas:,flood_observed,12.7cm (5 inches),12.7,12.7,Passable to motorcycles and cars (sedan),source_reviewed_candidate_not_training_admitted,,,2026-08-17,docs/evaluations/metro-manila-flood-duration-20261004,NCR-2026-08-17,explicit publisher city section,"""datePublished"":""2026-08-17T",28;29;64;77;78;79,GMA-20260817-998778-R0262,,,,,,,,,docs/evaluations/metro-manila-flood-duration-20261004/sources/GMA-20260817-998778.f746dffb4918.txt,true,usable,usable_reported_snapshot_clock,source_reported_locality,Manggahan,usable_reported_numeric,12.7,12.7,PASIG-2026-AUG17-18,TL-a32013d5e8ae7583,SNAP-bf5b37e556e3ef48,none_flagged,,Source-linked wet claim retained; no clearance inferred.,excluded_wet_snapshot_alone_has_no_outcome,false
OBS-5a58036dc6db9745,GMA-20260817-998778,f746dffb4918,https://www.gmanetwork.com/news/topstories/metro/998778/list-flooded-roads-in-metro-manila-on-monday-morning/story/,NCR-2026-AUG17-18,Pasig,Manggahan,Manggahan,Iglesia going to Greenpark St.,2026-08-17T20:30:00+08:00,Explicit as-of clock with same-day dated publication/report context; publication clock is never onset or clearance.,28,Pasig City | Barangay Manggahan | Iglesia going to Greenpark St. | Water Level: 7.62cm (3 inches) | Passable to motorcycles and cars (sedan) | As of 8:30 p.m. city government posted the status of the flooding in some areas:,flood_observed,7.62cm (3 inches),7.62,7.62,Passable to motorcycles and cars (sedan),source_reviewed_candidate_not_training_admitted,,,2026-08-17,docs/evaluations/metro-manila-flood-duration-20261004,NCR-2026-08-17,explicit publisher city section,"""datePublished"":""2026-08-17T",28;29;64;80;81;82,GMA-20260817-998778-R0263,,,,,,,,,docs/evaluations/metro-manila-flood-duration-20261004/sources/GMA-20260817-998778.f746dffb4918.txt,true,usable,usable_reported_snapshot_clock,source_reported_locality,Manggahan,usable_reported_numeric,7.62,7.62,PASIG-2026-AUG17-18,TL-aef8c8d2730b8d4b,SNAP-6aae05d4b4e6e002,none_flagged,,Source-linked wet claim retained; no clearance inferred.,excluded_wet_snapshot_alone_has_no_outcome,false
OBS-0b81aecc0d12865a,GMA-20260817-998778,f746dffb4918,https://www.gmanetwork.com/news/topstories/metro/998778/list-flooded-roads-in-metro-manila-on-monday-morning/story/,NCR-2026-AUG17-18,Pasig,Manggahan,Manggahan,Soliven Ave.,2026-08-17T20:30:00+08:00,Explicit as-of clock with same-day dated publication/report context; publication clock is never onset or clearance.,28,Pasig City | Barangay Manggahan | Soliven Ave. | Water Level: 12.7cm (5 inches) | Passable to motorcycles and cars (sedan) | As of 8:30 p.m. city government posted the status of the flooding in some areas:,flood_observed,12.7cm (5 inches),12.7,12.7,Passable to motorcycles and cars (sedan),source_reviewed_candidate_not_training_admitted,,,2026-08-17,docs/evaluations/metro-manila-flood-duration-20261004,NCR-2026-08-17,explicit publisher city section,"""datePublished"":""2026-08-17T",28;29;64;83;84;85,GMA-20260817-998778-R0264,,,,,,,,,docs/evaluations/metro-manila-flood-duration-20261004/sources/GMA-20260817-998778.f746dffb4918.txt,true,usable,usable_reported_snapshot_clock,source_reported_locality,Manggahan,usable_reported_numeric,12.7,12.7,PASIG-2026-AUG17-18,TL-e1448bafc89234f9,SNAP-afffe644387e06fa,none_flagged,,Source-linked wet claim retained; no clearance inferred.,excluded_wet_snapshot_alone_has_no_outcome,false
OBS-6f5c8df48d2e9447,GMA-20260817-998778,f746dffb4918,https://www.gmanetwork.com/news/topstories/metro/998778/list-flooded-roads-in-metro-manila-on-monday-morning/story/,NCR-2026-AUG17-18,Pasig,Manggahan,Manggahan,Prague St,2026-08-17T20:30:00+08:00,Explicit as-of clock with same-day dated publication/report context; publication clock is never onset or clearance.,28,Pasig City | Barangay Manggahan | Prague St | Water Level: 12.7cm (5 inches) | Passable to motorcycles and cars (sedan) | As of 8:30 p.m. city government posted the status of the flooding in some areas:,flood_observed,12.7cm (5 inches),12.7,12.7,Passable to motorcycles and cars (sedan),source_reviewed_candidate_not_training_admitted,,,2026-08-17,docs/evaluations/metro-manila-flood-duration-20261004,NCR-2026-08-17,explicit publisher city section,"""datePublished"":""2026-08-17T",28;29;64;86;87;88,GMA-20260817-998778-R0265,,,,,,,,,docs/evaluations/metro-manila-flood-duration-20261004/sources/GMA-20260817-998778.f746dffb4918.txt,true,usable,usable_reported_snapshot_clock,source_reported_locality,Manggahan,usable_reported_numeric,12.7,12.7,PASIG-2026-AUG17-18,TL-18edf32dc0e8a593,SNAP-25bc1c36060580b0,none_flagged,,Source-linked wet claim retained; no clearance inferred.,excluded_wet_snapshot_alone_has_no_outcome,false
OBS-fb1d64ed0115db62,GMA-20260817-998778,f746dffb4918,https://www.gmanetwork.com/news/topstories/metro/998778/list-flooded-roads-in-metro-manila-on-monday-morning/story/,NCR-2026-AUG17-18,Pasig,Manggahan,Manggahan,Rome St,2026-08-17T20:30:00+08:00,Explicit as-of clock with same-day dated publication/report context; publication clock is never onset or clearance.,28,Pasig City | Barangay Manggahan | Rome St | Water Level: 12.7cm (5 inches) | Passable to motorcycles and cars (sedan) | As of 8:30 p.m. city government posted the status of the flooding in some areas:,flood_observed,12.7cm (5 inches),12.7,12.7,Passable to motorcycles and cars (sedan),source_reviewed_candidate_not_training_admitted,,,2026-08-17,docs/evaluations/metro-manila-flood-duration-20261004,NCR-2026-08-17,explicit publisher city section,"""datePublished"":""2026-08-17T",28;29;64;89;90;91,GMA-20260817-998778-R0266,,,,,,,,,docs/evaluations/metro-manila-flood-duration-20261004/sources/GMA-20260817-998778.f746dffb4918.txt,true,usable,usable_reported_snapshot_clock,source_reported_locality,Manggahan,usable_reported_numeric,12.7,12.7,PASIG-2026-AUG17-18,TL-720ed10e8e0d04bd,SNAP-a45d07e267e68c8d,none_flagged,,Source-linked wet claim retained; no clearance inferred.,excluded_wet_snapshot_alone_has_no_outcome,false
OBS-bddcb5e7f93f4144,GMA-20260817-998778,f746dffb4918,https://www.gmanetwork.com/news/topstories/metro/998778/list-flooded-roads-in-metro-manila-on-monday-morning/story/,NCR-2026-AUG17-18,Pasig,Manggahan,Manggahan,Melbourne St,2026-08-17T20:30:00+08:00,Explicit as-of clock with same-day dated publication/report context; publication clock is never onset or clearance.,28,Pasig City | Barangay Manggahan | Melbourne St | Water Level: 15.24cm (6 inches) | Passable to motorcycles and cars (sedan) | As of 8:30 p.m. city government posted the status of the flooding in some areas:,flood_observed,15.24cm (6 inches),15.24,15.24,Passable to motorcycles and cars (sedan),source_reviewed_candidate_not_training_admitted,,,2026-08-17,docs/evaluations/metro-manila-flood-duration-20261004,NCR-2026-08-17,explicit publisher city section,"""datePublished"":""2026-08-17T",28;29;64;92;93;94,GMA-20260817-998778-R0267,,,,,,,,,docs/evaluations/metro-manila-flood-duration-20261004/sources/GMA-20260817-998778.f746dffb4918.txt,true,usable,usable_reported_snapshot_clock,source_reported_locality,Manggahan,usable_reported_numeric,15.24,15.24,PASIG-2026-AUG17-18,TL-70fc56fe9ec4915f,SNAP-ad222d81b9dfea04,none_flagged,,Source-linked wet claim retained; no clearance inferred.,excluded_wet_snapshot_alone_has_no_outcome,false
OBS-c2afbe51cb247c9f,GMA-20260817-998778,f746dffb4918,https://www.gmanetwork.com/news/topstories/metro/998778/list-flooded-roads-in-metro-manila-on-monday-morning/story/,NCR-2026-AUG17-18,Pasig,Manggahan,Manggahan,Brisbane St,2026-08-17T20:30:00+08:00,Explicit as-of clock with same-day dated publication/report context; publication clock is never onset or clearance.,28,Pasig City | Barangay Manggahan | Brisbane St | Water Level: 7.62cm (3 inches) | Passable to motorcycles and cars (sedan) | As of 8:30 p.m. city government posted the status of the flooding in some areas:,flood_observed,7.62cm (3 inches),7.62,7.62,Passable to motorcycles and cars (sedan),source_reviewed_candidate_not_training_admitted,,,2026-08-17,docs/evaluations/metro-manila-flood-duration-20261004,NCR-2026-08-17,explicit publisher city section,"""datePublished"":""2026-08-17T",28;29;64;95;96;97,GMA-20260817-998778-R0268,,,,,,,,,docs/evaluations/metro-manila-flood-duration-20261004/sources/GMA-20260817-998778.f746dffb4918.txt,true,usable,usable_reported_snapshot_clock,source_reported_locality,Manggahan,usable_reported_numeric,7.62,7.62,PASIG-2026-AUG17-18,TL-f22c044698fb9e01,SNAP-0c30757f1e497bbb,none_flagged,,Source-linked wet claim retained; no clearance inferred.,excluded_wet_snapshot_alone_has_no_outcome,false
OBS-4e3abad4b0739e67,GMA-20260817-998778,f746dffb4918,https://www.gmanetwork.com/news/topstories/metro/998778/list-flooded-roads-in-metro-manila-on-monday-morning/story/,NCR-2026-AUG17-18,Pasig,Manggahan,Manggahan,Cape Town St,2026-08-17T20:30:00+08:00,Explicit as-of clock with same-day dated publication/report context; publication clock is never onset or clearance.,28,Pasig City | Barangay Manggahan | Cape Town St | Water Level: 10.16 cm (4 inches) | Passable to motorcycles and cars (sedan) | As of 8:30 p.m. city government posted the status of the flooding in some areas:,flood_observed,10.16 cm (4 inches),10.16,10.16,Passable to motorcycles and cars (sedan),source_reviewed_candidate_not_training_admitted,,,2026-08-17,docs/evaluations/metro-manila-flood-duration-20261004,NCR-2026-08-17,explicit publisher city section,"""datePublished"":""2026-08-17T",28;29;64;98;99;100,GMA-20260817-998778-R0269,,,,,,,,,docs/evaluations/metro-manila-flood-duration-20261004/sources/GMA-20260817-998778.f746dffb4918.txt,true,usable,usable_reported_snapshot_clock,source_reported_locality,Manggahan,usable_reported_numeric,10.16,10.16,PASIG-2026-AUG17-18,TL-2e6e726ef07e1d48,SNAP-f405881f2e6dd998,none_flagged,,Source-linked wet claim retained; no clearance inferred.,excluded_wet_snapshot_alone_has_no_outcome,false
OBS-f421a7dbfb5e17bd,GMA-20260817-998778,f746dffb4918,https://www.gmanetwork.com/news/topstories/metro/998778/list-flooded-roads-in-metro-manila-on-monday-morning/story/,NCR-2026-AUG17-18,Pasig,Manggahan,Manggahan,San Salvador St,2026-08-17T20:30:00+08:00,Explicit as-of clock with same-day dated publication/report context; publication clock is never onset or clearance.,28,Pasig City | Barangay Manggahan | San Salvador St | Water Level: 20.23 cm (8 inches) | Passable to motorcycles and cars (sedan) | As of 8:30 p.m. city government posted the status of the flooding in some areas:,flood_observed,20.23 cm (8 inches),20.23,20.23,Passable to motorcycles and cars (sedan),source_reviewed_candidate_not_training_admitted,,,2026-08-17,docs/evaluations/metro-manila-flood-duration-20261004,NCR-2026-08-17,explicit publisher city section,"""datePublished"":""2026-08-17T",28;29;64;101;102;103,GMA-20260817-998778-R0270,,,,,,,,,docs/evaluations/metro-manila-flood-duration-20261004/sources/GMA-20260817-998778.f746dffb4918.txt,true,usable,usable_reported_snapshot_clock,source_reported_locality,Manggahan,usable_reported_numeric,20.23,20.23,PASIG-2026-AUG17-18,TL-a0d054abaca07555,SNAP-93e4e71cc133f5d8,none_flagged,,Source-linked wet claim retained; no clearance inferred.,excluded_wet_snapshot_alone_has_no_outcome,false
OBS-b79ac055f994c225,GMA-20260817-998778,f746dffb4918,https://www.gmanetwork.com/news/topstories/metro/998778/list-flooded-roads-in-metro-manila-on-monday-morning/story/,NCR-2026-AUG17-18,Pasig,Maybunga,Maybunga,San Antonio Abad,2026-08-17T20:30:00+08:00,Explicit as-of clock with same-day dated publication/report context; publication clock is never onset or clearance.,28,Pasig City | Barangay Maybunga | San Antonio Abad | Water Level: 45.72 cm (18 inches) | Not passable to motorcycles and cars (sedan) | As of 8:30 p.m. city government posted the status of the flooding in some areas:,flood_observed,45.72 cm (18 inches),45.72,45.72,Not passable to motorcycles and cars (sedan),source_reviewed_candidate_not_training_admitted,,,2026-08-17,docs/evaluations/metro-manila-flood-duration-20261004,NCR-2026-08-17,explicit publisher city section,"""datePublished"":""2026-08-17T",28;29;104;105;106;107,GMA-20260817-998778-R0271,,,,,,,,,docs/evaluations/metro-manila-flood-duration-20261004/sources/GMA-20260817-998778.f746dffb4918.txt,true,usable,usable_reported_snapshot_clock,source_reported_locality,Maybunga,usable_reported_numeric,45.72,45.72,PASIG-2026-AUG17-18,TL-df03987319abf294,SNAP-7a838367d5798c6f,none_flagged,,Source-linked wet claim retained; no clearance inferred.,excluded_wet_snapshot_alone_has_no_outcome,false
OBS-e4a509079ba1c733,GMA-20260817-998778,f746dffb4918,https://www.gmanetwork.com/news/topstories/metro/998778/list-flooded-roads-in-metro-manila-on-monday-morning/story/,NCR-2026-AUG17-18,Pasig,Maybunga,Maybunga,Damayan Homes,2026-08-17T20:30:00+08:00,Explicit as-of clock with same-day dated publication/report context; publication clock is never onset or clearance.,28,Pasig City | Barangay Maybunga | Damayan Homes | Water Level: 30.48 cm (12 inches) | Not passable to motorcycles and cars (sedan) | As of 8:30 p.m. city government posted the status of the flooding in some areas:,flood_observed,30.48 cm (12 inches),30.48,30.48,Not passable to motorcycles and cars (sedan),source_reviewed_candidate_not_training_admitted,,,2026-08-17,docs/evaluations/metro-manila-flood-duration-20261004,NCR-2026-08-17,explicit publisher city section,"""datePublished"":""2026-08-17T",28;29;104;108;109;110,GMA-20260817-998778-R0272,,,,,,,,,docs/evaluations/metro-manila-flood-duration-20261004/sources/GMA-20260817-998778.f746dffb4918.txt,true,usable,usable_reported_snapshot_clock,source_reported_locality,Maybunga,usable_reported_numeric,30.48,30.48,PASIG-2026-AUG17-18,TL-d17d2179af1222cc,SNAP-7b0ca4f338df643d,none_flagged,,Source-linked wet claim retained; no clearance inferred.,excluded_wet_snapshot_alone_has_no_outcome,false
OBS-77a2fce36b3660c5,GMA-20260817-998778,f746dffb4918,https://www.gmanetwork.com/news/topstories/metro/998778/list-flooded-roads-in-metro-manila-on-monday-morning/story/,NCR-2026-AUG17-18,Pasig,Maybunga,Maybunga,Jenny's Ave (in front of RESPSCI),2026-08-17T20:30:00+08:00,Explicit as-of clock with same-day dated publication/report context; publication clock is never onset or clearance.,28,Pasig City | Barangay Maybunga | Jenny's Ave (in front of RESPSCI) | Water Level: 7.62 cm (3 inches) | Passable to motorcycles and cars (sedan) | As of 8:30 p.m. city government posted the status of the flooding in some areas:,flood_observed,7.62 cm (3 inches),7.62,7.62,Passable to motorcycles and cars (sedan),source_reviewed_candidate_not_training_admitted,,,2026-08-17,docs/evaluations/metro-manila-flood-duration-20261004,NCR-2026-08-17,explicit publisher city section,"""datePublished"":""2026-08-17T",28;29;104;111;112;113,GMA-20260817-998778-R0273,,,,,,,,,docs/evaluations/metro-manila-flood-duration-20261004/sources/GMA-20260817-998778.f746dffb4918.txt,true,usable,usable_reported_snapshot_clock,source_reported_locality,Maybunga,usable_reported_numeric,7.62,7.62,PASIG-2026-AUG17-18,TL-5f667bfca5b22f20,SNAP-4a3c35cdf4a337fe,none_flagged,,Source-linked wet claim retained; no clearance inferred.,excluded_wet_snapshot_alone_has_no_outcome,false
OBS-a9353c61bb8ef986,GMA-20260817-998778,f746dffb4918,https://www.gmanetwork.com/news/topstories/metro/998778/list-flooded-roads-in-metro-manila-on-monday-morning/story/,NCR-2026-AUG17-18,Pasig,Oranbo,Oranbo,Saint Francis St.,2026-08-17T20:30:00+08:00,Explicit as-of clock with same-day dated publication/report context; publication clock is never onset or clearance.,28,Pasig City | Barangay Oranbo | Saint Francis St. | Water Level: 10.16 cm (4 inches) | Passable to motorcycles and cars (sedan) | As of 8:30 p.m. city government posted the status of the flooding in some areas:,flood_observed,10.16 cm (4 inches),10.16,10.16,Passable to motorcycles and cars (sedan),source_reviewed_candidate_not_training_admitted,,,2026-08-17,docs/evaluations/metro-manila-flood-duration-20261004,NCR-2026-08-17,explicit publisher city section,"""datePublished"":""2026-08-17T",28;29;114;115;116;117,GMA-20260817-998778-R0274,,,,,,,,,docs/evaluations/metro-manila-flood-duration-20261004/sources/GMA-20260817-998778.f746dffb4918.txt,true,usable,usable_reported_snapshot_clock,source_reported_locality,Oranbo,usable_reported_numeric,10.16,10.16,PASIG-2026-AUG17-18,TL-06cb82e8cd730832,SNAP-c80c9133289e7773,none_flagged,,Source-linked wet claim retained; no clearance inferred.,excluded_wet_snapshot_alone_has_no_outcome,false
OBS-95176c78913b64dd,GMA-20260817-998778,f746dffb4918,https://www.gmanetwork.com/news/topstories/metro/998778/list-flooded-roads-in-metro-manila-on-monday-morning/story/,NCR-2026-AUG17-18,Pasig,Pinagbuhatan,Pinagbuhatan,Urbano Velasco cor. Esguerra,2026-08-17T20:30:00+08:00,Explicit as-of clock with same-day dated publication/report context; publication clock is never onset or clearance.,28,Pasig City | Barangay Pinagbuhatan | Urbano Velasco cor. Esguerra | Water Level: 7.62 cm (3 inches) | Passable to motorcycles and cars (sedan) | As of 8:30 p.m. city government posted the status of the flooding in some areas:,flood_observed,7.62 cm (3 inches),7.62,7.62,Passable to motorcycles and cars (sedan),source_reviewed_candidate_not_training_admitted,,,2026-08-17,docs/evaluations/metro-manila-flood-duration-20261004,NCR-2026-08-17,explicit publisher city section,"""datePublished"":""2026-08-17T",28;29;118;119;120;121,GMA-20260817-998778-R0275,,,,,,,,,docs/evaluations/metro-manila-flood-duration-20261004/sources/GMA-20260817-998778.f746dffb4918.txt,true,usable,usable_reported_snapshot_clock,source_reported_locality,Pinagbuhatan,usable_reported_numeric,7.62,7.62,PASIG-2026-AUG17-18,TL-afad673bcc823874,SNAP-660f8a565bc33895,none_flagged,,Source-linked wet claim retained; no clearance inferred.,excluded_wet_snapshot_alone_has_no_outcome,false
OBS-987f69c9a0bf5dd7,GMA-20260817-998778,f746dffb4918,https://www.gmanetwork.com/news/topstories/metro/998778/list-flooded-roads-in-metro-manila-on-monday-morning/story/,NCR-2026-AUG17-18,Pasig,Pinagbuhatan,Pinagbuhatan,"Gladiola St., Garden Royalle Villas",2026-08-17T20:30:00+08:00,Explicit as-of clock with same-day dated publication/report context; publication clock is never onset or clearance.,28,"Pasig City | Barangay Pinagbuhatan | Gladiola St., Garden Royalle Villas | Water Level: 12.7cm (5 inches) | Passable to motorcycles and cars (sedan) | As of 8:30 p.m. city government posted the status of the flooding in some areas:",flood_observed,12.7cm (5 inches),12.7,12.7,Passable to motorcycles and cars (sedan),source_reviewed_candidate_not_training_admitted,,,2026-08-17,docs/evaluations/metro-manila-flood-duration-20261004,NCR-2026-08-17,explicit publisher city section,"""datePublished"":""2026-08-17T",28;29;118;122;123;124,GMA-20260817-998778-R0276,,,,,,,,,docs/evaluations/metro-manila-flood-duration-20261004/sources/GMA-20260817-998778.f746dffb4918.txt,true,usable,usable_reported_snapshot_clock,source_reported_locality,Pinagbuhatan,usable_reported_numeric,12.7,12.7,PASIG-2026-AUG17-18,TL-f31e6be340fdf995,SNAP-0166153ef9123e91,none_flagged,,Source-linked wet claim retained; no clearance inferred.,excluded_wet_snapshot_alone_has_no_outcome,false
OBS-41531714711ee124,GMA-20260817-998778,f746dffb4918,https://www.gmanetwork.com/news/topstories/metro/998778/list-flooded-roads-in-metro-manila-on-monday-morning/story/,NCR-2026-AUG17-18,Pasig,Rosario,Rosario,Rosario Blvd.,2026-08-17T20:30:00+08:00,Explicit as-of clock with same-day dated publication/report context; publication clock is never onset or clearance.,28,Pasig City | Barangay Rosario | Rosario Blvd. | Water Level: 30.48 cm (12 inches) | Not passable to motorcycles and cars (sedan) | As of 8:30 p.m. city government posted the status of the flooding in some areas:,flood_observed,30.48 cm (12 inches),30.48,30.48,Not passable to motorcycles and cars (sedan),source_reviewed_candidate_not_training_admitted,,,2026-08-17,docs/evaluations/metro-manila-flood-duration-20261004,NCR-2026-08-17,explicit publisher city section,"""datePublished"":""2026-08-17T",28;29;125;126;127;128,GMA-20260817-998778-R0277,,,,,,,,,docs/evaluations/metro-manila-flood-duration-20261004/sources/GMA-20260817-998778.f746dffb4918.txt,true,usable,usable_reported_snapshot_clock,source_reported_locality,Rosario,usable_reported_numeric,30.48,30.48,PASIG-2026-AUG17-18,TL-466c60a4b4a2b056,SNAP-af0ad28e74da2a2a,none_flagged,,Source-linked wet claim retained; no clearance inferred.,excluded_wet_snapshot_alone_has_no_outcome,false
OBS-f21f1b7581e54b71,GMA-20260817-998778,f746dffb4918,https://www.gmanetwork.com/news/topstories/metro/998778/list-flooded-roads-in-metro-manila-on-monday-morning/story/,NCR-2026-AUG17-18,Pasig,San Miguel,San Miguel,Parian Creek,2026-08-17T20:30:00+08:00,Explicit as-of clock with same-day dated publication/report context; publication clock is never onset or clearance.,28,Pasig City | Barangay San Miguel | Parian Creek | Water Level: 7.62 cm (3 inches) | Passable to motorcycles and cars (sedan) | As of 8:30 p.m. city government posted the status of the flooding in some areas:,flood_observed,7.62 cm (3 inches),7.62,7.62,Passable to motorcycles and cars (sedan),source_reviewed_candidate_not_training_admitted,,,2026-08-17,docs/evaluations/metro-manila-flood-duration-20261004,NCR-2026-08-17,explicit publisher city section,"""datePublished"":""2026-08-17T",28;29;129;130;131;132,GMA-20260817-998778-R0278,,,,,,,,,docs/evaluations/metro-manila-flood-duration-20261004/sources/GMA-20260817-998778.f746dffb4918.txt,true,usable,usable_reported_snapshot_clock,source_reported_locality,San Miguel,usable_reported_numeric,7.62,7.62,PASIG-2026-AUG17-18,TL-16fbc7f9f0049c8d,SNAP-0c8a0e66dadcbeeb,none_flagged,,Source-linked wet claim retained; no clearance inferred.,excluded_wet_snapshot_alone_has_no_outcome,false
OBS-a9fd99a73ecee909,GMA-20260817-998778,f746dffb4918,https://www.gmanetwork.com/news/topstories/metro/998778/list-flooded-roads-in-metro-manila-on-monday-morning/story/,NCR-2026-AUG17-18,Pasig,San Miguel,San Miguel,Villa Eusebio,2026-08-17T20:30:00+08:00,Explicit as-of clock with same-day dated publication/report context; publication clock is never onset or clearance.,28,Pasig City | Barangay San Miguel | Villa Eusebio | Water Level: 60.96 cm (24 inches) | Not passable to motorcycles and cars (sedan) | As of 8:30 p.m. city government posted the status of the flooding in some areas:,flood_observed,60.96 cm (24 inches),60.96,60.96,Not passable to motorcycles and cars (sedan),source_reviewed_candidate_not_training_admitted,,,2026-08-17,docs/evaluations/metro-manila-flood-duration-20261004,NCR-2026-08-17,explicit publisher city section,"""datePublished"":""2026-08-17T",28;29;129;133;134;135,GMA-20260817-998778-R0279,,,,,,,,,docs/evaluations/metro-manila-flood-duration-20261004/sources/GMA-20260817-998778.f746dffb4918.txt,true,usable,usable_reported_snapshot_clock,source_reported_locality,San Miguel,usable_reported_numeric,60.96,60.96,PASIG-2026-AUG17-18,TL-ece60e732762a95d,SNAP-19d9bf374b861d99,none_flagged,,Source-linked wet claim retained; no clearance inferred.,excluded_wet_snapshot_alone_has_no_outcome,false
OBS-c36ef54b272fbc2e,GMA-20260817-998778,f746dffb4918,https://www.gmanetwork.com/news/topstories/metro/998778/list-flooded-roads-in-metro-manila-on-monday-morning/story/,NCR-2026-AUG17-18,Pasig,San Miguel,San Miguel,Eusebio Ave.,2026-08-17T20:30:00+08:00,Explicit as-of clock with same-day dated publication/report context; publication clock is never onset or clearance.,28,Pasig City | Barangay San Miguel | Eusebio Ave. | Water Level: 5cm (2 inches) | Passable to motorcycles and cars (sedan) | As of 8:30 p.m. city government posted the status of the flooding in some areas:,flood_observed,5cm (2 inches),5.0,5.0,Passable to motorcycles and cars (sedan),source_reviewed_candidate_not_training_admitted,,,2026-08-17,docs/evaluations/metro-manila-flood-duration-20261004,NCR-2026-08-17,explicit publisher city section,"""datePublished"":""2026-08-17T",28;29;129;136;137;138,GMA-20260817-998778-R0280,,,,,,,,,docs/evaluations/metro-manila-flood-duration-20261004/sources/GMA-20260817-998778.f746dffb4918.txt,true,usable,usable_reported_snapshot_clock,source_reported_locality,San Miguel,usable_reported_numeric,5.0,5.0,PASIG-2026-AUG17-18,TL-48197883096c5efa,SNAP-5f7bfd35cbdc8c0b,none_flagged,,Source-linked wet claim retained; no clearance inferred.,excluded_wet_snapshot_alone_has_no_outcome,false
OBS-1281e7e138cca877,GMA-20260817-998778,f746dffb4918,https://www.gmanetwork.com/news/topstories/metro/998778/list-flooded-roads-in-metro-manila-on-monday-morning/story/,NCR-2026-AUG17-18,Pasig,San Miguel,San Miguel,Luis St,2026-08-17T20:30:00+08:00,Explicit as-of clock with same-day dated publication/report context; publication clock is never onset or clearance.,28,Pasig City | Barangay San Miguel | Luis St | Water Level: 5cm (2 inches) | Passable to motorcycles and cars (sedan) | As of 8:30 p.m. city government posted the status of the flooding in some areas:,flood_observed,5cm (2 inches),5.0,5.0,Passable to motorcycles and cars (sedan),source_reviewed_candidate_not_training_admitted,,,2026-08-17,docs/evaluations/metro-manila-flood-duration-20261004,NCR-2026-08-17,explicit publisher city section,"""datePublished"":""2026-08-17T",28;29;129;139;140;141,GMA-20260817-998778-R0281,,,,,,,,,docs/evaluations/metro-manila-flood-duration-20261004/sources/GMA-20260817-998778.f746dffb4918.txt,true,usable,usable_reported_snapshot_clock,source_reported_locality,San Miguel,usable_reported_numeric,5.0,5.0,PASIG-2026-AUG17-18,TL-51b34648ee230e2f,SNAP-e0d274e0d2fec1bf,none_flagged,,Source-linked wet claim retained; no clearance inferred.,excluded_wet_snapshot_alone_has_no_outcome,false
OBS-0cd7ea7a253d73df,GMA-20260817-998778,f746dffb4918,https://www.gmanetwork.com/news/topstories/metro/998778/list-flooded-roads-in-metro-manila-on-monday-morning/story/,NCR-2026-AUG17-18,Pasig,San Miguel,San Miguel,Market Ave to Chinese School,2026-08-17T20:30:00+08:00,Explicit as-of clock with same-day dated publication/report context; publication clock is never onset or clearance.,28,Pasig City | Barangay San Miguel | Market Ave to Chinese School | Water Level: 12.7cm (5 inches) | Passable to motorcycles and cars (sedan) | As of 8:30 p.m. city government posted the status of the flooding in some areas:,flood_observed,12.7cm (5 inches),12.7,12.7,Passable to motorcycles and cars (sedan),source_reviewed_candidate_not_training_admitted,,,2026-08-17,docs/evaluations/metro-manila-flood-duration-20261004,NCR-2026-08-17,explicit publisher city section,"""datePublished"":""2026-08-17T",28;29;129;142;143;144,GMA-20260817-998778-R0282,,,,,,,,,docs/evaluations/metro-manila-flood-duration-20261004/sources/GMA-20260817-998778.f746dffb4918.txt,true,usable,usable_reported_snapshot_clock,source_reported_locality,San Miguel,usable_reported_numeric,12.7,12.7,PASIG-2026-AUG17-18,TL-ab1b105d9f96f84a,SNAP-f770185d4030f18d,none_flagged,,Source-linked wet claim retained; no clearance inferred.,excluded_wet_snapshot_alone_has_no_outcome,false
OBS-7d636223aa758b4b,GMA-20260817-998778,f746dffb4918,https://www.gmanetwork.com/news/topstories/metro/998778/list-flooded-roads-in-metro-manila-on-monday-morning/story/,NCR-2026-AUG17-18,Pasig,San Miguel,San Miguel,Avocado St.,2026-08-17T20:30:00+08:00,Explicit as-of clock with same-day dated publication/report context; publication clock is never onset or clearance.,28,Pasig City | Barangay San Miguel | Avocado St. | Water Level: 12.7cm (5 inches) | Passable to motorcycles and cars (sedan) | As of 8:30 p.m. city government posted the status of the flooding in some areas:,flood_observed,12.7cm (5 inches),12.7,12.7,Passable to motorcycles and cars (sedan),source_reviewed_candidate_not_training_admitted,,,2026-08-17,docs/evaluations/metro-manila-flood-duration-20261004,NCR-2026-08-17,explicit publisher city section,"""datePublished"":""2026-08-17T",28;29;129;145;146;147,GMA-20260817-998778-R0283,,,,,,,,,docs/evaluations/metro-manila-flood-duration-20261004/sources/GMA-20260817-998778.f746dffb4918.txt,true,usable,usable_reported_snapshot_clock,source_reported_locality,San Miguel,usable_reported_numeric,12.7,12.7,PASIG-2026-AUG17-18,TL-c6d1e6169fe18bb5,SNAP-12acabc89597beef,none_flagged,,Source-linked wet claim retained; no clearance inferred.,excluded_wet_snapshot_alone_has_no_outcome,false
OBS-5c29bd008fcbdd4a,GMA-20260817-998778,f746dffb4918,https://www.gmanetwork.com/news/topstories/metro/998778/list-flooded-roads-in-metro-manila-on-monday-morning/story/,NCR-2026-AUG17-18,Pasig,San Miguel,San Miguel,Lupang Pari,2026-08-17T20:30:00+08:00,Explicit as-of clock with same-day dated publication/report context; publication clock is never onset or clearance.,28,Pasig City | Barangay San Miguel | Lupang Pari | Water Level: 12.7cm (5 inches) | Passable to motorcycles and cars (sedan) | As of 8:30 p.m. city government posted the status of the flooding in some areas:,flood_observed,12.7cm (5 inches),12.7,12.7,Passable to motorcycles and cars (sedan),source_reviewed_candidate_not_training_admitted,,,2026-08-17,docs/evaluations/metro-manila-flood-duration-20261004,NCR-2026-08-17,explicit publisher city section,"""datePublished"":""2026-08-17T",28;29;129;148;149;150,GMA-20260817-998778-R0284,,,,,,,,,docs/evaluations/metro-manila-flood-duration-20261004/sources/GMA-20260817-998778.f746dffb4918.txt,true,usable,usable_reported_snapshot_clock,source_reported_locality,San Miguel,usable_reported_numeric,12.7,12.7,PASIG-2026-AUG17-18,TL-6872ad71d5f4e594,SNAP-fdcf3614a6ac60e5,none_flagged,,Source-linked wet claim retained; no clearance inferred.,excluded_wet_snapshot_alone_has_no_outcome,false
OBS-3e76fdc39a960683,GMA-20260817-998778,f746dffb4918,https://www.gmanetwork.com/news/topstories/metro/998778/list-flooded-roads-in-metro-manila-on-monday-morning/story/,NCR-2026-AUG17-18,Pasig,San Miguel,San Miguel,Bliss LP,2026-08-17T20:30:00+08:00,Explicit as-of clock with same-day dated publication/report context; publication clock is never onset or clearance.,28,Pasig City | Barangay San Miguel | Bliss LP | Water Level: 10.16 cm (4 inches) | Passable to motorcycles and cars (sedan) | As of 8:30 p.m. city government posted the status of the flooding in some areas:,flood_observed,10.16 cm (4 inches),10.16,10.16,Passable to motorcycles and cars (sedan),source_reviewed_candidate_not_training_admitted,,,2026-08-17,docs/evaluations/metro-manila-flood-duration-20261004,NCR-2026-08-17,explicit publisher city section,"""datePublished"":""2026-08-17T",28;29;129;151;152;153,GMA-20260817-998778-R0285,,,,,,,,,docs/evaluations/metro-manila-flood-duration-20261004/sources/GMA-20260817-998778.f746dffb4918.txt,true,usable,usable_reported_snapshot_clock,source_reported_locality,San Miguel,usable_reported_numeric,10.16,10.16,PASIG-2026-AUG17-18,TL-5a78a1432204893a,SNAP-2bd625faecb46277,none_flagged,,Source-linked wet claim retained; no clearance inferred.,excluded_wet_snapshot_alone_has_no_outcome,false
OBS-b6d2b6c32af00dc4,GMA-20260817-998778,f746dffb4918,https://www.gmanetwork.com/news/topstories/metro/998778/list-flooded-roads-in-metro-manila-on-monday-morning/story/,NCR-2026-AUG17-18,Pasig,San Miguel,San Miguel,JV Angles St.,2026-08-17T20:30:00+08:00,Explicit as-of clock with same-day dated publication/report context; publication clock is never onset or clearance.,28,Pasig City | Barangay San Miguel | JV Angles St. | Water Level: 10.16 cm (4 inches) | Passable to motorcycles and cars (sedan) | As of 8:30 p.m. city government posted the status of the flooding in some areas:,flood_observed,10.16 cm (4 inches),10.16,10.16,Passable to motorcycles and cars (sedan),source_reviewed_candidate_not_training_admitted,,,2026-08-17,docs/evaluations/metro-manila-flood-duration-20261004,NCR-2026-08-17,explicit publisher city section,"""datePublished"":""2026-08-17T",28;29;129;154;155;156,GMA-20260817-998778-R0286,,,,,,,,,docs/evaluations/metro-manila-flood-duration-20261004/sources/GMA-20260817-998778.f746dffb4918.txt,true,usable,usable_reported_snapshot_clock,source_reported_locality,San Miguel,usable_reported_numeric,10.16,10.16,PASIG-2026-AUG17-18,TL-6982612ada584d69,SNAP-fdf8ba11adb66615,none_flagged,,Source-linked wet claim retained; no clearance inferred.,excluded_wet_snapshot_alone_has_no_outcome,false
OBS-154534ca8550bcda,GMA-20260817-998778,f746dffb4918,https://www.gmanetwork.com/news/topstories/metro/998778/list-flooded-roads-in-metro-manila-on-monday-morning/story/,NCR-2026-AUG17-18,Pasig,San Miguel,San Miguel,Dr. Pilapil Purok 1 to 2,2026-08-17T20:30:00+08:00,Explicit as-of clock with same-day dated publication/report context; publication clock is never onset or clearance.,28,Pasig City | Barangay San Miguel | Dr. Pilapil Purok 1 to 2 | Water Level: 10.16 cm (4 inches) | Passable to motorcycles and cars (sedan) | As of 8:30 p.m. city government posted the status of the flooding in some areas:,flood_observed,10.16 cm (4 inches),10.16,10.16,Passable to motorcycles and cars (sedan),source_reviewed_candidate_not_training_admitted,,,2026-08-17,docs/evaluations/metro-manila-flood-duration-20261004,NCR-2026-08-17,explicit publisher city section,"""datePublished"":""2026-08-17T",28;29;129;157;158;159,GMA-20260817-998778-R0287,,,,,,,,,docs/evaluations/metro-manila-flood-duration-20261004/sources/GMA-20260817-998778.f746dffb4918.txt,true,usable,usable_reported_snapshot_clock,source_reported_locality,San Miguel,usable_reported_numeric,10.16,10.16,PASIG-2026-AUG17-18,TL-59bd02f7a8f37f44,SNAP-35fa40d6db3e6758,none_flagged,,Source-linked wet claim retained; no clearance inferred.,excluded_wet_snapshot_alone_has_no_outcome,false
OBS-71191bbef4b308bc,GMA-20260817-998778,f746dffb4918,https://www.gmanetwork.com/news/topstories/metro/998778/list-flooded-roads-in-metro-manila-on-monday-morning/story/,NCR-2026-AUG17-18,Pasig,Sta. Cruz,Sta. Cruz,Purok 6 Capt. Ato,2026-08-17T20:30:00+08:00,Explicit as-of clock with same-day dated publication/report context; publication clock is never onset or clearance.,28,Pasig City | Barangay Sta. Cruz | Purok 6 Capt. Ato | Water Level: 2.54cm (1 inch) | Passable to motorcycles and cars (sedan) | As of 8:30 p.m. city government posted the status of the flooding in some areas:,flood_observed,2.54cm (1 inch),2.54,2.54,Passable to motorcycles and cars (sedan),source_reviewed_candidate_not_training_admitted,,,2026-08-17,docs/evaluations/metro-manila-flood-duration-20261004,NCR-2026-08-17,explicit publisher city section,"""datePublished"":""2026-08-17T",28;29;160;161;162;163,GMA-20260817-998778-R0288,,,,,,,,,docs/evaluations/metro-manila-flood-duration-20261004/sources/GMA-20260817-998778.f746dffb4918.txt,true,usable,usable_reported_snapshot_clock,source_reported_locality,Sta. Cruz,usable_reported_numeric,2.54,2.54,PASIG-2026-AUG17-18,TL-88fa198645aa82c0,SNAP-2a76969e2286f7dd,none_flagged,,Source-linked wet claim retained; no clearance inferred.,excluded_wet_snapshot_alone_has_no_outcome,false
OBS-ba44618d9e1d0b09,GMA-20260817-998778,f746dffb4918,https://www.gmanetwork.com/news/topstories/metro/998778/list-flooded-roads-in-metro-manila-on-monday-morning/story/,NCR-2026-AUG17-18,Pasig,Sta. Lucia,Sta. Lucia,Liamzon,2026-08-17T20:30:00+08:00,Explicit as-of clock with same-day dated publication/report context; publication clock is never onset or clearance.,28,Pasig City | Barangay Sta. Lucia | Liamzon | Water Level: 10.16cm (4 inches) | Passable to motorcycles and cars (sedan) | As of 8:30 p.m. city government posted the status of the flooding in some areas:,flood_observed,10.16cm (4 inches),10.16,10.16,Passable to motorcycles and cars (sedan),source_reviewed_candidate_not_training_admitted,,,2026-08-17,docs/evaluations/metro-manila-flood-duration-20261004,NCR-2026-08-17,explicit publisher city section,"""datePublished"":""2026-08-17T",28;29;164;165;166;167,GMA-20260817-998778-R0289,,,,,,,,,docs/evaluations/metro-manila-flood-duration-20261004/sources/GMA-20260817-998778.f746dffb4918.txt,true,usable,usable_reported_snapshot_clock,source_reported_locality,Sta. Lucia,usable_reported_numeric,10.16,10.16,PASIG-2026-AUG17-18,TL-945b4d46941ea0a1,SNAP-daebbb95bdda08ab,none_flagged,,Source-linked wet claim retained; no clearance inferred.,excluded_wet_snapshot_alone_has_no_outcome,false
OBS-56591304e08245f7,GMA-20260817-998778,f746dffb4918,https://www.gmanetwork.com/news/topstories/metro/998778/list-flooded-roads-in-metro-manila-on-monday-morning/story/,NCR-2026-AUG17-18,Pasig,Sta. Lucia,Sta. Lucia,Riverside,2026-08-17T20:30:00+08:00,Explicit as-of clock with same-day dated publication/report context; publication clock is never onset or clearance.,28,Pasig City | Barangay Sta. Lucia | Riverside | Water Level: 10.16cm (4 inches) | Passable to motorcycles and cars (sedan) | As of 8:30 p.m. city government posted the status of the flooding in some areas:,flood_observed,10.16cm (4 inches),10.16,10.16,Passable to motorcycles and cars (sedan),source_reviewed_candidate_not_training_admitted,,,2026-08-17,docs/evaluations/metro-manila-flood-duration-20261004,NCR-2026-08-17,explicit publisher city section,"""datePublished"":""2026-08-17T",28;29;164;168;169;170,GMA-20260817-998778-R0290,,,,,,,,,docs/evaluations/metro-manila-flood-duration-20261004/sources/GMA-20260817-998778.f746dffb4918.txt,true,usable,usable_reported_snapshot_clock,source_reported_locality,Sta. Lucia,usable_reported_numeric,10.16,10.16,PASIG-2026-AUG17-18,TL-cd23d990d28078b1,SNAP-c243f98a851c87cb,none_flagged,,Source-linked wet claim retained; no clearance inferred.,excluded_wet_snapshot_alone_has_no_outcome,false
OBS-c7c886446a7d9670,GMA-20260817-998778,f746dffb4918,https://www.gmanetwork.com/news/topstories/metro/998778/list-flooded-roads-in-metro-manila-on-monday-morning/story/,NCR-2026-AUG17-18,Pasig,Sta. Lucia,Sta. Lucia,Bautista St,2026-08-17T20:30:00+08:00,Explicit as-of clock with same-day dated publication/report context; publication clock is never onset or clearance.,28,Pasig City | Barangay Sta. Lucia | Bautista St | Water Level: 10.16cm (4 inches) | Passable to motorcycles and cars (sedan) | As of 8:30 p.m. city government posted the status of the flooding in some areas:,flood_observed,10.16cm (4 inches),10.16,10.16,Passable to motorcycles and cars (sedan),source_reviewed_candidate_not_training_admitted,,,2026-08-17,docs/evaluations/metro-manila-flood-duration-20261004,NCR-2026-08-17,explicit publisher city section,"""datePublished"":""2026-08-17T",28;29;164;171;172;173,GMA-20260817-998778-R0291,,,,,,,,,docs/evaluations/metro-manila-flood-duration-20261004/sources/GMA-20260817-998778.f746dffb4918.txt,true,usable,usable_reported_snapshot_clock,source_reported_locality,Sta. Lucia,usable_reported_numeric,10.16,10.16,PASIG-2026-AUG17-18,TL-df1826cb86b9b3f5,SNAP-b486b30fd30540cc,none_flagged,,Source-linked wet claim retained; no clearance inferred.,excluded_wet_snapshot_alone_has_no_outcome,false
OBS-ad84576838f2aeb6,GMA-20260817-998778,f746dffb4918,https://www.gmanetwork.com/news/topstories/metro/998778/list-flooded-roads-in-metro-manila-on-monday-morning/story/,NCR-2026-AUG17-18,Pasig,Sta. Lucia,Sta. Lucia,Rosorio 5,2026-08-17T20:30:00+08:00,Explicit as-of clock with same-day dated publication/report context; publication clock is never onset or clearance.,28,Pasig City | Barangay Sta. Lucia | Rosorio 5 | Water Level: 10.16cm (4 inches) | Passable to motorcycles and cars (sedan) | As of 8:30 p.m. city government posted the status of the flooding in some areas:,flood_observed,10.16cm (4 inches),10.16,10.16,Passable to motorcycles and cars (sedan),source_reviewed_candidate_not_training_admitted,,,2026-08-17,docs/evaluations/metro-manila-flood-duration-20261004,NCR-2026-08-17,explicit publisher city section,"""datePublished"":""2026-08-17T",28;29;164;174;175;176,GMA-20260817-998778-R0292,,,,,,,,,docs/evaluations/metro-manila-flood-duration-20261004/sources/GMA-20260817-998778.f746dffb4918.txt,true,usable,usable_reported_snapshot_clock,source_reported_locality,Sta. Lucia,usable_reported_numeric,10.16,10.16,PASIG-2026-AUG17-18,TL-77dd9730c6c73f85,SNAP-fe84588dc0cf7a68,none_flagged,,Source-linked wet claim retained; no clearance inferred.,excluded_wet_snapshot_alone_has_no_outcome,false
OBS-c5345e9d968868ad,GMA-20260817-998778,f746dffb4918,https://www.gmanetwork.com/news/topstories/metro/998778/list-flooded-roads-in-metro-manila-on-monday-morning/story/,NCR-2026-AUG17-18,Pasig,Sta. Lucia,Sta. Lucia,Rosorio 6,2026-08-17T20:30:00+08:00,Explicit as-of clock with same-day dated publication/report context; publication clock is never onset or clearance.,28,Pasig City | Barangay Sta. Lucia | Rosorio 6 | Water Level: 10.16cm (4 inches) | Passable to motorcycles and cars (sedan) | As of 8:30 p.m. city government posted the status of the flooding in some areas:,flood_observed,10.16cm (4 inches),10.16,10.16,Passable to motorcycles and cars (sedan),source_reviewed_candidate_not_training_admitted,,,2026-08-17,docs/evaluations/metro-manila-flood-duration-20261004,NCR-2026-08-17,explicit publisher city section,"""datePublished"":""2026-08-17T",28;29;164;177;178;179,GMA-20260817-998778-R0293,,,,,,,,,docs/evaluations/metro-manila-flood-duration-20261004/sources/GMA-20260817-998778.f746dffb4918.txt,true,usable,usable_reported_snapshot_clock,source_reported_locality,Sta. Lucia,usable_reported_numeric,10.16,10.16,PASIG-2026-AUG17-18,TL-ee99bb1819c431d1,SNAP-189f5ab20eb49610,none_flagged,,Source-linked wet claim retained; no clearance inferred.,excluded_wet_snapshot_alone_has_no_outcome,false
OBS-abef89143afa5c3a,GMA-20260817-998778,f746dffb4918,https://www.gmanetwork.com/news/topstories/metro/998778/list-flooded-roads-in-metro-manila-on-monday-morning/story/,NCR-2026-AUG17-18,Pasig,Sta. Lucia,Sta. Lucia,Tawi-Tawi,2026-08-17T20:30:00+08:00,Explicit as-of clock with same-day dated publication/report context; publication clock is never onset or clearance.,28,Pasig City | Barangay Sta. Lucia | Tawi-Tawi | Water Level: 10.16cm (4 inches) | Passable to motorcycles and cars (sedan) | As of 8:30 p.m. city government posted the status of the flooding in some areas:,flood_observed,10.16cm (4 inches),10.16,10.16,Passable to motorcycles and cars (sedan),source_reviewed_candidate_not_training_admitted,,,2026-08-17,docs/evaluations/metro-manila-flood-duration-20261004,NCR-2026-08-17,explicit publisher city section,"""datePublished"":""2026-08-17T",28;29;164;180;181;182,GMA-20260817-998778-R0294,,,,,,,,,docs/evaluations/metro-manila-flood-duration-20261004/sources/GMA-20260817-998778.f746dffb4918.txt,true,usable,usable_reported_snapshot_clock,source_reported_locality,Sta. Lucia,usable_reported_numeric,10.16,10.16,PASIG-2026-AUG17-18,TL-0eec0c04ade72bc1,SNAP-b71c3d972397583b,none_flagged,,Source-linked wet claim retained; no clearance inferred.,excluded_wet_snapshot_alone_has_no_outcome,false
OBS-beadd0267ba7bdde,GMA-20260817-998778,f746dffb4918,https://www.gmanetwork.com/news/topstories/metro/998778/list-flooded-roads-in-metro-manila-on-monday-morning/story/,NCR-2026-AUG17-18,Pasig,Sta. Lucia,Sta. Lucia,Azucena St.,2026-08-17T20:30:00+08:00,Explicit as-of clock with same-day dated publication/report context; publication clock is never onset or clearance.,28,Pasig City | Barangay Sta. Lucia | Azucena St. | Water Level: 10.16cm (4 inches) | Passable to motorcycles and cars (sedan) | As of 8:30 p.m. city government posted the status of the flooding in some areas:,flood_observed,10.16cm (4 inches),10.16,10.16,Passable to motorcycles and cars (sedan),source_reviewed_candidate_not_training_admitted,,,2026-08-17,docs/evaluations/metro-manila-flood-duration-20261004,NCR-2026-08-17,explicit publisher city section,"""datePublished"":""2026-08-17T",28;29;164;183;184;185,GMA-20260817-998778-R0295,,,,,,,,,docs/evaluations/metro-manila-flood-duration-20261004/sources/GMA-20260817-998778.f746dffb4918.txt,true,usable,usable_reported_snapshot_clock,source_reported_locality,Sta. Lucia,usable_reported_numeric,10.16,10.16,PASIG-2026-AUG17-18,TL-f44ed8f6d47623aa,SNAP-22d80d7be39649f3,none_flagged,,Source-linked wet claim retained; no clearance inferred.,excluded_wet_snapshot_alone_has_no_outcome,false
OBS-bfa454718dc1ef01,GMA-20260817-998778,f746dffb4918,https://www.gmanetwork.com/news/topstories/metro/998778/list-flooded-roads-in-metro-manila-on-monday-morning/story/,NCR-2026-AUG17-18,Pasig,Sta. Lucia,Sta. Lucia,DMA Morales New Society,2026-08-17T20:30:00+08:00,Explicit as-of clock with same-day dated publication/report context; publication clock is never onset or clearance.,28,Pasig City | Barangay Sta. Lucia | DMA Morales New Society | Water Level: 10.16cm (4 inches) | Passable to motorcycles and cars (sedan) | As of 8:30 p.m. city government posted the status of the flooding in some areas:,flood_observed,10.16cm (4 inches),10.16,10.16,Passable to motorcycles and cars (sedan),source_reviewed_candidate_not_training_admitted,,,2026-08-17,docs/evaluations/metro-manila-flood-duration-20261004,NCR-2026-08-17,explicit publisher city section,"""datePublished"":""2026-08-17T",28;29;164;186;187;188,GMA-20260817-998778-R0296,,,,,,,,,docs/evaluations/metro-manila-flood-duration-20261004/sources/GMA-20260817-998778.f746dffb4918.txt,true,usable,usable_reported_snapshot_clock,source_reported_locality,Sta. Lucia,usable_reported_numeric,10.16,10.16,PASIG-2026-AUG17-18,TL-545f2ab69cb5066a,SNAP-920935d709f8801a,none_flagged,,Source-linked wet claim retained; no clearance inferred.,excluded_wet_snapshot_alone_has_no_outcome,false
OBS-1c80ed2539e55a46,GMA-20260817-998778,f746dffb4918,https://www.gmanetwork.com/news/topstories/metro/998778/list-flooded-roads-in-metro-manila-on-monday-morning/story/,NCR-2026-AUG17-18,Pasig,Sta. Lucia,Sta. Lucia,Bagong Anyo St.,2026-08-17T20:30:00+08:00,Explicit as-of clock with same-day dated publication/report context; publication clock is never onset or clearance.,28,Pasig City | Barangay Sta. Lucia | Bagong Anyo St. | Water Level: 10.16cm (4 inches) | Passable to motorcycles and cars (sedan) | As of 8:30 p.m. city government posted the status of the flooding in some areas:,flood_observed,10.16cm (4 inches),10.16,10.16,Passable to motorcycles and cars (sedan),source_reviewed_candidate_not_training_admitted,,,2026-08-17,docs/evaluations/metro-manila-flood-duration-20261004,NCR-2026-08-17,explicit publisher city section,"""datePublished"":""2026-08-17T",28;29;164;189;190;191,GMA-20260817-998778-R0297,,,,,,,,,docs/evaluations/metro-manila-flood-duration-20261004/sources/GMA-20260817-998778.f746dffb4918.txt,true,usable,usable_reported_snapshot_clock,source_reported_locality,Sta. Lucia,usable_reported_numeric,10.16,10.16,PASIG-2026-AUG17-18,TL-a7cecea07d72d9ef,SNAP-cf8c5a18ddeacaa9,none_flagged,,Source-linked wet claim retained; no clearance inferred.,excluded_wet_snapshot_alone_has_no_outcome,false
OBS-1fb967ecab28a189,GMA-20260817-998778,f746dffb4918,https://www.gmanetwork.com/news/topstories/metro/998778/list-flooded-roads-in-metro-manila-on-monday-morning/story/,NCR-2026-AUG17-18,Pasig,Sta. Lucia,Sta. Lucia,Metropolis Callos Compound,2026-08-17T20:30:00+08:00,Explicit as-of clock with same-day dated publication/report context; publication clock is never onset or clearance.,28,Pasig City | Barangay Sta. Lucia | Metropolis Callos Compound | Water Level: 10.16cm (4 inches) | Passable to motorcycles and cars (sedan) | As of 8:30 p.m. city government posted the status of the flooding in some areas:,flood_observed,10.16cm (4 inches),10.16,10.16,Passable to motorcycles and cars (sedan),source_reviewed_candidate_not_training_admitted,,,2026-08-17,docs/evaluations/metro-manila-flood-duration-20261004,NCR-2026-08-17,explicit publisher city section,"""datePublished"":""2026-08-17T",28;29;164;192;193;194,GMA-20260817-998778-R0298,,,,,,,,,docs/evaluations/metro-manila-flood-duration-20261004/sources/GMA-20260817-998778.f746dffb4918.txt,true,usable,usable_reported_snapshot_clock,source_reported_locality,Sta. Lucia,usable_reported_numeric,10.16,10.16,PASIG-2026-AUG17-18,TL-e15e666c659a6bb7,SNAP-a73f2ffe957ec67f,none_flagged,,Source-linked wet claim retained; no clearance inferred.,excluded_wet_snapshot_alone_has_no_outcome,false
OBS-88b6853912ac6c8e,GMA-20260817-998778,f746dffb4918,https://www.gmanetwork.com/news/topstories/metro/998778/list-flooded-roads-in-metro-manila-on-monday-morning/story/,NCR-2026-AUG17-18,Pasig,Sta. Lucia,Sta. Lucia,Hugo Compound (Dulo ng Tawi-Tawi),2026-08-17T20:30:00+08:00,Explicit as-of clock with same-day dated publication/report context; publication clock is never onset or clearance.,28,Pasig City | Barangay Sta. Lucia | Hugo Compound (Dulo ng Tawi-Tawi) | Water Level: 10.16cm (4 inches) | Passable to motorcycles and cars (sedan) | As of 8:30 p.m. city government posted the status of the flooding in some areas:,flood_observed,10.16cm (4 inches),10.16,10.16,Passable to motorcycles and cars (sedan),source_reviewed_candidate_not_training_admitted,,,2026-08-17,docs/evaluations/metro-manila-flood-duration-20261004,NCR-2026-08-17,explicit publisher city section,"""datePublished"":""2026-08-17T",28;29;164;195;196;197,GMA-20260817-998778-R0299,,,,,,,,,docs/evaluations/metro-manila-flood-duration-20261004/sources/GMA-20260817-998778.f746dffb4918.txt,true,usable,usable_reported_snapshot_clock,source_reported_locality,Sta. Lucia,usable_reported_numeric,10.16,10.16,PASIG-2026-AUG17-18,TL-b4f10b7b2b06af7e,SNAP-954339737b3c853f,none_flagged,,Source-linked wet claim retained; no clearance inferred.,excluded_wet_snapshot_alone_has_no_outcome,false
OBS-d41d19c6accac16d,GMA-20260817-998778,f746dffb4918,https://www.gmanetwork.com/news/topstories/metro/998778/list-flooded-roads-in-metro-manila-on-monday-morning/story/,NCR-2026-AUG17-18,Pasig,Santolan,Santolan,Doroteo Court,2026-08-17T20:30:00+08:00,Explicit as-of clock with same-day dated publication/report context; publication clock is never onset or clearance.,28,Pasig City | Barangay Santolan | Doroteo Court | Water Level: 40 cm (15.75 inches) | Not passable to motorcycles and cars (sedan) | As of 8:30 p.m. city government posted the status of the flooding in some areas:,flood_observed,40 cm (15.75 inches),40.0,40.0,Not passable to motorcycles and cars (sedan),source_reviewed_candidate_not_training_admitted,,,2026-08-17,docs/evaluations/metro-manila-flood-duration-20261004,NCR-2026-08-17,explicit publisher city section,"""datePublished"":""2026-08-17T",28;29;198;199;200;201,GMA-20260817-998778-R0300,,,,,,,,,docs/evaluations/metro-manila-flood-duration-20261004/sources/GMA-20260817-998778.f746dffb4918.txt,true,usable,usable_reported_snapshot_clock,source_reported_locality,Santolan,usable_reported_numeric,40.0,40.0,PASIG-2026-AUG17-18,TL-e1317a30c79b0410,SNAP-48f4e609a0da5ffe,none_flagged,,Source-linked wet claim retained; no clearance inferred.,excluded_wet_snapshot_alone_has_no_outcome,false
OBS-b8b7945ec173f21e,GMA-20260817-998778,f746dffb4918,https://www.gmanetwork.com/news/topstories/metro/998778/list-flooded-roads-in-metro-manila-on-monday-morning/story/,NCR-2026-AUG17-18,Pasig,Santolan,Santolan,Doroteo Ext. cor Villa Doroteo,2026-08-17T20:30:00+08:00,Explicit as-of clock with same-day dated publication/report context; publication clock is never onset or clearance.,28,Pasig City | Barangay Santolan | Doroteo Ext. cor Villa Doroteo | Water Level: 40 cm (15.75 inches) | Not passable to motorcycle and cars (sedan) | As of 8:30 p.m. city government posted the status of the flooding in some areas:,flood_observed,40 cm (15.75 inches),40.0,40.0,Not passable to motorcycle and cars (sedan),source_reviewed_candidate_not_training_admitted,,,2026-08-17,docs/evaluations/metro-manila-flood-duration-20261004,NCR-2026-08-17,explicit publisher city section,"""datePublished"":""2026-08-17T",28;29;198;202;203;204,GMA-20260817-998778-R0301,,,,,,,,,docs/evaluations/metro-manila-flood-duration-20261004/sources/GMA-20260817-998778.f746dffb4918.txt,true,usable,usable_reported_snapshot_clock,source_reported_locality,Santolan,usable_reported_numeric,40.0,40.0,PASIG-2026-AUG17-18,TL-ed304fbce2bf5403,SNAP-ded443f18ace0e2a,none_flagged,,Source-linked wet claim retained; no clearance inferred.,excluded_wet_snapshot_alone_has_no_outcome,false
OBS-037f3a0081fa52fb,GMA-20260817-998778,f746dffb4918,https://www.gmanetwork.com/news/topstories/metro/998778/list-flooded-roads-in-metro-manila-on-monday-morning/story/,NCR-2026-AUG17-18,Pasig,Santolan,Santolan,Camia St. (Sgt. De Leon),2026-08-17T20:30:00+08:00,Explicit as-of clock with same-day dated publication/report context; publication clock is never onset or clearance.,28,Pasig City | Barangay Santolan | Camia St. (Sgt. De Leon) | Water Level: 40 cm (15.75 inches) | Not passable to motorcycle and cars (sedan) | As of 8:30 p.m. city government posted the status of the flooding in some areas:,flood_observed,40 cm (15.75 inches),40.0,40.0,Not passable to motorcycle and cars (sedan),source_reviewed_candidate_not_training_admitted,,,2026-08-17,docs/evaluations/metro-manila-flood-duration-20261004,NCR-2026-08-17,explicit publisher city section,"""datePublished"":""2026-08-17T",28;29;198;205;206;207,GMA-20260817-998778-R0302,,,,,,,,,docs/evaluations/metro-manila-flood-duration-20261004/sources/GMA-20260817-998778.f746dffb4918.txt,true,usable,usable_reported_snapshot_clock,source_reported_locality,Santolan,usable_reported_numeric,40.0,40.0,PASIG-2026-AUG17-18,TL-1178417e636ae7f0,SNAP-caae7fb341f40666,none_flagged,,Source-linked wet claim retained; no clearance inferred.,excluded_wet_snapshot_alone_has_no_outcome,false
OBS-e633f9fe640238e0,GMA-20260817-998778,f746dffb4918,https://www.gmanetwork.com/news/topstories/metro/998778/list-flooded-roads-in-metro-manila-on-monday-morning/story/,NCR-2026-AUG17-18,Pasig,Santolan,Santolan,Rafael 3rd Street,2026-08-17T20:30:00+08:00,Explicit as-of clock with same-day dated publication/report context; publication clock is never onset or clearance.,28,Pasig City | Barangay Santolan | Rafael 3rd Street | Water Level: 40 cm (15.75 inches) | Not passable to motorcycle and cars (sedan) | As of 8:30 p.m. city government posted the status of the flooding in some areas:,flood_observed,40 cm (15.75 inches),40.0,40.0,Not passable to motorcycle and cars (sedan),source_reviewed_candidate_not_training_admitted,,,2026-08-17,docs/evaluations/metro-manila-flood-duration-20261004,NCR-2026-08-17,explicit publisher city section,"""datePublished"":""2026-08-17T",28;29;198;208;209;210,GMA-20260817-998778-R0303,,,,,,,,,docs/evaluations/metro-manila-flood-duration-20261004/sources/GMA-20260817-998778.f746dffb4918.txt,true,usable,usable_reported_snapshot_clock,source_reported_locality,Santolan,usable_reported_numeric,40.0,40.0,PASIG-2026-AUG17-18,TL-4bd9afaaba229571,SNAP-cfe003240cb4222d,none_flagged,,Source-linked wet claim retained; no clearance inferred.,excluded_wet_snapshot_alone_has_no_outcome,false
OBS-170124a3939df660,RMN-20210725-MANDALUYONG-PASIG,32a77ec7d1b0,https://rmn.ph/ilang-kalsada-sa-mandaluyong-binaha-na-matapos-ang-tuloy-tuloy-na-pag-ulan/,NCR-2021-FABIAN-HABAGAT,Pasig,,,Metroville Imelda Ave.,,Contemporary article date only; preceding Mandaluyong noon clock not transferred to Pasig,2,"Publication metadata: 2021-07-25T05:52:01+00:00 | Gutter deep naman ang baha sa Villa Munsod hanggang San Dionisio, at Metroville Imelda Ave. sa Pasig.",flood_observed,gutter deep,,,,source_reviewed_candidate_not_training_admitted,,qualitative_or_missing_depth_no_numeric_conversion;observation_date_only_clock_unknown,2021-07-25,docs/evaluations/metro-manila-flood-duration-20261004,NCR-2021-07-25,Explicit publisher city in same sentence/paragraph,,2;8,RMN-20210725-MANDALUYONG-PASIG-R01,,,,,,,,,docs/evaluations/metro-manila-flood-duration-20261004/sources/RMN-20210725-MANDALUYONG-PASIG.32a77ec7d1b0.txt,true,usable,uncertain_clock_date_only,source_reported_locality,,qualitative_only,,,PASIG-2021-JUL23-25-CANDIDATE,TL-16607e37446fef72,SNAP-b460fe161e791088,none_flagged,,Keep reported date only; exclude from clock-based duration pairing.,excluded_wet_snapshot_alone_has_no_outcome,false
OBS-f7367beee8be5758,RMN-20210725-MANDALUYONG-PASIG,32a77ec7d1b0,https://rmn.ph/ilang-kalsada-sa-mandaluyong-binaha-na-matapos-ang-tuloy-tuloy-na-pag-ulan/,NCR-2021-FABIAN-HABAGAT,Pasig,Dela Paz,Dela Paz,Karangalan Street,,Contemporary article date only; preceding Mandaluyong noon clock not transferred to Pasig,2,"Publication metadata: 2021-07-25T05:52:01+00:00 | Samantala, sinabi naman ng Metropolitan Manila Development Authority (MMDA) na nagkaroon din ng pagbaha sa kahabaan ng Karangalan Street at Kalusugan Stresst sa Dela Paz kung saan hindi na ito madaanan ng mga light vehicle. | Gutter deep naman ang baha sa Villa Munsod hanggang San Dionisio, at Metroville Imelda Ave. sa Pasig.",flood_observed,,,,not passable to light vehicles,source_reviewed_candidate_not_training_admitted,,city_context_inferred;road_alias_review;possible_cross_source_duplicate;qualitative_or_missing_depth_no_numeric_conversion;observation_date_only_clock_unknown,2021-07-25,docs/evaluations/metro-manila-flood-duration-20261004,NCR-2021-07-25,Dela Paz street context and separate Pasig paragraph; provisional context/alias review,,2;7;8,RMN-20210725-MANDALUYONG-PASIG-R02,,,,,,,,,docs/evaluations/metro-manila-flood-duration-20261004/sources/RMN-20210725-MANDALUYONG-PASIG.32a77ec7d1b0.txt,true,usable,uncertain_clock_date_only,uncertain_section_or_alias,Dela Paz,not_reported,,,PASIG-2021-JUL23-25-CANDIDATE,TL-2a0161a1e252207c,SNAP-1bd25b28064d8527,unresolved_no_matching_timed_karangalan_claim,,"Location context retained; no verified road-section correspondence. Keep reported date only; exclude from clock-based duration pairing. RMN lines 2,7-8 give date/context only. No matching timed Karangalan claim identified in this export; do not merge with Kalusugan or Karangalan Village/Phase 2 A.",excluded_wet_snapshot_alone_has_no_outcome,false
OBS-04c437340afc0fcf,RMN-20210725-MANDALUYONG-PASIG,32a77ec7d1b0,https://rmn.ph/ilang-kalsada-sa-mandaluyong-binaha-na-matapos-ang-tuloy-tuloy-na-pag-ulan/,NCR-2021-FABIAN-HABAGAT,Pasig,Dela Paz,Dela Paz,Kalusugan Stresst,,Contemporary article date only; preceding Mandaluyong noon clock not transferred to Pasig,2,"Publication metadata: 2021-07-25T05:52:01+00:00 | Samantala, sinabi naman ng Metropolitan Manila Development Authority (MMDA) na nagkaroon din ng pagbaha sa kahabaan ng Karangalan Street at Kalusugan Stresst sa Dela Paz kung saan hindi na ito madaanan ng mga light vehicle. | Gutter deep naman ang baha sa Villa Munsod hanggang San Dionisio, at Metroville Imelda Ave. sa Pasig.",flood_observed,,,,not passable to light vehicles,source_reviewed_candidate_not_training_admitted,,city_context_inferred;source_typo_preserved;possible_cross_source_duplicate;qualitative_or_missing_depth_no_numeric_conversion;observation_date_only_clock_unknown,2021-07-25,docs/evaluations/metro-manila-flood-duration-20261004,NCR-2021-07-25,Dela Paz street context and separate Pasig paragraph; provisional context/alias review,,2;7;8,RMN-20210725-MANDALUYONG-PASIG-R03,,,,,,,,,docs/evaluations/metro-manila-flood-duration-20261004/sources/RMN-20210725-MANDALUYONG-PASIG.32a77ec7d1b0.txt,true,usable,uncertain_clock_date_only,uncertain_section_or_alias,Dela Paz,not_reported,,,PASIG-2021-JUL23-25-CANDIDATE,TL-35e1e44e55b40dcd,SNAP-e8af35dcdfc2ab4e,possible_same_location_date_different_unknown_clock,OBS-8dce85ed0ae538fd,"Location context retained; no verified road-section correspondence. Keep reported date only; exclude from clock-based duration pairing. RMN lines 2,7-8 preserve Kalusugan Stresst typo; Kalusugan Street is a search alias only. GMA-20210725-796691 lines 24-25 give Pasig noon/Kalusugan de la paz. Retain RMN supporting claim; do not copy GMA noon into RMN or merge as one exact snapshot.",excluded_wet_snapshot_alone_has_no_outcome,false
OBS-f7db71171f0bb0f3,ONENEWS-20220904-HENRY,0c6534d5d582,https://www.onenews.ph/articles/henry-gains-strength-while-exiting,NCR-2022-HENRY-HABAGAT,Pasig,,,Julia Vargas,,Saturday September3 context supplies date only; Manila noon clock not transferred,12,"Floods rose quickly in a number of roads in Metro Manila as the southwest monsoon dumped rains over the metropolis. PAGASA issued a Yellow Heavy Rainfall Warning for Metro Manila at 11:30 a.m. Saturday, Sept. 3, warning residents of flooding especially in low-lying areas. | The Metropolitan Manila Development Authority reported gutter-deep flooding in major roads as E. Rodriguez, Araneta Avenue, EDSA Dario Bridge, C-5, Aurora Boulevard and Quezon Avenue in Quezon City as well as Julia Vargas in Pasig City. P1.5 B for Florita victims",flood_observed,gutter-deep,,,,source_reviewed_candidate_not_training_admitted,,observation_date_context_inferred;possible_cross_source_duplicate;scope_and_alias_review;qualitative_or_missing_depth_no_numeric_conversion;observation_date_only_clock_unknown,2022-09-03,docs/evaluations/metro-manila-flood-duration-20261004,NCR-2022-09-03,Explicit named city in publisher flood-report paragraph,"""datePublished"":""2022-09-04T00:01:00""",12;18,ONENEWS-20220904-HENRY-R07,,,,,,,,,docs/evaluations/metro-manila-flood-duration-20261004/sources/ONENEWS-20220904-HENRY.0c6534d5d582.txt,true,usable,uncertain_clock_date_only,uncertain_section_or_alias,,qualitative_only,,,NCR-2022-HENRY-HABAGAT,TL-395f53f973742b48,SNAP-1f9c18f2958a0596,unresolved_no_matching_pasig_julia_vargas_claim,,"Location context retained; no verified road-section correspondence. Keep reported date only; exclude from clock-based duration pairing. OneNews lines 12-18 support Pasig Julia Vargas wet claim with context-derived Sept 3 date, no clock. Noon is Manila and 11:30 is a PAGASA warning. No same-location Pasig duplicate identified in this export.",excluded_wet_snapshot_alone_has_no_outcome,false
