observation_id,source_id,capture_version,source_url,episode_group,city,barangay_raw,barangay,location_raw,observation_at,clock_evidence,source_line_start,evidence,status,depth_raw,depth_cm_low,depth_cm_high,passability_raw,review_status,clearance_scope,flags
OBS-fd516bd0c9b92f54,PASIG-20250722-0345,85009af21330,https://pasigcity.gov.ph/news-and-releases/flood-update-as-of-0345am-july-22-2025-993,PASIG-2025-JUL21-25,Pasig,Dela Paz,Dela Paz,"Karangalan Phase 2 A, Brgy. Dela Paz",2025-07-22T03:45:00+08:00,"July 22, 2025 | as of 03:45AM",5,"1. Karangalan Phase 2 A, Brgy. Dela Paz | Water Level: 18 inches",flood_observed,18 inches,45.72,45.72,,candidate,,
OBS-ed5be33522569501,PASIG-20250722-0345,85009af21330,https://pasigcity.gov.ph/news-and-releases/flood-update-as-of-0345am-july-22-2025-993,PASIG-2025-JUL21-25,Pasig,Manggahan,Manggahan,"Panama St cor Stockholm, Brgy. Manggahan",2025-07-22T03:45:00+08:00,"July 22, 2025 | as of 03:45AM",7,"2. Panama St cor Stockholm, Brgy. Manggahan | Water Level: 3-4 inches",flood_observed,3-4 inches,7.62,10.16,,candidate,,
OBS-a9a550699fafd50b,PASIG-20250722-0345,85009af21330,https://pasigcity.gov.ph/news-and-releases/flood-update-as-of-0345am-july-22-2025-993,PASIG-2025-JUL21-25,Pasig,Manggahan,Manggahan,"Panama St., Brgy. Manggahan",2025-07-22T03:45:00+08:00,"July 22, 2025 | as of 03:45AM",9,"3. Panama St., Brgy. Manggahan | Water Level: 3-4 inches",flood_observed,3-4 inches,7.62,10.16,,candidate,,
OBS-b68e4723f7fb6293,PASIG-20250722-0345,85009af21330,https://pasigcity.gov.ph/news-and-releases/flood-update-as-of-0345am-july-22-2025-993,PASIG-2025-JUL21-25,Pasig,Dela Paz,Dela Paz,"Kabayanihan cor Karikitan St, Brgy. Dela Paz",2025-07-22T03:45:00+08:00,"July 22, 2025 | as of 03:45AM",11,"4. Kabayanihan cor Karikitan St, Brgy. Dela Paz | Water Level: 7-8 inches",flood_observed,7-8 inches,17.78,20.32,,candidate,,
OBS-1d6989c95cffe423,PASIG-20250722-0345,85009af21330,https://pasigcity.gov.ph/news-and-releases/flood-update-as-of-0345am-july-22-2025-993,PASIG-2025-JUL21-25,Pasig,Sta.Lucia,Sta. Lucia,"Callos Compound, Brgy. Sta.Lucia",2025-07-22T03:45:00+08:00,"July 22, 2025 | as of 03:45AM",13,"5. Callos Compound, Brgy. Sta.Lucia | Water Level : 4 FT",flood_observed,4 FT,121.92,121.92,,candidate,,
OBS-43032a87740cc67e,PASIG-20250722-0345,85009af21330,https://pasigcity.gov.ph/news-and-releases/flood-update-as-of-0345am-july-22-2025-993,PASIG-2025-JUL21-25,Pasig,Manggahan,Manggahan,"Paris St. cor Soliven Ave., Brgy Manggahan",2025-07-22T03:45:00+08:00,"July 22, 2025 | as of 03:45AM",15,"6. Paris St. cor Soliven Ave., Brgy Manggahan | Water Level: 3-4 inches",flood_observed,3-4 inches,7.62,10.16,,candidate,,
OBS-49099c96e4b47a98,PASIG-20250722-0345,85009af21330,https://pasigcity.gov.ph/news-and-releases/flood-update-as-of-0345am-july-22-2025-993,PASIG-2025-JUL21-25,Pasig,Manggahan,Manggahan,"Prague St., Brgy Manggahan",2025-07-22T03:45:00+08:00,"July 22, 2025 | as of 03:45AM",17,"7. Prague St., Brgy Manggahan | Water Level: 1 FT",flood_observed,1 FT,30.48,30.48,,candidate,,
OBS-bb18b23e4e8ab664,PASIG-20250722-0345,85009af21330,https://pasigcity.gov.ph/news-and-releases/flood-update-as-of-0345am-july-22-2025-993,PASIG-2025-JUL21-25,Pasig,Manggahan,Manggahan,"Prague St cor. Rome St., Brgy. Manggahan",2025-07-22T03:45:00+08:00,"July 22, 2025 | as of 03:45AM",19,"8. Prague St cor. Rome St., Brgy. Manggahan | Water Level: 1 FT and 2 inches",flood_observed,1 FT and 2 inches,35.56,35.56,,candidate,,
OBS-ca628053816715a0,PASIG-20250722-0345,85009af21330,https://pasigcity.gov.ph/news-and-releases/flood-update-as-of-0345am-july-22-2025-993,PASIG-2025-JUL21-25,Pasig,Manggahan,Manggahan,"Guatemala St. cor. Rome St., Brgy. Manggahan",2025-07-22T03:45:00+08:00,"July 22, 2025 | as of 03:45AM",21,"9. Guatemala St. cor. Rome St., Brgy. Manggahan | Water Level: 1 FT",flood_observed,1 FT,30.48,30.48,,candidate,,
OBS-346ba903d6673429,PASIG-20250722-0345,85009af21330,https://pasigcity.gov.ph/news-and-releases/flood-update-as-of-0345am-july-22-2025-993,PASIG-2025-JUL21-25,Pasig,Manggahan,Manggahan,"Athens St. cor. Guatemala, Brgy. Manggahan",2025-07-22T03:45:00+08:00,"July 22, 2025 | as of 03:45AM",23,"10. Athens St. cor. Guatemala, Brgy. Manggahan | Water Level: 5-6 inches",flood_observed,5-6 inches,12.7,15.24,,candidate,,
OBS-e495dac2c6158fbf,PASIG-20250722-0345,85009af21330,https://pasigcity.gov.ph/news-and-releases/flood-update-as-of-0345am-july-22-2025-993,PASIG-2025-JUL21-25,Pasig,Santolan,Santolan,Masikap Brgy. Santolan,2025-07-22T03:45:00+08:00,"July 22, 2025 | as of 03:45AM",25,11. Masikap Brgy. Santolan | Water Level: 3 FT,flood_observed,3 FT,91.44,91.44,,candidate,,
OBS-ad91ba10c21efb4f,PASIG-20250722-0345,85009af21330,https://pasigcity.gov.ph/news-and-releases/flood-update-as-of-0345am-july-22-2025-993,PASIG-2025-JUL21-25,Pasig,Santolan,Santolan,Sgt. De Leon. Brgy. Santolan.,2025-07-22T03:45:00+08:00,"July 22, 2025 | as of 03:45AM",27,12. Sgt. De Leon. Brgy. Santolan. | Water Level: 5 inches,flood_observed,5 inches,12.7,12.7,,candidate,,
OBS-123eb009441ee61e,PASIG-20250722-0345,85009af21330,https://pasigcity.gov.ph/news-and-releases/flood-update-as-of-0345am-july-22-2025-993,PASIG-2025-JUL21-25,Pasig,Sta. Lucia,Sta. Lucia,"Tawi-tawi St., Brgy. Sta. Lucia",2025-07-22T03:45:00+08:00,"July 22, 2025 | as of 03:45AM",29,"13, Tawi-tawi St., Brgy. Sta. Lucia | Water Level: 15 inches",flood_observed,15 inches,38.1,38.1,,candidate,,
OBS-97e700d412e7d544,PASIG-20250722-0345,85009af21330,https://pasigcity.gov.ph/news-and-releases/flood-update-as-of-0345am-july-22-2025-993,PASIG-2025-JUL21-25,Pasig,Manggahan,Manggahan,"Metro Ville Karangalan, Brgy. Manggahan",2025-07-22T03:45:00+08:00,"July 22, 2025 | as of 03:45AM",31,"14. Metro Ville Karangalan, Brgy. Manggahan | Water Level: 15 inches",flood_observed,15 inches,38.1,38.1,,candidate,,
OBS-e0b7477a3e5eab71,PASIG-20250722-0345,85009af21330,https://pasigcity.gov.ph/news-and-releases/flood-update-as-of-0345am-july-22-2025-993,PASIG-2025-JUL21-25,Pasig,Sta. Lucia,Sta. Lucia,"Bautista Compound, Brgy. Sta. Lucia",2025-07-22T03:45:00+08:00,"July 22, 2025 | as of 03:45AM",33,"15. Bautista Compound, Brgy. Sta. Lucia | Water Level: 3 FT",flood_observed,3 FT,91.44,91.44,,candidate,,
OBS-81d512c6e3f74f00,PASIG-20250722-0345,85009af21330,https://pasigcity.gov.ph/news-and-releases/flood-update-as-of-0345am-july-22-2025-993,PASIG-2025-JUL21-25,Pasig,Sta. Lucia,Sta. Lucia,"Morales Compound 5th St., Brgy. Sta. Lucia",2025-07-22T03:45:00+08:00,"July 22, 2025 | as of 03:45AM",35,"16. Morales Compound 5th St., Brgy. Sta. Lucia | Water Level: 3 FT",flood_observed,3 FT,91.44,91.44,,candidate,,
OBS-b5ebe1d9e45bd062,PASIG-20250722-0345,85009af21330,https://pasigcity.gov.ph/news-and-releases/flood-update-as-of-0345am-july-22-2025-993,PASIG-2025-JUL21-25,Pasig,Santolan,Santolan,"Natasha St. (Sgt. De Leon), Brgy. Santolan",2025-07-22T03:45:00+08:00,"July 22, 2025 | as of 03:45AM",37,"17. Natasha St. (Sgt. De Leon), Brgy. Santolan | Water Level: knee level",flood_observed,knee level,,,,candidate,,qualitative_depth_no_numeric_conversion
OBS-1fc7035365bae178,PASIG-20250722-0345,85009af21330,https://pasigcity.gov.ph/news-and-releases/flood-update-as-of-0345am-july-22-2025-993,PASIG-2025-JUL21-25,Pasig,Santolan,Santolan,"Masikap St. Bangkaan (Tawiran), Brgy. Santolan",2025-07-22T03:45:00+08:00,"July 22, 2025 | as of 03:45AM",39,"18. Masikap St. Bangkaan (Tawiran), Brgy. Santolan | Water Level: 7 - 8 FT",flood_observed,7 - 8 FT,213.36,243.84,,candidate,,
OBS-1d12e426320543c2,PASIG-20250722-0345,85009af21330,https://pasigcity.gov.ph/news-and-releases/flood-update-as-of-0345am-july-22-2025-993,PASIG-2025-JUL21-25,Pasig,Santolan,Santolan,"Doroteo St., Brgy. Santolan",2025-07-22T03:45:00+08:00,"July 22, 2025 | as of 03:45AM",41,"19. Doroteo St., Brgy. Santolan | Water Level: 2 FT",flood_observed,2 FT,60.96,60.96,,candidate,,
OBS-4889c9e05ddeec42,PASIG-20250722-0345,85009af21330,https://pasigcity.gov.ph/news-and-releases/flood-update-as-of-0345am-july-22-2025-993,PASIG-2025-JUL21-25,Pasig,Santolan,Santolan,"Marcelino St. (Tawiran), Brgy. Santolan",2025-07-22T03:45:00+08:00,"July 22, 2025 | as of 03:45AM",43,"20. Marcelino St. (Tawiran), Brgy. Santolan | Water Level: 7 - 8 FT",flood_observed,7 - 8 FT,213.36,243.84,,candidate,,
OBS-39942e6d92d36127,PASIG-20250722-0345,85009af21330,https://pasigcity.gov.ph/news-and-releases/flood-update-as-of-0345am-july-22-2025-993,PASIG-2025-JUL21-25,Pasig,Santolan,Santolan,"Rafael St., Brgy. Santolan",2025-07-22T03:45:00+08:00,"July 22, 2025 | as of 03:45AM",45,"21. Rafael St., Brgy. Santolan | Water Level: knee deep",flood_observed,knee deep,,,,candidate,,qualitative_depth_no_numeric_conversion
OBS-8904f1d6abe7d7be,PASIG-20250722-0345,85009af21330,https://pasigcity.gov.ph/news-and-releases/flood-update-as-of-0345am-july-22-2025-993,PASIG-2025-JUL21-25,Pasig,Santolan,Santolan,"Victorino St., Brgy. Santolan",2025-07-22T03:45:00+08:00,"July 22, 2025 | as of 03:45AM",47,"22. Victorino St., Brgy. Santolan | Water Level: gutter deep",flood_observed,gutter deep,,,,candidate,,qualitative_depth_no_numeric_conversion
OBS-acdf3014fb9b31fe,PASIG-20250722-0345,85009af21330,https://pasigcity.gov.ph/news-and-releases/flood-update-as-of-0345am-july-22-2025-993,PASIG-2025-JUL21-25,Pasig,Manggahan,Manggahan,"Stockholms, Brgy. Manggahan",2025-07-22T03:45:00+08:00,"July 22, 2025 | as of 03:45AM",49,"23 Stockholms, Brgy. Manggahan | Water Level: gutter deep",flood_observed,gutter deep,,,,candidate,,qualitative_depth_no_numeric_conversion
OBS-2603af9fe5f3f336,PASIG-20250722-0345,85009af21330,https://pasigcity.gov.ph/news-and-releases/flood-update-as-of-0345am-july-22-2025-993,PASIG-2025-JUL21-25,Pasig,Manggahan,Manggahan,"Lower Dike, Brgy. Manggahan",2025-07-22T03:45:00+08:00,"July 22, 2025 | as of 03:45AM",51,"24. Lower Dike, Brgy. Manggahan | Water Level: 4 FT",flood_observed,4 FT,121.92,121.92,,candidate,,
OBS-0a04e9c954475b16,PASIG-20250722-0345,85009af21330,https://pasigcity.gov.ph/news-and-releases/flood-update-as-of-0345am-july-22-2025-993,PASIG-2025-JUL21-25,Pasig,Dela Paz,Dela Paz,"Yap Compound Katipiran St., Brgy. Dela Paz",2025-07-22T03:45:00+08:00,"July 22, 2025 | as of 03:45AM",53,"25. Yap Compound Katipiran St., Brgy. Dela Paz | Water Level: 2 FT",flood_observed,2 FT,60.96,60.96,,candidate,,
OBS-0da20daa1f22da5b,PASIG-20250722-0345,85009af21330,https://pasigcity.gov.ph/news-and-releases/flood-update-as-of-0345am-july-22-2025-993,PASIG-2025-JUL21-25,Pasig,Sta. Lucia,Sta. Lucia,"Rosario Village Tramo St., Brgy. Sta. Lucia",2025-07-22T03:45:00+08:00,"July 22, 2025 | as of 03:45AM",55,"26. Rosario Village Tramo St., Brgy. Sta. Lucia | Water Level: 14 inches",flood_observed,14 inches,35.56,35.56,,candidate,,
OBS-f5a35ff5f989637d,PASIG-20250722-0345,85009af21330,https://pasigcity.gov.ph/news-and-releases/flood-update-as-of-0345am-july-22-2025-993,PASIG-2025-JUL21-25,Pasig,Sta. Lucia,Sta. Lucia,"Metropolis 1, Brgy. Sta. Lucia",2025-07-22T03:45:00+08:00,"July 22, 2025 | as of 03:45AM",57,"27. Metropolis 1, Brgy. Sta. Lucia | Water Level: 4 FT",flood_observed,4 FT,121.92,121.92,,candidate,,
OBS-b384eb7004cdd544,PASIG-20250722-0345,85009af21330,https://pasigcity.gov.ph/news-and-releases/flood-update-as-of-0345am-july-22-2025-993,PASIG-2025-JUL21-25,Pasig,Sta. Lucia,Sta. Lucia,"Rosario 5&6, Brgy. Sta. Lucia",2025-07-22T03:45:00+08:00,"July 22, 2025 | as of 03:45AM",59,"28. Rosario 5&6, Brgy. Sta. Lucia | Water Level: 2 FT",flood_observed,2 FT,60.96,60.96,,candidate,,
OBS-db9d52255fdabe5e,PASIG-20250722-0345,85009af21330,https://pasigcity.gov.ph/news-and-releases/flood-update-as-of-0345am-july-22-2025-993,PASIG-2025-JUL21-25,Pasig,Sta. Lucia,Sta. Lucia,"Champaca St., Brgy. Sta. Lucia",2025-07-22T03:45:00+08:00,"July 22, 2025 | as of 03:45AM",61,"29. Champaca St., Brgy. Sta. Lucia | Water Level: 2-3 inches",flood_observed,2-3 inches,5.08,7.62,,candidate,,
OBS-fd00d136aa68c955,PASIG-20250722-0345,85009af21330,https://pasigcity.gov.ph/news-and-releases/flood-update-as-of-0345am-july-22-2025-993,PASIG-2025-JUL21-25,Pasig,Sta. Lucia,Sta. Lucia,"Hawk St., Metro Green Village, Brgy. Sta. Lucia",2025-07-22T03:45:00+08:00,"July 22, 2025 | as of 03:45AM",63,"30. Hawk St., Metro Green Village, Brgy. Sta. Lucia | Water Level: 3-4 inches",flood_observed,3-4 inches,7.62,10.16,,candidate,,
OBS-3205d73e59326f63,PASIG-20250722-0345,85009af21330,https://pasigcity.gov.ph/news-and-releases/flood-update-as-of-0345am-july-22-2025-993,PASIG-2025-JUL21-25,Pasig,Rosario (In front of SM East Ortigas),Rosario,"Dabba, Brgy. Rosario (In front of SM East Ortigas)",2025-07-22T03:45:00+08:00,"July 22, 2025 | as of 03:45AM",65,"31. Dabba, Brgy. Rosario (In front of SM East Ortigas) | Water Level: 2 FT",flood_observed,2 FT,60.96,60.96,,candidate,,
OBS-c71aa9af23a94689,PASIG-20250722-0345,85009af21330,https://pasigcity.gov.ph/news-and-releases/flood-update-as-of-0345am-july-22-2025-993,PASIG-2025-JUL21-25,Pasig,San Miguel,San Miguel,"M. Eusebio, Brgy. San Miguel",2025-07-22T03:45:00+08:00,"July 22, 2025 | as of 03:45AM",67,"32. M. Eusebio, Brgy. San Miguel | Water Level: 2 FT",flood_observed,2 FT,60.96,60.96,,candidate,,
OBS-e250690317cf3d5e,PASIG-20250722-0345,85009af21330,https://pasigcity.gov.ph/news-and-releases/flood-update-as-of-0345am-july-22-2025-993,PASIG-2025-JUL21-25,Pasig,Sta. Lucia,Sta. Lucia,"Rosal St. De Castro, Brgy. Sta. Lucia",2025-07-22T03:45:00+08:00,"July 22, 2025 | as of 03:45AM",69,"33. Rosal St. De Castro, Brgy. Sta. Lucia | Water Level: 2-3 inches",flood_observed,2-3 inches,5.08,7.62,,candidate,,
OBS-1ae159c92e2e6224,PASIG-20250722-0345,85009af21330,https://pasigcity.gov.ph/news-and-releases/flood-update-as-of-0345am-july-22-2025-993,PASIG-2025-JUL21-25,Pasig,Sta. Lucia,Sta. Lucia,"Dalia St. De castro, Brgy. Sta. Lucia",2025-07-22T03:45:00+08:00,"July 22, 2025 | as of 03:45AM",71,"34. Dalia St. De castro, Brgy. Sta. Lucia | Water Level: 4 inches",flood_observed,4 inches,10.16,10.16,,candidate,,
OBS-54b5e84765d584ec,PASIG-20250722-0345,85009af21330,https://pasigcity.gov.ph/news-and-releases/flood-update-as-of-0345am-july-22-2025-993,PASIG-2025-JUL21-25,Pasig,Maybunga,Maybunga,"Blk. 1 to 9, Alley 1 to 40, Westbank Floodway, Brgy. Maybunga",2025-07-22T03:45:00+08:00,"July 22, 2025 | as of 03:45AM",73,"35. Blk. 1 to 9, Alley 1 to 40, Westbank Floodway, Brgy. Maybunga | Water Level: 7-8 FT",flood_observed,7-8 FT,213.36,243.84,,candidate,,
OBS-02604585cacf6e2b,PASIG-20250722-0345,85009af21330,https://pasigcity.gov.ph/news-and-releases/flood-update-as-of-0345am-july-22-2025-993,PASIG-2025-JUL21-25,Pasig,Manggahan,Manggahan,Kaginhawaan St. Brgy. Manggahan,2025-07-22T03:45:00+08:00,"July 22, 2025 | as of 03:45AM",75,36. Kaginhawaan St. Brgy. Manggahan | Water Level: 4-5 inches,flood_observed,4-5 inches,10.16,12.7,,candidate,,
OBS-4a7ce4a31966df8f,PASIG-20250722-0345,85009af21330,https://pasigcity.gov.ph/news-and-releases/flood-update-as-of-0345am-july-22-2025-993,PASIG-2025-JUL21-25,Pasig,Sta Lucia,Sta. Lucia,"Bagong Anyo, Brgy. Sta Lucia",2025-07-22T03:45:00+08:00,"July 22, 2025 | as of 03:45AM",77,"37. Bagong Anyo, Brgy. Sta Lucia | Water Level: 3 FT",flood_observed,3 FT,91.44,91.44,,candidate,,
OBS-0ad7d23fd60f6907,PASIG-20250722-0345,85009af21330,https://pasigcity.gov.ph/news-and-releases/flood-update-as-of-0345am-july-22-2025-993,PASIG-2025-JUL21-25,Pasig,Sta Lucia,Sta. Lucia,Asuzena St. Brgy. Sta Lucia,2025-07-22T03:45:00+08:00,"July 22, 2025 | as of 03:45AM",79,38. Asuzena St. Brgy. Sta Lucia | Water Level: 3 FT,flood_observed,3 FT,91.44,91.44,,candidate,,
OBS-a058fd6de49d4546,PASIG-20250722-0600,142de00864f7,https://pasigcity.gov.ph/news-and-releases/flood-update-as-of-0600am-july-22-2025-959,PASIG-2025-JUL21-25,Pasig,Dela Paz,Dela Paz,"Karangalan Phase 2 A, Brgy. Dela Paz",2025-07-22T06:00:00+08:00,"July 22, 2025 | as of 06:00AM",5,"1. Karangalan Phase 2 A, Brgy. Dela Paz | Water Level: 18 inches",flood_observed,18 inches,45.72,45.72,,candidate,,
OBS-c9db779eae2154d2,PASIG-20250722-0600,142de00864f7,https://pasigcity.gov.ph/news-and-releases/flood-update-as-of-0600am-july-22-2025-959,PASIG-2025-JUL21-25,Pasig,Manggahan,Manggahan,"Panama St cor Stockholm, Brgy. Manggahan",2025-07-22T06:00:00+08:00,"July 22, 2025 | as of 06:00AM",7,"2. Panama St cor Stockholm, Brgy. Manggahan | Water Level: 1-2 inches",flood_observed,1-2 inches,2.54,5.08,,candidate,,
OBS-b909abed0dbe3f30,PASIG-20250722-0600,142de00864f7,https://pasigcity.gov.ph/news-and-releases/flood-update-as-of-0600am-july-22-2025-959,PASIG-2025-JUL21-25,Pasig,Manggahan,Manggahan,"Panama St., Brgy. Manggahan",2025-07-22T06:00:00+08:00,"July 22, 2025 | as of 06:00AM",9,"3. Panama St., Brgy. Manggahan | Water Level: 3-4 inches",flood_observed,3-4 inches,7.62,10.16,,candidate,,
OBS-6656c7a1e6dfb1fa,PASIG-20250722-0600,142de00864f7,https://pasigcity.gov.ph/news-and-releases/flood-update-as-of-0600am-july-22-2025-959,PASIG-2025-JUL21-25,Pasig,Dela Paz,Dela Paz,"Kabayanihan cor Karikitan St, Brgy. Dela Paz",2025-07-22T06:00:00+08:00,"July 22, 2025 | as of 06:00AM",11,"4. Kabayanihan cor Karikitan St, Brgy. Dela Paz | Water Level: 1-2 inches",flood_observed,1-2 inches,2.54,5.08,,candidate,,
OBS-6109c780310d9d97,PASIG-20250722-0600,142de00864f7,https://pasigcity.gov.ph/news-and-releases/flood-update-as-of-0600am-july-22-2025-959,PASIG-2025-JUL21-25,Pasig,Sta.Lucia,Sta. Lucia,"Callos Compound, Brgy. Sta.Lucia",2025-07-22T06:00:00+08:00,"July 22, 2025 | as of 06:00AM",13,"5. Callos Compound, Brgy. Sta.Lucia | Water Level : 4 FT",flood_observed,4 FT,121.92,121.92,,candidate,,
OBS-87c30414a313ae7c,PASIG-20250722-0600,142de00864f7,https://pasigcity.gov.ph/news-and-releases/flood-update-as-of-0600am-july-22-2025-959,PASIG-2025-JUL21-25,Pasig,Manggahan,Manggahan,"Paris St. cor Soliven Ave., Brgy Manggahan",2025-07-22T06:00:00+08:00,"July 22, 2025 | as of 06:00AM",15,"6. Paris St. cor Soliven Ave., Brgy Manggahan | Water Level: 1-2 inches",flood_observed,1-2 inches,2.54,5.08,,candidate,,
OBS-642b11b2637e57f6,PASIG-20250722-0600,142de00864f7,https://pasigcity.gov.ph/news-and-releases/flood-update-as-of-0600am-july-22-2025-959,PASIG-2025-JUL21-25,Pasig,Manggahan,Manggahan,"Prague St., Brgy Manggahan",2025-07-22T06:00:00+08:00,"July 22, 2025 | as of 06:00AM",17,"7. Prague St., Brgy Manggahan | Water Level: 1-2 inches",flood_observed,1-2 inches,2.54,5.08,,candidate,,
OBS-19fa51430ae343af,PASIG-20250722-0600,142de00864f7,https://pasigcity.gov.ph/news-and-releases/flood-update-as-of-0600am-july-22-2025-959,PASIG-2025-JUL21-25,Pasig,Manggahan,Manggahan,"Prague St cor. Rome St., Brgy. Manggahan",2025-07-22T06:00:00+08:00,"July 22, 2025 | as of 06:00AM",19,"8. Prague St cor. Rome St., Brgy. Manggahan | Water Level: 1-2 inches",flood_observed,1-2 inches,2.54,5.08,,candidate,,
OBS-0ccdb597baf5dab3,PASIG-20250722-0600,142de00864f7,https://pasigcity.gov.ph/news-and-releases/flood-update-as-of-0600am-july-22-2025-959,PASIG-2025-JUL21-25,Pasig,Manggahan,Manggahan,"Guatemala St. cor. Rome St., Brgy. Manggahan",2025-07-22T06:00:00+08:00,"July 22, 2025 | as of 06:00AM",21,"9. Guatemala St. cor. Rome St., Brgy. Manggahan | Water Level: 1-2 inches",flood_observed,1-2 inches,2.54,5.08,,candidate,,
OBS-8d37074e7d54795b,PASIG-20250722-0600,142de00864f7,https://pasigcity.gov.ph/news-and-releases/flood-update-as-of-0600am-july-22-2025-959,PASIG-2025-JUL21-25,Pasig,Manggahan,Manggahan,"Athens St. cor. Guatemala, Brgy. Manggahan",2025-07-22T06:00:00+08:00,"July 22, 2025 | as of 06:00AM",23,"10. Athens St. cor. Guatemala, Brgy. Manggahan | Water Level: 1-2 inches",flood_observed,1-2 inches,2.54,5.08,,candidate,,
OBS-f2e2e6c49ae90a4f,PASIG-20250722-0600,142de00864f7,https://pasigcity.gov.ph/news-and-releases/flood-update-as-of-0600am-july-22-2025-959,PASIG-2025-JUL21-25,Pasig,Santolan,Santolan,Masikap Brgy. Santolan,2025-07-22T06:00:00+08:00,"July 22, 2025 | as of 06:00AM",25,11. Masikap Brgy. Santolan | Water Level: 3 FT,flood_observed,3 FT,91.44,91.44,,candidate,,
OBS-8152fe136c07bcd6,PASIG-20250722-0600,142de00864f7,https://pasigcity.gov.ph/news-and-releases/flood-update-as-of-0600am-july-22-2025-959,PASIG-2025-JUL21-25,Pasig,Santolan,Santolan,Sgt. De Leon. Brgy. Santolan.,2025-07-22T06:00:00+08:00,"July 22, 2025 | as of 06:00AM",27,12. Sgt. De Leon. Brgy. Santolan. | Water Level: 5 inches,flood_observed,5 inches,12.7,12.7,,candidate,,
OBS-e82bde05879bb013,PASIG-20250722-0600,142de00864f7,https://pasigcity.gov.ph/news-and-releases/flood-update-as-of-0600am-july-22-2025-959,PASIG-2025-JUL21-25,Pasig,Sta. Lucia,Sta. Lucia,"Tawi-tawi St., Brgy. Sta. Lucia",2025-07-22T06:00:00+08:00,"July 22, 2025 | as of 06:00AM",29,"13, Tawi-tawi St., Brgy. Sta. Lucia | Water Level: 15 inches",flood_observed,15 inches,38.1,38.1,,candidate,,
OBS-eb76e693b57c394d,PASIG-20250722-0600,142de00864f7,https://pasigcity.gov.ph/news-and-releases/flood-update-as-of-0600am-july-22-2025-959,PASIG-2025-JUL21-25,Pasig,Manggahan,Manggahan,"Metro Ville Karangalan, Brgy. Manggahan",2025-07-22T06:00:00+08:00,"July 22, 2025 | as of 06:00AM",31,"14. Metro Ville Karangalan, Brgy. Manggahan | Water Level: 4 FT",flood_observed,4 FT,121.92,121.92,,candidate,,
OBS-74307f80dc488b1e,PASIG-20250722-0600,142de00864f7,https://pasigcity.gov.ph/news-and-releases/flood-update-as-of-0600am-july-22-2025-959,PASIG-2025-JUL21-25,Pasig,Sta. Lucia,Sta. Lucia,"Bautista Compound, Brgy. Sta. Lucia",2025-07-22T06:00:00+08:00,"July 22, 2025 | as of 06:00AM",33,"15. Bautista Compound, Brgy. Sta. Lucia | Water Level: 3 FT",flood_observed,3 FT,91.44,91.44,,candidate,,
OBS-ca8ddd1cd2a31ec3,PASIG-20250722-0600,142de00864f7,https://pasigcity.gov.ph/news-and-releases/flood-update-as-of-0600am-july-22-2025-959,PASIG-2025-JUL21-25,Pasig,Sta. Lucia,Sta. Lucia,"Morales Compound 5th St., Brgy. Sta. Lucia",2025-07-22T06:00:00+08:00,"July 22, 2025 | as of 06:00AM",35,"16. Morales Compound 5th St., Brgy. Sta. Lucia | Water Level: 3 FT",flood_observed,3 FT,91.44,91.44,,candidate,,
OBS-95e972f586859f60,PASIG-20250722-0600,142de00864f7,https://pasigcity.gov.ph/news-and-releases/flood-update-as-of-0600am-july-22-2025-959,PASIG-2025-JUL21-25,Pasig,Santolan,Santolan,"Natasha St. (Sgt. De Leon), Brgy. Santolan",2025-07-22T06:00:00+08:00,"July 22, 2025 | as of 06:00AM",37,"17. Natasha St. (Sgt. De Leon), Brgy. Santolan | Water Level: knee level",flood_observed,knee level,,,,candidate,,qualitative_depth_no_numeric_conversion
OBS-af398f4319af2292,PASIG-20250722-0600,142de00864f7,https://pasigcity.gov.ph/news-and-releases/flood-update-as-of-0600am-july-22-2025-959,PASIG-2025-JUL21-25,Pasig,Santolan,Santolan,"Masikap St. Bangkaan (Tawiran), Brgy. Santolan",2025-07-22T06:00:00+08:00,"July 22, 2025 | as of 06:00AM",39,"18. Masikap St. Bangkaan (Tawiran), Brgy. Santolan | Water Level: 7 - 8 FT",flood_observed,7 - 8 FT,213.36,243.84,,candidate,,
OBS-3468ac199d4c5f62,PASIG-20250722-0600,142de00864f7,https://pasigcity.gov.ph/news-and-releases/flood-update-as-of-0600am-july-22-2025-959,PASIG-2025-JUL21-25,Pasig,Santolan,Santolan,"Doroteo St., Brgy. Santolan",2025-07-22T06:00:00+08:00,"July 22, 2025 | as of 06:00AM",41,"19. Doroteo St., Brgy. Santolan | Water Level: 2 FT",flood_observed,2 FT,60.96,60.96,,candidate,,
OBS-1636c176d1bf1517,PASIG-20250722-0600,142de00864f7,https://pasigcity.gov.ph/news-and-releases/flood-update-as-of-0600am-july-22-2025-959,PASIG-2025-JUL21-25,Pasig,Santolan,Santolan,"Marcelino St. (Tawiran), Brgy. Santolan",2025-07-22T06:00:00+08:00,"July 22, 2025 | as of 06:00AM",43,"20. Marcelino St. (Tawiran), Brgy. Santolan | Water Level: 7 - 8 FT",flood_observed,7 - 8 FT,213.36,243.84,,candidate,,
OBS-31187275cd14b725,PASIG-20250722-0600,142de00864f7,https://pasigcity.gov.ph/news-and-releases/flood-update-as-of-0600am-july-22-2025-959,PASIG-2025-JUL21-25,Pasig,Santolan,Santolan,"Rafael St., Brgy. Santolan",2025-07-22T06:00:00+08:00,"July 22, 2025 | as of 06:00AM",45,"21. Rafael St., Brgy. Santolan | Water Level: knee deep",flood_observed,knee deep,,,,candidate,,qualitative_depth_no_numeric_conversion
OBS-7c4ee8e99134d7fd,PASIG-20250722-0600,142de00864f7,https://pasigcity.gov.ph/news-and-releases/flood-update-as-of-0600am-july-22-2025-959,PASIG-2025-JUL21-25,Pasig,Santolan,Santolan,"Victorino St., Brgy. Santolan",2025-07-22T06:00:00+08:00,"July 22, 2025 | as of 06:00AM",47,"22. Victorino St., Brgy. Santolan | Water Level: gutter deep",flood_observed,gutter deep,,,,candidate,,qualitative_depth_no_numeric_conversion
OBS-ffb77baf2cc952e6,PASIG-20250722-0600,142de00864f7,https://pasigcity.gov.ph/news-and-releases/flood-update-as-of-0600am-july-22-2025-959,PASIG-2025-JUL21-25,Pasig,Manggahan,Manggahan,"Stockholms, Brgy. Manggahan",2025-07-22T06:00:00+08:00,"July 22, 2025 | as of 06:00AM",49,"23 Stockholms, Brgy. Manggahan | Water Level: 1- 2 inches",flood_observed,1- 2 inches,2.54,5.08,,candidate,,
OBS-0fdbc0061586c188,PASIG-20250722-0600,142de00864f7,https://pasigcity.gov.ph/news-and-releases/flood-update-as-of-0600am-july-22-2025-959,PASIG-2025-JUL21-25,Pasig,Manggahan,Manggahan,"Lower Dike, Brgy. Manggahan",2025-07-22T06:00:00+08:00,"July 22, 2025 | as of 06:00AM",51,"24. Lower Dike, Brgy. Manggahan | Water Level: 4 FT",flood_observed,4 FT,121.92,121.92,,candidate,,
OBS-2941ce2c8de9a03b,PASIG-20250722-0600,142de00864f7,https://pasigcity.gov.ph/news-and-releases/flood-update-as-of-0600am-july-22-2025-959,PASIG-2025-JUL21-25,Pasig,Dela Paz,Dela Paz,"Yap Compound Katipiran St., Brgy. Dela Paz",2025-07-22T06:00:00+08:00,"July 22, 2025 | as of 06:00AM",53,"25. Yap Compound Katipiran St., Brgy. Dela Paz | Water Level: 2 FT",flood_observed,2 FT,60.96,60.96,,candidate,,
OBS-7ac284c5df9ea422,PASIG-20250722-0600,142de00864f7,https://pasigcity.gov.ph/news-and-releases/flood-update-as-of-0600am-july-22-2025-959,PASIG-2025-JUL21-25,Pasig,Sta. Lucia,Sta. Lucia,"Rosario Village Tramo St., Brgy. Sta. Lucia",2025-07-22T06:00:00+08:00,"July 22, 2025 | as of 06:00AM",55,"26. Rosario Village Tramo St., Brgy. Sta. Lucia | Water Level: 14 inches",flood_observed,14 inches,35.56,35.56,,candidate,,
OBS-e1276ffed06aaf46,PASIG-20250722-0600,142de00864f7,https://pasigcity.gov.ph/news-and-releases/flood-update-as-of-0600am-july-22-2025-959,PASIG-2025-JUL21-25,Pasig,Sta. Lucia,Sta. Lucia,"Metropolis 1, Brgy. Sta. Lucia",2025-07-22T06:00:00+08:00,"July 22, 2025 | as of 06:00AM",57,"27. Metropolis 1, Brgy. Sta. Lucia | Water Level: 4 FT",flood_observed,4 FT,121.92,121.92,,candidate,,
OBS-5f30cd4e3c7db179,PASIG-20250722-0600,142de00864f7,https://pasigcity.gov.ph/news-and-releases/flood-update-as-of-0600am-july-22-2025-959,PASIG-2025-JUL21-25,Pasig,Sta. Lucia,Sta. Lucia,"Rosario 5&6, Brgy. Sta. Lucia",2025-07-22T06:00:00+08:00,"July 22, 2025 | as of 06:00AM",59,"28. Rosario 5&6, Brgy. Sta. Lucia | Water Level: 2 FT",flood_observed,2 FT,60.96,60.96,,candidate,,
OBS-7968ee3711b587a9,PASIG-20250722-0600,142de00864f7,https://pasigcity.gov.ph/news-and-releases/flood-update-as-of-0600am-july-22-2025-959,PASIG-2025-JUL21-25,Pasig,Sta. Lucia,Sta. Lucia,"Champaca St., Brgy. Sta. Lucia",2025-07-22T06:00:00+08:00,"July 22, 2025 | as of 06:00AM",61,"29. Champaca St., Brgy. Sta. Lucia | Water Level: 1 FT",flood_observed,1 FT,30.48,30.48,,candidate,,
OBS-83eb1db10bd08051,PASIG-20250722-0600,142de00864f7,https://pasigcity.gov.ph/news-and-releases/flood-update-as-of-0600am-july-22-2025-959,PASIG-2025-JUL21-25,Pasig,Sta. Lucia,Sta. Lucia,"Hawk St., Metro Green Village, Brgy. Sta. Lucia",2025-07-22T06:00:00+08:00,"July 22, 2025 | as of 06:00AM",63,"30. Hawk St., Metro Green Village, Brgy. Sta. Lucia | Water Level: 4 FT",flood_observed,4 FT,121.92,121.92,,candidate,,
OBS-c680599652c55022,PASIG-20250722-0600,142de00864f7,https://pasigcity.gov.ph/news-and-releases/flood-update-as-of-0600am-july-22-2025-959,PASIG-2025-JUL21-25,Pasig,Rosario (In front of SM East Ortigas),Rosario,"Dabba, Brgy. Rosario (In front of SM East Ortigas)",2025-07-22T06:00:00+08:00,"July 22, 2025 | as of 06:00AM",65,"31. Dabba, Brgy. Rosario (In front of SM East Ortigas) | Water Level: 1-2 inches",flood_observed,1-2 inches,2.54,5.08,,candidate,,
OBS-081986b0ddb376e0,PASIG-20250722-0600,142de00864f7,https://pasigcity.gov.ph/news-and-releases/flood-update-as-of-0600am-july-22-2025-959,PASIG-2025-JUL21-25,Pasig,San Miguel,San Miguel,"M. Eusebio, Brgy. San Miguel",2025-07-22T06:00:00+08:00,"July 22, 2025 | as of 06:00AM",67,"32. M. Eusebio, Brgy. San Miguel | Water Level: 1-2 inches",flood_observed,1-2 inches,2.54,5.08,,candidate,,
OBS-bf669b47a698cd8d,PASIG-20250722-0600,142de00864f7,https://pasigcity.gov.ph/news-and-releases/flood-update-as-of-0600am-july-22-2025-959,PASIG-2025-JUL21-25,Pasig,Sta. Lucia,Sta. Lucia,"Rosal St. De Castro, Brgy. Sta. Lucia",2025-07-22T06:00:00+08:00,"July 22, 2025 | as of 06:00AM",69,"33. Rosal St. De Castro, Brgy. Sta. Lucia | Water Level: 4 FT",flood_observed,4 FT,121.92,121.92,,candidate,,
OBS-7dfa7f4422b560fd,PASIG-20250722-0600,142de00864f7,https://pasigcity.gov.ph/news-and-releases/flood-update-as-of-0600am-july-22-2025-959,PASIG-2025-JUL21-25,Pasig,Sta. Lucia,Sta. Lucia,"Dalia St. De castro, Brgy. Sta. Lucia",2025-07-22T06:00:00+08:00,"July 22, 2025 | as of 06:00AM",71,"34. Dalia St. De castro, Brgy. Sta. Lucia | Water Level: 3 FT",flood_observed,3 FT,91.44,91.44,,candidate,,
OBS-dd8afbe9c2ac9f20,PASIG-20250722-0600,142de00864f7,https://pasigcity.gov.ph/news-and-releases/flood-update-as-of-0600am-july-22-2025-959,PASIG-2025-JUL21-25,Pasig,Maybunga,Maybunga,"Blk. 1 to 9, Alley 1 to 40, Westbank Floodway, Brgy. Maybunga",2025-07-22T06:00:00+08:00,"July 22, 2025 | as of 06:00AM",73,"35. Blk. 1 to 9, Alley 1 to 40, Westbank Floodway, Brgy. Maybunga | Water Level: 7-8 FT",flood_observed,7-8 FT,213.36,243.84,,candidate,,
OBS-424b73d17897e24d,PASIG-20250722-0600,142de00864f7,https://pasigcity.gov.ph/news-and-releases/flood-update-as-of-0600am-july-22-2025-959,PASIG-2025-JUL21-25,Pasig,Manggahan,Manggahan,Kaginhawaan St. Brgy. Manggahan,2025-07-22T06:00:00+08:00,"July 22, 2025 | as of 06:00AM",75,36. Kaginhawaan St. Brgy. Manggahan | Water Level: 4-5 inches,flood_observed,4-5 inches,10.16,12.7,,candidate,,
OBS-c8f2ed06fe7288e0,PASIG-20250722-0600,142de00864f7,https://pasigcity.gov.ph/news-and-releases/flood-update-as-of-0600am-july-22-2025-959,PASIG-2025-JUL21-25,Pasig,Sta Lucia,Sta. Lucia,"Bagong Anyo, Brgy. Sta Lucia",2025-07-22T06:00:00+08:00,"July 22, 2025 | as of 06:00AM",77,"37. Bagong Anyo, Brgy. Sta Lucia | Water Level: 3 FT",flood_observed,3 FT,91.44,91.44,,candidate,,
OBS-376977ad5d0518e7,PASIG-20250722-0600,142de00864f7,https://pasigcity.gov.ph/news-and-releases/flood-update-as-of-0600am-july-22-2025-959,PASIG-2025-JUL21-25,Pasig,Sta Lucia,Sta. Lucia,Asuzena St. Brgy. Sta Lucia,2025-07-22T06:00:00+08:00,"July 22, 2025 | as of 06:00AM",79,38. Asuzena St. Brgy. Sta Lucia | Water Level: 3 FT,flood_observed,3 FT,91.44,91.44,,candidate,,
OBS-ea12163964516cb8,PASIG-20250722-0600,142de00864f7,https://pasigcity.gov.ph/news-and-releases/flood-update-as-of-0600am-july-22-2025-959,PASIG-2025-JUL21-25,Pasig,Sta. Lucia,Sta. Lucia,"Liamzon, Brgy. Sta. Lucia",2025-07-22T06:00:00+08:00,"July 22, 2025 | as of 06:00AM",81,"39. Liamzon, Brgy. Sta. Lucia | Water Level: 4 FT",flood_observed,4 FT,121.92,121.92,,candidate,,
OBS-e1bc1e94aa40ba2f,PASIG-20250722-0600,142de00864f7,https://pasigcity.gov.ph/news-and-releases/flood-update-as-of-0600am-july-22-2025-959,PASIG-2025-JUL21-25,Pasig,Sta. Lucia,Sta. Lucia,Lirio St. Brgy. Sta. Lucia,2025-07-22T06:00:00+08:00,"July 22, 2025 | as of 06:00AM",83,40. Lirio St. Brgy. Sta. Lucia | Water Level: 6-10 inches,flood_observed,6-10 inches,15.24,25.4,,candidate,,
OBS-be880a7d937f73ec,PASIG-20250722-0900,9c58b7fe64ed,https://pasigcity.gov.ph/news-and-releases/flood-update-as-of-0900am-july-22-2025-271,PASIG-2025-JUL21-25,Pasig,Sta.Lucia,Sta. Lucia,Callos Comp. Brgy. Sta.Lucia,2025-07-22T09:00:00+08:00,"July 22, 2025 | as of 09:00AM",6,1. Callos Comp. Brgy. Sta.Lucia | Water Level: 4 feet,flood_observed,4 feet,121.92,121.92,,candidate,,
OBS-11a24745557aae71,PASIG-20250722-0900,9c58b7fe64ed,https://pasigcity.gov.ph/news-and-releases/flood-update-as-of-0900am-july-22-2025-271,PASIG-2025-JUL21-25,Pasig,Sta. Lucia,Sta. Lucia,Tawi-tawi St. Brgy. Sta. Lucia,2025-07-22T09:00:00+08:00,"July 22, 2025 | as of 09:00AM",8,2. Tawi-tawi St. Brgy. Sta. Lucia | Water Level: 15 inches,flood_observed,15 inches,38.1,38.1,,candidate,,
OBS-6bef4899a3133b80,PASIG-20250722-0900,9c58b7fe64ed,https://pasigcity.gov.ph/news-and-releases/flood-update-as-of-0900am-july-22-2025-271,PASIG-2025-JUL21-25,Pasig,Sta. Lucia,Sta. Lucia,Bautista Compound Sta. Lucia,2025-07-22T09:00:00+08:00,"July 22, 2025 | as of 09:00AM",10,3. Bautista Compound Sta. Lucia | Water Level: 3 feet,flood_observed,3 feet,91.44,91.44,,candidate,,
OBS-615ba7c46878209e,PASIG-20250722-0900,9c58b7fe64ed,https://pasigcity.gov.ph/news-and-releases/flood-update-as-of-0900am-july-22-2025-271,PASIG-2025-JUL21-25,Pasig,Sta. Lucia,Sta. Lucia,Morales Compound 5th St. Brgy. Sta. Lucia,2025-07-22T09:00:00+08:00,"July 22, 2025 | as of 09:00AM",12,4. Morales Compound 5th St. Brgy. Sta. Lucia | Water Level: 3 feet,flood_observed,3 feet,91.44,91.44,,candidate,,
OBS-f890a721687643a8,PASIG-20250722-0900,9c58b7fe64ed,https://pasigcity.gov.ph/news-and-releases/flood-update-as-of-0900am-july-22-2025-271,PASIG-2025-JUL21-25,Pasig,Sta Lucia,Sta. Lucia,Rosario Village Tramo St. Brgy. Sta Lucia,2025-07-22T09:00:00+08:00,"July 22, 2025 | as of 09:00AM",14,5. Rosario Village Tramo St. Brgy. Sta Lucia | Water Level: 4 feet,flood_observed,4 feet,121.92,121.92,,candidate,,
OBS-91c65d3a75cb274c,PASIG-20250722-0900,9c58b7fe64ed,https://pasigcity.gov.ph/news-and-releases/flood-update-as-of-0900am-july-22-2025-271,PASIG-2025-JUL21-25,Pasig,Sta. Lucia,Sta. Lucia,"Metropolis 1, Brgy. Sta. Lucia",2025-07-22T09:00:00+08:00,"July 22, 2025 | as of 09:00AM",16,"6. Metropolis 1, Brgy. Sta. Lucia | Water Level: 4 feet",flood_observed,4 feet,121.92,121.92,,candidate,,
OBS-4908177eabee92c3,PASIG-20250722-0900,9c58b7fe64ed,https://pasigcity.gov.ph/news-and-releases/flood-update-as-of-0900am-july-22-2025-271,PASIG-2025-JUL21-25,Pasig,Sta. Lucia,Sta. Lucia,"Rosario 5&6, Brgy. Sta. Lucia",2025-07-22T09:00:00+08:00,"July 22, 2025 | as of 09:00AM",18,"7. Rosario 5&6, Brgy. Sta. Lucia | Water Level: 2 feet",flood_observed,2 feet,60.96,60.96,,candidate,,
OBS-5ecf5db3248bbd2a,PASIG-20250722-0900,9c58b7fe64ed,https://pasigcity.gov.ph/news-and-releases/flood-update-as-of-0900am-july-22-2025-271,PASIG-2025-JUL21-25,Pasig,Sta. Lucia,Sta. Lucia,"Champaca St., Brgy. Sta. Lucia",2025-07-22T09:00:00+08:00,"July 22, 2025 | as of 09:00AM",20,"8. Champaca St., Brgy. Sta. Lucia | Water Level: 1 foot",flood_observed,1 foot,30.48,30.48,,candidate,,
OBS-09f439ac51fd5690,PASIG-20250722-0900,9c58b7fe64ed,https://pasigcity.gov.ph/news-and-releases/flood-update-as-of-0900am-july-22-2025-271,PASIG-2025-JUL21-25,Pasig,Sta.Lucia,Sta. Lucia,"Rosal St. De Castro, Brgy. Sta.Lucia",2025-07-22T09:00:00+08:00,"July 22, 2025 | as of 09:00AM",22,"9. Rosal St. De Castro, Brgy. Sta.Lucia | Water Level: 4 feet",flood_observed,4 feet,121.92,121.92,,candidate,,
OBS-de6844ea4f840134,PASIG-20250722-0900,9c58b7fe64ed,https://pasigcity.gov.ph/news-and-releases/flood-update-as-of-0900am-july-22-2025-271,PASIG-2025-JUL21-25,Pasig,Sta Lucia,Sta. Lucia,"Dalia St, De Castro, Brgy. Sta Lucia",2025-07-22T09:00:00+08:00,"July 22, 2025 | as of 09:00AM",24,"10. Dalia St, De Castro, Brgy. Sta Lucia | Water Level: 3 feet",flood_observed,3 feet,91.44,91.44,,candidate,,
OBS-3952813bbf031118,PASIG-20250722-0900,9c58b7fe64ed,https://pasigcity.gov.ph/news-and-releases/flood-update-as-of-0900am-july-22-2025-271,PASIG-2025-JUL21-25,Pasig,Sta Lucia,Sta. Lucia,"Bagong Anyo, Brgy. Sta Lucia",2025-07-22T09:00:00+08:00,"July 22, 2025 | as of 09:00AM",26,"11. Bagong Anyo, Brgy. Sta Lucia | Water Level: 3 feet",flood_observed,3 feet,91.44,91.44,,candidate,,
OBS-d81cc1ff11d8e770,PASIG-20250722-0900,9c58b7fe64ed,https://pasigcity.gov.ph/news-and-releases/flood-update-as-of-0900am-july-22-2025-271,PASIG-2025-JUL21-25,Pasig,Sta Lucia,Sta. Lucia,"Asuzena St., Brgy. Sta Lucia",2025-07-22T09:00:00+08:00,"July 22, 2025 | as of 09:00AM",28,"12. Asuzena St., Brgy. Sta Lucia | Water Level: 3 feet",flood_observed,3 feet,91.44,91.44,,candidate,,
OBS-34ee862d2b047165,PASIG-20250722-0900,9c58b7fe64ed,https://pasigcity.gov.ph/news-and-releases/flood-update-as-of-0900am-july-22-2025-271,PASIG-2025-JUL21-25,Pasig,Sta. Lucia,Sta. Lucia,"Liamzon, Brgy. Sta. Lucia",2025-07-22T09:00:00+08:00,"July 22, 2025 | as of 09:00AM",30,"13. Liamzon, Brgy. Sta. Lucia | Water Level: 4 feet",flood_observed,4 feet,121.92,121.92,,candidate,,
OBS-b763cd4568bff177,PASIG-20250722-0900,9c58b7fe64ed,https://pasigcity.gov.ph/news-and-releases/flood-update-as-of-0900am-july-22-2025-271,PASIG-2025-JUL21-25,Pasig,Sta. Lucia,Sta. Lucia,"Lirio St., Brgy. Sta. Lucia",2025-07-22T09:00:00+08:00,"July 22, 2025 | as of 09:00AM",32,"14. Lirio St., Brgy. Sta. Lucia | Water Level: 6-10 inches",flood_observed,6-10 inches,15.24,25.4,,candidate,,
OBS-d2dce198b64e3806,PASIG-20250722-0900,9c58b7fe64ed,https://pasigcity.gov.ph/news-and-releases/flood-update-as-of-0900am-july-22-2025-271,PASIG-2025-JUL21-25,Pasig,Sta. Lucia,Sta. Lucia,"Hawk St. Metro Green Village, Brgy. Sta. Lucia",2025-07-22T09:00:00+08:00,"July 22, 2025 | as of 09:00AM",34,"15. Hawk St. Metro Green Village, Brgy. Sta. Lucia | Water Level: 4 feet",flood_observed,4 feet,121.92,121.92,,candidate,,
OBS-3f272e3a394918ed,PASIG-20250722-0900,9c58b7fe64ed,https://pasigcity.gov.ph/news-and-releases/flood-update-as-of-0900am-july-22-2025-271,PASIG-2025-JUL21-25,Pasig,Sta. Lucia,Sta. Lucia,"St Jude Thaddeus, Sta Lucia",2025-07-22T09:00:00+08:00,"July 22, 2025 | as of 09:00AM",36,"16. St Jude Thaddeus, Sta Lucia | Water Level: chest deep",flood_observed,chest deep,,,,candidate,,qualitative_depth_no_numeric_conversion
OBS-7bd71be63e113442,PASIG-20250722-0900,9c58b7fe64ed,https://pasigcity.gov.ph/news-and-releases/flood-update-as-of-0900am-july-22-2025-271,PASIG-2025-JUL21-25,Pasig,Sta. Lucia,Sta. Lucia,"Roberto Antonio MRV, Brgy. Sta. Lucia",2025-07-22T09:00:00+08:00,"July 22, 2025 | as of 09:00AM",38,"17. Roberto Antonio MRV, Brgy. Sta. Lucia | Water Level: knee deep",flood_observed,knee deep,,,,candidate,,qualitative_depth_no_numeric_conversion
OBS-571bd4179f442e6a,PASIG-20250722-0900,9c58b7fe64ed,https://pasigcity.gov.ph/news-and-releases/flood-update-as-of-0900am-july-22-2025-271,PASIG-2025-JUL21-25,Pasig,Sta. Lucia,Sta. Lucia,"Ilang Ilang De Castro, Brgy. Sta. Lucia",2025-07-22T09:00:00+08:00,"July 22, 2025 | as of 09:00AM",40,"18. Ilang Ilang De Castro, Brgy. Sta. Lucia | Water Level: gutter deep",flood_observed,gutter deep,,,,candidate,,qualitative_depth_no_numeric_conversion
OBS-c92eb31b23c4945d,PASIG-20250722-0900,9c58b7fe64ed,https://pasigcity.gov.ph/news-and-releases/flood-update-as-of-0900am-july-22-2025-271,PASIG-2025-JUL21-25,Pasig,Manggahan,Manggahan,"Paris St. cor Soliven Ave., Brgy Manggahan",2025-07-22T09:00:00+08:00,"July 22, 2025 | as of 09:00AM",44,"19. Paris St. cor Soliven Ave., Brgy Manggahan | water level: 1-2 inches",flood_observed,1-2 inches,2.54,5.08,,candidate,,
OBS-47e6264b08c34e57,PASIG-20250722-0900,9c58b7fe64ed,https://pasigcity.gov.ph/news-and-releases/flood-update-as-of-0900am-july-22-2025-271,PASIG-2025-JUL21-25,Pasig,Manggahan,Manggahan,Panama St. Brgy Manggahan,2025-07-22T09:00:00+08:00,"July 22, 2025 | as of 09:00AM",46,20. Panama St. Brgy Manggahan | Water Level: 3-4 inches,flood_observed,3-4 inches,7.62,10.16,,candidate,,
OBS-d2d87762494160c9,PASIG-20250722-0900,9c58b7fe64ed,https://pasigcity.gov.ph/news-and-releases/flood-update-as-of-0900am-july-22-2025-271,PASIG-2025-JUL21-25,Pasig,Manggahan,Manggahan,"Prague St cor. Rome St., Brgy Manggahan",2025-07-22T09:00:00+08:00,"July 22, 2025 | as of 09:00AM",48,"21. Prague St cor. Rome St., Brgy Manggahan | Water Level: 1-2 inches",flood_observed,1-2 inches,2.54,5.08,,candidate,,
OBS-6457dbbba4a6ca58,PASIG-20250722-0900,9c58b7fe64ed,https://pasigcity.gov.ph/news-and-releases/flood-update-as-of-0900am-july-22-2025-271,PASIG-2025-JUL21-25,Pasig,Manggahan,Manggahan,"Guatemala St cor Rome St., Brgy Manggahan",2025-07-22T09:00:00+08:00,"July 22, 2025 | as of 09:00AM",50,"22. Guatemala St cor Rome St., Brgy Manggahan | Water Level: 1-2 inches",flood_observed,1-2 inches,2.54,5.08,,candidate,,
OBS-b3cc402af0fb9710,PASIG-20250722-0900,9c58b7fe64ed,https://pasigcity.gov.ph/news-and-releases/flood-update-as-of-0900am-july-22-2025-271,PASIG-2025-JUL21-25,Pasig,Manggahan,Manggahan,"Panama St cor Stockholm, Brgy Manggahan",2025-07-22T09:00:00+08:00,"July 22, 2025 | as of 09:00AM",52,"23. Panama St cor Stockholm, Brgy Manggahan | Water Level: 1-2 inches",flood_observed,1-2 inches,2.54,5.08,,candidate,,
OBS-99e93b63b00a1633,PASIG-20250722-0900,9c58b7fe64ed,https://pasigcity.gov.ph/news-and-releases/flood-update-as-of-0900am-july-22-2025-271,PASIG-2025-JUL21-25,Pasig,Manggahan,Manggahan,Stockholms Brgy. Manggahan,2025-07-22T09:00:00+08:00,"July 22, 2025 | as of 09:00AM",54,24. Stockholms Brgy. Manggahan | Water Level: 1-2 inches,flood_observed,1-2 inches,2.54,5.08,,candidate,,
OBS-b9ea08efc39de22c,PASIG-20250722-0900,9c58b7fe64ed,https://pasigcity.gov.ph/news-and-releases/flood-update-as-of-0900am-july-22-2025-271,PASIG-2025-JUL21-25,Pasig,Manggahan,Manggahan,Lower Dike Manggahan,2025-07-22T09:00:00+08:00,"July 22, 2025 | as of 09:00AM",56,25. Lower Dike Manggahan | Water Level: 4 feet,flood_observed,4 feet,121.92,121.92,,candidate,,
OBS-666f364f69175666,PASIG-20250722-0900,9c58b7fe64ed,https://pasigcity.gov.ph/news-and-releases/flood-update-as-of-0900am-july-22-2025-271,PASIG-2025-JUL21-25,Pasig,Manggahan,Manggahan,Kaginhawaan St. Brgy. Manggahan,2025-07-22T09:00:00+08:00,"July 22, 2025 | as of 09:00AM",58,26. Kaginhawaan St. Brgy. Manggahan | Water Level: 4-5 inches,flood_observed,4-5 inches,10.16,12.7,,candidate,,
OBS-d4ede364b48f4d49,PASIG-20250722-0900,9c58b7fe64ed,https://pasigcity.gov.ph/news-and-releases/flood-update-as-of-0900am-july-22-2025-271,PASIG-2025-JUL21-25,Pasig,Manggahan,Manggahan,Metro Ville Karangalan Manggahan,2025-07-22T09:00:00+08:00,"July 22, 2025 | as of 09:00AM",60,27. Metro Ville Karangalan Manggahan | Water Level: 4 feet,flood_observed,4 feet,121.92,121.92,,candidate,,
OBS-7c90decc0fa1438b,PASIG-20250722-0900,9c58b7fe64ed,https://pasigcity.gov.ph/news-and-releases/flood-update-as-of-0900am-july-22-2025-271,PASIG-2025-JUL21-25,Pasig,Manggahan,Manggahan,"Athens St. cor Guatemala, Brgy Manggahan",2025-07-22T09:00:00+08:00,"July 22, 2025 | as of 09:00AM",62,"28. Athens St. cor Guatemala, Brgy Manggahan | Water Level: 1-2 inches",flood_observed,1-2 inches,2.54,5.08,,candidate,,
OBS-569288bf67d0b380,PASIG-20250722-0900,9c58b7fe64ed,https://pasigcity.gov.ph/news-and-releases/flood-update-as-of-0900am-july-22-2025-271,PASIG-2025-JUL21-25,Pasig,Santolan,Santolan,Masikap Brgy. Santolan.,2025-07-22T09:00:00+08:00,"July 22, 2025 | as of 09:00AM",66,29. Masikap Brgy. Santolan. | Water Level: 3 feet,flood_observed,3 feet,91.44,91.44,,candidate,,
OBS-9f267f7d9b758f60,PASIG-20250722-0900,9c58b7fe64ed,https://pasigcity.gov.ph/news-and-releases/flood-update-as-of-0900am-july-22-2025-271,PASIG-2025-JUL21-25,Pasig,Santolan,Santolan,Sgt. De Leon. Brgy. Santolan.,2025-07-22T09:00:00+08:00,"July 22, 2025 | as of 09:00AM",68,30. Sgt. De Leon. Brgy. Santolan. | Water Level: 5 inches,flood_observed,5 inches,12.7,12.7,,candidate,,
OBS-b0441b4d7cace0c7,PASIG-20250722-0900,9c58b7fe64ed,https://pasigcity.gov.ph/news-and-releases/flood-update-as-of-0900am-july-22-2025-271,PASIG-2025-JUL21-25,Pasig,Santolan,Santolan,Natasha St. (Sgt. De Leon) Brgy. Santolan,2025-07-22T09:00:00+08:00,"July 22, 2025 | as of 09:00AM",70,31. Natasha St. (Sgt. De Leon) Brgy. Santolan | water level: knee level,flood_observed,knee level,,,,candidate,,qualitative_depth_no_numeric_conversion
OBS-844cfdcd597be7ed,PASIG-20250722-0900,9c58b7fe64ed,https://pasigcity.gov.ph/news-and-releases/flood-update-as-of-0900am-july-22-2025-271,PASIG-2025-JUL21-25,Pasig,Santolan,Santolan,Masikap St. Bangkaan (Tawiran) Brgy. Santolan,2025-07-22T09:00:00+08:00,"July 22, 2025 | as of 09:00AM",72,32. Masikap St. Bangkaan (Tawiran) Brgy. Santolan | Water Level: 7-8 feet,flood_observed,7-8 feet,213.36,243.84,,candidate,,
OBS-5e3711cc67edc463,PASIG-20250722-0900,9c58b7fe64ed,https://pasigcity.gov.ph/news-and-releases/flood-update-as-of-0900am-july-22-2025-271,PASIG-2025-JUL21-25,Pasig,Santolan,Santolan,"Doroteo St., Brgy. Santolan",2025-07-22T09:00:00+08:00,"July 22, 2025 | as of 09:00AM",74,"33. Doroteo St., Brgy. Santolan | Water Level: 2 feet",flood_observed,2 feet,60.96,60.96,,candidate,,
OBS-18c26de98d8925a8,PASIG-20250722-0900,9c58b7fe64ed,https://pasigcity.gov.ph/news-and-releases/flood-update-as-of-0900am-july-22-2025-271,PASIG-2025-JUL21-25,Pasig,Santolan,Santolan,Marcelino St. (Tawiran) Brgy. Santolan,2025-07-22T09:00:00+08:00,"July 22, 2025 | as of 09:00AM",76,34. Marcelino St. (Tawiran) Brgy. Santolan | Water Level: 7-8 feet,flood_observed,7-8 feet,213.36,243.84,,candidate,,
OBS-993530c5e5826c45,PASIG-20250722-0900,9c58b7fe64ed,https://pasigcity.gov.ph/news-and-releases/flood-update-as-of-0900am-july-22-2025-271,PASIG-2025-JUL21-25,Pasig,Santolan,Santolan,"Rafael St., Brgy. Santolan",2025-07-22T09:00:00+08:00,"July 22, 2025 | as of 09:00AM",78,"35. Rafael St., Brgy. Santolan | Water Level: knee deep",flood_observed,knee deep,,,,candidate,,qualitative_depth_no_numeric_conversion
OBS-bce20b54bedd0067,PASIG-20250722-0900,9c58b7fe64ed,https://pasigcity.gov.ph/news-and-releases/flood-update-as-of-0900am-july-22-2025-271,PASIG-2025-JUL21-25,Pasig,Santolan,Santolan,"Victorino St., Brgy. Santolan",2025-07-22T09:00:00+08:00,"July 22, 2025 | as of 09:00AM",80,"36. Victorino St., Brgy. Santolan | Water Level: gutter deep",flood_observed,gutter deep,,,,candidate,,qualitative_depth_no_numeric_conversion
OBS-ba188e2eb90321e2,PASIG-20250722-0900,9c58b7fe64ed,https://pasigcity.gov.ph/news-and-releases/flood-update-as-of-0900am-july-22-2025-271,PASIG-2025-JUL21-25,Pasig,Dela Paz,Dela Paz,Karangalan Phase 2 A Brgy. Dela Paz,2025-07-22T09:00:00+08:00,"July 22, 2025 | as of 09:00AM",84,37. Karangalan Phase 2 A Brgy. Dela Paz | Water Level: 18 inches,flood_observed,18 inches,45.72,45.72,,candidate,,
OBS-85e18fc3c75d7e68,PASIG-20250722-0900,9c58b7fe64ed,https://pasigcity.gov.ph/news-and-releases/flood-update-as-of-0900am-july-22-2025-271,PASIG-2025-JUL21-25,Pasig,Dela Paz,Dela Paz,Yap Compound Katipiran St. Brgy. Dela Paz,2025-07-22T09:00:00+08:00,"July 22, 2025 | as of 09:00AM",86,38. Yap Compound Katipiran St. Brgy. Dela Paz | Water Level: 2 feet,flood_observed,2 feet,60.96,60.96,,candidate,,
OBS-7e625844421fa8b7,PASIG-20250722-0900,9c58b7fe64ed,https://pasigcity.gov.ph/news-and-releases/flood-update-as-of-0900am-july-22-2025-271,PASIG-2025-JUL21-25,Pasig,Dela Paz,Dela Paz,"Kabayanihan cor. Karikitan St, Brgy Dela Paz",2025-07-22T09:00:00+08:00,"July 22, 2025 | as of 09:00AM",89,"39. Kabayanihan cor. Karikitan St, Brgy Dela Paz | Water Level: 1-2 inches",flood_observed,1-2 inches,2.54,5.08,,candidate,,
OBS-759090ea15bda679,PASIG-20250722-0900,9c58b7fe64ed,https://pasigcity.gov.ph/news-and-releases/flood-update-as-of-0900am-july-22-2025-271,PASIG-2025-JUL21-25,Pasig,Rosario (In front of SM East Ortigas),Rosario,Dabba Brgy. Rosario (In front of SM East Ortigas),2025-07-22T09:00:00+08:00,"July 22, 2025 | as of 09:00AM",93,40. Dabba Brgy. Rosario (In front of SM East Ortigas) | Water Level: 1-2 inches,flood_observed,1-2 inches,2.54,5.08,,candidate,,
OBS-19f2dbdcfd672a0f,PASIG-20250722-0900,9c58b7fe64ed,https://pasigcity.gov.ph/news-and-releases/flood-update-as-of-0900am-july-22-2025-271,PASIG-2025-JUL21-25,Pasig,San Miguel,San Miguel,M. Eusebio Brgy. San Miguel,2025-07-22T09:00:00+08:00,"July 22, 2025 | as of 09:00AM",97,41. M. Eusebio Brgy. San Miguel | Water Level 1-2 inches,flood_observed,1-2 inches,2.54,5.08,,candidate,,
OBS-7565ffddf69a9cc3,PASIG-20250722-0900,9c58b7fe64ed,https://pasigcity.gov.ph/news-and-releases/flood-update-as-of-0900am-july-22-2025-271,PASIG-2025-JUL21-25,Pasig,Maybunga,Maybunga,"Blk. 1 to 9, Alley 1 to 40, Westbank Floodway, Brgy. Maybunga",2025-07-22T09:00:00+08:00,"July 22, 2025 | as of 09:00AM",101,"42. Blk. 1 to 9, Alley 1 to 40, Westbank Floodway, Brgy. Maybunga | Water Level: 7-8 feet",flood_observed,7-8 feet,213.36,243.84,,candidate,,
OBS-a6560cea399f7b79,PASIG-20250722-0900,9c58b7fe64ed,https://pasigcity.gov.ph/news-and-releases/flood-update-as-of-0900am-july-22-2025-271,PASIG-2025-JUL21-25,Pasig,Maybunga,Maybunga,"Phase 4b Parkwood Green Executive Village, Brgy. Maybunga",2025-07-22T09:00:00+08:00,"July 22, 2025 | as of 09:00AM",103,"43. Phase 4b Parkwood Green Executive Village, Brgy. Maybunga | Water Level: 2 feet",flood_observed,2 feet,60.96,60.96,,candidate,,
OBS-15a701796ec19335,PASIG-20250722-0900,9c58b7fe64ed,https://pasigcity.gov.ph/news-and-releases/flood-update-as-of-0900am-july-22-2025-271,PASIG-2025-JUL21-25,Pasig,Maybunga,Maybunga,F Legaspi cor. Market Ave.,2025-07-22T09:00:00+08:00,"July 22, 2025 | as of 09:00AM",105,44. F Legaspi cor. Market Ave. | Water Level: Gutter deep,flood_observed,Gutter deep,,,,candidate,,qualitative_depth_no_numeric_conversion
OBS-c38777a3d2de04b4,PASIG-20250722-0900,9c58b7fe64ed,https://pasigcity.gov.ph/news-and-releases/flood-update-as-of-0900am-july-22-2025-271,PASIG-2025-JUL21-25,Pasig,Sagad,Sagad,Dr. Pilapil Brgy.Sagad,2025-07-22T09:00:00+08:00,"July 22, 2025 | as of 09:00AM",109,45 Dr. Pilapil Brgy.Sagad | Water Level: 4 inches,flood_observed,4 inches,10.16,10.16,,candidate,,
OBS-92bb5913a8de0858,PASIG-20250722-0900,9c58b7fe64ed,https://pasigcity.gov.ph/news-and-releases/flood-update-as-of-0900am-july-22-2025-271,PASIG-2025-JUL21-25,Pasig,Sagad,Sagad,Feliciano St. cor E. Angeles Brgy.Sagad,2025-07-22T09:00:00+08:00,"July 22, 2025 | as of 09:00AM",111,46. Feliciano St. cor E. Angeles Brgy.Sagad | Water Level: 2 feet,flood_observed,2 feet,60.96,60.96,,candidate,,
OBS-948c1f6bc1c89d17,PASIG-20250722-0900,9c58b7fe64ed,https://pasigcity.gov.ph/news-and-releases/flood-update-as-of-0900am-july-22-2025-271,PASIG-2025-JUL21-25,Pasig,Sagad,Sagad,"Villa Roman, Brgy.Sagad",2025-07-22T09:00:00+08:00,"July 22, 2025 | as of 09:00AM",113,"47. Villa Roman, Brgy.Sagad | Water Level: 2 inches",flood_observed,2 inches,5.08,5.08,,candidate,,
OBS-588fb7f0e4b465b3,PASIG-20250722-0900,9c58b7fe64ed,https://pasigcity.gov.ph/news-and-releases/flood-update-as-of-0900am-july-22-2025-271,PASIG-2025-JUL21-25,Pasig,Sta.Lucia,Sta. Lucia,Callos Comp. Brgy. Sta.Lucia,2025-07-22T08:00:00+08:00,"July 22, 2025 | as of 08:00AM",120,1. Callos Comp. Brgy. Sta.Lucia | Water Level: 4 feet,flood_observed,4 feet,121.92,121.92,,candidate,,
OBS-9a1aaba4d315f334,PASIG-20250722-0900,9c58b7fe64ed,https://pasigcity.gov.ph/news-and-releases/flood-update-as-of-0900am-july-22-2025-271,PASIG-2025-JUL21-25,Pasig,Sta. Lucia,Sta. Lucia,Tawi-tawi St. Brgy. Sta. Lucia,2025-07-22T08:00:00+08:00,"July 22, 2025 | as of 08:00AM",122,2. Tawi-tawi St. Brgy. Sta. Lucia | Water Level: 15 inches,flood_observed,15 inches,38.1,38.1,,candidate,,
OBS-877a3524cb263ebd,PASIG-20250722-0900,9c58b7fe64ed,https://pasigcity.gov.ph/news-and-releases/flood-update-as-of-0900am-july-22-2025-271,PASIG-2025-JUL21-25,Pasig,Sta. Lucia,Sta. Lucia,Bautista Compound Sta. Lucia,2025-07-22T08:00:00+08:00,"July 22, 2025 | as of 08:00AM",124,3. Bautista Compound Sta. Lucia | Water Level: 3 feet,flood_observed,3 feet,91.44,91.44,,candidate,,
OBS-a24d35f112866395,PASIG-20250722-0900,9c58b7fe64ed,https://pasigcity.gov.ph/news-and-releases/flood-update-as-of-0900am-july-22-2025-271,PASIG-2025-JUL21-25,Pasig,Sta. Lucia,Sta. Lucia,Morales Compound 5th St. Brgy. Sta. Lucia,2025-07-22T08:00:00+08:00,"July 22, 2025 | as of 08:00AM",126,4. Morales Compound 5th St. Brgy. Sta. Lucia | Water Level: 3 feet,flood_observed,3 feet,91.44,91.44,,candidate,,
OBS-5985b3fb8a12eb07,PASIG-20250722-0900,9c58b7fe64ed,https://pasigcity.gov.ph/news-and-releases/flood-update-as-of-0900am-july-22-2025-271,PASIG-2025-JUL21-25,Pasig,Sta Lucia,Sta. Lucia,Rosario Village Tramo St. Brgy. Sta Lucia,2025-07-22T08:00:00+08:00,"July 22, 2025 | as of 08:00AM",128,5. Rosario Village Tramo St. Brgy. Sta Lucia | Water Level: 14 inches,flood_observed,14 inches,35.56,35.56,,candidate,,
OBS-e9b15d654c2303c4,PASIG-20250722-0900,9c58b7fe64ed,https://pasigcity.gov.ph/news-and-releases/flood-update-as-of-0900am-july-22-2025-271,PASIG-2025-JUL21-25,Pasig,Sta. Lucia,Sta. Lucia,"Metropolis 1, Brgy. Sta. Lucia",2025-07-22T08:00:00+08:00,"July 22, 2025 | as of 08:00AM",130,"6. Metropolis 1, Brgy. Sta. Lucia | Water Level: 4 feet",flood_observed,4 feet,121.92,121.92,,candidate,,
OBS-95f4fc041bf0ba84,PASIG-20250722-0900,9c58b7fe64ed,https://pasigcity.gov.ph/news-and-releases/flood-update-as-of-0900am-july-22-2025-271,PASIG-2025-JUL21-25,Pasig,Sta. Lucia,Sta. Lucia,"Rosario 5&6, Brgy. Sta. Lucia",2025-07-22T08:00:00+08:00,"July 22, 2025 | as of 08:00AM",132,"7. Rosario 5&6, Brgy. Sta. Lucia | Water Level: 2 feet",flood_observed,2 feet,60.96,60.96,,candidate,,
OBS-a9684d2cda32f8fb,PASIG-20250722-0900,9c58b7fe64ed,https://pasigcity.gov.ph/news-and-releases/flood-update-as-of-0900am-july-22-2025-271,PASIG-2025-JUL21-25,Pasig,Sta. Lucia,Sta. Lucia,"Champaca St., Brgy. Sta. Lucia",2025-07-22T08:00:00+08:00,"July 22, 2025 | as of 08:00AM",134,"8. Champaca St., Brgy. Sta. Lucia | Water Level: 1 foot",flood_observed,1 foot,30.48,30.48,,candidate,,
OBS-df608489d57c07e4,PASIG-20250722-0900,9c58b7fe64ed,https://pasigcity.gov.ph/news-and-releases/flood-update-as-of-0900am-july-22-2025-271,PASIG-2025-JUL21-25,Pasig,Sta.Lucia,Sta. Lucia,"Rosal St. De Castro, Brgy. Sta.Lucia",2025-07-22T08:00:00+08:00,"July 22, 2025 | as of 08:00AM",136,"9. Rosal St. De Castro, Brgy. Sta.Lucia | Water Level: 4 feet",flood_observed,4 feet,121.92,121.92,,candidate,,
OBS-01b1e78f227f135c,PASIG-20250722-0900,9c58b7fe64ed,https://pasigcity.gov.ph/news-and-releases/flood-update-as-of-0900am-july-22-2025-271,PASIG-2025-JUL21-25,Pasig,Sta Lucia,Sta. Lucia,"Dalia St, De Castro, Brgy. Sta Lucia",2025-07-22T08:00:00+08:00,"July 22, 2025 | as of 08:00AM",138,"10. Dalia St, De Castro, Brgy. Sta Lucia | Water Level: 3 feet",flood_observed,3 feet,91.44,91.44,,candidate,,
OBS-f8de7ae1f4fc0c71,PASIG-20250722-0900,9c58b7fe64ed,https://pasigcity.gov.ph/news-and-releases/flood-update-as-of-0900am-july-22-2025-271,PASIG-2025-JUL21-25,Pasig,Sta Lucia,Sta. Lucia,"Bagong Anyo, Brgy. Sta Lucia",2025-07-22T08:00:00+08:00,"July 22, 2025 | as of 08:00AM",140,"11. Bagong Anyo, Brgy. Sta Lucia | Water Level: 3 feet",flood_observed,3 feet,91.44,91.44,,candidate,,
OBS-87f2631c4386562f,PASIG-20250722-0900,9c58b7fe64ed,https://pasigcity.gov.ph/news-and-releases/flood-update-as-of-0900am-july-22-2025-271,PASIG-2025-JUL21-25,Pasig,Sta Lucia,Sta. Lucia,"Asuzena St., Brgy. Sta Lucia",2025-07-22T08:00:00+08:00,"July 22, 2025 | as of 08:00AM",142,"12. Asuzena St., Brgy. Sta Lucia | Water Level: 3 feet",flood_observed,3 feet,91.44,91.44,,candidate,,
OBS-a2d722c2ff06a119,PASIG-20250722-0900,9c58b7fe64ed,https://pasigcity.gov.ph/news-and-releases/flood-update-as-of-0900am-july-22-2025-271,PASIG-2025-JUL21-25,Pasig,Sta. Lucia,Sta. Lucia,"Liamzon, Brgy. Sta. Lucia",2025-07-22T08:00:00+08:00,"July 22, 2025 | as of 08:00AM",144,"13. Liamzon, Brgy. Sta. Lucia | Water Level: 4 feet",flood_observed,4 feet,121.92,121.92,,candidate,,
OBS-b409720d6997eb12,PASIG-20250722-0900,9c58b7fe64ed,https://pasigcity.gov.ph/news-and-releases/flood-update-as-of-0900am-july-22-2025-271,PASIG-2025-JUL21-25,Pasig,Sta. Lucia,Sta. Lucia,"Lirio St., Brgy. Sta. Lucia",2025-07-22T08:00:00+08:00,"July 22, 2025 | as of 08:00AM",146,"14. Lirio St., Brgy. Sta. Lucia | Water Level: 6-10 inches",flood_observed,6-10 inches,15.24,25.4,,candidate,,
OBS-de0c45aded35fafa,PASIG-20250722-0900,9c58b7fe64ed,https://pasigcity.gov.ph/news-and-releases/flood-update-as-of-0900am-july-22-2025-271,PASIG-2025-JUL21-25,Pasig,Sta. Lucia,Sta. Lucia,"Hawk St. Metro Green Village, Brgy. Sta. Lucia",2025-07-22T08:00:00+08:00,"July 22, 2025 | as of 08:00AM",148,"15. Hawk St. Metro Green Village, Brgy. Sta. Lucia | Water Level: 4 feet",flood_observed,4 feet,121.92,121.92,,candidate,,
OBS-425fbb82344bb44c,PASIG-20250722-0900,9c58b7fe64ed,https://pasigcity.gov.ph/news-and-releases/flood-update-as-of-0900am-july-22-2025-271,PASIG-2025-JUL21-25,Pasig,Sta. Lucia,Sta. Lucia,"St Jude Thaddeus, Sta Lucia",2025-07-22T08:00:00+08:00,"July 22, 2025 | as of 08:00AM",150,"16. St Jude Thaddeus, Sta Lucia | Water Level: chest deep",flood_observed,chest deep,,,,candidate,,qualitative_depth_no_numeric_conversion
OBS-c91912ea1c3411fd,PASIG-20250722-0900,9c58b7fe64ed,https://pasigcity.gov.ph/news-and-releases/flood-update-as-of-0900am-july-22-2025-271,PASIG-2025-JUL21-25,Pasig,Manggahan,Manggahan,"Paris St. cor Soliven Ave., Brgy Manggahan",2025-07-22T08:00:00+08:00,"July 22, 2025 | as of 08:00AM",154,"17. Paris St. cor Soliven Ave., Brgy Manggahan | water level: 1-2 inches",flood_observed,1-2 inches,2.54,5.08,,candidate,,
OBS-3114e9afa50d0959,PASIG-20250722-0900,9c58b7fe64ed,https://pasigcity.gov.ph/news-and-releases/flood-update-as-of-0900am-july-22-2025-271,PASIG-2025-JUL21-25,Pasig,Manggahan,Manggahan,Panama St. Brgy Manggahan,2025-07-22T08:00:00+08:00,"July 22, 2025 | as of 08:00AM",156,18. Panama St. Brgy Manggahan | Water Level: 3-4 inches,flood_observed,3-4 inches,7.62,10.16,,candidate,,
OBS-9e84393323e7e4aa,PASIG-20250722-0900,9c58b7fe64ed,https://pasigcity.gov.ph/news-and-releases/flood-update-as-of-0900am-july-22-2025-271,PASIG-2025-JUL21-25,Pasig,Manggahan,Manggahan,"Prague St cor. Rome St., Brgy Manggahan",2025-07-22T08:00:00+08:00,"July 22, 2025 | as of 08:00AM",158,"19. Prague St cor. Rome St., Brgy Manggahan | Water Level: 1-2 inches",flood_observed,1-2 inches,2.54,5.08,,candidate,,
OBS-6c6b23ab55bb103f,PASIG-20250722-0900,9c58b7fe64ed,https://pasigcity.gov.ph/news-and-releases/flood-update-as-of-0900am-july-22-2025-271,PASIG-2025-JUL21-25,Pasig,Manggahan,Manggahan,"Guatemala St cor Rome St., Brgy Manggahan",2025-07-22T08:00:00+08:00,"July 22, 2025 | as of 08:00AM",160,"20. Guatemala St cor Rome St., Brgy Manggahan | Water Level: 1-2 inches",flood_observed,1-2 inches,2.54,5.08,,candidate,,
OBS-bd4e67cd701bfc16,PASIG-20250722-0900,9c58b7fe64ed,https://pasigcity.gov.ph/news-and-releases/flood-update-as-of-0900am-july-22-2025-271,PASIG-2025-JUL21-25,Pasig,Manggahan,Manggahan,"Panama St cor Stockholm, Brgy Manggahan",2025-07-22T08:00:00+08:00,"July 22, 2025 | as of 08:00AM",162,"21. Panama St cor Stockholm, Brgy Manggahan | Water Level: 1-2 inches",flood_observed,1-2 inches,2.54,5.08,,candidate,,
OBS-4dea15d0f64c8ea2,PASIG-20250722-0900,9c58b7fe64ed,https://pasigcity.gov.ph/news-and-releases/flood-update-as-of-0900am-july-22-2025-271,PASIG-2025-JUL21-25,Pasig,Manggahan,Manggahan,Stockholms Brgy. Manggahan,2025-07-22T08:00:00+08:00,"July 22, 2025 | as of 08:00AM",164,22. Stockholms Brgy. Manggahan | Water Level: 1-2 inches,flood_observed,1-2 inches,2.54,5.08,,candidate,,
OBS-efcb1d3420c9a57a,PASIG-20250722-0900,9c58b7fe64ed,https://pasigcity.gov.ph/news-and-releases/flood-update-as-of-0900am-july-22-2025-271,PASIG-2025-JUL21-25,Pasig,Manggahan,Manggahan,Lower Dike Manggahan,2025-07-22T08:00:00+08:00,"July 22, 2025 | as of 08:00AM",166,23. Lower Dike Manggahan | Water Level: 4 feet,flood_observed,4 feet,121.92,121.92,,candidate,,
OBS-1497f9bea78ae8a9,PASIG-20250722-0900,9c58b7fe64ed,https://pasigcity.gov.ph/news-and-releases/flood-update-as-of-0900am-july-22-2025-271,PASIG-2025-JUL21-25,Pasig,Manggahan,Manggahan,Kaginhawaan St. Brgy. Manggahan,2025-07-22T08:00:00+08:00,"July 22, 2025 | as of 08:00AM",168,24. Kaginhawaan St. Brgy. Manggahan | Water Level: 4-5 inches,flood_observed,4-5 inches,10.16,12.7,,candidate,,
OBS-44591a58d6417be4,PASIG-20250722-0900,9c58b7fe64ed,https://pasigcity.gov.ph/news-and-releases/flood-update-as-of-0900am-july-22-2025-271,PASIG-2025-JUL21-25,Pasig,Manggahan,Manggahan,Metro Ville Karangalan Manggahan,2025-07-22T08:00:00+08:00,"July 22, 2025 | as of 08:00AM",170,25. Metro Ville Karangalan Manggahan | Water Level: 4 feet,flood_observed,4 feet,121.92,121.92,,candidate,,
OBS-d4ac4826ed0f9b1e,PASIG-20250722-0900,9c58b7fe64ed,https://pasigcity.gov.ph/news-and-releases/flood-update-as-of-0900am-july-22-2025-271,PASIG-2025-JUL21-25,Pasig,Manggahan,Manggahan,"Athens St. cor Guatemala, Brgy Manggahan",2025-07-22T08:00:00+08:00,"July 22, 2025 | as of 08:00AM",172,"26. Athens St. cor Guatemala, Brgy Manggahan | Water Level: 1-2 inches",flood_observed,1-2 inches,2.54,5.08,,candidate,,
OBS-4c29e9cf0119aa00,PASIG-20250722-0900,9c58b7fe64ed,https://pasigcity.gov.ph/news-and-releases/flood-update-as-of-0900am-july-22-2025-271,PASIG-2025-JUL21-25,Pasig,Santolan,Santolan,Masikap Brgy. Santolan.,2025-07-22T08:00:00+08:00,"July 22, 2025 | as of 08:00AM",176,27. Masikap Brgy. Santolan. | Water Level: 3 feet,flood_observed,3 feet,91.44,91.44,,candidate,,
OBS-71e61a3d1c391bbb,PASIG-20250722-0900,9c58b7fe64ed,https://pasigcity.gov.ph/news-and-releases/flood-update-as-of-0900am-july-22-2025-271,PASIG-2025-JUL21-25,Pasig,Santolan,Santolan,Sgt. De Leon. Brgy. Santolan.,2025-07-22T08:00:00+08:00,"July 22, 2025 | as of 08:00AM",178,28. Sgt. De Leon. Brgy. Santolan. | Water Level: 5 inches,flood_observed,5 inches,12.7,12.7,,candidate,,
OBS-77601fd0a7e7e30c,PASIG-20250722-0900,9c58b7fe64ed,https://pasigcity.gov.ph/news-and-releases/flood-update-as-of-0900am-july-22-2025-271,PASIG-2025-JUL21-25,Pasig,Santolan,Santolan,Natasha St. (Sgt. De Leon) Brgy. Santolan,2025-07-22T08:00:00+08:00,"July 22, 2025 | as of 08:00AM",180,29. Natasha St. (Sgt. De Leon) Brgy. Santolan | water level: knee level,flood_observed,knee level,,,,candidate,,qualitative_depth_no_numeric_conversion
OBS-2d5ef492170ca945,PASIG-20250722-0900,9c58b7fe64ed,https://pasigcity.gov.ph/news-and-releases/flood-update-as-of-0900am-july-22-2025-271,PASIG-2025-JUL21-25,Pasig,Santolan,Santolan,Masikap St. Bangkaan (Tawiran) Brgy. Santolan,2025-07-22T08:00:00+08:00,"July 22, 2025 | as of 08:00AM",182,30. Masikap St. Bangkaan (Tawiran) Brgy. Santolan | Water Level: 7-8 feet,flood_observed,7-8 feet,213.36,243.84,,candidate,,
OBS-b0d27d707335061e,PASIG-20250722-0900,9c58b7fe64ed,https://pasigcity.gov.ph/news-and-releases/flood-update-as-of-0900am-july-22-2025-271,PASIG-2025-JUL21-25,Pasig,Santolan,Santolan,"Doroteo St., Brgy. Santolan",2025-07-22T08:00:00+08:00,"July 22, 2025 | as of 08:00AM",184,"31. Doroteo St., Brgy. Santolan | Water Level: 2 feet",flood_observed,2 feet,60.96,60.96,,candidate,,
OBS-67311eb474dd0c4b,PASIG-20250722-0900,9c58b7fe64ed,https://pasigcity.gov.ph/news-and-releases/flood-update-as-of-0900am-july-22-2025-271,PASIG-2025-JUL21-25,Pasig,Santolan,Santolan,Marcelino St. (Tawiran) Brgy. Santolan,2025-07-22T08:00:00+08:00,"July 22, 2025 | as of 08:00AM",186,32. Marcelino St. (Tawiran) Brgy. Santolan | Water Level: 7-8 feet,flood_observed,7-8 feet,213.36,243.84,,candidate,,
OBS-5664e4bf615f52f4,PASIG-20250722-0900,9c58b7fe64ed,https://pasigcity.gov.ph/news-and-releases/flood-update-as-of-0900am-july-22-2025-271,PASIG-2025-JUL21-25,Pasig,Santolan,Santolan,"Rafael St., Brgy. Santolan",2025-07-22T08:00:00+08:00,"July 22, 2025 | as of 08:00AM",188,"33. Rafael St., Brgy. Santolan | Water Level: knee deep",flood_observed,knee deep,,,,candidate,,qualitative_depth_no_numeric_conversion
OBS-dfba7e212f92f397,PASIG-20250722-0900,9c58b7fe64ed,https://pasigcity.gov.ph/news-and-releases/flood-update-as-of-0900am-july-22-2025-271,PASIG-2025-JUL21-25,Pasig,Santolan,Santolan,"Victorino St., Brgy. Santolan",2025-07-22T08:00:00+08:00,"July 22, 2025 | as of 08:00AM",190,"34. Victorino St., Brgy. Santolan | Water Level: gutter deep",flood_observed,gutter deep,,,,candidate,,qualitative_depth_no_numeric_conversion
OBS-22de9bea8cff9095,PASIG-20250722-0900,9c58b7fe64ed,https://pasigcity.gov.ph/news-and-releases/flood-update-as-of-0900am-july-22-2025-271,PASIG-2025-JUL21-25,Pasig,Dela Paz,Dela Paz,Karangalan Phase 2 A Brgy. Dela Paz,2025-07-22T08:00:00+08:00,"July 22, 2025 | as of 08:00AM",194,35. Karangalan Phase 2 A Brgy. Dela Paz | Water Level: 18 inches,flood_observed,18 inches,45.72,45.72,,candidate,,
OBS-e348464ed31a7c8a,PASIG-20250722-0900,9c58b7fe64ed,https://pasigcity.gov.ph/news-and-releases/flood-update-as-of-0900am-july-22-2025-271,PASIG-2025-JUL21-25,Pasig,Dela Paz,Dela Paz,Yap Compound Katipiran St. Brgy. Dela Paz,2025-07-22T08:00:00+08:00,"July 22, 2025 | as of 08:00AM",196,36. Yap Compound Katipiran St. Brgy. Dela Paz | Water Level: 2 feet,flood_observed,2 feet,60.96,60.96,,candidate,,
OBS-694372be97a5d5a0,PASIG-20250722-0900,9c58b7fe64ed,https://pasigcity.gov.ph/news-and-releases/flood-update-as-of-0900am-july-22-2025-271,PASIG-2025-JUL21-25,Pasig,Dela Paz,Dela Paz,"Kabayanihan cor. Karikitan St, Brgy Dela Paz",2025-07-22T08:00:00+08:00,"July 22, 2025 | as of 08:00AM",199,"37. Kabayanihan cor. Karikitan St, Brgy Dela Paz | Water Level: 1-2 inches",flood_observed,1-2 inches,2.54,5.08,,candidate,,
OBS-d92fe4917fdb85b2,PASIG-20250722-0900,9c58b7fe64ed,https://pasigcity.gov.ph/news-and-releases/flood-update-as-of-0900am-july-22-2025-271,PASIG-2025-JUL21-25,Pasig,Rosario (In front of SM East Ortigas),Rosario,Dabba Brgy. Rosario (In front of SM East Ortigas),2025-07-22T08:00:00+08:00,"July 22, 2025 | as of 08:00AM",203,38. Dabba Brgy. Rosario (In front of SM East Ortigas) | Water Level: 1-2 inches,flood_observed,1-2 inches,2.54,5.08,,candidate,,
OBS-0d372d0d89840b82,PASIG-20250722-0900,9c58b7fe64ed,https://pasigcity.gov.ph/news-and-releases/flood-update-as-of-0900am-july-22-2025-271,PASIG-2025-JUL21-25,Pasig,San Miguel,San Miguel,M. Eusebio Brgy. San Miguel,2025-07-22T08:00:00+08:00,"July 22, 2025 | as of 08:00AM",207,39. M. Eusebio Brgy. San Miguel | Water Level 1-2 inches,flood_observed,1-2 inches,2.54,5.08,,candidate,,
OBS-703708a377236498,PASIG-20250722-0900,9c58b7fe64ed,https://pasigcity.gov.ph/news-and-releases/flood-update-as-of-0900am-july-22-2025-271,PASIG-2025-JUL21-25,Pasig,Maybunga,Maybunga,"Blk. 1 to 9, Alley 1 to 40, Westbank Floodway, Brgy. Maybunga",2025-07-22T08:00:00+08:00,"July 22, 2025 | as of 08:00AM",211,"40. Blk. 1 to 9, Alley 1 to 40, Westbank Floodway, Brgy. Maybunga | Water Level: 7-8 Ft",flood_observed,7-8 Ft,213.36,243.84,,candidate,,
OBS-7030f5c906965856,PASIG-20250722-1100,caa420349920,https://pasigcity.gov.ph/news-and-releases/flood-update-as-of-1100am-july-22-2025-638,PASIG-2025-JUL21-25,Pasig,Sta.Lucia,Sta. Lucia,Callos Comp. Brgy. Sta.Lucia,2025-07-22T11:00:00+08:00,"July 22, 2025 | as of 11:00AM",6,1. Callos Comp. Brgy. Sta.Lucia | Water Level: 4 feet,flood_observed,4 feet,121.92,121.92,,candidate,,
OBS-4a6233327305b8ec,PASIG-20250722-1100,caa420349920,https://pasigcity.gov.ph/news-and-releases/flood-update-as-of-1100am-july-22-2025-638,PASIG-2025-JUL21-25,Pasig,Sta. Lucia,Sta. Lucia,Tawi-tawi St. Brgy. Sta. Lucia,2025-07-22T11:00:00+08:00,"July 22, 2025 | as of 11:00AM",8,2. Tawi-tawi St. Brgy. Sta. Lucia | Water Level: 15 inches,flood_observed,15 inches,38.1,38.1,,candidate,,
OBS-bc034828f9f35924,PASIG-20250722-1100,caa420349920,https://pasigcity.gov.ph/news-and-releases/flood-update-as-of-1100am-july-22-2025-638,PASIG-2025-JUL21-25,Pasig,Sta. Lucia,Sta. Lucia,Bautista Compound Sta. Lucia,2025-07-22T11:00:00+08:00,"July 22, 2025 | as of 11:00AM",10,3. Bautista Compound Sta. Lucia | Water Level: 3 feet,flood_observed,3 feet,91.44,91.44,,candidate,,
OBS-c976491b8a989015,PASIG-20250722-1100,caa420349920,https://pasigcity.gov.ph/news-and-releases/flood-update-as-of-1100am-july-22-2025-638,PASIG-2025-JUL21-25,Pasig,Sta. Lucia,Sta. Lucia,Morales Compound 5th St. Brgy. Sta. Lucia,2025-07-22T11:00:00+08:00,"July 22, 2025 | as of 11:00AM",12,4. Morales Compound 5th St. Brgy. Sta. Lucia | Water Level: 3 feet,flood_observed,3 feet,91.44,91.44,,candidate,,
OBS-2406c83ba7cc127e,PASIG-20250722-1100,caa420349920,https://pasigcity.gov.ph/news-and-releases/flood-update-as-of-1100am-july-22-2025-638,PASIG-2025-JUL21-25,Pasig,Sta Lucia,Sta. Lucia,Rosario Village Tramo St. Brgy. Sta Lucia,2025-07-22T11:00:00+08:00,"July 22, 2025 | as of 11:00AM",14,5. Rosario Village Tramo St. Brgy. Sta Lucia | Water Level: 4 feet,flood_observed,4 feet,121.92,121.92,,candidate,,
OBS-a430c43f79aac2b1,PASIG-20250722-1100,caa420349920,https://pasigcity.gov.ph/news-and-releases/flood-update-as-of-1100am-july-22-2025-638,PASIG-2025-JUL21-25,Pasig,Sta. Lucia,Sta. Lucia,"Metropolis 1, Brgy. Sta. Lucia",2025-07-22T11:00:00+08:00,"July 22, 2025 | as of 11:00AM",16,"6. Metropolis 1, Brgy. Sta. Lucia | Water Level: 4 feet",flood_observed,4 feet,121.92,121.92,,candidate,,
OBS-8e66c8888961cd57,PASIG-20250722-1100,caa420349920,https://pasigcity.gov.ph/news-and-releases/flood-update-as-of-1100am-july-22-2025-638,PASIG-2025-JUL21-25,Pasig,Sta. Lucia,Sta. Lucia,"Rosario 5&6, Brgy. Sta. Lucia",2025-07-22T11:00:00+08:00,"July 22, 2025 | as of 11:00AM",18,"7. Rosario 5&6, Brgy. Sta. Lucia | Water Level: 2 feet",flood_observed,2 feet,60.96,60.96,,candidate,,
OBS-09e7116971760477,PASIG-20250722-1100,caa420349920,https://pasigcity.gov.ph/news-and-releases/flood-update-as-of-1100am-july-22-2025-638,PASIG-2025-JUL21-25,Pasig,Sta. Lucia,Sta. Lucia,"Champaca St., Brgy. Sta. Lucia",2025-07-22T11:00:00+08:00,"July 22, 2025 | as of 11:00AM",20,"8. Champaca St., Brgy. Sta. Lucia | Water Level: 1 foot",flood_observed,1 foot,30.48,30.48,,candidate,,
OBS-30d2ef008949373e,PASIG-20250722-1100,caa420349920,https://pasigcity.gov.ph/news-and-releases/flood-update-as-of-1100am-july-22-2025-638,PASIG-2025-JUL21-25,Pasig,Sta.Lucia,Sta. Lucia,"Rosal St. De Castro, Brgy. Sta.Lucia",2025-07-22T11:00:00+08:00,"July 22, 2025 | as of 11:00AM",22,"9. Rosal St. De Castro, Brgy. Sta.Lucia | Water Level: 4 feet",flood_observed,4 feet,121.92,121.92,,candidate,,
OBS-e0cfa2ca09cff2b1,PASIG-20250722-1100,caa420349920,https://pasigcity.gov.ph/news-and-releases/flood-update-as-of-1100am-july-22-2025-638,PASIG-2025-JUL21-25,Pasig,Sta Lucia,Sta. Lucia,"Dalia St, De Castro, Brgy. Sta Lucia",2025-07-22T11:00:00+08:00,"July 22, 2025 | as of 11:00AM",24,"10. Dalia St, De Castro, Brgy. Sta Lucia | Water Level: 3 feet",flood_observed,3 feet,91.44,91.44,,candidate,,
OBS-27d13fed7b70b8d4,PASIG-20250722-1100,caa420349920,https://pasigcity.gov.ph/news-and-releases/flood-update-as-of-1100am-july-22-2025-638,PASIG-2025-JUL21-25,Pasig,Sta Lucia,Sta. Lucia,"Bagong Anyo, Brgy. Sta Lucia",2025-07-22T11:00:00+08:00,"July 22, 2025 | as of 11:00AM",26,"11. Bagong Anyo, Brgy. Sta Lucia | Water Level: 3 feet",flood_observed,3 feet,91.44,91.44,,candidate,,
OBS-02f0a6f987447e64,PASIG-20250722-1100,caa420349920,https://pasigcity.gov.ph/news-and-releases/flood-update-as-of-1100am-july-22-2025-638,PASIG-2025-JUL21-25,Pasig,Sta Lucia,Sta. Lucia,"Asuzena St., Brgy. Sta Lucia",2025-07-22T11:00:00+08:00,"July 22, 2025 | as of 11:00AM",28,"12. Asuzena St., Brgy. Sta Lucia | Water Level: 3 feet",flood_observed,3 feet,91.44,91.44,,candidate,,
OBS-7ee783b8aec3cbe5,PASIG-20250722-1100,caa420349920,https://pasigcity.gov.ph/news-and-releases/flood-update-as-of-1100am-july-22-2025-638,PASIG-2025-JUL21-25,Pasig,Sta. Lucia,Sta. Lucia,"Liamzon, Brgy. Sta. Lucia",2025-07-22T11:00:00+08:00,"July 22, 2025 | as of 11:00AM",30,"13. Liamzon, Brgy. Sta. Lucia | Water Level: 4 feet",flood_observed,4 feet,121.92,121.92,,candidate,,
OBS-a0c6c772486a8ec0,PASIG-20250722-1100,caa420349920,https://pasigcity.gov.ph/news-and-releases/flood-update-as-of-1100am-july-22-2025-638,PASIG-2025-JUL21-25,Pasig,Sta. Lucia,Sta. Lucia,"Lirio St., Brgy. Sta. Lucia",2025-07-22T11:00:00+08:00,"July 22, 2025 | as of 11:00AM",32,"14. Lirio St., Brgy. Sta. Lucia | Water Level: 6-10 inches",flood_observed,6-10 inches,15.24,25.4,,candidate,,
OBS-94417c9545902a4f,PASIG-20250722-1100,caa420349920,https://pasigcity.gov.ph/news-and-releases/flood-update-as-of-1100am-july-22-2025-638,PASIG-2025-JUL21-25,Pasig,Sta. Lucia,Sta. Lucia,"Hawk St. Metro Green Village, Brgy. Sta. Lucia",2025-07-22T11:00:00+08:00,"July 22, 2025 | as of 11:00AM",34,"15. Hawk St. Metro Green Village, Brgy. Sta. Lucia | Water Level: 4 feet",flood_observed,4 feet,121.92,121.92,,candidate,,
OBS-a822b5bbd63cca56,PASIG-20250722-1100,caa420349920,https://pasigcity.gov.ph/news-and-releases/flood-update-as-of-1100am-july-22-2025-638,PASIG-2025-JUL21-25,Pasig,Sta. Lucia,Sta. Lucia,"St Jude Thaddeus, Sta Lucia",2025-07-22T11:00:00+08:00,"July 22, 2025 | as of 11:00AM",36,"16. St Jude Thaddeus, Sta Lucia | Water Level: chest deep",flood_observed,chest deep,,,,candidate,,qualitative_depth_no_numeric_conversion
OBS-4d164e5dcc127320,PASIG-20250722-1100,caa420349920,https://pasigcity.gov.ph/news-and-releases/flood-update-as-of-1100am-july-22-2025-638,PASIG-2025-JUL21-25,Pasig,Sta. Lucia,Sta. Lucia,"Roberto Antonio MRV, Brgy. Sta. Lucia",2025-07-22T11:00:00+08:00,"July 22, 2025 | as of 11:00AM",38,"17. Roberto Antonio MRV, Brgy. Sta. Lucia | Water Level: knee deep",flood_observed,knee deep,,,,candidate,,qualitative_depth_no_numeric_conversion
OBS-98885cea19148493,PASIG-20250722-1100,caa420349920,https://pasigcity.gov.ph/news-and-releases/flood-update-as-of-1100am-july-22-2025-638,PASIG-2025-JUL21-25,Pasig,Sta. Lucia,Sta. Lucia,"Ilang Ilang De Castro, Brgy. Sta. Lucia",2025-07-22T11:00:00+08:00,"July 22, 2025 | as of 11:00AM",40,"18. Ilang Ilang De Castro, Brgy. Sta. Lucia | Water Level: gutter deep",flood_observed,gutter deep,,,,candidate,,qualitative_depth_no_numeric_conversion
OBS-88ba377b27eada1f,PASIG-20250722-1100,caa420349920,https://pasigcity.gov.ph/news-and-releases/flood-update-as-of-1100am-july-22-2025-638,PASIG-2025-JUL21-25,Pasig,Sta. Lucia,Sta. Lucia,"Marietta Romeo Village, Brgy. Sta. Lucia",2025-07-22T11:00:00+08:00,"July 22, 2025 | as of 11:00AM",42,"19. Marietta Romeo Village, Brgy. Sta. Lucia | Water Level: knee deep",flood_observed,knee deep,,,,candidate,,qualitative_depth_no_numeric_conversion
OBS-d7c1c11552d7be01,PASIG-20250722-1100,caa420349920,https://pasigcity.gov.ph/news-and-releases/flood-update-as-of-1100am-july-22-2025-638,PASIG-2025-JUL21-25,Pasig,Sta Lucia,Sta. Lucia,"Mabuhay, Brgy. Sta Lucia",2025-07-22T11:00:00+08:00,"July 22, 2025 | as of 11:00AM",44,"20. Mabuhay, Brgy. Sta Lucia | Water Level: chest deep",flood_observed,chest deep,,,,candidate,,qualitative_depth_no_numeric_conversion
OBS-8ac3a5d5e45338e6,PASIG-20250722-1100,caa420349920,https://pasigcity.gov.ph/news-and-releases/flood-update-as-of-1100am-july-22-2025-638,PASIG-2025-JUL21-25,Pasig,Sta Lucia,Sta. Lucia,"Cadena St., Gumamela St., Brgy. Sta Lucia",2025-07-22T11:00:00+08:00,"July 22, 2025 | as of 11:00AM",46,"21. Cadena St., Gumamela St., Brgy. Sta Lucia | Water Level: gutter deep",flood_observed,gutter deep,,,,candidate,,qualitative_depth_no_numeric_conversion
OBS-d8a1e0aa89a272a1,PASIG-20250722-1100,caa420349920,https://pasigcity.gov.ph/news-and-releases/flood-update-as-of-1100am-july-22-2025-638,PASIG-2025-JUL21-25,Pasig,Manggahan,Manggahan,"Paris St. cor Soliven Ave., Brgy Manggahan",2025-07-22T11:00:00+08:00,"July 22, 2025 | as of 11:00AM",50,"22. Paris St. cor Soliven Ave., Brgy Manggahan | Water Level: 1-2 inches",flood_observed,1-2 inches,2.54,5.08,,candidate,,
OBS-aa31c239d947390f,PASIG-20250722-1100,caa420349920,https://pasigcity.gov.ph/news-and-releases/flood-update-as-of-1100am-july-22-2025-638,PASIG-2025-JUL21-25,Pasig,Manggahan,Manggahan,Panama St. Brgy Manggahan,2025-07-22T11:00:00+08:00,"July 22, 2025 | as of 11:00AM",52,23. Panama St. Brgy Manggahan | Water Level: 3-4 inches,flood_observed,3-4 inches,7.62,10.16,,candidate,,
OBS-8e5bf1603935d1df,PASIG-20250722-1100,caa420349920,https://pasigcity.gov.ph/news-and-releases/flood-update-as-of-1100am-july-22-2025-638,PASIG-2025-JUL21-25,Pasig,Manggahan,Manggahan,"Prague St cor. Rome St., Brgy Manggahan",2025-07-22T11:00:00+08:00,"July 22, 2025 | as of 11:00AM",54,"24. Prague St cor. Rome St., Brgy Manggahan | Water Level: 1-2 inches",flood_observed,1-2 inches,2.54,5.08,,candidate,,
OBS-3b94ea5f1040b761,PASIG-20250722-1100,caa420349920,https://pasigcity.gov.ph/news-and-releases/flood-update-as-of-1100am-july-22-2025-638,PASIG-2025-JUL21-25,Pasig,Manggahan,Manggahan,"Guatemala St cor Rome St., Brgy Manggahan",2025-07-22T11:00:00+08:00,"July 22, 2025 | as of 11:00AM",56,"25. Guatemala St cor Rome St., Brgy Manggahan | Water Level: 1-2 inches",flood_observed,1-2 inches,2.54,5.08,,candidate,,
OBS-cf4745545090e7c9,PASIG-20250722-1100,caa420349920,https://pasigcity.gov.ph/news-and-releases/flood-update-as-of-1100am-july-22-2025-638,PASIG-2025-JUL21-25,Pasig,Manggahan,Manggahan,"Panama St cor Stockholm, Brgy Manggahan",2025-07-22T11:00:00+08:00,"July 22, 2025 | as of 11:00AM",58,"26. Panama St cor Stockholm, Brgy Manggahan | Water Level: 1-2 inches",flood_observed,1-2 inches,2.54,5.08,,candidate,,
OBS-90edcf35ff17c53b,PASIG-20250722-1100,caa420349920,https://pasigcity.gov.ph/news-and-releases/flood-update-as-of-1100am-july-22-2025-638,PASIG-2025-JUL21-25,Pasig,Manggahan,Manggahan,Stockholms Brgy. Manggahan,2025-07-22T11:00:00+08:00,"July 22, 2025 | as of 11:00AM",60,27. Stockholms Brgy. Manggahan | Water Level: 1-2 inches,flood_observed,1-2 inches,2.54,5.08,,candidate,,
OBS-daf0829d765ef7c3,PASIG-20250722-1100,caa420349920,https://pasigcity.gov.ph/news-and-releases/flood-update-as-of-1100am-july-22-2025-638,PASIG-2025-JUL21-25,Pasig,Manggahan,Manggahan,Lower Dike Manggahan,2025-07-22T11:00:00+08:00,"July 22, 2025 | as of 11:00AM",62,28. Lower Dike Manggahan | Water Level: 4 feet,flood_observed,4 feet,121.92,121.92,,candidate,,
OBS-120fdfc74d90839e,PASIG-20250722-1100,caa420349920,https://pasigcity.gov.ph/news-and-releases/flood-update-as-of-1100am-july-22-2025-638,PASIG-2025-JUL21-25,Pasig,Manggahan,Manggahan,Kaginhawaan St. Brgy. Manggahan,2025-07-22T11:00:00+08:00,"July 22, 2025 | as of 11:00AM",64,29. Kaginhawaan St. Brgy. Manggahan | Water Level: 4-5 inches,flood_observed,4-5 inches,10.16,12.7,,candidate,,
OBS-0466250b7bf917eb,PASIG-20250722-1100,caa420349920,https://pasigcity.gov.ph/news-and-releases/flood-update-as-of-1100am-july-22-2025-638,PASIG-2025-JUL21-25,Pasig,Manggahan,Manggahan,Metro Ville Karangalan Manggahan,2025-07-22T11:00:00+08:00,"July 22, 2025 | as of 11:00AM",66,30. Metro Ville Karangalan Manggahan | Water Level: 4 feet,flood_observed,4 feet,121.92,121.92,,candidate,,
OBS-c77a252f6ef46494,PASIG-20250722-1100,caa420349920,https://pasigcity.gov.ph/news-and-releases/flood-update-as-of-1100am-july-22-2025-638,PASIG-2025-JUL21-25,Pasig,Manggahan,Manggahan,"Athens St. cor Guatemala, Brgy Manggahan",2025-07-22T11:00:00+08:00,"July 22, 2025 | as of 11:00AM",68,"31. Athens St. cor Guatemala, Brgy Manggahan | Water Level: 1-2 inches",flood_observed,1-2 inches,2.54,5.08,,candidate,,
OBS-7d61a3efd5c791dc,PASIG-20250722-1100,caa420349920,https://pasigcity.gov.ph/news-and-releases/flood-update-as-of-1100am-july-22-2025-638,PASIG-2025-JUL21-25,Pasig,Manggahan,Manggahan,"Iglesia Washington Greenpark, Brgy. Manggahan",2025-07-22T11:00:00+08:00,"July 22, 2025 | as of 11:00AM",70,"32. Iglesia Washington Greenpark, Brgy. Manggahan | Water Level: gutter deep",flood_observed,gutter deep,,,,candidate,,qualitative_depth_no_numeric_conversion
OBS-467c4778cd1b37ff,PASIG-20250722-1100,caa420349920,https://pasigcity.gov.ph/news-and-releases/flood-update-as-of-1100am-july-22-2025-638,PASIG-2025-JUL21-25,Pasig,Santolan,Santolan,Masikap Brgy. Santolan,2025-07-22T11:00:00+08:00,"July 22, 2025 | as of 11:00AM",74,33. Masikap Brgy. Santolan | Water Level: 3 feet,flood_observed,3 feet,91.44,91.44,,candidate,,
OBS-80c6dbd156568e10,PASIG-20250722-1100,caa420349920,https://pasigcity.gov.ph/news-and-releases/flood-update-as-of-1100am-july-22-2025-638,PASIG-2025-JUL21-25,Pasig,Santolan,Santolan,Sgt. De Leon. Brgy. Santolan,2025-07-22T11:00:00+08:00,"July 22, 2025 | as of 11:00AM",76,34. Sgt. De Leon. Brgy. Santolan | Water Level: 5 inches,flood_observed,5 inches,12.7,12.7,,candidate,,
OBS-98e58ac240b23795,PASIG-20250722-1100,caa420349920,https://pasigcity.gov.ph/news-and-releases/flood-update-as-of-1100am-july-22-2025-638,PASIG-2025-JUL21-25,Pasig,Santolan,Santolan,Natasha St. (Sgt. De Leon) Brgy. Santolan,2025-07-22T11:00:00+08:00,"July 22, 2025 | as of 11:00AM",78,35. Natasha St. (Sgt. De Leon) Brgy. Santolan | water level: knee level,flood_observed,knee level,,,,candidate,,qualitative_depth_no_numeric_conversion
OBS-92b2f09771a5cd77,PASIG-20250722-1100,caa420349920,https://pasigcity.gov.ph/news-and-releases/flood-update-as-of-1100am-july-22-2025-638,PASIG-2025-JUL21-25,Pasig,Santolan,Santolan,Masikap St. Bangkaan (Tawiran) Brgy. Santolan,2025-07-22T11:00:00+08:00,"July 22, 2025 | as of 11:00AM",80,36. Masikap St. Bangkaan (Tawiran) Brgy. Santolan | Water Level: 7-8 feet,flood_observed,7-8 feet,213.36,243.84,,candidate,,
OBS-37681571c5151157,PASIG-20250722-1100,caa420349920,https://pasigcity.gov.ph/news-and-releases/flood-update-as-of-1100am-july-22-2025-638,PASIG-2025-JUL21-25,Pasig,Santolan,Santolan,"Doroteo St., Brgy. Santolan",2025-07-22T11:00:00+08:00,"July 22, 2025 | as of 11:00AM",82,"37. Doroteo St., Brgy. Santolan | Water Level: 2 feet",flood_observed,2 feet,60.96,60.96,,candidate,,
OBS-6f0edf1867a3b632,PASIG-20250722-1100,caa420349920,https://pasigcity.gov.ph/news-and-releases/flood-update-as-of-1100am-july-22-2025-638,PASIG-2025-JUL21-25,Pasig,Santolan,Santolan,Marcelino St. (Tawiran) Brgy. Santolan,2025-07-22T11:00:00+08:00,"July 22, 2025 | as of 11:00AM",84,38. Marcelino St. (Tawiran) Brgy. Santolan | Water Level: 7-8 feet,flood_observed,7-8 feet,213.36,243.84,,candidate,,
OBS-aa36ab85ffec409e,PASIG-20250722-1100,caa420349920,https://pasigcity.gov.ph/news-and-releases/flood-update-as-of-1100am-july-22-2025-638,PASIG-2025-JUL21-25,Pasig,Santolan,Santolan,"Rafael St., Brgy. Santolan",2025-07-22T11:00:00+08:00,"July 22, 2025 | as of 11:00AM",86,"39. Rafael St., Brgy. Santolan | Water Level: knee deep",flood_observed,knee deep,,,,candidate,,qualitative_depth_no_numeric_conversion
OBS-5badd840739cfd5b,PASIG-20250722-1100,caa420349920,https://pasigcity.gov.ph/news-and-releases/flood-update-as-of-1100am-july-22-2025-638,PASIG-2025-JUL21-25,Pasig,Santolan,Santolan,"Victorino St., Brgy. Santolan",2025-07-22T11:00:00+08:00,"July 22, 2025 | as of 11:00AM",88,"40. Victorino St., Brgy. Santolan | Water Level: gutter deep",flood_observed,gutter deep,,,,candidate,,qualitative_depth_no_numeric_conversion
OBS-e40051bd582bf3f5,PASIG-20250722-1100,caa420349920,https://pasigcity.gov.ph/news-and-releases/flood-update-as-of-1100am-july-22-2025-638,PASIG-2025-JUL21-25,Pasig,Santolan,Santolan,"Sto Tomas Extension, Brgy. Santolan",2025-07-22T11:00:00+08:00,"July 22, 2025 | as of 11:00AM",90,"41. Sto Tomas Extension, Brgy. Santolan | Water Level: 3-4 feet",flood_observed,3-4 feet,91.44,121.92,,candidate,,
OBS-b4501d959bb5389c,PASIG-20250722-1100,caa420349920,https://pasigcity.gov.ph/news-and-releases/flood-update-as-of-1100am-july-22-2025-638,PASIG-2025-JUL21-25,Pasig,Dela Paz,Dela Paz,Karangalan Phase 2 A Brgy. Dela Paz,2025-07-22T11:00:00+08:00,"July 22, 2025 | as of 11:00AM",94,42. Karangalan Phase 2 A Brgy. Dela Paz | Water Level: 18 inches,flood_observed,18 inches,45.72,45.72,,candidate,,
OBS-7cb7876743e3f2b8,PASIG-20250722-1100,caa420349920,https://pasigcity.gov.ph/news-and-releases/flood-update-as-of-1100am-july-22-2025-638,PASIG-2025-JUL21-25,Pasig,Dela Paz,Dela Paz,Yap Compound Katipiran St. Brgy. Dela Paz,2025-07-22T11:00:00+08:00,"July 22, 2025 | as of 11:00AM",96,43. Yap Compound Katipiran St. Brgy. Dela Paz | Water Level: 2 feet,flood_observed,2 feet,60.96,60.96,,candidate,,
OBS-7a70f009650a511d,PASIG-20250722-1100,caa420349920,https://pasigcity.gov.ph/news-and-releases/flood-update-as-of-1100am-july-22-2025-638,PASIG-2025-JUL21-25,Pasig,Dela Paz,Dela Paz,"Kabayanihan cor. Karikitan St, Brgy Dela Paz",2025-07-22T11:00:00+08:00,"July 22, 2025 | as of 11:00AM",98,"44. Kabayanihan cor. Karikitan St, Brgy Dela Paz | Water Level: 1-2 inches",flood_observed,1-2 inches,2.54,5.08,,candidate,,
OBS-d070cc09ca046a96,PASIG-20250722-1100,caa420349920,https://pasigcity.gov.ph/news-and-releases/flood-update-as-of-1100am-july-22-2025-638,PASIG-2025-JUL21-25,Pasig,Rosario (In front of SM East Ortigas),Rosario,Dabba Brgy. Rosario (In front of SM East Ortigas),2025-07-22T11:00:00+08:00,"July 22, 2025 | as of 11:00AM",102,45. Dabba Brgy. Rosario (In front of SM East Ortigas) | Water Level: 1-2 inches,flood_observed,1-2 inches,2.54,5.08,,candidate,,
OBS-2ebe85452ebb74c2,PASIG-20250722-1100,caa420349920,https://pasigcity.gov.ph/news-and-releases/flood-update-as-of-1100am-july-22-2025-638,PASIG-2025-JUL21-25,Pasig,Rosario,Rosario,"Victoria Ville, Brgy. Rosario",2025-07-22T11:00:00+08:00,"July 22, 2025 | as of 11:00AM",104,"46. Victoria Ville, Brgy. Rosario | Water Level: gutter deep",flood_observed,gutter deep,,,,candidate,,qualitative_depth_no_numeric_conversion
OBS-0bb98d892fdfc633,PASIG-20250722-1100,caa420349920,https://pasigcity.gov.ph/news-and-releases/flood-update-as-of-1100am-july-22-2025-638,PASIG-2025-JUL21-25,Pasig,Rosario,Rosario,"Moon St. Greenland Village, Brgy. Rosario",2025-07-22T11:00:00+08:00,"July 22, 2025 | as of 11:00AM",106,"47. Moon St. Greenland Village, Brgy. Rosario | Water Level: gutter deep",flood_observed,gutter deep,,,,candidate,,qualitative_depth_no_numeric_conversion
OBS-a88d02ebd0b1b7ae,PASIG-20250722-1100,caa420349920,https://pasigcity.gov.ph/news-and-releases/flood-update-as-of-1100am-july-22-2025-638,PASIG-2025-JUL21-25,Pasig,San Miguel,San Miguel,M. Eusebio Brgy. San Miguel,2025-07-22T11:00:00+08:00,"July 22, 2025 | as of 11:00AM",110,48. M. Eusebio Brgy. San Miguel | Water Level 1-2 inches,flood_observed,1-2 inches,2.54,5.08,,candidate,,
OBS-a472402573ee625e,PASIG-20250722-1100,caa420349920,https://pasigcity.gov.ph/news-and-releases/flood-update-as-of-1100am-july-22-2025-638,PASIG-2025-JUL21-25,Pasig,Maybunga,Maybunga,"Blk. 1 to 9, Alley 1 to 40, Westbank Floodway, Brgy. Maybunga",2025-07-22T11:00:00+08:00,"July 22, 2025 | as of 11:00AM",114,"49. Blk. 1 to 9, Alley 1 to 40, Westbank Floodway, Brgy. Maybunga | Water Level: 7-8 feet",flood_observed,7-8 feet,213.36,243.84,,candidate,,
OBS-72d5f718984486bf,PASIG-20250722-1100,caa420349920,https://pasigcity.gov.ph/news-and-releases/flood-update-as-of-1100am-july-22-2025-638,PASIG-2025-JUL21-25,Pasig,Maybunga,Maybunga,"Phase 4b Parkwood Green Executive Village, Brgy. Maybunga",2025-07-22T11:00:00+08:00,"July 22, 2025 | as of 11:00AM",116,"50. Phase 4b Parkwood Green Executive Village, Brgy. Maybunga | Water Level: 2 feet",flood_observed,2 feet,60.96,60.96,,candidate,,
OBS-1bdb3625f92cb91a,PASIG-20250722-1100,caa420349920,https://pasigcity.gov.ph/news-and-releases/flood-update-as-of-1100am-july-22-2025-638,PASIG-2025-JUL21-25,Pasig,Maybunga,Maybunga,F Legaspi cor. Market Ave.,2025-07-22T11:00:00+08:00,"July 22, 2025 | as of 11:00AM",118,51. F Legaspi cor. Market Ave. | Water Level: Gutter deep,flood_observed,Gutter deep,,,,candidate,,qualitative_depth_no_numeric_conversion
OBS-88e2ebbbf677992a,PASIG-20250722-1100,caa420349920,https://pasigcity.gov.ph/news-and-releases/flood-update-as-of-1100am-july-22-2025-638,PASIG-2025-JUL21-25,Pasig,Maybunga,Maybunga,"Damayan, Brgy. Maybunga",2025-07-22T11:00:00+08:00,"July 22, 2025 | as of 11:00AM",120,"52. Damayan, Brgy. Maybunga | Water Level: knee deep",flood_observed,knee deep,,,,candidate,,qualitative_depth_no_numeric_conversion
OBS-b96d5955398ff9b4,PASIG-20250722-1100,caa420349920,https://pasigcity.gov.ph/news-and-releases/flood-update-as-of-1100am-july-22-2025-638,PASIG-2025-JUL21-25,Pasig,Maybunga *in front of Pasig Millennium Garden Phase 2,Maybunga,"Jenny's Ave., Brgy Maybunga *in front of Pasig Millennium Garden Phase 2",2025-07-22T11:00:00+08:00,"July 22, 2025 | as of 11:00AM",122,"53. Jenny's Ave., Brgy Maybunga *in front of Pasig Millennium Garden Phase 2 | Water Level: gutter deep",flood_observed,gutter deep,,,,candidate,,qualitative_depth_no_numeric_conversion
OBS-90a43d3f3639ab64,PASIG-20250722-1100,caa420349920,https://pasigcity.gov.ph/news-and-releases/flood-update-as-of-1100am-july-22-2025-638,PASIG-2025-JUL21-25,Pasig,Sagad,Sagad,Dr. Pilapil Brgy.Sagad,2025-07-22T11:00:00+08:00,"July 22, 2025 | as of 11:00AM",126,54. Dr. Pilapil Brgy.Sagad | Water Level: 4 inches,flood_observed,4 inches,10.16,10.16,,candidate,,
OBS-fdef2618d2fbfd13,PASIG-20250722-1100,caa420349920,https://pasigcity.gov.ph/news-and-releases/flood-update-as-of-1100am-july-22-2025-638,PASIG-2025-JUL21-25,Pasig,Sagad,Sagad,Feliciano St. cor E. Angeles Brgy.Sagad,2025-07-22T11:00:00+08:00,"July 22, 2025 | as of 11:00AM",128,55. Feliciano St. cor E. Angeles Brgy.Sagad | Water Level: 2 feet,flood_observed,2 feet,60.96,60.96,,candidate,,
OBS-b8805f2fd78d8668,PASIG-20250722-1100,caa420349920,https://pasigcity.gov.ph/news-and-releases/flood-update-as-of-1100am-july-22-2025-638,PASIG-2025-JUL21-25,Pasig,Sagad,Sagad,"Villa Roman, Brgy.Sagad",2025-07-22T11:00:00+08:00,"July 22, 2025 | as of 11:00AM",130,"56. Villa Roman, Brgy.Sagad | Water Level: 2 inches",flood_observed,2 inches,5.08,5.08,,candidate,,
OBS-b4bd4d551cc4ad9e,PASIG-20250722-1100,caa420349920,https://pasigcity.gov.ph/news-and-releases/flood-update-as-of-1100am-july-22-2025-638,PASIG-2025-JUL21-25,Pasig,Pinagbuhatan,Pinagbuhatan,"Sandoval Ave., Brgy. Pinagbuhatan",2025-07-22T11:00:00+08:00,"July 22, 2025 | as of 11:00AM",134,"57. Sandoval Ave., Brgy. Pinagbuhatan | Water Level: gutter deep",flood_observed,gutter deep,,,,candidate,,qualitative_depth_no_numeric_conversion
OBS-aa14ec4293bb305f,PASIG-20250722-1500,1003d46624af,https://pasigcity.gov.ph/news-and-releases/flood-update-as-of-0300pm-july-22-2025-905,PASIG-2025-JUL21-25,Pasig,Sta.Lucia,Sta. Lucia,Callos Comp. Brgy. Sta.Lucia,2025-07-22T15:00:00+08:00,"July 22, 2025 | as of 03:00PM",6,1. Callos Comp. Brgy. Sta.Lucia | Water Level: 4 feet,flood_observed,4 feet,121.92,121.92,,candidate,,
OBS-7c3d52461e3b3990,PASIG-20250722-1500,1003d46624af,https://pasigcity.gov.ph/news-and-releases/flood-update-as-of-0300pm-july-22-2025-905,PASIG-2025-JUL21-25,Pasig,Sta. Lucia,Sta. Lucia,Tawi-tawi St. Brgy. Sta. Lucia,2025-07-22T15:00:00+08:00,"July 22, 2025 | as of 03:00PM",8,2. Tawi-tawi St. Brgy. Sta. Lucia | Water Level: 15 inches,flood_observed,15 inches,38.1,38.1,,candidate,,
OBS-9d8f793f334c666f,PASIG-20250722-1500,1003d46624af,https://pasigcity.gov.ph/news-and-releases/flood-update-as-of-0300pm-july-22-2025-905,PASIG-2025-JUL21-25,Pasig,Sta. Lucia,Sta. Lucia,Bautista Compound Sta. Lucia,2025-07-22T15:00:00+08:00,"July 22, 2025 | as of 03:00PM",10,3. Bautista Compound Sta. Lucia | Water Level: knee deep,flood_observed,knee deep,,,,candidate,,qualitative_depth_no_numeric_conversion
OBS-9a1e7c7605c379fc,PASIG-20250722-1500,1003d46624af,https://pasigcity.gov.ph/news-and-releases/flood-update-as-of-0300pm-july-22-2025-905,PASIG-2025-JUL21-25,Pasig,Sta. Lucia,Sta. Lucia,Morales Compound 5th St. Brgy. Sta. Lucia,2025-07-22T15:00:00+08:00,"July 22, 2025 | as of 03:00PM",12,4. Morales Compound 5th St. Brgy. Sta. Lucia | Water Level: 3 feet,flood_observed,3 feet,91.44,91.44,,candidate,,
OBS-d06a779cb9667165,PASIG-20250722-1500,1003d46624af,https://pasigcity.gov.ph/news-and-releases/flood-update-as-of-0300pm-july-22-2025-905,PASIG-2025-JUL21-25,Pasig,Sta Lucia,Sta. Lucia,Rosario Village Tramo St. Brgy. Sta Lucia,2025-07-22T15:00:00+08:00,"July 22, 2025 | as of 03:00PM",14,5. Rosario Village Tramo St. Brgy. Sta Lucia | Water Level: 4 feet,flood_observed,4 feet,121.92,121.92,,candidate,,
OBS-1a7cd65de79300db,PASIG-20250722-1500,1003d46624af,https://pasigcity.gov.ph/news-and-releases/flood-update-as-of-0300pm-july-22-2025-905,PASIG-2025-JUL21-25,Pasig,Sta. Lucia,Sta. Lucia,"Metropolis 1, Brgy. Sta. Lucia",2025-07-22T15:00:00+08:00,"July 22, 2025 | as of 03:00PM",16,"6. Metropolis 1, Brgy. Sta. Lucia | Water Level: 4 feet",flood_observed,4 feet,121.92,121.92,,candidate,,
OBS-d13644d38528ee3b,PASIG-20250722-1500,1003d46624af,https://pasigcity.gov.ph/news-and-releases/flood-update-as-of-0300pm-july-22-2025-905,PASIG-2025-JUL21-25,Pasig,Sta. Lucia,Sta. Lucia,"Rosario 5&6, Brgy. Sta. Lucia",2025-07-22T15:00:00+08:00,"July 22, 2025 | as of 03:00PM",18,"7. Rosario 5&6, Brgy. Sta. Lucia | Water Level: 2 feet",flood_observed,2 feet,60.96,60.96,,candidate,,
OBS-f58969bdd582848a,PASIG-20250722-1500,1003d46624af,https://pasigcity.gov.ph/news-and-releases/flood-update-as-of-0300pm-july-22-2025-905,PASIG-2025-JUL21-25,Pasig,Sta.Lucia,Sta. Lucia,"Rosal St. De Castro, Brgy. Sta.Lucia",2025-07-22T15:00:00+08:00,"July 22, 2025 | as of 03:00PM",20,"8. Rosal St. De Castro, Brgy. Sta.Lucia | Water Level: 4 feet",flood_observed,4 feet,121.92,121.92,,candidate,,
OBS-24747456b5c9e09d,PASIG-20250722-1500,1003d46624af,https://pasigcity.gov.ph/news-and-releases/flood-update-as-of-0300pm-july-22-2025-905,PASIG-2025-JUL21-25,Pasig,Sta Lucia,Sta. Lucia,"Bagong Anyo, Brgy. Sta Lucia",2025-07-22T15:00:00+08:00,"July 22, 2025 | as of 03:00PM",22,"9. Bagong Anyo, Brgy. Sta Lucia | Water Level: 3 feet",flood_observed,3 feet,91.44,91.44,,candidate,,
OBS-44d93475f056d036,PASIG-20250722-1500,1003d46624af,https://pasigcity.gov.ph/news-and-releases/flood-update-as-of-0300pm-july-22-2025-905,PASIG-2025-JUL21-25,Pasig,Sta Lucia,Sta. Lucia,"Asuzena St., Brgy. Sta Lucia",2025-07-22T15:00:00+08:00,"July 22, 2025 | as of 03:00PM",24,"10. Asuzena St., Brgy. Sta Lucia | Water Level: 3 feet",flood_observed,3 feet,91.44,91.44,,candidate,,
OBS-2614325a66dd0812,PASIG-20250722-1500,1003d46624af,https://pasigcity.gov.ph/news-and-releases/flood-update-as-of-0300pm-july-22-2025-905,PASIG-2025-JUL21-25,Pasig,Sta. Lucia,Sta. Lucia,"Liamzon, Brgy. Sta. Lucia",2025-07-22T15:00:00+08:00,"July 22, 2025 | as of 03:00PM",26,"11. Liamzon, Brgy. Sta. Lucia | Water Level: 4 feet",flood_observed,4 feet,121.92,121.92,,candidate,,
OBS-f363426dd178edde,PASIG-20250722-1500,1003d46624af,https://pasigcity.gov.ph/news-and-releases/flood-update-as-of-0300pm-july-22-2025-905,PASIG-2025-JUL21-25,Pasig,Sta. Lucia,Sta. Lucia,"Hawk St. Metro Green Village, Brgy. Sta. Lucia",2025-07-22T15:00:00+08:00,"July 22, 2025 | as of 03:00PM",28,"12. Hawk St. Metro Green Village, Brgy. Sta. Lucia | Water Level: 4 feet",flood_observed,4 feet,121.92,121.92,,candidate,,
OBS-cbe544b75823b3cb,PASIG-20250722-1500,1003d46624af,https://pasigcity.gov.ph/news-and-releases/flood-update-as-of-0300pm-july-22-2025-905,PASIG-2025-JUL21-25,Pasig,Sta. Lucia,Sta. Lucia,"St Jude Thaddeus, Sta Lucia",2025-07-22T15:00:00+08:00,"July 22, 2025 | as of 03:00PM",30,"13. St Jude Thaddeus, Sta Lucia | Water Level: chest deep",flood_observed,chest deep,,,,candidate,,qualitative_depth_no_numeric_conversion
OBS-e85bd86aba4265a6,PASIG-20250722-1500,1003d46624af,https://pasigcity.gov.ph/news-and-releases/flood-update-as-of-0300pm-july-22-2025-905,PASIG-2025-JUL21-25,Pasig,Sta. Lucia,Sta. Lucia,"Roberto Antonio MRV, Brgy. Sta. Lucia",2025-07-22T15:00:00+08:00,"July 22, 2025 | as of 03:00PM",32,"14. Roberto Antonio MRV, Brgy. Sta. Lucia | Water Level: knee deep",flood_observed,knee deep,,,,candidate,,qualitative_depth_no_numeric_conversion
OBS-f27073b293954ccf,PASIG-20250722-1500,1003d46624af,https://pasigcity.gov.ph/news-and-releases/flood-update-as-of-0300pm-july-22-2025-905,PASIG-2025-JUL21-25,Pasig,Sta. Lucia,Sta. Lucia,"Marietta Romeo Village, Brgy. Sta. Lucia",2025-07-22T15:00:00+08:00,"July 22, 2025 | as of 03:00PM",34,"15. Marietta Romeo Village, Brgy. Sta. Lucia | Water Level: knee deep",flood_observed,knee deep,,,,candidate,,qualitative_depth_no_numeric_conversion
OBS-6e2d12384cd1fb89,PASIG-20250722-1500,1003d46624af,https://pasigcity.gov.ph/news-and-releases/flood-update-as-of-0300pm-july-22-2025-905,PASIG-2025-JUL21-25,Pasig,Sta Lucia,Sta. Lucia,"Mabuhay, Brgy. Sta Lucia",2025-07-22T15:00:00+08:00,"July 22, 2025 | as of 03:00PM",36,"16. Mabuhay, Brgy. Sta Lucia | Water Level: chest deep",flood_observed,chest deep,,,,candidate,,qualitative_depth_no_numeric_conversion
OBS-308551638de9f5ba,PASIG-20250722-1500,1003d46624af,https://pasigcity.gov.ph/news-and-releases/flood-update-as-of-0300pm-july-22-2025-905,PASIG-2025-JUL21-25,Pasig,Sta Lucia,Sta. Lucia,"Cadena St., Gumamela St., Brgy. Sta Lucia",2025-07-22T15:00:00+08:00,"July 22, 2025 | as of 03:00PM",38,"17. Cadena St., Gumamela St., Brgy. Sta Lucia | Water Level: gutter deep",flood_observed,gutter deep,,,,candidate,,qualitative_depth_no_numeric_conversion
OBS-2067a0e9b265fb5f,PASIG-20250722-1500,1003d46624af,https://pasigcity.gov.ph/news-and-releases/flood-update-as-of-0300pm-july-22-2025-905,PASIG-2025-JUL21-25,Pasig,Sta. Lucia,Sta. Lucia,"Armel IV Subd., Brgy. Sta. Lucia",2025-07-22T15:00:00+08:00,"July 22, 2025 | as of 03:00PM",40,"18. Armel IV Subd., Brgy. Sta. Lucia | Water Level: waist deep",flood_observed,waist deep,,,,candidate,,qualitative_depth_no_numeric_conversion
OBS-6b798dab30ea175f,PASIG-20250722-1500,1003d46624af,https://pasigcity.gov.ph/news-and-releases/flood-update-as-of-0300pm-july-22-2025-905,PASIG-2025-JUL21-25,Pasig,Manggahan,Manggahan,"Paris St. cor Soliven Ave., Brgy Manggahan",2025-07-22T15:00:00+08:00,"July 22, 2025 | as of 03:00PM",44,"19. Paris St. cor Soliven Ave., Brgy Manggahan | Water Level: 1-2 inches",flood_observed,1-2 inches,2.54,5.08,,candidate,,
OBS-83d01df3bd2444c1,PASIG-20250722-1500,1003d46624af,https://pasigcity.gov.ph/news-and-releases/flood-update-as-of-0300pm-july-22-2025-905,PASIG-2025-JUL21-25,Pasig,Manggahan,Manggahan,Panama St. Brgy Manggahan,2025-07-22T15:00:00+08:00,"July 22, 2025 | as of 03:00PM",46,20. Panama St. Brgy Manggahan | Water Level: 3-4 inches,flood_observed,3-4 inches,7.62,10.16,,candidate,,
OBS-3e6b328f734ae956,PASIG-20250722-1500,1003d46624af,https://pasigcity.gov.ph/news-and-releases/flood-update-as-of-0300pm-july-22-2025-905,PASIG-2025-JUL21-25,Pasig,Manggahan,Manggahan,"Prague St cor. Rome St., Brgy Manggahan",2025-07-22T15:00:00+08:00,"July 22, 2025 | as of 03:00PM",48,"21. Prague St cor. Rome St., Brgy Manggahan | Water Level: 1-2 inches",flood_observed,1-2 inches,2.54,5.08,,candidate,,
OBS-d0e1814c90ec0b66,PASIG-20250722-1500,1003d46624af,https://pasigcity.gov.ph/news-and-releases/flood-update-as-of-0300pm-july-22-2025-905,PASIG-2025-JUL21-25,Pasig,Manggahan,Manggahan,"Guatemala St cor Rome St., Brgy Manggahan",2025-07-22T15:00:00+08:00,"July 22, 2025 | as of 03:00PM",50,"22. Guatemala St cor Rome St., Brgy Manggahan | Water Level: 1-2 inches",flood_observed,1-2 inches,2.54,5.08,,candidate,,
OBS-7a3b4c855eefc076,PASIG-20250722-1500,1003d46624af,https://pasigcity.gov.ph/news-and-releases/flood-update-as-of-0300pm-july-22-2025-905,PASIG-2025-JUL21-25,Pasig,Manggahan,Manggahan,"Panama St cor Stockholm, Brgy Manggahan",2025-07-22T15:00:00+08:00,"July 22, 2025 | as of 03:00PM",52,"23. Panama St cor Stockholm, Brgy Manggahan | Water Level: 1-2 inches",flood_observed,1-2 inches,2.54,5.08,,candidate,,
OBS-2d6644e4a0b2b9b5,PASIG-20250722-1500,1003d46624af,https://pasigcity.gov.ph/news-and-releases/flood-update-as-of-0300pm-july-22-2025-905,PASIG-2025-JUL21-25,Pasig,Manggahan,Manggahan,Stockholms Brgy. Manggahan,2025-07-22T15:00:00+08:00,"July 22, 2025 | as of 03:00PM",54,24. Stockholms Brgy. Manggahan | Water Level: 1-2 inches,flood_observed,1-2 inches,2.54,5.08,,candidate,,
OBS-3ef56c97bdf9cd91,PASIG-20250722-1500,1003d46624af,https://pasigcity.gov.ph/news-and-releases/flood-update-as-of-0300pm-july-22-2025-905,PASIG-2025-JUL21-25,Pasig,Manggahan,Manggahan,Lower Dike Manggahan,2025-07-22T15:00:00+08:00,"July 22, 2025 | as of 03:00PM",56,25. Lower Dike Manggahan | Water Level: 4 feet,flood_observed,4 feet,121.92,121.92,,candidate,,
OBS-77baef73db975670,PASIG-20250722-1500,1003d46624af,https://pasigcity.gov.ph/news-and-releases/flood-update-as-of-0300pm-july-22-2025-905,PASIG-2025-JUL21-25,Pasig,Manggahan,Manggahan,Kaginhawaan St. Brgy. Manggahan,2025-07-22T15:00:00+08:00,"July 22, 2025 | as of 03:00PM",58,26. Kaginhawaan St. Brgy. Manggahan | Water Level: 4-5 inches,flood_observed,4-5 inches,10.16,12.7,,candidate,,
OBS-40c4f27a7ed8806c,PASIG-20250722-1500,1003d46624af,https://pasigcity.gov.ph/news-and-releases/flood-update-as-of-0300pm-july-22-2025-905,PASIG-2025-JUL21-25,Pasig,Manggahan,Manggahan,Metro Ville Karangalan Manggahan,2025-07-22T15:00:00+08:00,"July 22, 2025 | as of 03:00PM",60,27. Metro Ville Karangalan Manggahan | Water Level: 4 feet,flood_observed,4 feet,121.92,121.92,,candidate,,
OBS-b509917cf66860ec,PASIG-20250722-1500,1003d46624af,https://pasigcity.gov.ph/news-and-releases/flood-update-as-of-0300pm-july-22-2025-905,PASIG-2025-JUL21-25,Pasig,Manggahan,Manggahan,"Athens St. cor Guatemala, Brgy Manggahan",2025-07-22T15:00:00+08:00,"July 22, 2025 | as of 03:00PM",62,"28. Athens St. cor Guatemala, Brgy Manggahan | Water Level: 1-2 inches",flood_observed,1-2 inches,2.54,5.08,,candidate,,
OBS-793c2519969b3765,PASIG-20250722-1500,1003d46624af,https://pasigcity.gov.ph/news-and-releases/flood-update-as-of-0300pm-july-22-2025-905,PASIG-2025-JUL21-25,Pasig,Manggahan,Manggahan,"Iglesia Washington Greenpark, Brgy. Manggahan",2025-07-22T15:00:00+08:00,"July 22, 2025 | as of 03:00PM",64,"29. Iglesia Washington Greenpark, Brgy. Manggahan | Water Level: gutter deep",flood_observed,gutter deep,,,,candidate,,qualitative_depth_no_numeric_conversion
OBS-43f8d67db14b48f4,PASIG-20250722-1500,1003d46624af,https://pasigcity.gov.ph/news-and-releases/flood-update-as-of-0300pm-july-22-2025-905,PASIG-2025-JUL21-25,Pasig,Santolan,Santolan,Masikap Brgy. Santolan,2025-07-22T15:00:00+08:00,"July 22, 2025 | as of 03:00PM",68,30. Masikap Brgy. Santolan | Water Level: 3 feet,flood_observed,3 feet,91.44,91.44,,candidate,,
OBS-f972532b1472068a,PASIG-20250722-1500,1003d46624af,https://pasigcity.gov.ph/news-and-releases/flood-update-as-of-0300pm-july-22-2025-905,PASIG-2025-JUL21-25,Pasig,Santolan,Santolan,Sgt. De Leon. Brgy. Santolan,2025-07-22T15:00:00+08:00,"July 22, 2025 | as of 03:00PM",70,31. Sgt. De Leon. Brgy. Santolan | Water Level: 5 inches,flood_observed,5 inches,12.7,12.7,,candidate,,
OBS-c59b581a4492043d,PASIG-20250722-1500,1003d46624af,https://pasigcity.gov.ph/news-and-releases/flood-update-as-of-0300pm-july-22-2025-905,PASIG-2025-JUL21-25,Pasig,Santolan,Santolan,Natasha St. (Sgt. De Leon) Brgy. Santolan,2025-07-22T15:00:00+08:00,"July 22, 2025 | as of 03:00PM",72,32. Natasha St. (Sgt. De Leon) Brgy. Santolan | water level: knee level,flood_observed,knee level,,,,candidate,,qualitative_depth_no_numeric_conversion
OBS-f58b4a5b57f29a58,PASIG-20250722-1500,1003d46624af,https://pasigcity.gov.ph/news-and-releases/flood-update-as-of-0300pm-july-22-2025-905,PASIG-2025-JUL21-25,Pasig,Santolan,Santolan,Masikap St. Bangkaan (Tawiran) Brgy. Santolan,2025-07-22T15:00:00+08:00,"July 22, 2025 | as of 03:00PM",74,33. Masikap St. Bangkaan (Tawiran) Brgy. Santolan | Water Level: 7-8 feet,flood_observed,7-8 feet,213.36,243.84,,candidate,,
OBS-6ebc45a01c93b561,PASIG-20250722-1500,1003d46624af,https://pasigcity.gov.ph/news-and-releases/flood-update-as-of-0300pm-july-22-2025-905,PASIG-2025-JUL21-25,Pasig,Santolan,Santolan,"Doroteo St., Brgy. Santolan",2025-07-22T15:00:00+08:00,"July 22, 2025 | as of 03:00PM",76,"34. Doroteo St., Brgy. Santolan | Water Level: 2 feet",flood_observed,2 feet,60.96,60.96,,candidate,,
OBS-7e9a6970ddbd6ff8,PASIG-20250722-1500,1003d46624af,https://pasigcity.gov.ph/news-and-releases/flood-update-as-of-0300pm-july-22-2025-905,PASIG-2025-JUL21-25,Pasig,Santolan,Santolan,Marcelino St. (Tawiran) Brgy. Santolan,2025-07-22T15:00:00+08:00,"July 22, 2025 | as of 03:00PM",78,35. Marcelino St. (Tawiran) Brgy. Santolan | Water Level: 7-8 feet,flood_observed,7-8 feet,213.36,243.84,,candidate,,
OBS-9e95850198c3d9e1,PASIG-20250722-1500,1003d46624af,https://pasigcity.gov.ph/news-and-releases/flood-update-as-of-0300pm-july-22-2025-905,PASIG-2025-JUL21-25,Pasig,Santolan,Santolan,"Rafael St., Brgy. Santolan",2025-07-22T15:00:00+08:00,"July 22, 2025 | as of 03:00PM",80,"36. Rafael St., Brgy. Santolan | Water Level: knee deep",flood_observed,knee deep,,,,candidate,,qualitative_depth_no_numeric_conversion
OBS-194835792c8fe74e,PASIG-20250722-1500,1003d46624af,https://pasigcity.gov.ph/news-and-releases/flood-update-as-of-0300pm-july-22-2025-905,PASIG-2025-JUL21-25,Pasig,Santolan,Santolan,"Victorino St., Brgy. Santolan",2025-07-22T15:00:00+08:00,"July 22, 2025 | as of 03:00PM",82,"37. Victorino St., Brgy. Santolan | Water Level: gutter deep",flood_observed,gutter deep,,,,candidate,,qualitative_depth_no_numeric_conversion
OBS-7a7d660b9b65b5d1,PASIG-20250722-1500,1003d46624af,https://pasigcity.gov.ph/news-and-releases/flood-update-as-of-0300pm-july-22-2025-905,PASIG-2025-JUL21-25,Pasig,Santolan,Santolan,"Sto Tomas Extension, Brgy. Santolan",2025-07-22T15:00:00+08:00,"July 22, 2025 | as of 03:00PM",84,"38. Sto Tomas Extension, Brgy. Santolan | Water Level: 3-4 feet",flood_observed,3-4 feet,91.44,121.92,,candidate,,
OBS-e57820ba115128f7,PASIG-20250722-1500,1003d46624af,https://pasigcity.gov.ph/news-and-releases/flood-update-as-of-0300pm-july-22-2025-905,PASIG-2025-JUL21-25,Pasig,Dela Paz,Dela Paz,Karangalan Phase 2 A Brgy. Dela Paz,2025-07-22T15:00:00+08:00,"July 22, 2025 | as of 03:00PM",88,39. Karangalan Phase 2 A Brgy. Dela Paz | Water Level: 18 inches,flood_observed,18 inches,45.72,45.72,,candidate,,
OBS-01ef7cdd6f442d7e,PASIG-20250722-1500,1003d46624af,https://pasigcity.gov.ph/news-and-releases/flood-update-as-of-0300pm-july-22-2025-905,PASIG-2025-JUL21-25,Pasig,Dela Paz,Dela Paz,Yap Compound Katipiran St. Brgy. Dela Paz,2025-07-22T15:00:00+08:00,"July 22, 2025 | as of 03:00PM",90,40. Yap Compound Katipiran St. Brgy. Dela Paz | Water Level: 2 feet,flood_observed,2 feet,60.96,60.96,,candidate,,
OBS-12c65541bd80bca9,PASIG-20250722-1500,1003d46624af,https://pasigcity.gov.ph/news-and-releases/flood-update-as-of-0300pm-july-22-2025-905,PASIG-2025-JUL21-25,Pasig,Dela Paz,Dela Paz,"Kabayanihan cor. Karikitan St, Brgy Dela Paz",2025-07-22T15:00:00+08:00,"July 22, 2025 | as of 03:00PM",92,"41. Kabayanihan cor. Karikitan St, Brgy Dela Paz | Water Level: 1-2 inches",flood_observed,1-2 inches,2.54,5.08,,candidate,,
OBS-0a325c977d5df38b,PASIG-20250722-1500,1003d46624af,https://pasigcity.gov.ph/news-and-releases/flood-update-as-of-0300pm-july-22-2025-905,PASIG-2025-JUL21-25,Pasig,Rosario (In front of SM East Ortigas),Rosario,Dabba Brgy. Rosario (In front of SM East Ortigas),2025-07-22T15:00:00+08:00,"July 22, 2025 | as of 03:00PM",96,42. Dabba Brgy. Rosario (In front of SM East Ortigas) | Water Level: 1-2 inches,flood_observed,1-2 inches,2.54,5.08,,candidate,,
OBS-1b8246ae5304c78d,PASIG-20250722-1500,1003d46624af,https://pasigcity.gov.ph/news-and-releases/flood-update-as-of-0300pm-july-22-2025-905,PASIG-2025-JUL21-25,Pasig,Rosario,Rosario,"Victoria Ville, Brgy. Rosario",2025-07-22T15:00:00+08:00,"July 22, 2025 | as of 03:00PM",98,"43. Victoria Ville, Brgy. Rosario | Water Level: gutter deep",flood_observed,gutter deep,,,,candidate,,qualitative_depth_no_numeric_conversion
OBS-4cbcc18954b9b6f3,PASIG-20250722-1500,1003d46624af,https://pasigcity.gov.ph/news-and-releases/flood-update-as-of-0300pm-july-22-2025-905,PASIG-2025-JUL21-25,Pasig,Rosario,Rosario,"Moon St. Greenland Village, Brgy. Rosario",2025-07-22T15:00:00+08:00,"July 22, 2025 | as of 03:00PM",100,"44. Moon St. Greenland Village, Brgy. Rosario | Water Level: gutter deep",flood_observed,gutter deep,,,,candidate,,qualitative_depth_no_numeric_conversion
OBS-df7adfa3a01a3f36,PASIG-20250722-1500,1003d46624af,https://pasigcity.gov.ph/news-and-releases/flood-update-as-of-0300pm-july-22-2025-905,PASIG-2025-JUL21-25,Pasig,San Miguel,San Miguel,M. Eusebio Brgy. San Miguel,2025-07-22T15:00:00+08:00,"July 22, 2025 | as of 03:00PM",104,45. M. Eusebio Brgy. San Miguel | Water Level 1-2 inches,flood_observed,1-2 inches,2.54,5.08,,candidate,,
OBS-a977902a598cc120,PASIG-20250722-1500,1003d46624af,https://pasigcity.gov.ph/news-and-releases/flood-update-as-of-0300pm-july-22-2025-905,PASIG-2025-JUL21-25,Pasig,Maybunga,Maybunga,"Blk. 1 to 9, Alley 1 to 40, Westbank Floodway, Brgy. Maybunga",2025-07-22T15:00:00+08:00,"July 22, 2025 | as of 03:00PM",108,"46. Blk. 1 to 9, Alley 1 to 40, Westbank Floodway, Brgy. Maybunga | Water Level: 7-8 feet",flood_observed,7-8 feet,213.36,243.84,,candidate,,
OBS-077f2f1630e56ff1,PASIG-20250722-1500,1003d46624af,https://pasigcity.gov.ph/news-and-releases/flood-update-as-of-0300pm-july-22-2025-905,PASIG-2025-JUL21-25,Pasig,Maybunga,Maybunga,"Phase 4b Parkwood Green Executive Village, Brgy. Maybunga",2025-07-22T15:00:00+08:00,"July 22, 2025 | as of 03:00PM",110,"47. Phase 4b Parkwood Green Executive Village, Brgy. Maybunga | Water Level: 2 feet",flood_observed,2 feet,60.96,60.96,,candidate,,
OBS-8b1d076278e5ee41,PASIG-20250722-1500,1003d46624af,https://pasigcity.gov.ph/news-and-releases/flood-update-as-of-0300pm-july-22-2025-905,PASIG-2025-JUL21-25,Pasig,Maybunga,Maybunga,F Legaspi cor. Market Ave.,2025-07-22T15:00:00+08:00,"July 22, 2025 | as of 03:00PM",112,48. F Legaspi cor. Market Ave. | Water Level: Gutter deep,flood_observed,Gutter deep,,,,candidate,,qualitative_depth_no_numeric_conversion
OBS-a6b35ae6ad4979c9,PASIG-20250722-1500,1003d46624af,https://pasigcity.gov.ph/news-and-releases/flood-update-as-of-0300pm-july-22-2025-905,PASIG-2025-JUL21-25,Pasig,Maybunga,Maybunga,"Damayan, Brgy. Maybunga",2025-07-22T15:00:00+08:00,"July 22, 2025 | as of 03:00PM",114,"49. Damayan, Brgy. Maybunga | Water Level: knee deep",flood_observed,knee deep,,,,candidate,,qualitative_depth_no_numeric_conversion
OBS-e4352895d4680c11,PASIG-20250722-1500,1003d46624af,https://pasigcity.gov.ph/news-and-releases/flood-update-as-of-0300pm-july-22-2025-905,PASIG-2025-JUL21-25,Pasig,Maybunga *in front of Pasig Millennium Garden Phase 2,Maybunga,"Jenny's Ave., Brgy Maybunga *in front of Pasig Millennium Garden Phase 2",2025-07-22T15:00:00+08:00,"July 22, 2025 | as of 03:00PM",116,"50. Jenny's Ave., Brgy Maybunga *in front of Pasig Millennium Garden Phase 2 | Water Level: gutter deep",flood_observed,gutter deep,,,,candidate,,qualitative_depth_no_numeric_conversion
OBS-631004dea04f24cd,PASIG-20250722-1500,1003d46624af,https://pasigcity.gov.ph/news-and-releases/flood-update-as-of-0300pm-july-22-2025-905,PASIG-2025-JUL21-25,Pasig,Pinagbuhatan,Pinagbuhatan,"Sandoval Ave., Brgy. Pinagbuhatan",2025-07-22T15:00:00+08:00,"July 22, 2025 | as of 03:00PM",120,"51. Sandoval Ave., Brgy. Pinagbuhatan | Water Level: gutter deep",flood_observed,gutter deep,,,,candidate,,qualitative_depth_no_numeric_conversion
OBS-a8e7eb3c05ccc87a,PASIG-20250722-1500,1003d46624af,https://pasigcity.gov.ph/news-and-releases/flood-update-as-of-0300pm-july-22-2025-905,PASIG-2025-JUL21-25,Pasig,Bagong Ilog,Bagong Ilog,C5 cor Pasig Blvd. Brgy. Bagong Ilog,2025-07-22T15:00:00+08:00,"July 22, 2025 | as of 03:00PM",123,52. C5 cor Pasig Blvd. Brgy. Bagong Ilog | Water Level: 2-3 inches,flood_observed,2-3 inches,5.08,7.62,,candidate,,
OBS-82ef09f2a268be7a,PASIG-20250722-1500,1003d46624af,https://pasigcity.gov.ph/news-and-releases/flood-update-as-of-0300pm-july-22-2025-905,PASIG-2025-JUL21-25,Pasig,Bambang,Bambang,"Garcia St., Brgy. Bambang",2025-07-22T15:00:00+08:00,"July 22, 2025 | as of 03:00PM",127,"53. Garcia St., Brgy. Bambang | Water Level: 2-3 inches",flood_observed,2-3 inches,5.08,7.62,,candidate,,
OBS-140df748ee5c9efd,PASIG-20250722-1500,1003d46624af,https://pasigcity.gov.ph/news-and-releases/flood-update-as-of-0300pm-july-22-2025-905,PASIG-2025-JUL21-25,Pasig,San Joaquin,San Joaquin,A. Policarpio St. San Joaquin,2025-07-22T15:00:00+08:00,"July 22, 2025 | as of 03:00PM",131,54. A. Policarpio St. San Joaquin | Water Level: 10 inches,flood_observed,10 inches,25.4,25.4,,candidate,,
OBS-7147f4317f942368,PASIG-20250722-1500,1003d46624af,https://pasigcity.gov.ph/news-and-releases/flood-update-as-of-0300pm-july-22-2025-905,PASIG-2025-JUL21-25,Pasig,Sta.Lucia,Sta. Lucia,Callos Comp. Brgy. Sta.Lucia,2025-07-22T14:00:00+08:00,"July 22, 2025 | as of 02:00PM",138,1. Callos Comp. Brgy. Sta.Lucia | Water Level: 4 feet,flood_observed,4 feet,121.92,121.92,,candidate,,
OBS-12a9d1466a44e42a,PASIG-20250722-1500,1003d46624af,https://pasigcity.gov.ph/news-and-releases/flood-update-as-of-0300pm-july-22-2025-905,PASIG-2025-JUL21-25,Pasig,Sta. Lucia,Sta. Lucia,Tawi-tawi St. Brgy. Sta. Lucia,2025-07-22T14:00:00+08:00,"July 22, 2025 | as of 02:00PM",140,2. Tawi-tawi St. Brgy. Sta. Lucia | Water Level: 15 inches,flood_observed,15 inches,38.1,38.1,,candidate,,
OBS-e275f1d5c62e972b,PASIG-20250722-1500,1003d46624af,https://pasigcity.gov.ph/news-and-releases/flood-update-as-of-0300pm-july-22-2025-905,PASIG-2025-JUL21-25,Pasig,Sta. Lucia,Sta. Lucia,Bautista Compound Sta. Lucia,2025-07-22T14:00:00+08:00,"July 22, 2025 | as of 02:00PM",142,3. Bautista Compound Sta. Lucia | Water Level: 3 feet,flood_observed,3 feet,91.44,91.44,,candidate,,
OBS-8c803411b78e68c8,PASIG-20250722-1500,1003d46624af,https://pasigcity.gov.ph/news-and-releases/flood-update-as-of-0300pm-july-22-2025-905,PASIG-2025-JUL21-25,Pasig,Sta. Lucia,Sta. Lucia,Morales Compound 5th St. Brgy. Sta. Lucia,2025-07-22T14:00:00+08:00,"July 22, 2025 | as of 02:00PM",144,4. Morales Compound 5th St. Brgy. Sta. Lucia | Water Level: 3 feet,flood_observed,3 feet,91.44,91.44,,candidate,,
OBS-8a08843fc8f3f2c8,PASIG-20250722-1500,1003d46624af,https://pasigcity.gov.ph/news-and-releases/flood-update-as-of-0300pm-july-22-2025-905,PASIG-2025-JUL21-25,Pasig,Sta Lucia,Sta. Lucia,Rosario Village Tramo St. Brgy. Sta Lucia,2025-07-22T14:00:00+08:00,"July 22, 2025 | as of 02:00PM",146,5. Rosario Village Tramo St. Brgy. Sta Lucia | Water Level: 4 feet,flood_observed,4 feet,121.92,121.92,,candidate,,
OBS-05ca10e609a852d5,PASIG-20250722-1500,1003d46624af,https://pasigcity.gov.ph/news-and-releases/flood-update-as-of-0300pm-july-22-2025-905,PASIG-2025-JUL21-25,Pasig,Sta. Lucia,Sta. Lucia,"Metropolis 1, Brgy. Sta. Lucia",2025-07-22T14:00:00+08:00,"July 22, 2025 | as of 02:00PM",148,"6. Metropolis 1, Brgy. Sta. Lucia | Water Level: 4 feet",flood_observed,4 feet,121.92,121.92,,candidate,,
OBS-34fcbe64e45cb1a8,PASIG-20250722-1500,1003d46624af,https://pasigcity.gov.ph/news-and-releases/flood-update-as-of-0300pm-july-22-2025-905,PASIG-2025-JUL21-25,Pasig,Sta. Lucia,Sta. Lucia,"Rosario 5&6, Brgy. Sta. Lucia",2025-07-22T14:00:00+08:00,"July 22, 2025 | as of 02:00PM",150,"7. Rosario 5&6, Brgy. Sta. Lucia | Water Level: 2 feet",flood_observed,2 feet,60.96,60.96,,candidate,,
OBS-8483841fa5db6952,PASIG-20250722-1500,1003d46624af,https://pasigcity.gov.ph/news-and-releases/flood-update-as-of-0300pm-july-22-2025-905,PASIG-2025-JUL21-25,Pasig,Sta. Lucia,Sta. Lucia,"Champaca St., Brgy. Sta. Lucia",2025-07-22T14:00:00+08:00,"July 22, 2025 | as of 02:00PM",152,"8. Champaca St., Brgy. Sta. Lucia | Water Level: 1 foot",flood_observed,1 foot,30.48,30.48,,candidate,,
OBS-8b794801fe3989eb,PASIG-20250722-1500,1003d46624af,https://pasigcity.gov.ph/news-and-releases/flood-update-as-of-0300pm-july-22-2025-905,PASIG-2025-JUL21-25,Pasig,Sta.Lucia,Sta. Lucia,"Rosal St. De Castro, Brgy. Sta.Lucia",2025-07-22T14:00:00+08:00,"July 22, 2025 | as of 02:00PM",154,"9. Rosal St. De Castro, Brgy. Sta.Lucia | Water Level: 4 feet",flood_observed,4 feet,121.92,121.92,,candidate,,
OBS-fd3b84522881b79e,PASIG-20250722-1500,1003d46624af,https://pasigcity.gov.ph/news-and-releases/flood-update-as-of-0300pm-july-22-2025-905,PASIG-2025-JUL21-25,Pasig,Sta Lucia,Sta. Lucia,"Dalia St, De Castro, Brgy. Sta Lucia",2025-07-22T14:00:00+08:00,"July 22, 2025 | as of 02:00PM",156,"10. Dalia St, De Castro, Brgy. Sta Lucia | Water Level: 3 feet",flood_observed,3 feet,91.44,91.44,,candidate,,
OBS-12bd36568be56361,PASIG-20250722-1500,1003d46624af,https://pasigcity.gov.ph/news-and-releases/flood-update-as-of-0300pm-july-22-2025-905,PASIG-2025-JUL21-25,Pasig,Sta Lucia,Sta. Lucia,"Bagong Anyo, Brgy. Sta Lucia",2025-07-22T14:00:00+08:00,"July 22, 2025 | as of 02:00PM",158,"11. Bagong Anyo, Brgy. Sta Lucia | Water Level: 3 feet",flood_observed,3 feet,91.44,91.44,,candidate,,
OBS-8415746f016d8f13,PASIG-20250722-1500,1003d46624af,https://pasigcity.gov.ph/news-and-releases/flood-update-as-of-0300pm-july-22-2025-905,PASIG-2025-JUL21-25,Pasig,Sta Lucia,Sta. Lucia,"Asuzena St., Brgy. Sta Lucia",2025-07-22T14:00:00+08:00,"July 22, 2025 | as of 02:00PM",160,"12. Asuzena St., Brgy. Sta Lucia | Water Level: 3 feet",flood_observed,3 feet,91.44,91.44,,candidate,,
OBS-b31115b710586f4e,PASIG-20250722-1500,1003d46624af,https://pasigcity.gov.ph/news-and-releases/flood-update-as-of-0300pm-july-22-2025-905,PASIG-2025-JUL21-25,Pasig,Sta. Lucia,Sta. Lucia,"Liamzon, Brgy. Sta. Lucia",2025-07-22T14:00:00+08:00,"July 22, 2025 | as of 02:00PM",162,"13. Liamzon, Brgy. Sta. Lucia | Water Level: 4 feet",flood_observed,4 feet,121.92,121.92,,candidate,,
OBS-3e0aa03aa04bfeb6,PASIG-20250722-1500,1003d46624af,https://pasigcity.gov.ph/news-and-releases/flood-update-as-of-0300pm-july-22-2025-905,PASIG-2025-JUL21-25,Pasig,Sta. Lucia,Sta. Lucia,"Lirio St., Brgy. Sta. Lucia",2025-07-22T14:00:00+08:00,"July 22, 2025 | as of 02:00PM",164,"14. Lirio St., Brgy. Sta. Lucia | Water Level: 6-10 inches",flood_observed,6-10 inches,15.24,25.4,,candidate,,
OBS-c4a210ab4c77c9c8,PASIG-20250722-1500,1003d46624af,https://pasigcity.gov.ph/news-and-releases/flood-update-as-of-0300pm-july-22-2025-905,PASIG-2025-JUL21-25,Pasig,Sta. Lucia,Sta. Lucia,"Hawk St. Metro Green Village, Brgy. Sta. Lucia",2025-07-22T14:00:00+08:00,"July 22, 2025 | as of 02:00PM",166,"15. Hawk St. Metro Green Village, Brgy. Sta. Lucia | Water Level: 4 feet",flood_observed,4 feet,121.92,121.92,,candidate,,
OBS-71d4715ec738ac77,PASIG-20250722-1500,1003d46624af,https://pasigcity.gov.ph/news-and-releases/flood-update-as-of-0300pm-july-22-2025-905,PASIG-2025-JUL21-25,Pasig,Sta. Lucia,Sta. Lucia,"St Jude Thaddeus, Sta Lucia",2025-07-22T14:00:00+08:00,"July 22, 2025 | as of 02:00PM",168,"16. St Jude Thaddeus, Sta Lucia | Water Level: chest deep",flood_observed,chest deep,,,,candidate,,qualitative_depth_no_numeric_conversion
OBS-3d3b816b84e8913e,PASIG-20250722-1500,1003d46624af,https://pasigcity.gov.ph/news-and-releases/flood-update-as-of-0300pm-july-22-2025-905,PASIG-2025-JUL21-25,Pasig,Sta. Lucia,Sta. Lucia,"Roberto Antonio MRV, Brgy. Sta. Lucia",2025-07-22T14:00:00+08:00,"July 22, 2025 | as of 02:00PM",170,"17. Roberto Antonio MRV, Brgy. Sta. Lucia | Water Level: knee deep",flood_observed,knee deep,,,,candidate,,qualitative_depth_no_numeric_conversion
OBS-9a65f01ffd477529,PASIG-20250722-1500,1003d46624af,https://pasigcity.gov.ph/news-and-releases/flood-update-as-of-0300pm-july-22-2025-905,PASIG-2025-JUL21-25,Pasig,Sta. Lucia,Sta. Lucia,"Ilang Ilang De Castro, Brgy. Sta. Lucia",2025-07-22T14:00:00+08:00,"July 22, 2025 | as of 02:00PM",172,"18. Ilang Ilang De Castro, Brgy. Sta. Lucia | Water Level: gutter deep",flood_observed,gutter deep,,,,candidate,,qualitative_depth_no_numeric_conversion
OBS-7cf659a6e4328a56,PASIG-20250722-1500,1003d46624af,https://pasigcity.gov.ph/news-and-releases/flood-update-as-of-0300pm-july-22-2025-905,PASIG-2025-JUL21-25,Pasig,Sta. Lucia,Sta. Lucia,"Marietta Romeo Village, Brgy. Sta. Lucia",2025-07-22T14:00:00+08:00,"July 22, 2025 | as of 02:00PM",174,"19. Marietta Romeo Village, Brgy. Sta. Lucia | Water Level: knee deep",flood_observed,knee deep,,,,candidate,,qualitative_depth_no_numeric_conversion
OBS-1af8ef20ab09985c,PASIG-20250722-1500,1003d46624af,https://pasigcity.gov.ph/news-and-releases/flood-update-as-of-0300pm-july-22-2025-905,PASIG-2025-JUL21-25,Pasig,Sta Lucia,Sta. Lucia,"Mabuhay, Brgy. Sta Lucia",2025-07-22T14:00:00+08:00,"July 22, 2025 | as of 02:00PM",176,"20. Mabuhay, Brgy. Sta Lucia | Water Level: chest deep",flood_observed,chest deep,,,,candidate,,qualitative_depth_no_numeric_conversion
OBS-5223fe4aed8d5ee3,PASIG-20250722-1500,1003d46624af,https://pasigcity.gov.ph/news-and-releases/flood-update-as-of-0300pm-july-22-2025-905,PASIG-2025-JUL21-25,Pasig,Sta Lucia,Sta. Lucia,"Cadena St., Gumamela St., Brgy. Sta Lucia",2025-07-22T14:00:00+08:00,"July 22, 2025 | as of 02:00PM",178,"21. Cadena St., Gumamela St., Brgy. Sta Lucia | Water Level: gutter deep",flood_observed,gutter deep,,,,candidate,,qualitative_depth_no_numeric_conversion
OBS-b60688b3dd179d4d,PASIG-20250722-1500,1003d46624af,https://pasigcity.gov.ph/news-and-releases/flood-update-as-of-0300pm-july-22-2025-905,PASIG-2025-JUL21-25,Pasig,Sta. Lucia,Sta. Lucia,"Armel IV Subd., Brgy. Sta. Lucia",2025-07-22T14:00:00+08:00,"July 22, 2025 | as of 02:00PM",180,"22. Armel IV Subd., Brgy. Sta. Lucia | Water Level: waist deep",flood_observed,waist deep,,,,candidate,,qualitative_depth_no_numeric_conversion
OBS-2f90a52a42fc7730,PASIG-20250722-1500,1003d46624af,https://pasigcity.gov.ph/news-and-releases/flood-update-as-of-0300pm-july-22-2025-905,PASIG-2025-JUL21-25,Pasig,Manggahan,Manggahan,"Paris St. cor Soliven Ave., Brgy Manggahan",2025-07-22T14:00:00+08:00,"July 22, 2025 | as of 02:00PM",184,"23. Paris St. cor Soliven Ave., Brgy Manggahan | Water Level: 1-2 inches",flood_observed,1-2 inches,2.54,5.08,,candidate,,
OBS-b3d56ee8f95f8fdc,PASIG-20250722-1500,1003d46624af,https://pasigcity.gov.ph/news-and-releases/flood-update-as-of-0300pm-july-22-2025-905,PASIG-2025-JUL21-25,Pasig,Manggahan,Manggahan,Panama St. Brgy Manggahan,2025-07-22T14:00:00+08:00,"July 22, 2025 | as of 02:00PM",186,24. Panama St. Brgy Manggahan | Water Level: 3-4 inches,flood_observed,3-4 inches,7.62,10.16,,candidate,,
OBS-cc5dc6859ee34204,PASIG-20250722-1500,1003d46624af,https://pasigcity.gov.ph/news-and-releases/flood-update-as-of-0300pm-july-22-2025-905,PASIG-2025-JUL21-25,Pasig,Manggahan,Manggahan,"Prague St cor. Rome St., Brgy Manggahan",2025-07-22T14:00:00+08:00,"July 22, 2025 | as of 02:00PM",188,"25. Prague St cor. Rome St., Brgy Manggahan | Water Level: 1-2 inches",flood_observed,1-2 inches,2.54,5.08,,candidate,,
OBS-6b00b3397dfa566a,PASIG-20250722-1500,1003d46624af,https://pasigcity.gov.ph/news-and-releases/flood-update-as-of-0300pm-july-22-2025-905,PASIG-2025-JUL21-25,Pasig,Manggahan,Manggahan,"Guatemala St cor Rome St., Brgy Manggahan",2025-07-22T14:00:00+08:00,"July 22, 2025 | as of 02:00PM",190,"26. Guatemala St cor Rome St., Brgy Manggahan | Water Level: 1-2 inches",flood_observed,1-2 inches,2.54,5.08,,candidate,,
OBS-44baa9d9be8203f4,PASIG-20250722-1500,1003d46624af,https://pasigcity.gov.ph/news-and-releases/flood-update-as-of-0300pm-july-22-2025-905,PASIG-2025-JUL21-25,Pasig,Manggahan,Manggahan,"Panama St cor Stockholm, Brgy Manggahan",2025-07-22T14:00:00+08:00,"July 22, 2025 | as of 02:00PM",192,"27. Panama St cor Stockholm, Brgy Manggahan | Water Level: 1-2 inches",flood_observed,1-2 inches,2.54,5.08,,candidate,,
OBS-a2b58e9c94a2bff8,PASIG-20250722-1500,1003d46624af,https://pasigcity.gov.ph/news-and-releases/flood-update-as-of-0300pm-july-22-2025-905,PASIG-2025-JUL21-25,Pasig,Manggahan,Manggahan,Stockholms Brgy. Manggahan,2025-07-22T14:00:00+08:00,"July 22, 2025 | as of 02:00PM",194,28. Stockholms Brgy. Manggahan | Water Level: 1-2 inches,flood_observed,1-2 inches,2.54,5.08,,candidate,,
OBS-6055008e047f041e,PASIG-20250722-1500,1003d46624af,https://pasigcity.gov.ph/news-and-releases/flood-update-as-of-0300pm-july-22-2025-905,PASIG-2025-JUL21-25,Pasig,Manggahan,Manggahan,Lower Dike Manggahan,2025-07-22T14:00:00+08:00,"July 22, 2025 | as of 02:00PM",196,29. Lower Dike Manggahan | Water Level: 4 feet,flood_observed,4 feet,121.92,121.92,,candidate,,
OBS-c5c4b414ec2e84ab,PASIG-20250722-1500,1003d46624af,https://pasigcity.gov.ph/news-and-releases/flood-update-as-of-0300pm-july-22-2025-905,PASIG-2025-JUL21-25,Pasig,Manggahan,Manggahan,Kaginhawaan St. Brgy. Manggahan,2025-07-22T14:00:00+08:00,"July 22, 2025 | as of 02:00PM",198,30. Kaginhawaan St. Brgy. Manggahan | Water Level: 4-5 inches,flood_observed,4-5 inches,10.16,12.7,,candidate,,
OBS-05690c4a0ca0bde0,PASIG-20250722-1500,1003d46624af,https://pasigcity.gov.ph/news-and-releases/flood-update-as-of-0300pm-july-22-2025-905,PASIG-2025-JUL21-25,Pasig,Manggahan,Manggahan,Metro Ville Karangalan Manggahan,2025-07-22T14:00:00+08:00,"July 22, 2025 | as of 02:00PM",200,31. Metro Ville Karangalan Manggahan | Water Level: 4 feet,flood_observed,4 feet,121.92,121.92,,candidate,,
OBS-c5d0553513875243,PASIG-20250722-1500,1003d46624af,https://pasigcity.gov.ph/news-and-releases/flood-update-as-of-0300pm-july-22-2025-905,PASIG-2025-JUL21-25,Pasig,Manggahan,Manggahan,"Athens St. cor Guatemala, Brgy Manggahan",2025-07-22T14:00:00+08:00,"July 22, 2025 | as of 02:00PM",202,"32. Athens St. cor Guatemala, Brgy Manggahan | Water Level: 1-2 inches",flood_observed,1-2 inches,2.54,5.08,,candidate,,
OBS-38a5fc721f64b02e,PASIG-20250722-1500,1003d46624af,https://pasigcity.gov.ph/news-and-releases/flood-update-as-of-0300pm-july-22-2025-905,PASIG-2025-JUL21-25,Pasig,Manggahan,Manggahan,"Iglesia Washington Greenpark, Brgy. Manggahan",2025-07-22T14:00:00+08:00,"July 22, 2025 | as of 02:00PM",204,"29. Iglesia Washington Greenpark, Brgy. Manggahan | Water Level: gutter deep",flood_observed,gutter deep,,,,candidate,,qualitative_depth_no_numeric_conversion
OBS-560a7497e2b99e5b,PASIG-20250722-1500,1003d46624af,https://pasigcity.gov.ph/news-and-releases/flood-update-as-of-0300pm-july-22-2025-905,PASIG-2025-JUL21-25,Pasig,Santolan,Santolan,Masikap Brgy. Santolan,2025-07-22T14:00:00+08:00,"July 22, 2025 | as of 02:00PM",208,30. Masikap Brgy. Santolan | Water Level: 3 feet,flood_observed,3 feet,91.44,91.44,,candidate,,
OBS-febbcbaba7c7e42d,PASIG-20250722-1500,1003d46624af,https://pasigcity.gov.ph/news-and-releases/flood-update-as-of-0300pm-july-22-2025-905,PASIG-2025-JUL21-25,Pasig,Santolan,Santolan,Sgt. De Leon. Brgy. Santolan,2025-07-22T14:00:00+08:00,"July 22, 2025 | as of 02:00PM",210,31. Sgt. De Leon. Brgy. Santolan | Water Level: 5 inches,flood_observed,5 inches,12.7,12.7,,candidate,,
OBS-24e41078d87d3827,PASIG-20250722-1500,1003d46624af,https://pasigcity.gov.ph/news-and-releases/flood-update-as-of-0300pm-july-22-2025-905,PASIG-2025-JUL21-25,Pasig,Santolan,Santolan,Natasha St. (Sgt. De Leon) Brgy. Santolan,2025-07-22T14:00:00+08:00,"July 22, 2025 | as of 02:00PM",212,32. Natasha St. (Sgt. De Leon) Brgy. Santolan | Water Level: knee level,flood_observed,knee level,,,,candidate,,qualitative_depth_no_numeric_conversion
OBS-572e3adfe951feb5,PASIG-20250722-1500,1003d46624af,https://pasigcity.gov.ph/news-and-releases/flood-update-as-of-0300pm-july-22-2025-905,PASIG-2025-JUL21-25,Pasig,Santolan,Santolan,Masikap St. Bangkaan (Tawiran) Brgy. Santolan,2025-07-22T14:00:00+08:00,"July 22, 2025 | as of 02:00PM",214,33. Masikap St. Bangkaan (Tawiran) Brgy. Santolan | Water Level: 7-8 feet,flood_observed,7-8 feet,213.36,243.84,,candidate,,
OBS-baacff02be803daa,PASIG-20250722-1500,1003d46624af,https://pasigcity.gov.ph/news-and-releases/flood-update-as-of-0300pm-july-22-2025-905,PASIG-2025-JUL21-25,Pasig,Santolan,Santolan,"Doroteo St., Brgy. Santolan",2025-07-22T14:00:00+08:00,"July 22, 2025 | as of 02:00PM",216,"34. Doroteo St., Brgy. Santolan | Water Level: 2 feet",flood_observed,2 feet,60.96,60.96,,candidate,,
OBS-087a192e7da39188,PASIG-20250722-1500,1003d46624af,https://pasigcity.gov.ph/news-and-releases/flood-update-as-of-0300pm-july-22-2025-905,PASIG-2025-JUL21-25,Pasig,Santolan,Santolan,Marcelino St. (Tawiran) Brgy. Santolan,2025-07-22T14:00:00+08:00,"July 22, 2025 | as of 02:00PM",218,35. Marcelino St. (Tawiran) Brgy. Santolan | Water Level: 7-8 feet,flood_observed,7-8 feet,213.36,243.84,,candidate,,
OBS-520fc9da2c12138a,PASIG-20250722-1500,1003d46624af,https://pasigcity.gov.ph/news-and-releases/flood-update-as-of-0300pm-july-22-2025-905,PASIG-2025-JUL21-25,Pasig,Santolan,Santolan,"Rafael St., Brgy. Santolan",2025-07-22T14:00:00+08:00,"July 22, 2025 | as of 02:00PM",220,"36. Rafael St., Brgy. Santolan | Water Level: knee deep",flood_observed,knee deep,,,,candidate,,qualitative_depth_no_numeric_conversion
OBS-f86a2feeb6d6e01e,PASIG-20250722-1500,1003d46624af,https://pasigcity.gov.ph/news-and-releases/flood-update-as-of-0300pm-july-22-2025-905,PASIG-2025-JUL21-25,Pasig,Santolan,Santolan,"Victorino St., Brgy. Santolan",2025-07-22T14:00:00+08:00,"July 22, 2025 | as of 02:00PM",222,"37. Victorino St., Brgy. Santolan | Water Level: gutter deep",flood_observed,gutter deep,,,,candidate,,qualitative_depth_no_numeric_conversion
OBS-8073ab999c33ad18,PASIG-20250722-1500,1003d46624af,https://pasigcity.gov.ph/news-and-releases/flood-update-as-of-0300pm-july-22-2025-905,PASIG-2025-JUL21-25,Pasig,Santolan,Santolan,"Sto Tomas Extension, Brgy. Santolan",2025-07-22T14:00:00+08:00,"July 22, 2025 | as of 02:00PM",224,"38. Sto Tomas Extension, Brgy. Santolan | Water Level: 3-4 feet",flood_observed,3-4 feet,91.44,121.92,,candidate,,
OBS-7d6e3cac8bd75cdd,PASIG-20250722-1500,1003d46624af,https://pasigcity.gov.ph/news-and-releases/flood-update-as-of-0300pm-july-22-2025-905,PASIG-2025-JUL21-25,Pasig,Dela Paz,Dela Paz,Karangalan Phase 2 A Brgy. Dela Paz,2025-07-22T14:00:00+08:00,"July 22, 2025 | as of 02:00PM",228,39. Karangalan Phase 2 A Brgy. Dela Paz | Water Level: 18 inches,flood_observed,18 inches,45.72,45.72,,candidate,,
OBS-1cf17e306254efbb,PASIG-20250722-1500,1003d46624af,https://pasigcity.gov.ph/news-and-releases/flood-update-as-of-0300pm-july-22-2025-905,PASIG-2025-JUL21-25,Pasig,Dela Paz,Dela Paz,Yap Compound Katipiran St. Brgy. Dela Paz,2025-07-22T14:00:00+08:00,"July 22, 2025 | as of 02:00PM",230,40. Yap Compound Katipiran St. Brgy. Dela Paz | Water Level: 2 feet,flood_observed,2 feet,60.96,60.96,,candidate,,
OBS-29a28649826611f4,PASIG-20250722-1500,1003d46624af,https://pasigcity.gov.ph/news-and-releases/flood-update-as-of-0300pm-july-22-2025-905,PASIG-2025-JUL21-25,Pasig,Dela Paz,Dela Paz,"Kabayanihan cor. Karikitan St, Brgy Dela Paz",2025-07-22T14:00:00+08:00,"July 22, 2025 | as of 02:00PM",232,"41. Kabayanihan cor. Karikitan St, Brgy Dela Paz | Water Level: 1-2 inches",flood_observed,1-2 inches,2.54,5.08,,candidate,,
OBS-a6d8176bb7b98431,PASIG-20250722-1500,1003d46624af,https://pasigcity.gov.ph/news-and-releases/flood-update-as-of-0300pm-july-22-2025-905,PASIG-2025-JUL21-25,Pasig,Rosario (In front of SM East Ortigas),Rosario,Dabba Brgy. Rosario (In front of SM East Ortigas),2025-07-22T14:00:00+08:00,"July 22, 2025 | as of 02:00PM",236,42. Dabba Brgy. Rosario (In front of SM East Ortigas) | Water Level: 1-2 inches,flood_observed,1-2 inches,2.54,5.08,,candidate,,
OBS-f21c5676315ebbcf,PASIG-20250722-1500,1003d46624af,https://pasigcity.gov.ph/news-and-releases/flood-update-as-of-0300pm-july-22-2025-905,PASIG-2025-JUL21-25,Pasig,Rosario,Rosario,"Victoria Ville, Brgy. Rosario",2025-07-22T14:00:00+08:00,"July 22, 2025 | as of 02:00PM",238,"43. Victoria Ville, Brgy. Rosario | Water Level: gutter deep",flood_observed,gutter deep,,,,candidate,,qualitative_depth_no_numeric_conversion
OBS-79a6c823e086c4b1,PASIG-20250722-1500,1003d46624af,https://pasigcity.gov.ph/news-and-releases/flood-update-as-of-0300pm-july-22-2025-905,PASIG-2025-JUL21-25,Pasig,Rosario,Rosario,"Moon St. Greenland Village, Brgy. Rosario",2025-07-22T14:00:00+08:00,"July 22, 2025 | as of 02:00PM",240,"44. Moon St. Greenland Village, Brgy. Rosario | Water Level: gutter deep",flood_observed,gutter deep,,,,candidate,,qualitative_depth_no_numeric_conversion
OBS-9d85ed53f0c58046,PASIG-20250722-1500,1003d46624af,https://pasigcity.gov.ph/news-and-releases/flood-update-as-of-0300pm-july-22-2025-905,PASIG-2025-JUL21-25,Pasig,San Miguel,San Miguel,M. Eusebio Brgy. San Miguel,2025-07-22T14:00:00+08:00,"July 22, 2025 | as of 02:00PM",244,45. M. Eusebio Brgy. San Miguel | Water Level 1-2 inches,flood_observed,1-2 inches,2.54,5.08,,candidate,,
OBS-7ed834005e77684a,PASIG-20250722-1500,1003d46624af,https://pasigcity.gov.ph/news-and-releases/flood-update-as-of-0300pm-july-22-2025-905,PASIG-2025-JUL21-25,Pasig,Maybunga,Maybunga,"Blk. 1 to 9, Alley 1 to 40, Westbank Floodway, Brgy. Maybunga",2025-07-22T14:00:00+08:00,"July 22, 2025 | as of 02:00PM",248,"46. Blk. 1 to 9, Alley 1 to 40, Westbank Floodway, Brgy. Maybunga | Water Level: 7-8 feet",flood_observed,7-8 feet,213.36,243.84,,candidate,,
OBS-d81b92dbf56f28a7,PASIG-20250722-1500,1003d46624af,https://pasigcity.gov.ph/news-and-releases/flood-update-as-of-0300pm-july-22-2025-905,PASIG-2025-JUL21-25,Pasig,Maybunga,Maybunga,"Phase 4b Parkwood Green Executive Village, Brgy. Maybunga",2025-07-22T14:00:00+08:00,"July 22, 2025 | as of 02:00PM",250,"47. Phase 4b Parkwood Green Executive Village, Brgy. Maybunga | Water Level: 2 feet",flood_observed,2 feet,60.96,60.96,,candidate,,
OBS-f1a90638d44a7767,PASIG-20250722-1500,1003d46624af,https://pasigcity.gov.ph/news-and-releases/flood-update-as-of-0300pm-july-22-2025-905,PASIG-2025-JUL21-25,Pasig,Maybunga,Maybunga,F Legaspi cor. Market Ave.,2025-07-22T14:00:00+08:00,"July 22, 2025 | as of 02:00PM",252,48. F Legaspi cor. Market Ave. | Water Level: Gutter deep,flood_observed,Gutter deep,,,,candidate,,qualitative_depth_no_numeric_conversion
OBS-a2af8ef2ee82e6d5,PASIG-20250722-1500,1003d46624af,https://pasigcity.gov.ph/news-and-releases/flood-update-as-of-0300pm-july-22-2025-905,PASIG-2025-JUL21-25,Pasig,Maybunga,Maybunga,"Damayan, Brgy. Maybunga",2025-07-22T14:00:00+08:00,"July 22, 2025 | as of 02:00PM",254,"49. Damayan, Brgy. Maybunga | Water Level: knee deep",flood_observed,knee deep,,,,candidate,,qualitative_depth_no_numeric_conversion
OBS-295a7406d5db1df7,PASIG-20250722-1500,1003d46624af,https://pasigcity.gov.ph/news-and-releases/flood-update-as-of-0300pm-july-22-2025-905,PASIG-2025-JUL21-25,Pasig,Maybunga *in front of Pasig Millennium Garden Phase 2,Maybunga,"Jenny's Ave., Brgy Maybunga *in front of Pasig Millennium Garden Phase 2",2025-07-22T14:00:00+08:00,"July 22, 2025 | as of 02:00PM",256,"50. Jenny's Ave., Brgy Maybunga *in front of Pasig Millennium Garden Phase 2 | Water Level: gutter deep",flood_observed,gutter deep,,,,candidate,,qualitative_depth_no_numeric_conversion
OBS-6043abbf10e0563e,PASIG-20250722-1500,1003d46624af,https://pasigcity.gov.ph/news-and-releases/flood-update-as-of-0300pm-july-22-2025-905,PASIG-2025-JUL21-25,Pasig,Pinagbuhatan,Pinagbuhatan,"Sandoval Ave., Brgy. Pinagbuhatan",2025-07-22T14:00:00+08:00,"July 22, 2025 | as of 02:00PM",260,"51. Sandoval Ave., Brgy. Pinagbuhatan | Water Level: gutter deep",flood_observed,gutter deep,,,,candidate,,qualitative_depth_no_numeric_conversion
OBS-1059bb6a1e049c7e,PASIG-20250722-2100,2cf8debb7ea1,https://pasigcity.gov.ph/news-and-releases/flood-update-as-of-0900pm-july-22-2025-255,PASIG-2025-JUL21-25,Pasig,Sta.Lucia,Sta. Lucia,Callos Comp. Brgy. Sta.Lucia,2025-07-22T21:00:00+08:00,"July 22, 2025 | as of 09:00PM",6,1. Callos Comp. Brgy. Sta.Lucia | Water Level: 2 feet,flood_observed,2 feet,60.96,60.96,,candidate,,
OBS-4ee2f114a86b3b41,PASIG-20250722-2100,2cf8debb7ea1,https://pasigcity.gov.ph/news-and-releases/flood-update-as-of-0900pm-july-22-2025-255,PASIG-2025-JUL21-25,Pasig,Sta. Lucia,Sta. Lucia,Tawi-tawi St. Brgy. Sta. Lucia,2025-07-22T21:00:00+08:00,"July 22, 2025 | as of 09:00PM",8,2. Tawi-tawi St. Brgy. Sta. Lucia | Water Level: 15 inches,flood_observed,15 inches,38.1,38.1,,candidate,,
OBS-ba5a96d4d63386b3,PASIG-20250722-2100,2cf8debb7ea1,https://pasigcity.gov.ph/news-and-releases/flood-update-as-of-0900pm-july-22-2025-255,PASIG-2025-JUL21-25,Pasig,Sta. Lucia,Sta. Lucia,Morales Compound 5th St. Brgy. Sta. Lucia,2025-07-22T21:00:00+08:00,"July 22, 2025 | as of 09:00PM",10,3. Morales Compound 5th St. Brgy. Sta. Lucia | Water Level: 1 feet,flood_observed,1 feet,30.48,30.48,,candidate,,
OBS-796faff992aa8e35,PASIG-20250722-2100,2cf8debb7ea1,https://pasigcity.gov.ph/news-and-releases/flood-update-as-of-0900pm-july-22-2025-255,PASIG-2025-JUL21-25,Pasig,Sta Lucia,Sta. Lucia,"Rosario Village Tramo St., Brgy. Sta Lucia",2025-07-22T21:00:00+08:00,"July 22, 2025 | as of 09:00PM",12,"4.Rosario Village Tramo St., Brgy. Sta Lucia | Water Level: 10 inches",flood_observed,10 inches,25.4,25.4,,candidate,,
OBS-be6737ce622a253d,PASIG-20250722-2100,2cf8debb7ea1,https://pasigcity.gov.ph/news-and-releases/flood-update-as-of-0900pm-july-22-2025-255,PASIG-2025-JUL21-25,Pasig,Sta. Lucia,Sta. Lucia,"St Jude Thaddeus, Sta Lucia",2025-07-22T21:00:00+08:00,"July 22, 2025 | as of 09:00PM",14,"5. St Jude Thaddeus, Sta Lucia | Water Level: 2 inches",flood_observed,2 inches,5.08,5.08,,candidate,,
OBS-59dd7366c27ae6cc,PASIG-20250722-2100,2cf8debb7ea1,https://pasigcity.gov.ph/news-and-releases/flood-update-as-of-0900pm-july-22-2025-255,PASIG-2025-JUL21-25,Pasig,Sta Lucia,Sta. Lucia,"Roberto Antonio MRV, Brgy. Sta Lucia",2025-07-22T21:00:00+08:00,"July 22, 2025 | as of 09:00PM",16,"6. Roberto Antonio MRV, Brgy. Sta Lucia | Water Level: 4 inches",flood_observed,4 inches,10.16,10.16,,candidate,,
OBS-65648cbd7033f640,PASIG-20250722-2100,2cf8debb7ea1,https://pasigcity.gov.ph/news-and-releases/flood-update-as-of-0900pm-july-22-2025-255,PASIG-2025-JUL21-25,Pasig,Sta Lucia,Sta. Lucia,"Marieta Romeo Village, Brgy. Sta Lucia",2025-07-22T21:00:00+08:00,"July 22, 2025 | as of 09:00PM",18,"7. Marieta Romeo Village, Brgy. Sta Lucia | Water Level: 4 inches",flood_observed,4 inches,10.16,10.16,,candidate,,
OBS-b474b78027157a6f,PASIG-20250722-2100,2cf8debb7ea1,https://pasigcity.gov.ph/news-and-releases/flood-update-as-of-0900pm-july-22-2025-255,PASIG-2025-JUL21-25,Pasig,Dela Paz,Dela Paz,"Karangalan Phase 2 A, Brgy. Dela Paz",2025-07-22T21:00:00+08:00,"July 22, 2025 | as of 09:00PM",22,"8. Karangalan Phase 2 A, Brgy. Dela Paz | Water Level: 18 inches",flood_observed,18 inches,45.72,45.72,,candidate,,
OBS-6b27856a84aeb296,PASIG-20250722-2100,2cf8debb7ea1,https://pasigcity.gov.ph/news-and-releases/flood-update-as-of-0900pm-july-22-2025-255,PASIG-2025-JUL21-25,Pasig,Dela Paz,Dela Paz,"Yap Compound Katipiran St., Brgy. Dela Paz",2025-07-22T21:00:00+08:00,"July 22, 2025 | as of 09:00PM",24,"9. Yap Compound Katipiran St., Brgy. Dela Paz | Water Level: 2 feet",flood_observed,2 feet,60.96,60.96,,candidate,,
OBS-e541b91786955441,PASIG-20250722-2100,2cf8debb7ea1,https://pasigcity.gov.ph/news-and-releases/flood-update-as-of-0900pm-july-22-2025-255,PASIG-2025-JUL21-25,Pasig,Rosario (in front of SM East Ortigas),Rosario,"Dabba, Brgy. Rosario (in front of SM East Ortigas)",2025-07-22T21:00:00+08:00,"July 22, 2025 | as of 09:00PM",28,"10. Dabba, Brgy. Rosario (in front of SM East Ortigas) | Water Level: 1-2 inches",flood_observed,1-2 inches,2.54,5.08,,candidate,,
OBS-0dc180c370dc1b58,PASIG-20250722-2100,2cf8debb7ea1,https://pasigcity.gov.ph/news-and-releases/flood-update-as-of-0900pm-july-22-2025-255,PASIG-2025-JUL21-25,Pasig,San Miguel,San Miguel,M. Eusebio Brgy. San Miguel,2025-07-22T21:00:00+08:00,"July 22, 2025 | as of 09:00PM",32,11. M. Eusebio Brgy. San Miguel | Water Level: 5 inches,flood_observed,5 inches,12.7,12.7,,candidate,,
OBS-6b02decc13eb8a27,PASIG-20250722-2100,2cf8debb7ea1,https://pasigcity.gov.ph/news-and-releases/flood-update-as-of-0900pm-july-22-2025-255,PASIG-2025-JUL21-25,Pasig,Maybunga,Maybunga,"Blk. 1 to 9, Alley 1 to 40, Westbank Floodway, Brgy. Maybunga",2025-07-22T21:00:00+08:00,"July 22, 2025 | as of 09:00PM",36,"12. Blk. 1 to 9, Alley 1 to 40, Westbank Floodway, Brgy. Maybunga | Water Level: 6 feet",flood_observed,6 feet,182.88,182.88,,candidate,,
OBS-44ee9089e3a8d114,PASIG-20250722-2100,2cf8debb7ea1,https://pasigcity.gov.ph/news-and-releases/flood-update-as-of-0900pm-july-22-2025-255,PASIG-2025-JUL21-25,Pasig,San Joaquin,San Joaquin,"Policarpio St., Brgy San Joaquin",2025-07-22T21:00:00+08:00,"July 22, 2025 | as of 09:00PM",40,"13. Policarpio St., Brgy San Joaquin | Water Level: 10 inches",flood_observed,10 inches,25.4,25.4,,candidate,,
OBS-cb9da80fbdcedeb7,PASIG-20250724-0600,008fb39a4e8b,https://pasigcity.gov.ph/news-and-releases/flood-update-as-of-0600am-july-24-2025-224,PASIG-2025-JUL21-25,Pasig,Sta. Lucia,Sta. Lucia,"9th St. River Side, Brgy. Sta. Lucia",2025-07-24T06:00:00+08:00,"July 24, 2025 | as of 06:00AM",5,"1. 9th St. River Side, Brgy. Sta. Lucia | Water Level: 1 foot (30.48 cm)",flood_observed,1 foot (30.48 cm),30.48,30.48,,candidate,,
OBS-58bccbadde30af73,PASIG-20250724-0600,008fb39a4e8b,https://pasigcity.gov.ph/news-and-releases/flood-update-as-of-0600am-july-24-2025-224,PASIG-2025-JUL21-25,Pasig,Sta. Lucia,Sta. Lucia,"Tawi-Tawi St., Brgy. Sta. Lucia",2025-07-24T06:00:00+08:00,"July 24, 2025 | as of 06:00AM",7,"2. Tawi-Tawi St., Brgy. Sta. Lucia | Water Level: 1inch (2.54 cm)",flood_observed,1inch (2.54 cm),2.54,2.54,,candidate,,
OBS-cd87a81307a070f8,PASIG-20250724-0600,008fb39a4e8b,https://pasigcity.gov.ph/news-and-releases/flood-update-as-of-0600am-july-24-2025-224,PASIG-2025-JUL21-25,Pasig,Sta. Lucia,Sta. Lucia,"10th St. River Side, Brgy. Sta. Lucia",2025-07-24T06:00:00+08:00,"July 24, 2025 | as of 06:00AM",9,"3. 10th St. River Side, Brgy. Sta. Lucia | Water Level: 5-8 inches (12.7cm-20.32cm)",flood_observed,5-8 inches (12.7cm-20.32cm),12.7,20.32,,candidate,,
OBS-5916ba9432c660f1,PASIG-20250724-0600,008fb39a4e8b,https://pasigcity.gov.ph/news-and-releases/flood-update-as-of-0600am-july-24-2025-224,PASIG-2025-JUL21-25,Pasig,Sta. Lucia,Sta. Lucia,"11th St. River Side, Brgy. Sta. Lucia",2025-07-24T06:00:00+08:00,"July 24, 2025 | as of 06:00AM",11,"4. 11th St. River Side, Brgy. Sta. Lucia | Water Level: 5-8 inches (12.7cm-20.32cm)",flood_observed,5-8 inches (12.7cm-20.32cm),12.7,20.32,,candidate,,
OBS-55d269e14ee5646d,PASIG-20250724-0600,008fb39a4e8b,https://pasigcity.gov.ph/news-and-releases/flood-update-as-of-0600am-july-24-2025-224,PASIG-2025-JUL21-25,Pasig,Sta. Lucia,Sta. Lucia,"Callos Compound, Brgy. Sta. Lucia",2025-07-24T06:00:00+08:00,"July 24, 2025 | as of 06:00AM",14,"5. Callos Compound, Brgy. Sta. Lucia | Water Level: 5-10 inches (12.7cm-25.4cm)",flood_observed,5-10 inches (12.7cm-25.4cm),12.7,25.4,,candidate,,
OBS-56d80b62ffd05fa4,PASIG-20250724-1100,b8dc628d17e4,https://pasigcity.gov.ph/news-and-releases/flood-update-as-of-1100am-july-24-2025-958,PASIG-2025-JUL21-25,Pasig,Sta. Lucia,Sta. Lucia,"9th St. River Side, Brgy. Sta. Lucia",2025-07-24T11:00:00+08:00,"July 24, 2025 | as of 11:00AM",5,"1. 9th St. River Side, Brgy. Sta. Lucia | Water Level: 3 inches (7.62 cm)",flood_observed,3 inches (7.62 cm),7.62,7.62,,candidate,,
OBS-c99ad4b33cea9c53,PASIG-20250724-1100,b8dc628d17e4,https://pasigcity.gov.ph/news-and-releases/flood-update-as-of-1100am-july-24-2025-958,PASIG-2025-JUL21-25,Pasig,Sta. Lucia,Sta. Lucia,"10th St. River Side, Brgy. Sta. Lucia",2025-07-24T11:00:00+08:00,"July 24, 2025 | as of 11:00AM",7,"2. 10th St. River Side, Brgy. Sta. Lucia | Water Level: 3 inches (7.62cm)",flood_observed,3 inches (7.62cm),7.62,7.62,,candidate,,
OBS-cf6063c014129a9b,PASIG-20250724-1100,b8dc628d17e4,https://pasigcity.gov.ph/news-and-releases/flood-update-as-of-1100am-july-24-2025-958,PASIG-2025-JUL21-25,Pasig,Sta. Lucia,Sta. Lucia,"11th St. River Side, Brgy. Sta. Lucia",2025-07-24T11:00:00+08:00,"July 24, 2025 | as of 11:00AM",9,"3. 11th St. River Side, Brgy. Sta. Lucia | Water Level: 3 inches(7.62cm)",flood_observed,3 inches(7.62cm),7.62,7.62,,candidate,,
